{
  "process_id": 3180718,
  "local_process_index": 3,
  "energy_results": {
    "cpu_power": 112.5,
    "gpu_power": 754.796666057543,
    "ram_power": 0.7243795394897461,
    "cpu_energy": 0.0011671280996833956,
    "gpu_energy": 0.0102086831669439,
    "ram_energy": 6.482516511762102e-06,
    "total_energy_kwh": 0.011382293783139055,
    "total_energy_joules": 40976.2576193006,
    "final_emissions": 0.004336084816686823
  }
}