{
  "experiment_id": "0206",
  "local_process_results": {
    "cpu_power": {
      "process_3": 112.5,
      "process_1": 112.5,
      "process_0": 112.5,
      "process_2": 112.5
    },
    "gpu_power": {
      "process_3": 754.796666057543,
      "process_1": 841.7570405025783,
      "process_0": 970.2083906767549,
      "process_2": 950.7694493337094
    },
    "ram_power": {
      "process_3": 0.7243795394897461,
      "process_1": 0.7070531845092773,
      "process_0": 0.6887812614440918,
      "process_2": 0.731931209564209
    },
    "cpu_energy": {
      "process_3": 0.0011671280996833956,
      "process_1": 0.0011627869306303183,
      "process_0": 0.0011559891210308707,
      "process_2": 0.0011547733333154607
    },
    "gpu_energy": {
      "process_3": 0.0102086831669439,
      "process_1": 0.010196431490474112,
      "process_0": 0.010144505893377342,
      "process_2": 0.010144505893377342
    },
    "ram_energy": {
      "process_3": 6.482516511762102e-06,
      "process_1": 6.306320297175939e-06,
      "process_0": 6.104663066550585e-06,
      "process_2": 6.4802056737124995e-06
    },
    "total_energy_kwh": {
      "process_3": 0.011382293783139055,
      "process_1": 0.011365524741401607,
      "process_0": 0.011306599677474768,
      "process_2": 0.011305759432366518
    },
    "total_energy_joules": {
      "process_3": 40976.2576193006,
      "process_1": 40915.889069045785,
      "process_0": 40703.75883890916,
      "process_2": 40700.73395651946
    }
  },
  "global_experiment_results": {
    "cpu_power_avg": 112.5,
    "gpu_power_avg": 879.3828866426464,
    "ram_power_avg": 0.713036298751831,
    "cpu_energy_total": 0.004640677484660046,
    "gpu_energy_total": 0.040694126444172696,
    "ram_energy_total": 2.5373705549201124e-05,
    "total_energy_kwh": 0.04536017763438195,
    "total_energy_joules": 163296.639483775
  },
  "global_derived_quantities": {
    "tokens_per_joule": 0.10033274445692374,
    "joules_per_token": 9.966835905992127,
    "flops_per_joule": 322349452.35412586,
    "joules_per_flop": 3.1022233563512386e-09
  },
  "per-process_emissions": [
    0.004336084816686823,
    0.0043296966502369425,
    0.004307249147134013,
    0.004306929055760025
  ]
}