{
  "process_id": 3180717,
  "local_process_index": 2,
  "energy_results": {
    "cpu_power": 112.5,
    "gpu_power": 950.7694493337094,
    "ram_power": 0.731931209564209,
    "cpu_energy": 0.0011547733333154607,
    "gpu_energy": 0.010144505893377342,
    "ram_energy": 6.4802056737124995e-06,
    "total_energy_kwh": 0.011305759432366518,
    "total_energy_joules": 40700.73395651946,
    "final_emissions": 0.004306929055760025
  }
}