{
  "process_id": 3180715,
  "local_process_index": 0,
  "energy_results": {
    "cpu_power": 112.5,
    "gpu_power": 970.2083906767549,
    "ram_power": 0.6887812614440918,
    "cpu_energy": 0.0011559891210308707,
    "gpu_energy": 0.010144505893377342,
    "ram_energy": 6.104663066550585e-06,
    "total_energy_kwh": 0.011306599677474768,
    "total_energy_joules": 40703.75883890916,
    "final_emissions": 0.004307249147134013
  }
}