{
  "process_id": 3180716,
  "local_process_index": 1,
  "energy_results": {
    "cpu_power": 112.5,
    "gpu_power": 841.7570405025783,
    "ram_power": 0.7070531845092773,
    "cpu_energy": 0.0011627869306303183,
    "gpu_energy": 0.010196431490474112,
    "ram_energy": 6.306320297175939e-06,
    "total_energy_kwh": 0.011365524741401607,
    "total_energy_joules": 40915.889069045785,
    "final_emissions": 0.0043296966502369425
  }
}