{
  "process_id": 3060657,
  "local_process_index": 3,
  "energy_results": {
    "cpu_power": 112.5,
    "gpu_power": 852.3852366138563,
    "ram_power": 0.7319984436035156,
    "cpu_energy": 0.0012811661794366958,
    "gpu_energy": 0.010623899332444786,
    "ram_energy": 6.763856829286667e-06,
    "total_energy_kwh": 0.011911829368710767,
    "total_energy_joules": 42882.58572735876,
    "final_emissions": 0.004537811398010367
  }
}