{
  "experiment_id": "0136",
  "local_process_results": {
    "cpu_power": {
      "process_1": 112.5,
      "process_0": 112.5,
      "process_2": 112.5,
      "process_3": 112.5
    },
    "gpu_power": {
      "process_1": 784.6188537783831,
      "process_0": 1014.7766704589776,
      "process_2": 684.6303010103508,
      "process_3": 852.3852366138563
    },
    "ram_power": {
      "process_1": 0.7341527938842773,
      "process_0": 0.6837372779846191,
      "process_2": 0.7261762619018555,
      "process_3": 0.7319984436035156
    },
    "cpu_energy": {
      "process_1": 0.0012866457026884748,
      "process_0": 0.0012675294918481083,
      "process_2": 0.001288481125848193,
      "process_3": 0.0012811661794366958
    },
    "gpu_energy": {
      "process_1": 0.010638314343977662,
      "process_0": 0.010517643969666146,
      "process_2": 0.010648676018932157,
      "process_3": 0.010623899332444786
    },
    "ram_energy": {
      "process_1": 6.872067014227898e-06,
      "process_0": 6.3152437241907e-06,
      "process_2": 6.874437059777444e-06,
      "process_3": 6.763856829286667e-06
    },
    "total_energy_kwh": {
      "process_1": 0.011931832113680367,
      "process_0": 0.011791488705238447,
      "process_2": 0.011944031581840136,
      "process_3": 0.011911829368710767
    },
    "total_energy_joules": {
      "process_1": 42954.59560924932,
      "process_0": 42449.359338858405,
      "process_2": 42998.51369462449,
      "process_3": 42882.58572735876
    }
  },
  "global_experiment_results": {
    "cpu_power_avg": 112.5,
    "gpu_power_avg": 834.1027654653919,
    "ram_power_avg": 0.7190161943435669,
    "cpu_energy_total": 0.005123822499821472,
    "gpu_energy_total": 0.04242853366502075,
    "ram_energy_total": 2.682560462748271e-05,
    "total_energy_kwh": 0.04757918176946972,
    "total_energy_joules": 171285.05437009098
  },
  "global_derived_quantities": {
    "tokens_per_joule": 0.09565341272916629,
    "joules_per_token": 10.454410056768248,
    "flops_per_joule": 307315676.212644,
    "joules_per_flop": 3.2539830454599395e-09
  },
  "per-process_emissions": [
    0.004545431443706536,
    0.004491967622260586,
    0.004550078831102,
    0.004537811398010367
  ]
}