{
  "process_id": 3060656,
  "local_process_index": 2,
  "energy_results": {
    "cpu_power": 112.5,
    "gpu_power": 684.6303010103508,
    "ram_power": 0.7261762619018555,
    "cpu_energy": 0.001288481125848193,
    "gpu_energy": 0.010648676018932157,
    "ram_energy": 6.874437059777444e-06,
    "total_energy_kwh": 0.011944031581840136,
    "total_energy_joules": 42998.51369462449,
    "final_emissions": 0.004550078831102
  }
}