{
  "process_id": 3060655,
  "local_process_index": 1,
  "energy_results": {
    "cpu_power": 112.5,
    "gpu_power": 784.6188537783831,
    "ram_power": 0.7341527938842773,
    "cpu_energy": 0.0012866457026884748,
    "gpu_energy": 0.010638314343977662,
    "ram_energy": 6.872067014227898e-06,
    "total_energy_kwh": 0.011931832113680367,
    "total_energy_joules": 42954.59560924932,
    "final_emissions": 0.004545431443706536
  }
}