{
  "process_id": 3060654,
  "local_process_index": 0,
  "energy_results": {
    "cpu_power": 112.5,
    "gpu_power": 1014.7766704589776,
    "ram_power": 0.6837372779846191,
    "cpu_energy": 0.0012675294918481083,
    "gpu_energy": 0.010517643969666146,
    "ram_energy": 6.3152437241907e-06,
    "total_energy_kwh": 0.011791488705238447,
    "total_energy_joules": 42449.359338858405,
    "final_emissions": 0.004491967622260586
  }
}