{
  "experiment_id": "0569",
  "local_process_results": {
    "cpu_power": {
      "process_2": 112.5,
      "process_0": 112.5,
      "process_3": 112.5,
      "process_1": 112.5
    },
    "gpu_power": {
      "process_2": 689.2370798088724,
      "process_0": 0.0,
      "process_3": 868.5901708441044,
      "process_1": 807.3897883541049
    },
    "ram_power": {
      "process_2": 0.7080860137939453,
      "process_0": 0.6889157295227051,
      "process_3": 0.7327837944030762,
      "process_1": 0.7322344779968262
    },
    "cpu_energy": {
      "process_2": 0.0012328314209644306,
      "process_0": 0.0012443903163457434,
      "process_3": 0.0012227817277562284,
      "process_1": 0.001222066779908346
    },
    "gpu_energy": {
      "process_2": 0.010318927699579206,
      "process_0": 0.010270038771579948,
      "process_3": 0.010312645750108373,
      "process_1": 0.010312645750108373
    },
    "ram_energy": {
      "process_2": 6.8815037969186884e-06,
      "process_0": 6.76389351022943e-06,
      "process_3": 7.140039011273994e-06,
      "process_1": 7.087510216458324e-06
    },
    "total_energy_kwh": {
      "process_2": 0.011558640624340553,
      "process_0": 0.011521192981435918,
      "process_3": 0.011542567516875872,
      "process_1": 0.011541800040233176
    },
    "total_energy_joules": {
      "process_2": 41611.10624762599,
      "process_0": 41476.29473316931,
      "process_3": 41553.24306075314,
      "process_1": 41550.480144839436
    }
  },
  "global_experiment_results": {
    "cpu_power_avg": 112.5,
    "gpu_power_avg": 591.3042597517704,
    "ram_power_avg": 0.7155050039291382,
    "cpu_energy_total": 0.0049220702449747486,
    "gpu_energy_total": 0.0412142579713759,
    "ram_energy_total": 2.7872946534880437e-05,
    "total_energy_kwh": 0.04616420116288552,
    "total_energy_joules": 166191.12418638787
  },
  "global_derived_quantities": {
    "tokens_per_joule": 0.09858528895697762,
    "joules_per_token": 10.143501232079338,
    "flops_per_joule": 316735220.1663213,
    "joules_per_flop": 3.1572112487991977e-09
  },
  "per-process_emissions": [
    0.004403264145842534,
    0.0043889984662780135,
    0.004397141095553864,
    0.004396848725326828
  ]
}