{
  "process_id": 4063598,
  "local_process_index": 3,
  "energy_results": {
    "cpu_power": 112.5,
    "gpu_power": 868.5901708441044,
    "ram_power": 0.7327837944030762,
    "cpu_energy": 0.0012227817277562284,
    "gpu_energy": 0.010312645750108373,
    "ram_energy": 7.140039011273994e-06,
    "total_energy_kwh": 0.011542567516875872,
    "total_energy_joules": 41553.24306075314,
    "final_emissions": 0.004397141095553864
  }
}