{
  "process_id": 4063595,
  "local_process_index": 0,
  "energy_results": {
    "cpu_power": 112.5,
    "gpu_power": 0.0,
    "ram_power": 0.6889157295227051,
    "cpu_energy": 0.0012443903163457434,
    "gpu_energy": 0.010270038771579948,
    "ram_energy": 6.76389351022943e-06,
    "total_energy_kwh": 0.011521192981435918,
    "total_energy_joules": 41476.29473316931,
    "final_emissions": 0.0043889984662780135
  }
}