{
  "process_id": 4063596,
  "local_process_index": 1,
  "energy_results": {
    "cpu_power": 112.5,
    "gpu_power": 807.3897883541049,
    "ram_power": 0.7322344779968262,
    "cpu_energy": 0.001222066779908346,
    "gpu_energy": 0.010312645750108373,
    "ram_energy": 7.087510216458324e-06,
    "total_energy_kwh": 0.011541800040233176,
    "total_energy_joules": 41550.480144839436,
    "final_emissions": 0.004396848725326828
  }
}