{
  "process_id": 4063597,
  "local_process_index": 2,
  "energy_results": {
    "cpu_power": 112.5,
    "gpu_power": 689.2370798088724,
    "ram_power": 0.7080860137939453,
    "cpu_energy": 0.0012328314209644306,
    "gpu_energy": 0.010318927699579206,
    "ram_energy": 6.8815037969186884e-06,
    "total_energy_kwh": 0.011558640624340553,
    "total_energy_joules": 41611.10624762599,
    "final_emissions": 0.004403264145842534
  }
}