{
  "process_id": 3900948,
  "local_process_index": 3,
  "energy_results": {
    "cpu_power": 112.5,
    "gpu_power": 384.79759119087146,
    "ram_power": 0.7335648536682129,
    "cpu_energy": 0.0012885274884138203,
    "gpu_energy": 0.010403539433934128,
    "ram_energy": 7.332732514389268e-06,
    "total_energy_kwh": 0.011699399654862335,
    "total_energy_joules": 42117.83875750441,
    "final_emissions": 0.004456886298519807
  }
}