{
  "process_id": 3900946,
  "local_process_index": 1,
  "energy_results": {
    "cpu_power": 112.5,
    "gpu_power": 0.0,
    "ram_power": 0.7325363159179688,
    "cpu_energy": 0.001277514914063431,
    "gpu_energy": 0.01038928636697456,
    "ram_energy": 7.348357421841522e-06,
    "total_energy_kwh": 0.011674149638459834,
    "total_energy_joules": 42026.9386984554,
    "final_emissions": 0.004447267304771274
  }
}