{
  "experiment_id": "0502",
  "local_process_results": {
    "cpu_power": {
      "process_1": 112.5,
      "process_3": 112.5,
      "process_0": 112.5,
      "process_2": 112.5
    },
    "gpu_power": {
      "process_1": 0.0,
      "process_3": 384.79759119087146,
      "process_0": 1180.77687317031,
      "process_2": 1383.8364397814996
    },
    "ram_power": {
      "process_1": 0.7325363159179688,
      "process_3": 0.7335648536682129,
      "process_0": 0.6907482147216797,
      "process_2": 0.7263779640197754
    },
    "cpu_energy": {
      "process_1": 0.001277514914063431,
      "process_3": 0.0012885274884138203,
      "process_0": 0.0012679951259360676,
      "process_2": 0.0012805960256264367
    },
    "gpu_energy": {
      "process_1": 0.01038928636697456,
      "process_3": 0.010403539433934128,
      "process_0": 0.010374988299982846,
      "process_2": 0.01034084521711165
    },
    "ram_energy": {
      "process_1": 7.348357421841522e-06,
      "process_3": 7.332732514389268e-06,
      "process_0": 6.834695971728271e-06,
      "process_2": 7.224456054718927e-06
    },
    "total_energy_kwh": {
      "process_1": 0.011674149638459834,
      "process_3": 0.011699399654862335,
      "process_0": 0.011649818121890643,
      "process_2": 0.011628665698792801
    },
    "total_energy_joules": {
      "process_1": 42026.9386984554,
      "process_3": 42117.83875750441,
      "process_0": 41939.345238806316,
      "process_2": 41863.19651565408
    }
  },
  "global_experiment_results": {
    "cpu_power_avg": 112.5,
    "gpu_power_avg": 737.3527260356702,
    "ram_power_avg": 0.7208068370819092,
    "cpu_energy_total": 0.005114633554039755,
    "gpu_energy_total": 0.04150865931800318,
    "ram_energy_total": 2.8740241962677985e-05,
    "total_energy_kwh": 0.046652033114005606,
    "total_energy_joules": 167947.31921042022
  },
  "global_derived_quantities": {
    "tokens_per_joule": 0.09755440025495483,
    "joules_per_token": 10.250690869776625,
    "flops_per_joule": 313423176.72194237,
    "joules_per_flop": 3.190574514810574e-09
  },
  "per-process_emissions": [
    0.004447267304771274,
    0.004456886298519807,
    0.00443799821353424,
    0.004429940197955118
  ]
}