{
  "process_id": 3900945,
  "local_process_index": 0,
  "energy_results": {
    "cpu_power": 112.5,
    "gpu_power": 1180.77687317031,
    "ram_power": 0.6907482147216797,
    "cpu_energy": 0.0012679951259360676,
    "gpu_energy": 0.010374988299982846,
    "ram_energy": 6.834695971728271e-06,
    "total_energy_kwh": 0.011649818121890643,
    "total_energy_joules": 41939.345238806316,
    "final_emissions": 0.00443799821353424
  }
}