{
  "process_id": 3900947,
  "local_process_index": 2,
  "energy_results": {
    "cpu_power": 112.5,
    "gpu_power": 1383.8364397814996,
    "ram_power": 0.7263779640197754,
    "cpu_energy": 0.0012805960256264367,
    "gpu_energy": 0.01034084521711165,
    "ram_energy": 7.224456054718927e-06,
    "total_energy_kwh": 0.011628665698792801,
    "total_energy_joules": 41863.19651565408,
    "final_emissions": 0.004429940197955118
  }
}