{
  "experiment_id": "0542",
  "local_process_results": {
    "cpu_power": {
      "process_3": 112.5,
      "process_1": 112.5,
      "process_2": 112.5,
      "process_0": 112.5
    },
    "gpu_power": {
      "process_3": 0.0,
      "process_1": 138.668644503093,
      "process_2": 1093.6928324595806,
      "process_0": 1875.41774230331
    },
    "ram_power": {
      "process_3": 0.7064323425292969,
      "process_1": 0.7306051254272461,
      "process_2": 0.7073850631713868,
      "process_0": 0.687769889831543
    },
    "cpu_energy": {
      "process_3": 0.0014517634571257073,
      "process_1": 0.0014727923663394905,
      "process_2": 0.001347467346062331,
      "process_0": 0.0013896918168520638
    },
    "gpu_energy": {
      "process_3": 0.010889864545220007,
      "process_1": 0.01084970117975459,
      "process_2": 0.010511903131737554,
      "process_0": 0.010791427244246421
    },
    "ram_energy": {
      "process_3": 8.386982039692484e-06,
      "process_1": 8.54932692027936e-06,
      "process_2": 8.271179644287465e-06,
      "process_0": 7.91973523969317e-06
    },
    "total_energy_kwh": {
      "process_3": 0.012350014984385404,
      "process_1": 0.012331042873014356,
      "process_2": 0.011867641657444175,
      "process_0": 0.01218903879633818
    },
    "total_energy_joules": {
      "process_3": 44460.053943787454,
      "process_1": 44391.75434285168,
      "process_2": 42723.50996679903,
      "process_0": 43880.53966681745
    }
  },
  "global_experiment_results": {
    "cpu_power_avg": 112.5,
    "gpu_power_avg": 776.9448048164959,
    "ram_power_avg": 0.7080481052398682,
    "cpu_energy_total": 0.005661714986379593,
    "gpu_energy_total": 0.04304289610095857,
    "ram_energy_total": 3.3127223843952485e-05,
    "total_energy_kwh": 0.04873773831118212,
    "total_energy_joules": 175455.85792025563
  },
  "global_derived_quantities": {
    "tokens_per_joule": 0.09337961236635654,
    "joules_per_token": 10.708975703140602,
    "flops_per_joule": 300010401.09352255,
    "joules_per_flop": 3.3332177696341566e-09
  },
  "per-process_emissions": [
    0.00470473820830162,
    0.004697510782474819,
    0.004520978089403359,
    0.00464341432946503
  ]
}