{
  "process_id": 3994971,
  "local_process_index": 3,
  "energy_results": {
    "cpu_power": 112.5,
    "gpu_power": 0.0,
    "ram_power": 0.7064323425292969,
    "cpu_energy": 0.0014517634571257073,
    "gpu_energy": 0.010889864545220007,
    "ram_energy": 8.386982039692484e-06,
    "total_energy_kwh": 0.012350014984385404,
    "total_energy_joules": 44460.053943787454,
    "final_emissions": 0.00470473820830162
  }
}