{
  "process_id": 3994969,
  "local_process_index": 1,
  "energy_results": {
    "cpu_power": 112.5,
    "gpu_power": 138.668644503093,
    "ram_power": 0.7306051254272461,
    "cpu_energy": 0.0014727923663394905,
    "gpu_energy": 0.01084970117975459,
    "ram_energy": 8.54932692027936e-06,
    "total_energy_kwh": 0.012331042873014356,
    "total_energy_joules": 44391.75434285168,
    "final_emissions": 0.004697510782474819
  }
}