{
  "process_id": 3994968,
  "local_process_index": 0,
  "energy_results": {
    "cpu_power": 112.5,
    "gpu_power": 1875.41774230331,
    "ram_power": 0.687769889831543,
    "cpu_energy": 0.0013896918168520638,
    "gpu_energy": 0.010791427244246421,
    "ram_energy": 7.91973523969317e-06,
    "total_energy_kwh": 0.01218903879633818,
    "total_energy_joules": 43880.53966681745,
    "final_emissions": 0.00464341432946503
  }
}