{
  "process_id": 3994970,
  "local_process_index": 2,
  "energy_results": {
    "cpu_power": 112.5,
    "gpu_power": 1093.6928324595806,
    "ram_power": 0.7073850631713868,
    "cpu_energy": 0.001347467346062331,
    "gpu_energy": 0.010511903131737554,
    "ram_energy": 8.271179644287465e-06,
    "total_energy_kwh": 0.011867641657444175,
    "total_energy_joules": 42723.50996679903,
    "final_emissions": 0.004520978089403359
  }
}