{
  "process_id": 3150696,
  "local_process_index": 3,
  "energy_results": {
    "cpu_power": 112.5,
    "gpu_power": 719.6450171305096,
    "ram_power": 0.7065596580505371,
    "cpu_energy": 0.001366990148058903,
    "gpu_energy": 0.010687323549853467,
    "ram_energy": 7.142135271777825e-06,
    "total_energy_kwh": 0.012061455833184149,
    "total_energy_joules": 43421.240999462934,
    "final_emissions": 0.004594811599651502
  }
}