{
  "experiment_id": "0187",
  "local_process_results": {
    "cpu_power": {
      "process_1": 112.5,
      "process_0": 112.5,
      "process_3": 112.5,
      "process_2": 112.5
    },
    "gpu_power": {
      "process_1": 1020.2329493421287,
      "process_0": 635.5494719108144,
      "process_3": 719.6450171305096,
      "process_2": 629.7994029569031
    },
    "ram_power": {
      "process_1": 0.715125560760498,
      "process_0": 0.6866226196289062,
      "process_3": 0.7065596580505371,
      "process_2": 0.7167892456054689
    },
    "cpu_energy": {
      "process_1": 0.0013529107635004043,
      "process_0": 0.001367506994129144,
      "process_3": 0.001366990148058903,
      "process_2": 0.0013668609431260847
    },
    "gpu_energy": {
      "process_1": 0.010593987364074131,
      "process_0": 0.01068827827283858,
      "process_3": 0.010687323549853467,
      "process_2": 0.010677307986284745
    },
    "ram_energy": {
      "process_1": 6.977222862547176e-06,
      "process_0": 6.816871792084205e-06,
      "process_3": 7.142135271777825e-06,
      "process_2": 7.110606585680856e-06
    },
    "total_energy_kwh": {
      "process_1": 0.011953875350437092,
      "process_0": 0.012062602138759804,
      "process_3": 0.012061455833184149,
      "process_2": 0.012051279535996514
    },
    "total_energy_joules": {
      "process_1": 43033.95126157353,
      "process_0": 43425.367699535294,
      "process_3": 43421.240999462934,
      "process_2": 43384.60632958745
    }
  },
  "global_experiment_results": {
    "cpu_power_avg": 112.5,
    "gpu_power_avg": 751.306710335089,
    "ram_power_avg": 0.7062742710113525,
    "cpu_energy_total": 0.005454268848814536,
    "gpu_energy_total": 0.042646897173050924,
    "ram_energy_total": 2.804683651209006e-05,
    "total_energy_kwh": 0.04812921285837756,
    "total_energy_joules": 173265.16629015922
  },
  "global_derived_quantities": {
    "tokens_per_joule": 0.09456026477106465,
    "joules_per_token": 10.5752664972021,
    "flops_per_joule": 303803605.975321,
    "joules_per_flop": 3.291600166461597e-09
  },
  "per-process_emissions": [
    0.004553828814749011,
    0.004595248284760547,
    0.004594811599651502,
    0.004590934939237872
  ]
}