{
  "process_id": 3150694,
  "local_process_index": 1,
  "energy_results": {
    "cpu_power": 112.5,
    "gpu_power": 1020.2329493421287,
    "ram_power": 0.715125560760498,
    "cpu_energy": 0.0013529107635004043,
    "gpu_energy": 0.010593987364074131,
    "ram_energy": 6.977222862547176e-06,
    "total_energy_kwh": 0.011953875350437092,
    "total_energy_joules": 43033.95126157353,
    "final_emissions": 0.004553828814749011
  }
}