{
  "process_id": 3150695,
  "local_process_index": 2,
  "energy_results": {
    "cpu_power": 112.5,
    "gpu_power": 629.7994029569031,
    "ram_power": 0.7167892456054689,
    "cpu_energy": 0.0013668609431260847,
    "gpu_energy": 0.010677307986284745,
    "ram_energy": 7.110606585680856e-06,
    "total_energy_kwh": 0.012051279535996514,
    "total_energy_joules": 43384.60632958745,
    "final_emissions": 0.004590934939237872
  }
}