{
  "process_id": 3150693,
  "local_process_index": 0,
  "energy_results": {
    "cpu_power": 112.5,
    "gpu_power": 635.5494719108144,
    "ram_power": 0.6866226196289062,
    "cpu_energy": 0.001367506994129144,
    "gpu_energy": 0.01068827827283858,
    "ram_energy": 6.816871792084205e-06,
    "total_energy_kwh": 0.012062602138759804,
    "total_energy_joules": 43425.367699535294,
    "final_emissions": 0.004595248284760547
  }
}