{
  "process_id": 3836632,
  "local_process_index": 1,
  "energy_results": {
    "cpu_power": 112.5,
    "gpu_power": 281.38433311190624,
    "ram_power": 0.8700714111328125,
    "cpu_energy": 0.0017072946430016604,
    "gpu_energy": 0.005267667825240352,
    "ram_energy": 1.1222860614896856e-05,
    "total_energy_kwh": 0.006986185328856906,
    "total_energy_joules": 25150.267183884862,
    "final_emissions": 0.0026613873010280383
  }
}