{
  "experiment_id": "0477",
  "local_process_results": {
    "cpu_power": {
      "process_3": 112.5,
      "process_0": 112.5,
      "process_2": 112.5,
      "process_1": 112.5
    },
    "gpu_power": {
      "process_3": 389.04669729358295,
      "process_0": 59.7221823503077,
      "process_2": 374.10822517944774,
      "process_1": 281.38433311190624
    },
    "ram_power": {
      "process_3": 0.8685407638549805,
      "process_0": 0.82086181640625,
      "process_2": 0.8593025207519531,
      "process_1": 0.8700714111328125
    },
    "cpu_energy": {
      "process_3": 0.0017248007308771779,
      "process_0": 0.0016992986424738776,
      "process_2": 0.0016962308284710168,
      "process_1": 0.0017072946430016604
    },
    "gpu_energy": {
      "process_3": 0.005161984407363818,
      "process_0": 0.005112433534387506,
      "process_2": 0.005161984407363818,
      "process_1": 0.005267667825240352
    },
    "ram_energy": {
      "process_3": 1.0790640706377445e-05,
      "process_0": 1.0471348801816916e-05,
      "process_2": 1.0982238154846022e-05,
      "process_1": 1.1222860614896856e-05
    },
    "total_energy_kwh": {
      "process_3": 0.006897575778947374,
      "process_0": 0.006822203525663201,
      "process_2": 0.006869197473989678,
      "process_1": 0.006986185328856906
    },
    "total_energy_joules": {
      "process_3": 24831.27280421055,
      "process_0": 24559.932692387523,
      "process_2": 24729.11090636284,
      "process_1": 25150.267183884862
    }
  },
  "global_experiment_results": {
    "cpu_power_avg": 112.5,
    "gpu_power_avg": 276.06535948381116,
    "ram_power_avg": 0.854694128036499,
    "cpu_energy_total": 0.006827624844823733,
    "gpu_energy_total": 0.020704070174355493,
    "ram_energy_total": 4.3467088277937236e-05,
    "total_energy_kwh": 0.027575162107457158,
    "total_energy_joules": 99270.58358684578
  },
  "global_derived_quantities": {
    "tokens_per_joule": 0.1650438569817275,
    "joules_per_token": 6.058995580251818,
    "flops_per_joule": 530253579.7305323,
    "joules_per_flop": 1.88589014431206e-09
  },
  "per-process_emissions": [
    0.002627631492990002,
    0.0025989184331013967,
    0.002616820777716368,
    0.0026613873010280383
  ]
}