{
  "process_id": 3836631,
  "local_process_index": 0,
  "energy_results": {
    "cpu_power": 112.5,
    "gpu_power": 59.7221823503077,
    "ram_power": 0.82086181640625,
    "cpu_energy": 0.0016992986424738776,
    "gpu_energy": 0.005112433534387506,
    "ram_energy": 1.0471348801816916e-05,
    "total_energy_kwh": 0.006822203525663201,
    "total_energy_joules": 24559.932692387523,
    "final_emissions": 0.0025989184331013967
  }
}