{
  "process_id": 3836633,
  "local_process_index": 2,
  "energy_results": {
    "cpu_power": 112.5,
    "gpu_power": 374.10822517944774,
    "ram_power": 0.8593025207519531,
    "cpu_energy": 0.0016962308284710168,
    "gpu_energy": 0.005161984407363818,
    "ram_energy": 1.0982238154846022e-05,
    "total_energy_kwh": 0.006869197473989678,
    "total_energy_joules": 24729.11090636284,
    "final_emissions": 0.002616820777716368
  }
}