{
  "process_id": 3836634,
  "local_process_index": 3,
  "energy_results": {
    "cpu_power": 112.5,
    "gpu_power": 389.04669729358295,
    "ram_power": 0.8685407638549805,
    "cpu_energy": 0.0017248007308771779,
    "gpu_energy": 0.005161984407363818,
    "ram_energy": 1.0790640706377445e-05,
    "total_energy_kwh": 0.006897575778947374,
    "total_energy_joules": 24831.27280421055,
    "final_emissions": 0.002627631492990002
  }
}