{
  "process_id": 3960280,
  "local_process_index": 3,
  "energy_results": {
    "cpu_power": 112.5,
    "gpu_power": 0.0,
    "ram_power": 0.7305707931518555,
    "cpu_energy": 0.0017104245488226298,
    "gpu_energy": 0.014030269001981566,
    "ram_energy": 9.678558514889051e-06,
    "total_energy_kwh": 0.01575037210931908,
    "total_energy_joules": 56701.33959354869,
    "final_emissions": 0.006000104255045104
  }
}