{
  "process_id": 3960279,
  "local_process_index": 2,
  "energy_results": {
    "cpu_power": 112.5,
    "gpu_power": 1473.1540987326584,
    "ram_power": 0.7285494804382325,
    "cpu_energy": 0.0015958132032446884,
    "gpu_energy": 0.013918386134697869,
    "ram_energy": 9.76160636520885e-06,
    "total_energy_kwh": 0.015523960944307762,
    "total_energy_joules": 55886.259399507944,
    "final_emissions": 0.005913852921734042
  }
}