{
  "process_id": 3960278,
  "local_process_index": 1,
  "energy_results": {
    "cpu_power": 112.5,
    "gpu_power": 171.50256921320525,
    "ram_power": 0.7305021286010742,
    "cpu_energy": 0.0016351169896206559,
    "gpu_energy": 0.014003652869575944,
    "ram_energy": 9.88095019828207e-06,
    "total_energy_kwh": 0.015648650809394885,
    "total_energy_joules": 56335.14291382158,
    "final_emissions": 0.005961353525838982
  }
}