{
  "process_id": 3960277,
  "local_process_index": 0,
  "energy_results": {
    "cpu_power": 112.5,
    "gpu_power": 186.38282837206833,
    "ram_power": 0.6870746612548828,
    "cpu_energy": 0.0016675205045066836,
    "gpu_energy": 0.013998096198465149,
    "ram_energy": 9.46891353025585e-06,
    "total_energy_kwh": 0.015675085616502084,
    "total_energy_joules": 56430.3082194075,
    "final_emissions": 0.005971423865606469
  }
}