{
  "experiment_id": "0523",
  "local_process_results": {
    "cpu_power": {
      "process_1": 112.5,
      "process_0": 112.5,
      "process_2": 112.5,
      "process_3": 112.5
    },
    "gpu_power": {
      "process_1": 171.50256921320525,
      "process_0": 186.38282837206833,
      "process_2": 1473.1540987326584,
      "process_3": 0.0
    },
    "ram_power": {
      "process_1": 0.7305021286010742,
      "process_0": 0.6870746612548828,
      "process_2": 0.7285494804382325,
      "process_3": 0.7305707931518555
    },
    "cpu_energy": {
      "process_1": 0.0016351169896206559,
      "process_0": 0.0016675205045066836,
      "process_2": 0.0015958132032446884,
      "process_3": 0.0017104245488226298
    },
    "gpu_energy": {
      "process_1": 0.014003652869575944,
      "process_0": 0.013998096198465149,
      "process_2": 0.013918386134697869,
      "process_3": 0.014030269001981566
    },
    "ram_energy": {
      "process_1": 9.88095019828207e-06,
      "process_0": 9.46891353025585e-06,
      "process_2": 9.76160636520885e-06,
      "process_3": 9.678558514889051e-06
    },
    "total_energy_kwh": {
      "process_1": 0.015648650809394885,
      "process_0": 0.015675085616502084,
      "process_2": 0.015523960944307762,
      "process_3": 0.01575037210931908
    },
    "total_energy_joules": {
      "process_1": 56335.14291382158,
      "process_0": 56430.3082194075,
      "process_2": 55886.259399507944,
      "process_3": 56701.33959354869
    }
  },
  "global_experiment_results": {
    "cpu_power_avg": 112.5,
    "gpu_power_avg": 457.759874079483,
    "ram_power_avg": 0.7191742658615112,
    "cpu_energy_total": 0.006608875246194658,
    "gpu_energy_total": 0.05595040420472053,
    "ram_energy_total": 3.879002860863582e-05,
    "total_energy_kwh": 0.06259806947952382,
    "total_energy_joules": 225353.0501262857
  },
  "global_derived_quantities": {
    "tokens_per_joule": 0.07270369755731534,
    "joules_per_token": 13.75445862587193,
    "flops_per_joule": 233582737.30648795,
    "joules_per_flop": 4.2811382875776595e-09
  },
  "per-process_emissions": [
    0.005961353525838982,
    0.005971423865606469,
    0.005913852921734042,
    0.006000104255045104
  ]
}