{
  "process_id": 3022458,
  "local_process_index": 1,
  "energy_results": {
    "cpu_power": 112.5,
    "gpu_power": 610.4497722921845,
    "ram_power": 0.7060346603393555,
    "cpu_energy": 0.0013720254729105365,
    "gpu_energy": 0.01058876624878291,
    "ram_energy": 7.263461772535039e-06,
    "total_energy_kwh": 0.01196805518346598,
    "total_energy_joules": 43084.998660477526,
    "final_emissions": 0.004559230622141365
  }
}