{
  "process_id": 3022460,
  "local_process_index": 3,
  "energy_results": {
    "cpu_power": 112.5,
    "gpu_power": 917.5260938935002,
    "ram_power": 0.7233166694641113,
    "cpu_energy": 0.0013112732533172677,
    "gpu_energy": 0.010475321713586006,
    "ram_energy": 7.029893060546906e-06,
    "total_energy_kwh": 0.011793624859963811,
    "total_energy_joules": 42457.049495869716,
    "final_emissions": 0.004492781390403214
  }
}