{
  "process_id": 3022459,
  "local_process_index": 2,
  "energy_results": {
    "cpu_power": 112.5,
    "gpu_power": 975.9681598987593,
    "ram_power": 0.7292075157165527,
    "cpu_energy": 0.0013094416405983796,
    "gpu_energy": 0.010468322263540664,
    "ram_energy": 7.018742127664075e-06,
    "total_energy_kwh": 0.011784782646266711,
    "total_energy_joules": 42425.21752656016,
    "final_emissions": 0.004489412949095304
  }
}