{
  "process_id": 3022457,
  "local_process_index": 0,
  "energy_results": {
    "cpu_power": 112.5,
    "gpu_power": 789.2286686905642,
    "ram_power": 0.6811981201171875,
    "cpu_energy": 0.0013194468739384318,
    "gpu_energy": 0.010531717314256284,
    "ram_energy": 6.645237962738626e-06,
    "total_energy_kwh": 0.011857809426157457,
    "total_energy_joules": 42688.113934166846,
    "final_emissions": 0.004517232500894684
  }
}