{
  "experiment_id": "0113",
  "local_process_results": {
    "cpu_power": {
      "process_1": 112.5,
      "process_0": 112.5,
      "process_3": 112.5,
      "process_2": 112.5
    },
    "gpu_power": {
      "process_1": 610.4497722921845,
      "process_0": 789.2286686905642,
      "process_3": 917.5260938935002,
      "process_2": 975.9681598987593
    },
    "ram_power": {
      "process_1": 0.7060346603393555,
      "process_0": 0.6811981201171875,
      "process_3": 0.7233166694641113,
      "process_2": 0.7292075157165527
    },
    "cpu_energy": {
      "process_1": 0.0013720254729105365,
      "process_0": 0.0013194468739384318,
      "process_3": 0.0013112732533172677,
      "process_2": 0.0013094416405983796
    },
    "gpu_energy": {
      "process_1": 0.01058876624878291,
      "process_0": 0.010531717314256284,
      "process_3": 0.010475321713586006,
      "process_2": 0.010468322263540664
    },
    "ram_energy": {
      "process_1": 7.263461772535039e-06,
      "process_0": 6.645237962738626e-06,
      "process_3": 7.029893060546906e-06,
      "process_2": 7.018742127664075e-06
    },
    "total_energy_kwh": {
      "process_1": 0.01196805518346598,
      "process_0": 0.011857809426157457,
      "process_3": 0.011793624859963811,
      "process_2": 0.011784782646266711
    },
    "total_energy_joules": {
      "process_1": 43084.998660477526,
      "process_0": 42688.113934166846,
      "process_3": 42457.049495869716,
      "process_2": 42425.21752656016
    }
  },
  "global_experiment_results": {
    "cpu_power_avg": 112.5,
    "gpu_power_avg": 823.2931736937521,
    "ram_power_avg": 0.7099392414093018,
    "cpu_energy_total": 0.005312187240764616,
    "gpu_energy_total": 0.04206412754016586,
    "ram_energy_total": 2.7957334923484647e-05,
    "total_energy_kwh": 0.04740427211585396,
    "total_energy_joules": 170655.37961707424
  },
  "global_derived_quantities": {
    "tokens_per_joule": 0.09600634938531269,
    "joules_per_token": 10.415977759831192,
    "flops_per_joule": 308449592.5471397,
    "joules_per_flop": 3.2420208168930297e-09
  },
  "per-process_emissions": [
    0.004559230622141365,
    0.004517232500894684,
    0.004492781390403214,
    0.004489412949095304
  ]
}