{
  "process_id": 4119030,
  "local_process_index": 0,
  "energy_results": {
    "cpu_power": 112.5,
    "gpu_power": 858.7185196960552,
    "ram_power": 0.6878542900085449,
    "cpu_energy": 0.0008946150416813907,
    "gpu_energy": 0.008124624833026672,
    "ram_energy": 5.922910892194794e-06,
    "total_energy_kwh": 0.009025162785600256,
    "total_energy_joules": 32490.586028160924,
    "final_emissions": 0.003438135763174418
  }
}