{
  "process_id": 4119031,
  "local_process_index": 1,
  "energy_results": {
    "cpu_power": 112.5,
    "gpu_power": 748.53479634949,
    "ram_power": 0.7301630973815918,
    "cpu_energy": 0.0008739265569038255,
    "gpu_energy": 0.008191356553080453,
    "ram_energy": 5.760014782245072e-06,
    "total_energy_kwh": 0.009071043124766523,
    "total_energy_joules": 32655.75524915948,
    "final_emissions": 0.003455613878379807
  }
}