{
  "process_id": 4119032,
  "local_process_index": 2,
  "energy_results": {
    "cpu_power": 112.5,
    "gpu_power": 879.591488569952,
    "ram_power": 0.7164416313171387,
    "cpu_energy": 0.0008422545026205625,
    "gpu_energy": 0.008144438182213776,
    "ram_energy": 5.444007700937272e-06,
    "total_energy_kwh": 0.008992136692535279,
    "total_energy_joules": 32371.692093127003,
    "final_emissions": 0.0034255544730213143
  }
}