{
  "experiment_id": "0599",
  "local_process_results": {
    "cpu_power": {
      "process_2": 112.5,
      "process_0": 112.5,
      "process_1": 112.5,
      "process_3": 112.5
    },
    "gpu_power": {
      "process_2": 879.591488569952,
      "process_0": 858.7185196960552,
      "process_1": 748.53479634949,
      "process_3": 698.519039795782
    },
    "ram_power": {
      "process_2": 0.7164416313171387,
      "process_0": 0.6878542900085449,
      "process_1": 0.7301630973815918,
      "process_3": 0.7237000465393066
    },
    "cpu_energy": {
      "process_2": 0.0008422545026205625,
      "process_0": 0.0008946150416813907,
      "process_1": 0.0008739265569038255,
      "process_3": 0.0009198689626864509
    },
    "gpu_energy": {
      "process_2": 0.008144438182213776,
      "process_0": 0.008124624833026672,
      "process_1": 0.008191356553080453,
      "process_3": 0.008211351291299351
    },
    "ram_energy": {
      "process_2": 5.444007700937272e-06,
      "process_0": 5.922910892194794e-06,
      "process_1": 5.760014782245072e-06,
      "process_3": 6.444908924642764e-06
    },
    "total_energy_kwh": {
      "process_2": 0.008992136692535279,
      "process_0": 0.009025162785600256,
      "process_1": 0.009071043124766523,
      "process_3": 0.009137665162910443
    },
    "total_energy_joules": {
      "process_2": 32371.692093127003,
      "process_0": 32490.586028160924,
      "process_1": 32655.75524915948,
      "process_3": 32895.59458647759
    }
  },
  "global_experiment_results": {
    "cpu_power_avg": 112.5,
    "gpu_power_avg": 796.3409611028198,
    "ram_power_avg": 0.7145397663116455,
    "cpu_energy_total": 0.0035306650638922293,
    "gpu_energy_total": 0.03267177085962025,
    "ram_energy_total": 2.3571842300019902e-05,
    "total_energy_kwh": 0.0362260077658125,
    "total_energy_joules": 130413.62795692499
  },
  "global_derived_quantities": {
    "tokens_per_joule": 0.12563104222061486,
    "joules_per_token": 7.959816159480284,
    "flops_per_joule": 403627927.0311403,
    "joules_per_flop": 2.4775292615539186e-09
  },
  "per-process_emissions": [
    0.0034255544730213143,
    0.003438135763174418,
    0.003455613878379807,
    0.0034809935438107334
  ]
}