{
  "process_id": 4119033,
  "local_process_index": 3,
  "energy_results": {
    "cpu_power": 112.5,
    "gpu_power": 698.519039795782,
    "ram_power": 0.7237000465393066,
    "cpu_energy": 0.0009198689626864509,
    "gpu_energy": 0.008211351291299351,
    "ram_energy": 6.444908924642764e-06,
    "total_energy_kwh": 0.009137665162910443,
    "total_energy_joules": 32895.59458647759,
    "final_emissions": 0.0034809935438107334
  }
}