{
  "process_id": 3599321,
  "local_process_index": 3,
  "energy_results": {
    "cpu_power": 112.5,
    "gpu_power": 872.2973714280702,
    "ram_power": 0.7222180366516113,
    "cpu_energy": 0.001204819907596175,
    "gpu_energy": 0.010279701557088572,
    "ram_energy": 6.455555417539073e-06,
    "total_energy_kwh": 0.011490977020102284,
    "total_energy_joules": 41367.51727236822,
    "final_emissions": 0.004377487695807965
  }
}