{
  "process_id": 3599318,
  "local_process_index": 0,
  "energy_results": {
    "cpu_power": 112.5,
    "gpu_power": 959.8009597148528,
    "ram_power": 0.6796460151672364,
    "cpu_energy": 0.0011929723241282776,
    "gpu_energy": 0.01020014343788489,
    "ram_energy": 6.048355200273811e-06,
    "total_energy_kwh": 0.01139916411721344,
    "total_energy_joules": 41036.990821968386,
    "final_emissions": 0.00434251157045246
  }
}