{
  "process_id": 3599320,
  "local_process_index": 2,
  "energy_results": {
    "cpu_power": 112.5,
    "gpu_power": 959.0583971227724,
    "ram_power": 0.7226414680480957,
    "cpu_energy": 0.0012003897517843145,
    "gpu_energy": 0.010257481539310831,
    "ram_energy": 6.459919380515596e-06,
    "total_energy_kwh": 0.011464331210475659,
    "total_energy_joules": 41271.592357712376,
    "final_emissions": 0.004367336974630702
  }
}