{
  "experiment_id": "0448",
  "local_process_results": {
    "cpu_power": {
      "process_2": 112.5,
      "process_0": 112.5,
      "process_3": 112.5,
      "process_1": 112.5
    },
    "gpu_power": {
      "process_2": 959.0583971227724,
      "process_0": 959.8009597148528,
      "process_3": 872.2973714280702,
      "process_1": 871.7907600401252
    },
    "ram_power": {
      "process_2": 0.7226414680480957,
      "process_0": 0.6796460151672364,
      "process_3": 0.7222180366516113,
      "process_1": 0.7237644195556641
    },
    "cpu_energy": {
      "process_2": 0.0012003897517843145,
      "process_0": 0.0011929723241282776,
      "process_3": 0.001204819907596175,
      "process_1": 0.0012048494997816306
    },
    "gpu_energy": {
      "process_2": 0.010257481539310831,
      "process_0": 0.01020014343788489,
      "process_3": 0.010279701557088572,
      "process_1": 0.010279701557088572
    },
    "ram_energy": {
      "process_2": 6.459919380515596e-06,
      "process_0": 6.048355200273811e-06,
      "process_3": 6.455555417539073e-06,
      "process_1": 6.4486534426971675e-06
    },
    "total_energy_kwh": {
      "process_2": 0.011464331210475659,
      "process_0": 0.01139916411721344,
      "process_3": 0.011490977020102284,
      "process_1": 0.011490999710312899
    },
    "total_energy_joules": {
      "process_2": 41271.592357712376,
      "process_0": 41036.990821968386,
      "process_3": 41367.51727236822,
      "process_1": 41367.598957126436
    }
  },
  "global_experiment_results": {
    "cpu_power_avg": 112.5,
    "gpu_power_avg": 915.736872076455,
    "ram_power_avg": 0.7120674848556519,
    "cpu_energy_total": 0.004803031483290398,
    "gpu_energy_total": 0.041017028091372865,
    "ram_energy_total": 2.541248344102565e-05,
    "total_energy_kwh": 0.045845472058104283,
    "total_energy_joules": 165043.69940917543
  },
  "global_derived_quantities": {
    "tokens_per_joule": 0.09927067836367917,
    "joules_per_token": 10.073467981517055,
    "flops_per_joule": 318937242.05952704,
    "joules_per_flop": 3.135413078581015e-09
  },
  "per-process_emissions": [
    0.004367336974630702,
    0.00434251157045246,
    0.004377487695807965,
    0.004377496339643699
  ]
}