{
  "process_id": 3599319,
  "local_process_index": 1,
  "energy_results": {
    "cpu_power": 112.5,
    "gpu_power": 871.7907600401252,
    "ram_power": 0.7237644195556641,
    "cpu_energy": 0.0012048494997816306,
    "gpu_energy": 0.010279701557088572,
    "ram_energy": 6.4486534426971675e-06,
    "total_energy_kwh": 0.011490999710312899,
    "total_energy_joules": 41367.598957126436,
    "final_emissions": 0.004377496339643699
  }
}