{
  "process_id": 3017507,
  "local_process_index": 0,
  "energy_results": {
    "cpu_power": 112.5,
    "gpu_power": 1009.1894901220369,
    "ram_power": 0.6791739463806153,
    "cpu_energy": 0.0013802502465678115,
    "gpu_energy": 0.010527016477162476,
    "ram_energy": 6.953705309916158e-06,
    "total_energy_kwh": 0.0119142204290402,
    "total_energy_joules": 42891.19354454472,
    "final_emissions": 0.0045387222724428645
  }
}