{
  "process_id": 3017510,
  "local_process_index": 2,
  "energy_results": {
    "cpu_power": 112.5,
    "gpu_power": 918.1437300453465,
    "ram_power": 0.706021785736084,
    "cpu_energy": 0.0013912333781863709,
    "gpu_energy": 0.01060178348142049,
    "ram_energy": 7.278247927945561e-06,
    "total_energy_kwh": 0.012000295107534805,
    "total_energy_joules": 43201.0623871253,
    "final_emissions": 0.004571512421215384
  }
}