{
  "process_id": 3017512,
  "local_process_index": 3,
  "energy_results": {
    "cpu_power": 112.5,
    "gpu_power": 469.62610924950906,
    "ram_power": 0.7307639122009278,
    "cpu_energy": 0.0014140078370583073,
    "gpu_energy": 0.010701820505893522,
    "ram_energy": 7.650835935434673e-06,
    "total_energy_kwh": 0.012123479178887264,
    "total_energy_joules": 43644.52504399415,
    "final_emissions": 0.004618439393197104
  }
}