{
  "process_id": 3017509,
  "local_process_index": 1,
  "energy_results": {
    "cpu_power": 112.5,
    "gpu_power": 786.7601663755595,
    "ram_power": 0.7053794860839844,
    "cpu_energy": 0.001396019428397267,
    "gpu_energy": 0.01063061739337634,
    "ram_energy": 7.365735985043173e-06,
    "total_energy_kwh": 0.012034002557758647,
    "total_energy_joules": 43322.40920793113,
    "final_emissions": 0.004584353274378157
  }
}