{
  "experiment_id": "0110",
  "local_process_results": {
    "cpu_power": {
      "process_0": 112.5,
      "process_2": 112.5,
      "process_1": 112.5,
      "process_3": 112.5
    },
    "gpu_power": {
      "process_0": 1009.1894901220369,
      "process_2": 918.1437300453465,
      "process_1": 786.7601663755595,
      "process_3": 469.62610924950906
    },
    "ram_power": {
      "process_0": 0.6791739463806153,
      "process_2": 0.706021785736084,
      "process_1": 0.7053794860839844,
      "process_3": 0.7307639122009278
    },
    "cpu_energy": {
      "process_0": 0.0013802502465678115,
      "process_2": 0.0013912333781863709,
      "process_1": 0.001396019428397267,
      "process_3": 0.0014140078370583073
    },
    "gpu_energy": {
      "process_0": 0.010527016477162476,
      "process_2": 0.01060178348142049,
      "process_1": 0.01063061739337634,
      "process_3": 0.010701820505893522
    },
    "ram_energy": {
      "process_0": 6.953705309916158e-06,
      "process_2": 7.278247927945561e-06,
      "process_1": 7.365735985043173e-06,
      "process_3": 7.650835935434673e-06
    },
    "total_energy_kwh": {
      "process_0": 0.0119142204290402,
      "process_2": 0.012000295107534805,
      "process_1": 0.012034002557758647,
      "process_3": 0.012123479178887264
    },
    "total_energy_joules": {
      "process_0": 42891.19354454472,
      "process_2": 43201.0623871253,
      "process_1": 43322.40920793113,
      "process_3": 43644.52504399415
    }
  },
  "global_experiment_results": {
    "cpu_power_avg": 112.5,
    "gpu_power_avg": 795.929873948113,
    "ram_power_avg": 0.7053347826004028,
    "cpu_energy_total": 0.005581510890209757,
    "gpu_energy_total": 0.04246123785785283,
    "ram_energy_total": 2.9248525158339567e-05,
    "total_energy_kwh": 0.048071997273220916,
    "total_energy_joules": 173059.19018359532
  },
  "global_derived_quantities": {
    "tokens_per_joule": 0.09467281097651338,
    "joules_per_token": 10.562694713354206,
    "flops_per_joule": 304165194.88517594,
    "joules_per_flop": 3.287687141119172e-09
  },
  "per-process_emissions": [
    0.0045387222724428645,
    0.004571512421215384,
    0.004584353274378157,
    0.004618439393197104
  ]
}