{
  "process_id": 3077704,
  "local_process_index": 0,
  "energy_results": {
    "cpu_power": 112.5,
    "gpu_power": 853.7877717887642,
    "ram_power": 0.6903963088989258,
    "cpu_energy": 0.0012663009796651749,
    "gpu_energy": 0.01053043925767927,
    "ram_energy": 6.45200683165591e-06,
    "total_energy_kwh": 0.011803192244176102,
    "total_energy_joules": 42491.49207903397,
    "final_emissions": 0.004496426085418886
  }
}