{
  "experiment_id": "0147",
  "local_process_results": {
    "cpu_power": {
      "process_0": 112.5,
      "process_2": 112.5,
      "process_1": 112.5,
      "process_3": 112.5
    },
    "gpu_power": {
      "process_0": 853.7877717887642,
      "process_2": 911.5759612040509,
      "process_1": 956.2413175457383,
      "process_3": 944.0023977233092
    },
    "ram_power": {
      "process_0": 0.6903963088989258,
      "process_2": 0.7327165603637695,
      "process_1": 0.725705623626709,
      "process_3": 0.7266254425048828
    },
    "cpu_energy": {
      "process_0": 0.0012663009796651749,
      "process_2": 0.0012630599253461699,
      "process_1": 0.0012600100525942252,
      "process_3": 0.0012598903419111592
    },
    "gpu_energy": {
      "process_0": 0.01053043925767927,
      "process_2": 0.010520352305162461,
      "process_1": 0.01048641561134911,
      "process_3": 0.01049684395302286
    },
    "ram_energy": {
      "process_0": 6.45200683165591e-06,
      "process_2": 6.804329936404766e-06,
      "process_1": 6.784854260558736e-06,
      "process_3": 6.725104971895385e-06
    },
    "total_energy_kwh": {
      "process_0": 0.011803192244176102,
      "process_2": 0.011790216560445037,
      "process_1": 0.011753210518203898,
      "process_3": 0.011763459399905914
    },
    "total_energy_joules": {
      "process_0": 42491.49207903397,
      "process_2": 42444.77961760213,
      "process_1": 42311.557865534036,
      "process_3": 42348.45383966129
    }
  },
  "global_experiment_results": {
    "cpu_power_avg": 112.5,
    "gpu_power_avg": 916.4018620654656,
    "ram_power_avg": 0.7188609838485718,
    "cpu_energy_total": 0.005049261299516729,
    "gpu_energy_total": 0.0420340511272137,
    "ram_energy_total": 2.6766296000514797e-05,
    "total_energy_kwh": 0.047110078722730944,
    "total_energy_joules": 169596.28340183143
  },
  "global_derived_quantities": {
    "tokens_per_joule": 0.09660589059714662,
    "joules_per_token": 10.351335656850063,
    "flops_per_joule": 310375801.0082405,
    "joules_per_flop": 3.221900666068518e-09
  },
  "per-process_emissions": [
    0.004496426085418886,
    0.004491482998701537,
    0.004477385546909775,
    0.004481289858394158
  ]
}