{
  "process_id": 3077706,
  "local_process_index": 2,
  "energy_results": {
    "cpu_power": 112.5,
    "gpu_power": 911.5759612040509,
    "ram_power": 0.7327165603637695,
    "cpu_energy": 0.0012630599253461699,
    "gpu_energy": 0.010520352305162461,
    "ram_energy": 6.804329936404766e-06,
    "total_energy_kwh": 0.011790216560445037,
    "total_energy_joules": 42444.77961760213,
    "final_emissions": 0.004491482998701537
  }
}