{
  "process_id": 3077705,
  "local_process_index": 1,
  "energy_results": {
    "cpu_power": 112.5,
    "gpu_power": 956.2413175457383,
    "ram_power": 0.725705623626709,
    "cpu_energy": 0.0012600100525942252,
    "gpu_energy": 0.01048641561134911,
    "ram_energy": 6.784854260558736e-06,
    "total_energy_kwh": 0.011753210518203898,
    "total_energy_joules": 42311.557865534036,
    "final_emissions": 0.004477385546909775
  }
}