{
  "process_id": 3077707,
  "local_process_index": 3,
  "energy_results": {
    "cpu_power": 112.5,
    "gpu_power": 944.0023977233092,
    "ram_power": 0.7266254425048828,
    "cpu_energy": 0.0012598903419111592,
    "gpu_energy": 0.01049684395302286,
    "ram_energy": 6.725104971895385e-06,
    "total_energy_kwh": 0.011763459399905914,
    "total_energy_joules": 42348.45383966129,
    "final_emissions": 0.004481289858394158
  }
}