{
  "process_id": 3970948,
  "local_process_index": 0,
  "energy_results": {
    "cpu_power": 112.5,
    "gpu_power": 49.05070834910294,
    "ram_power": 0.6849675178527832,
    "cpu_energy": 0.0012474106381287129,
    "gpu_energy": 0.010190274541104216,
    "ram_energy": 6.58335035926018e-06,
    "total_energy_kwh": 0.011444268529592194,
    "total_energy_joules": 41199.366706531895,
    "final_emissions": 0.004359694096348146
  }
}