{
  "process_id": 3970950,
  "local_process_index": 2,
  "energy_results": {
    "cpu_power": 112.5,
    "gpu_power": 49.09806807998178,
    "ram_power": 0.7045927047729492,
    "cpu_energy": 0.0012216625287073835,
    "gpu_energy": 0.010193227043465924,
    "ram_energy": 6.620111259345918e-06,
    "total_energy_kwh": 0.011421509683432658,
    "total_energy_joules": 41117.43486035756,
    "final_emissions": 0.004351024113903671
  }
}