{
  "process_id": 3970949,
  "local_process_index": 1,
  "energy_results": {
    "cpu_power": 112.5,
    "gpu_power": 8.924614349851442,
    "ram_power": 0.7048287391662598,
    "cpu_energy": 0.0011887976461603103,
    "gpu_energy": 0.010196416212684412,
    "ram_energy": 7.188188044938638e-06,
    "total_energy_kwh": 0.011392402046889662,
    "total_energy_joules": 41012.64736880278,
    "final_emissions": 0.004339935559762617
  }
}