{
  "experiment_id": "0529",
  "local_process_results": {
    "cpu_power": {
      "process_3": 112.5,
      "process_2": 112.5,
      "process_0": 112.5,
      "process_1": 112.5
    },
    "gpu_power": {
      "process_3": 57.34984102024586,
      "process_2": 49.09806807998178,
      "process_0": 49.05070834910294,
      "process_1": 8.924614349851442
    },
    "ram_power": {
      "process_3": 0.7047758102416992,
      "process_2": 0.7045927047729492,
      "process_0": 0.6849675178527832,
      "process_1": 0.7048287391662598
    },
    "cpu_energy": {
      "process_3": 0.0012345986377476949,
      "process_2": 0.0012216625287073835,
      "process_0": 0.0012474106381287129,
      "process_1": 0.0011887976461603103
    },
    "gpu_energy": {
      "process_3": 0.010194458711119125,
      "process_2": 0.010193227043465924,
      "process_0": 0.010190274541104216,
      "process_1": 0.010196416212684412
    },
    "ram_energy": {
      "process_3": 6.726987708403548e-06,
      "process_2": 6.620111259345918e-06,
      "process_0": 6.58335035926018e-06,
      "process_1": 7.188188044938638e-06
    },
    "total_energy_kwh": {
      "process_3": 0.01143578433657522,
      "process_2": 0.011421509683432658,
      "process_0": 0.011444268529592194,
      "process_1": 0.011392402046889662
    },
    "total_energy_joules": {
      "process_3": 41168.82361167079,
      "process_2": 41117.43486035756,
      "process_0": 41199.366706531895,
      "process_1": 41012.64736880278
    }
  },
  "global_experiment_results": {
    "cpu_power_avg": 112.5,
    "gpu_power_avg": 41.105807949795505,
    "ram_power_avg": 0.6997911930084229,
    "cpu_energy_total": 0.004892469450744102,
    "gpu_energy_total": 0.04077437650837368,
    "ram_energy_total": 2.7118637371948284e-05,
    "total_energy_kwh": 0.04569396459648973,
    "total_energy_joules": 164498.27254736304
  },
  "global_derived_quantities": {
    "tokens_per_joule": 0.0995998301154357,
    "joules_per_token": 10.040177767783389,
    "flops_per_joule": 319994742.15577596,
    "joules_per_flop": 3.1250513469786704e-09
  },
  "per-process_emissions": [
    0.00435646204301833,
    0.004351024113903671,
    0.004359694096348146,
    0.004339935559762617
  ]
}