{
  "process_id": 3970951,
  "local_process_index": 3,
  "energy_results": {
    "cpu_power": 112.5,
    "gpu_power": 57.34984102024586,
    "ram_power": 0.7047758102416992,
    "cpu_energy": 0.0012345986377476949,
    "gpu_energy": 0.010194458711119125,
    "ram_energy": 6.726987708403548e-06,
    "total_energy_kwh": 0.01143578433657522,
    "total_energy_joules": 41168.82361167079,
    "final_emissions": 0.00435646204301833
  }
}