{
  "experiment_id": "0109",
  "local_process_results": {
    "cpu_power": {
      "process_2": 112.5,
      "process_3": 112.5,
      "process_1": 112.5,
      "process_0": 112.5
    },
    "gpu_power": {
      "process_2": 1010.9155428092809,
      "process_3": 923.6910008859597,
      "process_1": 943.8502934857759,
      "process_0": 894.2684360117923
    },
    "ram_power": {
      "process_2": 0.7097625732421875,
      "process_3": 0.7109098434448242,
      "process_1": 0.7323074340820312,
      "process_0": 0.6888470649719238
    },
    "cpu_energy": {
      "process_2": 0.0012601067535324543,
      "process_3": 0.0012647360818464222,
      "process_1": 0.001264028225972652,
      "process_0": 0.0012666374309428644
    },
    "gpu_energy": {
      "process_2": 0.01054130259970254,
      "process_3": 0.010579444574660535,
      "process_1": 0.010562045671851372,
      "process_0": 0.010581429576247636
    },
    "ram_energy": {
      "process_2": 6.608846138938887e-06,
      "process_3": 6.595711306496144e-06,
      "process_1": 6.7769588497117954e-06,
      "process_0": 6.452344290402866e-06
    },
    "total_energy_kwh": {
      "process_2": 0.01180801819937393,
      "process_3": 0.011850776367813454,
      "process_1": 0.011832850856673731,
      "process_0": 0.011854519351480908
    },
    "total_energy_joules": {
      "process_2": 42508.86551774615,
      "process_3": 42662.79492412844,
      "process_1": 42598.26308402543,
      "process_0": 42676.26966533127
    }
  },
  "global_experiment_results": {
    "cpu_power_avg": 112.5,
    "gpu_power_avg": 943.1813182982022,
    "ram_power_avg": 0.7104567289352417,
    "cpu_energy_total": 0.005055508492294393,
    "gpu_energy_total": 0.04226422242246208,
    "ram_energy_total": 2.6433860585549694e-05,
    "total_energy_kwh": 0.04734616477534202,
    "total_energy_joules": 170446.1931912313
  },
  "global_derived_quantities": {
    "tokens_per_joule": 0.0961241767460189,
    "joules_per_token": 10.403210033644488,
    "flops_per_joule": 308828148.7742375,
    "joules_per_flop": 3.2380468035995954e-09
  },
  "per-process_emissions": [
    0.004498264533051499,
    0.0045145532573185355,
    0.004507724533849858,
    0.004515979146946652
  ]
}