{
  "process_id": 3015903,
  "local_process_index": 2,
  "energy_results": {
    "cpu_power": 112.5,
    "gpu_power": 1010.9155428092809,
    "ram_power": 0.7097625732421875,
    "cpu_energy": 0.0012601067535324543,
    "gpu_energy": 0.01054130259970254,
    "ram_energy": 6.608846138938887e-06,
    "total_energy_kwh": 0.01180801819937393,
    "total_energy_joules": 42508.86551774615,
    "final_emissions": 0.004498264533051499
  }
}