{
  "process_id": 3015904,
  "local_process_index": 3,
  "energy_results": {
    "cpu_power": 112.5,
    "gpu_power": 923.6910008859597,
    "ram_power": 0.7109098434448242,
    "cpu_energy": 0.0012647360818464222,
    "gpu_energy": 0.010579444574660535,
    "ram_energy": 6.595711306496144e-06,
    "total_energy_kwh": 0.011850776367813454,
    "total_energy_joules": 42662.79492412844,
    "final_emissions": 0.0045145532573185355
  }
}