{
  "process_id": 3015901,
  "local_process_index": 0,
  "energy_results": {
    "cpu_power": 112.5,
    "gpu_power": 894.2684360117923,
    "ram_power": 0.6888470649719238,
    "cpu_energy": 0.0012666374309428644,
    "gpu_energy": 0.010581429576247636,
    "ram_energy": 6.452344290402866e-06,
    "total_energy_kwh": 0.011854519351480908,
    "total_energy_joules": 42676.26966533127,
    "final_emissions": 0.004515979146946652
  }
}