{
  "process_id": 3015902,
  "local_process_index": 1,
  "energy_results": {
    "cpu_power": 112.5,
    "gpu_power": 943.8502934857759,
    "ram_power": 0.7323074340820312,
    "cpu_energy": 0.001264028225972652,
    "gpu_energy": 0.010562045671851372,
    "ram_energy": 6.7769588497117954e-06,
    "total_energy_kwh": 0.011832850856673731,
    "total_energy_joules": 42598.26308402543,
    "final_emissions": 0.004507724533849858
  }
}