{
  "process_id": 3878719,
  "local_process_index": 0,
  "energy_results": {
    "cpu_power": 112.5,
    "gpu_power": 37.76692243490865,
    "ram_power": 0.688601016998291,
    "cpu_energy": 0.0037308296632782008,
    "gpu_energy": 0.00631307893934796,
    "ram_energy": 2.1865871857630804e-05,
    "total_energy_kwh": 0.010065774474483785,
    "total_energy_joules": 36236.78810814163,
    "final_emissions": 0.003834556786054598
  }
}