{
  "experiment_id": "0489",
  "local_process_results": {
    "cpu_power": {
      "process_0": 112.5
    },
    "gpu_power": {
      "process_0": 37.76692243490865
    },
    "ram_power": {
      "process_0": 0.688601016998291
    },
    "cpu_energy": {
      "process_0": 0.0037308296632782008
    },
    "gpu_energy": {
      "process_0": 0.00631307893934796
    },
    "ram_energy": {
      "process_0": 2.1865871857630804e-05
    },
    "total_energy_kwh": {
      "process_0": 0.010065774474483785
    },
    "total_energy_joules": {
      "process_0": 36236.78810814163
    }
  },
  "global_experiment_results": {
    "cpu_power_avg": 112.5,
    "gpu_power_avg": 37.76692243490865,
    "ram_power_avg": 0.688601016998291,
    "cpu_energy_total": 0.0037308296632782008,
    "gpu_energy_total": 0.00631307893934796,
    "ram_energy_total": 2.1865871857630804e-05,
    "total_energy_kwh": 0.010065774474483785,
    "total_energy_joules": 36236.78810814163
  },
  "global_derived_quantities": {
    "tokens_per_joule": 0.45213720242271876,
    "joules_per_token": 2.211718024178566,
    "flops_per_joule": 1452628255.897692,
    "joules_per_flop": 6.884073719067389e-10
  },
  "per-process_emissions": [
    0.003834556786054598
  ]
}