{
  "experiment_id": "0190",
  "local_process_results": {
    "cpu_power": {
      "process_0": 112.5,
      "process_2": 112.5,
      "process_1": 112.5,
      "process_3": 112.5
    },
    "gpu_power": {
      "process_0": 419.64516582548583,
      "process_2": 981.352001380232,
      "process_1": 938.4341597899218,
      "process_3": 0.0
    },
    "ram_power": {
      "process_0": 0.6875424385070801,
      "process_2": 0.7231521606445312,
      "process_1": 0.7074522972106934,
      "process_3": 0.7158479690551758
    },
    "cpu_energy": {
      "process_0": 0.0015300951850167625,
      "process_2": 0.0015061317795862128,
      "process_1": 0.0015139382716261023,
      "process_3": 0.0015556677866843528
    },
    "gpu_energy": {
      "process_0": 0.010927767353316575,
      "process_2": 0.010824929493269408,
      "process_1": 0.010860689521877909,
      "process_3": 0.010896715661809608
    },
    "ram_energy": {
      "process_0": 7.727871999319461e-06,
      "process_2": 8.056622161502685e-06,
      "process_1": 7.963182496458254e-06,
      "process_3": 8.145957455308453e-06
    },
    "total_energy_kwh": {
      "process_0": 0.012465590410332659,
      "process_2": 0.01233911789501712,
      "process_1": 0.012382590976000475,
      "process_3": 0.012460529405949276
    },
    "total_energy_joules": {
      "process_0": 44876.12547719757,
      "process_2": 44420.82442206163,
      "process_1": 44577.32751360171,
      "process_3": 44857.90586141739
    }
  },
  "global_experiment_results": {
    "cpu_power_avg": 112.5,
    "gpu_power_avg": 584.8578317489098,
    "ram_power_avg": 0.7084987163543701,
    "cpu_energy_total": 0.00610583302291343,
    "gpu_energy_total": 0.0435101020302735,
    "ram_energy_total": 3.1893634112588855e-05,
    "total_energy_kwh": 0.04964782868729953,
    "total_energy_joules": 178732.1832742783
  },
  "global_derived_quantities": {
    "tokens_per_joule": 0.09166787816191721,
    "joules_per_token": 10.908946733049213,
    "flops_per_joule": 294510934.4302366,
    "joules_per_flop": 3.3954596692126516e-09
  },
  "per-process_emissions": [
    0.004748766666816226,
    0.0047005869621067715,
    0.004717148032307382,
    0.004746838677196377
  ]
}