{
  "process_id": 3155670,
  "local_process_index": 1,
  "energy_results": {
    "cpu_power": 112.5,
    "gpu_power": 938.4341597899218,
    "ram_power": 0.7074522972106934,
    "cpu_energy": 0.0015139382716261023,
    "gpu_energy": 0.010860689521877909,
    "ram_energy": 7.963182496458254e-06,
    "total_energy_kwh": 0.012382590976000475,
    "total_energy_joules": 44577.32751360171,
    "final_emissions": 0.004717148032307382
  }
}