{
  "process_id": 3155672,
  "local_process_index": 3,
  "energy_results": {
    "cpu_power": 112.5,
    "gpu_power": 0.0,
    "ram_power": 0.7158479690551758,
    "cpu_energy": 0.0015556677866843528,
    "gpu_energy": 0.010896715661809608,
    "ram_energy": 8.145957455308453e-06,
    "total_energy_kwh": 0.012460529405949276,
    "total_energy_joules": 44857.90586141739,
    "final_emissions": 0.004746838677196377
  }
}