{
  "process_id": 3155671,
  "local_process_index": 2,
  "energy_results": {
    "cpu_power": 112.5,
    "gpu_power": 981.352001380232,
    "ram_power": 0.7231521606445312,
    "cpu_energy": 0.0015061317795862128,
    "gpu_energy": 0.010824929493269408,
    "ram_energy": 8.056622161502685e-06,
    "total_energy_kwh": 0.01233911789501712,
    "total_energy_joules": 44420.82442206163,
    "final_emissions": 0.0047005869621067715
  }
}