{
  "process_id": 3155669,
  "local_process_index": 0,
  "energy_results": {
    "cpu_power": 112.5,
    "gpu_power": 419.64516582548583,
    "ram_power": 0.6875424385070801,
    "cpu_energy": 0.0015300951850167625,
    "gpu_energy": 0.010927767353316575,
    "ram_energy": 7.727871999319461e-06,
    "total_energy_kwh": 0.012465590410332659,
    "total_energy_joules": 44876.12547719757,
    "final_emissions": 0.004748766666816226
  }
}