{
  "process_id": 2820679,
  "local_process_index": 3,
  "energy_results": {
    "cpu_power": 112.5,
    "gpu_power": 633.0553204012903,
    "ram_power": 0.7242894172668457,
    "cpu_energy": 0.0012339805402771162,
    "gpu_energy": 0.010391005812796728,
    "ram_energy": 6.483989093839087e-06,
    "total_energy_kwh": 0.011631470342167684,
    "total_energy_joules": 41873.29323180366,
    "final_emissions": 0.00443100862684878
  }
}