{
  "process_id": 2820677,
  "local_process_index": 1,
  "energy_results": {
    "cpu_power": 112.5,
    "gpu_power": 923.7540630089594,
    "ram_power": 0.7322831153869629,
    "cpu_energy": 0.0012195728082497227,
    "gpu_energy": 0.010340260216648467,
    "ram_energy": 6.5797105282792345e-06,
    "total_energy_kwh": 0.01156641273542647,
    "total_energy_joules": 41639.08584753529,
    "final_emissions": 0.004406224931560713
  }
}