{
  "process_id": 2820678,
  "local_process_index": 2,
  "energy_results": {
    "cpu_power": 112.5,
    "gpu_power": 832.3983905517039,
    "ram_power": 0.717524528503418,
    "cpu_energy": 0.0012219448420946718,
    "gpu_energy": 0.01034725772224565,
    "ram_energy": 6.443739297298396e-06,
    "total_energy_kwh": 0.011575646303637619,
    "total_energy_joules": 41672.32669309543,
    "final_emissions": 0.004409742459370751
  }
}