{
  "experiment_id": "0057",
  "local_process_results": {
    "cpu_power": {
      "process_3": 112.5,
      "process_0": 112.5,
      "process_1": 112.5,
      "process_2": 112.5
    },
    "gpu_power": {
      "process_3": 633.0553204012903,
      "process_0": 998.8803434528504,
      "process_1": 923.7540630089594,
      "process_2": 832.3983905517039
    },
    "ram_power": {
      "process_3": 0.7242894172668457,
      "process_0": 0.680537223815918,
      "process_1": 0.7322831153869629,
      "process_2": 0.717524528503418
    },
    "cpu_energy": {
      "process_3": 0.0012339805402771162,
      "process_0": 0.0012148778409991796,
      "process_1": 0.0012195728082497227,
      "process_2": 0.0012219448420946718
    },
    "gpu_energy": {
      "process_3": 0.010391005812796728,
      "process_0": 0.010291900733514936,
      "process_1": 0.010340260216648467,
      "process_2": 0.01034725772224565
    },
    "ram_energy": {
      "process_3": 6.483989093839087e-06,
      "process_0": 6.227373368150235e-06,
      "process_1": 6.5797105282792345e-06,
      "process_2": 6.443739297298396e-06
    },
    "total_energy_kwh": {
      "process_3": 0.011631470342167684,
      "process_0": 0.011513005947882264,
      "process_1": 0.01156641273542647,
      "process_2": 0.011575646303637619
    },
    "total_energy_joules": {
      "process_3": 41873.29323180366,
      "process_0": 41446.82141237615,
      "process_1": 41639.08584753529,
      "process_2": 41672.32669309543
    }
  },
  "global_experiment_results": {
    "cpu_power_avg": 112.5,
    "gpu_power_avg": 847.022029353701,
    "ram_power_avg": 0.7136585712432861,
    "cpu_energy_total": 0.0048903760316206905,
    "gpu_energy_total": 0.04137042448520578,
    "ram_energy_total": 2.573481228756695e-05,
    "total_energy_kwh": 0.04628653532911403,
    "total_energy_joules": 166631.52718481055
  },
  "global_derived_quantities": {
    "tokens_per_joule": 0.09832473048049636,
    "joules_per_token": 10.170381297901034,
    "flops_per_joule": 315898096.82583475,
    "joules_per_flop": 3.1655777924845607e-09
  },
  "per-process_emissions": [
    0.00443100862684878,
    0.004385879615845748,
    0.004406224931560713,
    0.004409742459370751
  ]
}