{
  "process_id": 2820676,
  "local_process_index": 0,
  "energy_results": {
    "cpu_power": 112.5,
    "gpu_power": 998.8803434528504,
    "ram_power": 0.680537223815918,
    "cpu_energy": 0.0012148778409991796,
    "gpu_energy": 0.010291900733514936,
    "ram_energy": 6.227373368150235e-06,
    "total_energy_kwh": 0.011513005947882264,
    "total_energy_joules": 41446.82141237615,
    "final_emissions": 0.004385879615845748
  }
}