{
  "process_id": 3883621,
  "local_process_index": 2,
  "energy_results": {
    "cpu_power": 112.5,
    "gpu_power": 209.0189940405581,
    "ram_power": 0.7324719429016113,
    "cpu_energy": 0.0012232078069446296,
    "gpu_energy": 0.010246531808331127,
    "ram_energy": 7.644515897746445e-06,
    "total_energy_kwh": 0.011477384131173498,
    "total_energy_joules": 41318.58287222459,
    "final_emissions": 0.0043723094847705445
  }
}