{
  "process_id": 3883622,
  "local_process_index": 3,
  "energy_results": {
    "cpu_power": 112.5,
    "gpu_power": 177.8920787005605,
    "ram_power": 0.7323775291442871,
    "cpu_energy": 0.0012258832491988869,
    "gpu_energy": 0.010254279036749026,
    "ram_energy": 7.654892981206058e-06,
    "total_energy_kwh": 0.011487817178929117,
    "total_energy_joules": 41356.14184414482,
    "final_emissions": 0.004376283954313047
  }
}