{
  "process_id": 3883619,
  "local_process_index": 0,
  "energy_results": {
    "cpu_power": 112.5,
    "gpu_power": 1127.3931836405136,
    "ram_power": 0.6807346343994141,
    "cpu_energy": 0.001189043277912788,
    "gpu_energy": 0.01022924096116462,
    "ram_energy": 6.878189260736437e-06,
    "total_energy_kwh": 0.01142516242833814,
    "total_energy_joules": 41130.5847420173,
    "final_emissions": 0.004352415627075414
  }
}