{
  "process_id": 3883620,
  "local_process_index": 1,
  "energy_results": {
    "cpu_power": 112.5,
    "gpu_power": 178.7457111348746,
    "ram_power": 0.7183141708374023,
    "cpu_energy": 0.00124858359494101,
    "gpu_energy": 0.010254279036749026,
    "ram_energy": 7.230584068114789e-06,
    "total_energy_kwh": 0.011510093215758152,
    "total_energy_joules": 41436.33557672935,
    "final_emissions": 0.004384770010543068
  }
}