{
  "experiment_id": "0492",
  "local_process_results": {
    "cpu_power": {
      "process_2": 112.5,
      "process_3": 112.5,
      "process_1": 112.5,
      "process_0": 112.5
    },
    "gpu_power": {
      "process_2": 209.0189940405581,
      "process_3": 177.8920787005605,
      "process_1": 178.7457111348746,
      "process_0": 1127.3931836405136
    },
    "ram_power": {
      "process_2": 0.7324719429016113,
      "process_3": 0.7323775291442871,
      "process_1": 0.7183141708374023,
      "process_0": 0.6807346343994141
    },
    "cpu_energy": {
      "process_2": 0.0012232078069446296,
      "process_3": 0.0012258832491988869,
      "process_1": 0.00124858359494101,
      "process_0": 0.001189043277912788
    },
    "gpu_energy": {
      "process_2": 0.010246531808331127,
      "process_3": 0.010254279036749026,
      "process_1": 0.010254279036749026,
      "process_0": 0.01022924096116462
    },
    "ram_energy": {
      "process_2": 7.644515897746445e-06,
      "process_3": 7.654892981206058e-06,
      "process_1": 7.230584068114789e-06,
      "process_0": 6.878189260736437e-06
    },
    "total_energy_kwh": {
      "process_2": 0.011477384131173498,
      "process_3": 0.011487817178929117,
      "process_1": 0.011510093215758152,
      "process_0": 0.01142516242833814
    },
    "total_energy_joules": {
      "process_2": 41318.58287222459,
      "process_3": 41356.14184414482,
      "process_1": 41436.33557672935,
      "process_0": 41130.5847420173
    }
  },
  "global_experiment_results": {
    "cpu_power_avg": 112.5,
    "gpu_power_avg": 423.2624918791267,
    "ram_power_avg": 0.7159745693206787,
    "cpu_energy_total": 0.0048867179289973145,
    "gpu_energy_total": 0.0409843308429938,
    "ram_energy_total": 2.940818220780373e-05,
    "total_energy_kwh": 0.04590045695419891,
    "total_energy_joules": 165241.64503511606
  },
  "global_derived_quantities": {
    "tokens_per_joule": 0.09915176042043264,
    "joules_per_token": 10.085549623725345,
    "flops_per_joule": 318555182.00437665,
    "joules_per_flop": 3.139173545091666e-09
  },
  "per-process_emissions": [
    0.0043723094847705445,
    0.004376283954313047,
    0.004384770010543068,
    0.004352415627075414
  ]
}