{
  "process_id": 3946061,
  "local_process_index": 2,
  "energy_results": {
    "cpu_power": 112.5,
    "gpu_power": 144.01174190163377,
    "ram_power": 0.7095150947570801,
    "cpu_energy": 0.0012239135581839948,
    "gpu_energy": 0.010236106522208743,
    "ram_energy": 7.071116159953156e-06,
    "total_energy_kwh": 0.011467091196552691,
    "total_energy_joules": 41281.52830758969,
    "final_emissions": 0.004368388391326748
  }
}