{
  "process_id": 3946062,
  "local_process_index": 3,
  "energy_results": {
    "cpu_power": 112.5,
    "gpu_power": 135.4321576743419,
    "ram_power": 0.7163558006286621,
    "cpu_energy": 0.0012602797207746333,
    "gpu_energy": 0.010245509307509337,
    "ram_energy": 7.368430273611078e-06,
    "total_energy_kwh": 0.011513157458557579,
    "total_energy_joules": 41447.36685080728,
    "final_emissions": 0.00438593733383751
  }
}