{
  "process_id": 3946060,
  "local_process_index": 1,
  "energy_results": {
    "cpu_power": 112.5,
    "gpu_power": 185.78114156120108,
    "ram_power": 0.7313432693481445,
    "cpu_energy": 0.0012167336823058577,
    "gpu_energy": 0.010249820144290211,
    "ram_energy": 7.276251617241768e-06,
    "total_energy_kwh": 0.011473830078213313,
    "total_energy_joules": 41305.788281567926,
    "final_emissions": 0.0043709555682953614
  }
}