{
  "process_id": 3946059,
  "local_process_index": 0,
  "energy_results": {
    "cpu_power": 112.5,
    "gpu_power": 177.0978443669771,
    "ram_power": 0.6891217231750488,
    "cpu_energy": 0.0012590767185902219,
    "gpu_energy": 0.010248366254238306,
    "ram_energy": 7.073920745396664e-06,
    "total_energy_kwh": 0.011514516893573926,
    "total_energy_joules": 41452.26081686613,
    "final_emissions": 0.004386455210606987
  }
}