{
  "experiment_id": "0515",
  "local_process_results": {
    "cpu_power": {
      "process_3": 112.5,
      "process_2": 112.5,
      "process_1": 112.5,
      "process_0": 112.5
    },
    "gpu_power": {
      "process_3": 135.4321576743419,
      "process_2": 144.01174190163377,
      "process_1": 185.78114156120108,
      "process_0": 177.0978443669771
    },
    "ram_power": {
      "process_3": 0.7163558006286621,
      "process_2": 0.7095150947570801,
      "process_1": 0.7313432693481445,
      "process_0": 0.6891217231750488
    },
    "cpu_energy": {
      "process_3": 0.0012602797207746333,
      "process_2": 0.0012239135581839948,
      "process_1": 0.0012167336823058577,
      "process_0": 0.0012590767185902219
    },
    "gpu_energy": {
      "process_3": 0.010245509307509337,
      "process_2": 0.010236106522208743,
      "process_1": 0.010249820144290211,
      "process_0": 0.010248366254238306
    },
    "ram_energy": {
      "process_3": 7.368430273611078e-06,
      "process_2": 7.071116159953156e-06,
      "process_1": 7.276251617241768e-06,
      "process_0": 7.073920745396664e-06
    },
    "total_energy_kwh": {
      "process_3": 0.011513157458557579,
      "process_2": 0.011467091196552691,
      "process_1": 0.011473830078213313,
      "process_0": 0.011514516893573926
    },
    "total_energy_joules": {
      "process_3": 41447.36685080728,
      "process_2": 41281.52830758969,
      "process_1": 41305.788281567926,
      "process_0": 41452.26081686613
    }
  },
  "global_experiment_results": {
    "cpu_power_avg": 112.5,
    "gpu_power_avg": 160.58072137603847,
    "ram_power_avg": 0.7115839719772339,
    "cpu_energy_total": 0.004960003679854707,
    "gpu_energy_total": 0.0409798022282466,
    "ram_energy_total": 2.8789718796202665e-05,
    "total_energy_kwh": 0.04596859562689751,
    "total_energy_joules": 165486.94425683102
  },
  "global_derived_quantities": {
    "tokens_per_joule": 0.09900478900965444,
    "joules_per_token": 10.100521500050721,
    "flops_per_joule": 318082991.65383357,
    "joules_per_flop": 3.1438336102179576e-09
  },
  "per-process_emissions": [
    0.00438593733383751,
    0.004368388391326748,
    0.0043709555682953614,
    0.004386455210606987
  ]
}