{
  "experiment_id": "0598",
  "local_process_results": {
    "cpu_power": {
      "process_0": 112.5,
      "process_3": 112.5,
      "process_1": 112.5,
      "process_2": 112.5
    },
    "gpu_power": {
      "process_0": 228.58981481437252,
      "process_3": 1668.896613321707,
      "process_1": 12797.309270826758,
      "process_2": 232.60746245081137
    },
    "ram_power": {
      "process_0": 0.6811981201171875,
      "process_3": 0.7093548774719238,
      "process_1": 0.7246971130371094,
      "process_2": 0.7090873718261719
    },
    "cpu_energy": {
      "process_0": 0.0011516726180925618,
      "process_3": 0.001054317396721672,
      "process_1": 0.0010997728266574993,
      "process_2": 0.0010946039337850382
    },
    "gpu_energy": {
      "process_0": 0.010240081525395794,
      "process_3": 0.010277032388284368,
      "process_1": 0.010240081525395794,
      "process_2": 0.010244363473262297
    },
    "ram_energy": {
      "process_0": 5.949247448668064e-06,
      "process_3": 7.020334014662719e-06,
      "process_1": 6.679236749264096e-06,
      "process_2": 7.330379676533023e-06
    },
    "total_energy_kwh": {
      "process_0": 0.011397703390937026,
      "process_3": 0.011338370119020702,
      "process_1": 0.01134653358880256,
      "process_2": 0.011346297786723865
    },
    "total_energy_joules": {
      "process_0": 41031.732207373294,
      "process_3": 40818.13242847453,
      "process_1": 40847.52091968922,
      "process_2": 40846.67203220591
    }
  },
  "global_experiment_results": {
    "cpu_power_avg": 112.5,
    "gpu_power_avg": 3731.850790353412,
    "ram_power_avg": 0.7060843706130981,
    "cpu_energy_total": 0.004400366775256771,
    "gpu_energy_total": 0.041001558912338254,
    "ram_energy_total": 2.6979197889127902e-05,
    "total_energy_kwh": 0.04542890488548415,
    "total_energy_joules": 163544.05758774295
  },
  "global_derived_quantities": {
    "tokens_per_joule": 0.10018095577217673,
    "joules_per_token": 9.981937108626889,
    "flops_per_joule": 321861785.04604423,
    "joules_per_flop": 3.1069236748840626e-09
  },
  "per-process_emissions": [
    0.00434195510677746,
    0.004319352096840937,
    0.004322461970654335,
    0.0043223721418524565
  ]
}