{
  "process_id": 4117280,
  "local_process_index": 1,
  "energy_results": {
    "cpu_power": 112.5,
    "gpu_power": 12797.309270826758,
    "ram_power": 0.7246971130371094,
    "cpu_energy": 0.0010997728266574993,
    "gpu_energy": 0.010240081525395794,
    "ram_energy": 6.679236749264096e-06,
    "total_energy_kwh": 0.01134653358880256,
    "total_energy_joules": 40847.52091968922,
    "final_emissions": 0.004322461970654335
  }
}