{
  "process_id": 4117279,
  "local_process_index": 0,
  "energy_results": {
    "cpu_power": 112.5,
    "gpu_power": 228.58981481437252,
    "ram_power": 0.6811981201171875,
    "cpu_energy": 0.0011516726180925618,
    "gpu_energy": 0.010240081525395794,
    "ram_energy": 5.949247448668064e-06,
    "total_energy_kwh": 0.011397703390937026,
    "total_energy_joules": 41031.732207373294,
    "final_emissions": 0.00434195510677746
  }
}