{
  "process_id": 4117281,
  "local_process_index": 2,
  "energy_results": {
    "cpu_power": 112.5,
    "gpu_power": 232.60746245081137,
    "ram_power": 0.7090873718261719,
    "cpu_energy": 0.0010946039337850382,
    "gpu_energy": 0.010244363473262297,
    "ram_energy": 7.330379676533023e-06,
    "total_energy_kwh": 0.011346297786723865,
    "total_energy_joules": 40846.67203220591,
    "final_emissions": 0.0043223721418524565
  }
}