{
  "process_id": 4117282,
  "local_process_index": 3,
  "energy_results": {
    "cpu_power": 112.5,
    "gpu_power": 1668.896613321707,
    "ram_power": 0.7093548774719238,
    "cpu_energy": 0.001054317396721672,
    "gpu_energy": 0.010277032388284368,
    "ram_energy": 7.020334014662719e-06,
    "total_energy_kwh": 0.011338370119020702,
    "total_energy_joules": 40818.13242847453,
    "final_emissions": 0.004319352096840937
  }
}