{
  "process_id": 3042101,
  "local_process_index": 1,
  "energy_results": {
    "cpu_power": 112.5,
    "gpu_power": 891.303498203347,
    "ram_power": 0.7213139533996582,
    "cpu_energy": 0.0012331557933102889,
    "gpu_energy": 0.010380160248566916,
    "ram_energy": 6.524072527416205e-06,
    "total_energy_kwh": 0.011619840114404617,
    "total_energy_joules": 41831.42441185662,
    "final_emissions": 0.004426578091582439
  }
}