{
  "process_id": 3042103,
  "local_process_index": 3,
  "energy_results": {
    "cpu_power": 112.5,
    "gpu_power": 789.6328832710119,
    "ram_power": 0.7296237945556641,
    "cpu_energy": 0.0012391417387188997,
    "gpu_energy": 0.010404061378797458,
    "ram_energy": 6.554666028637108e-06,
    "total_energy_kwh": 0.011649757783544996,
    "total_energy_joules": 41939.128020761986,
    "final_emissions": 0.004437975227641467
  }
}