{
  "process_id": 3042100,
  "local_process_index": 0,
  "energy_results": {
    "cpu_power": 112.5,
    "gpu_power": 876.3190074419404,
    "ram_power": 0.6877484321594238,
    "cpu_energy": 0.0012369010654110755,
    "gpu_energy": 0.010390540534648274,
    "ram_energy": 6.132505739677442e-06,
    "total_energy_kwh": 0.011633574105799032,
    "total_energy_joules": 41880.86678087652,
    "final_emissions": 0.0044318100556041415
  }
}