{
  "experiment_id": "0125",
  "local_process_results": {
    "cpu_power": {
      "process_1": 112.5,
      "process_0": 112.5,
      "process_2": 112.5,
      "process_3": 112.5
    },
    "gpu_power": {
      "process_1": 891.303498203347,
      "process_0": 876.3190074419404,
      "process_2": 970.7575618274552,
      "process_3": 789.6328832710119
    },
    "ram_power": {
      "process_1": 0.7213139533996582,
      "process_0": 0.6877484321594238,
      "process_2": 0.7228975296020508,
      "process_3": 0.7296237945556641
    },
    "cpu_energy": {
      "process_1": 0.0012331557933102889,
      "process_0": 0.0012369010654110755,
      "process_2": 0.001221645007468396,
      "process_3": 0.0012391417387188997
    },
    "gpu_energy": {
      "process_1": 0.010380160248566916,
      "process_0": 0.010390540534648274,
      "process_2": 0.010304845466092338,
      "process_3": 0.010404061378797458
    },
    "ram_energy": {
      "process_1": 6.524072527416205e-06,
      "process_0": 6.132505739677442e-06,
      "process_2": 6.575795297432706e-06,
      "process_3": 6.554666028637108e-06
    },
    "total_energy_kwh": {
      "process_1": 0.011619840114404617,
      "process_0": 0.011633574105799032,
      "process_2": 0.011533066268858165,
      "process_3": 0.011649757783544996
    },
    "total_energy_joules": {
      "process_1": 41831.42441185662,
      "process_0": 41880.86678087652,
      "process_2": 41519.038567889394,
      "process_3": 41939.128020761986
    }
  },
  "global_experiment_results": {
    "cpu_power_avg": 112.5,
    "gpu_power_avg": 882.0032376859386,
    "ram_power_avg": 0.7153959274291992,
    "cpu_energy_total": 0.00493084360490866,
    "gpu_energy_total": 0.041479607628104986,
    "ram_energy_total": 2.578703959316346e-05,
    "total_energy_kwh": 0.04643623827260681,
    "total_energy_joules": 167170.45778138452
  },
  "global_derived_quantities": {
    "tokens_per_joule": 0.09800774740609977,
    "joules_per_token": 10.203275011070833,
    "flops_per_joule": 314879692.3060507,
    "joules_per_flop": 3.175816111469136e-09
  },
  "per-process_emissions": [
    0.004426578091582439,
    0.0044318100556041415,
    0.004393521595121518,
    0.004437975227641467
  ]
}