{
  "process_id": 3042102,
  "local_process_index": 2,
  "energy_results": {
    "cpu_power": 112.5,
    "gpu_power": 970.7575618274552,
    "ram_power": 0.7228975296020508,
    "cpu_energy": 0.001221645007468396,
    "gpu_energy": 0.010304845466092338,
    "ram_energy": 6.575795297432706e-06,
    "total_energy_kwh": 0.011533066268858165,
    "total_energy_joules": 41519.038567889394,
    "final_emissions": 0.004393521595121518
  }
}