{
  "process_id": 2738545,
  "local_process_index": 3,
  "energy_results": {
    "cpu_power": 112.5,
    "gpu_power": 295.690997760375,
    "ram_power": 0.963892936706543,
    "cpu_energy": 0.0010920372321579633,
    "gpu_energy": 0.004861291666807155,
    "ram_energy": 7.5769721265964335e-06,
    "total_energy_kwh": 0.0059609058710917125,
    "total_energy_joules": 21459.261135930166,
    "final_emissions": 0.002270807091592388
  }
}