{
  "process_id": 2738542,
  "local_process_index": 0,
  "energy_results": {
    "cpu_power": 112.5,
    "gpu_power": 490.2238485338424,
    "ram_power": 0.9286909103393555,
    "cpu_energy": 0.001068640588908238,
    "gpu_energy": 0.0047881657749728745,
    "ram_energy": 7.142547294701746e-06,
    "total_energy_kwh": 0.005863948911175813,
    "total_energy_joules": 21110.216080232927,
    "final_emissions": 0.002233871337712426
  }
}