{
  "experiment_id": "0010",
  "local_process_results": {
    "cpu_power": {
      "process_2": 112.5,
      "process_3": 112.5,
      "process_0": 112.5,
      "process_1": 112.5
    },
    "gpu_power": {
      "process_2": 464.7317146361147,
      "process_3": 295.690997760375,
      "process_0": 490.2238485338424,
      "process_1": 545.9108952132459
    },
    "ram_power": {
      "process_2": 0.9712772369384766,
      "process_3": 0.963892936706543,
      "process_0": 0.9286909103393555,
      "process_1": 0.964724063873291
    },
    "cpu_energy": {
      "process_2": 0.0010779044723694827,
      "process_3": 0.0010920372321579633,
      "process_0": 0.001068640588908238,
      "process_1": 0.0010611587629700808
    },
    "gpu_energy": {
      "process_2": 0.0048224980246613924,
      "process_3": 0.004861291666807155,
      "process_0": 0.0047881657749728745,
      "process_1": 0.0047587282514234275
    },
    "ram_energy": {
      "process_2": 7.549953414234655e-06,
      "process_3": 7.5769721265964335e-06,
      "process_0": 7.142547294701746e-06,
      "process_1": 7.463946195469079e-06
    },
    "total_energy_kwh": {
      "process_2": 0.005907952450445109,
      "process_3": 0.0059609058710917125,
      "process_0": 0.005863948911175813,
      "process_1": 0.005827350960588978
    },
    "total_energy_joules": {
      "process_2": 21268.628821602393,
      "process_3": 21459.261135930166,
      "process_0": 21110.216080232927,
      "process_1": 20978.46345812032
    }
  },
  "global_experiment_results": {
    "cpu_power_avg": 112.5,
    "gpu_power_avg": 449.13936403589446,
    "ram_power_avg": 0.9571462869644165,
    "cpu_energy_total": 0.004299741056405765,
    "gpu_energy_total": 0.01923068371786485,
    "ram_energy_total": 2.973341903100191e-05,
    "total_energy_kwh": 0.023560158193301612,
    "total_energy_joules": 84816.56949588581
  },
  "global_derived_quantities": {
    "tokens_per_joule": 0.19316980275646184,
    "joules_per_token": 5.176792571770374,
    "flops_per_joule": 620616733.5194727,
    "joules_per_flop": 1.6113004145554894e-09
  },
  "per-process_emissions": [
    0.0022506344859970643,
    0.002270807091592388,
    0.002233871337712426,
    0.0022199293484363716
  ]
}