{
  "process_id": 2738543,
  "local_process_index": 1,
  "energy_results": {
    "cpu_power": 112.5,
    "gpu_power": 545.9108952132459,
    "ram_power": 0.964724063873291,
    "cpu_energy": 0.0010611587629700808,
    "gpu_energy": 0.0047587282514234275,
    "ram_energy": 7.463946195469079e-06,
    "total_energy_kwh": 0.005827350960588978,
    "total_energy_joules": 20978.46345812032,
    "final_emissions": 0.0022199293484363716
  }
}