{
  "process_id": 2738544,
  "local_process_index": 2,
  "energy_results": {
    "cpu_power": 112.5,
    "gpu_power": 464.7317146361147,
    "ram_power": 0.9712772369384766,
    "cpu_energy": 0.0010779044723694827,
    "gpu_energy": 0.0048224980246613924,
    "ram_energy": 7.549953414234655e-06,
    "total_energy_kwh": 0.005907952450445109,
    "total_energy_joules": 21268.628821602393,
    "final_emissions": 0.0022506344859970643
  }
}