{
  "process_id": 3029043,
  "local_process_index": 0,
  "energy_results": {
    "cpu_power": 112.5,
    "gpu_power": 571.9043462386142,
    "ram_power": 0.6826572418212891,
    "cpu_energy": 0.0012897582524055908,
    "gpu_energy": 0.010666080755080465,
    "ram_energy": 6.521365953537432e-06,
    "total_energy_kwh": 0.011962360373439593,
    "total_energy_joules": 43064.49734438254,
    "final_emissions": 0.0045570611842618135
  }
}