{
  "process_id": 3029046,
  "local_process_index": 3,
  "energy_results": {
    "cpu_power": 112.5,
    "gpu_power": 642.0695049324115,
    "ram_power": 0.731997013092041,
    "cpu_energy": 0.001272774577628297,
    "gpu_energy": 0.01059283986315318,
    "ram_energy": 7.040604938955566e-06,
    "total_energy_kwh": 0.011872655045720434,
    "total_energy_joules": 42741.55816459356,
    "final_emissions": 0.0045228879396672
  }
}