{
  "process_id": 3029044,
  "local_process_index": 1,
  "energy_results": {
    "cpu_power": 112.5,
    "gpu_power": 707.1302501310527,
    "ram_power": 0.7334489822387695,
    "cpu_energy": 0.0012808097256183826,
    "gpu_energy": 0.010638698510953226,
    "ram_energy": 6.938667380106218e-06,
    "total_energy_kwh": 0.011926446903951716,
    "total_energy_joules": 42935.20885422618,
    "final_emissions": 0.004543379948060406
  }
}