{
  "process_id": 3029045,
  "local_process_index": 2,
  "energy_results": {
    "cpu_power": 112.5,
    "gpu_power": 0.0,
    "ram_power": 0.7326564788818359,
    "cpu_energy": 0.0012719405642164928,
    "gpu_energy": 0.010572995402834628,
    "ram_energy": 7.0135825114561965e-06,
    "total_energy_kwh": 0.011851949549562575,
    "total_energy_joules": 42667.018378425266,
    "final_emissions": 0.004515000180905863
  }
}