{
  "experiment_id": "0117",
  "local_process_results": {
    "cpu_power": {
      "process_0": 112.5,
      "process_3": 112.5,
      "process_2": 112.5,
      "process_1": 112.5
    },
    "gpu_power": {
      "process_0": 571.9043462386142,
      "process_3": 642.0695049324115,
      "process_2": 0.0,
      "process_1": 707.1302501310527
    },
    "ram_power": {
      "process_0": 0.6826572418212891,
      "process_3": 0.731997013092041,
      "process_2": 0.7326564788818359,
      "process_1": 0.7334489822387695
    },
    "cpu_energy": {
      "process_0": 0.0012897582524055908,
      "process_3": 0.001272774577628297,
      "process_2": 0.0012719405642164928,
      "process_1": 0.0012808097256183826
    },
    "gpu_energy": {
      "process_0": 0.010666080755080465,
      "process_3": 0.01059283986315318,
      "process_2": 0.010572995402834628,
      "process_1": 0.010638698510953226
    },
    "ram_energy": {
      "process_0": 6.521365953537432e-06,
      "process_3": 7.040604938955566e-06,
      "process_2": 7.0135825114561965e-06,
      "process_1": 6.938667380106218e-06
    },
    "total_energy_kwh": {
      "process_0": 0.011962360373439593,
      "process_3": 0.011872655045720434,
      "process_2": 0.011851949549562575,
      "process_1": 0.011926446903951716
    },
    "total_energy_joules": {
      "process_0": 43064.49734438254,
      "process_3": 42741.55816459356,
      "process_2": 42667.018378425266,
      "process_1": 42935.20885422618
    }
  },
  "global_experiment_results": {
    "cpu_power_avg": 112.5,
    "gpu_power_avg": 480.2760253255196,
    "ram_power_avg": 0.7201899290084839,
    "cpu_energy_total": 0.0051152831198687625,
    "gpu_energy_total": 0.0424706145320215,
    "ram_energy_total": 2.7514220784055414e-05,
    "total_energy_kwh": 0.047613411872674316,
    "total_energy_joules": 171408.28274162754
  },
  "global_derived_quantities": {
    "tokens_per_joule": 0.09558464584057726,
    "joules_per_token": 10.461931319679415,
    "flops_per_joule": 307094741.67131597,
    "joules_per_flop": 3.256324073012952e-09
  },
  "per-process_emissions": [
    0.0045570611842618135,
    0.0045228879396672,
    0.004515000180905863,
    0.004543379948060406
  ]
}