{
  "process_id": 3143850,
  "local_process_index": 2,
  "energy_results": {
    "cpu_power": 112.5,
    "gpu_power": 675.7839034367337,
    "ram_power": 0.7098627090454102,
    "cpu_energy": 0.0012746691414722594,
    "gpu_energy": 0.010591481250956214,
    "ram_energy": 6.7133254476105975e-06,
    "total_energy_kwh": 0.011872863717876084,
    "total_energy_joules": 42742.3093843539,
    "final_emissions": 0.004522967433324894
  }
}