{
  "process_id": 3143848,
  "local_process_index": 0,
  "energy_results": {
    "cpu_power": 112.5,
    "gpu_power": 482.28865565945216,
    "ram_power": 0.6903090476989746,
    "cpu_energy": 0.0012819165885321123,
    "gpu_energy": 0.010618051272210494,
    "ram_energy": 6.399581766316309e-06,
    "total_energy_kwh": 0.011906367442508926,
    "total_energy_joules": 42862.922793032136,
    "final_emissions": 0.004535730677223775
  }
}