{
  "process_id": 3143849,
  "local_process_index": 1,
  "energy_results": {
    "cpu_power": 112.5,
    "gpu_power": 983.9306143151456,
    "ram_power": 0.726686954498291,
    "cpu_energy": 0.0012672201945242705,
    "gpu_energy": 0.010531947036660938,
    "ram_energy": 6.674931930764152e-06,
    "total_energy_kwh": 0.011805842163115974,
    "total_energy_joules": 42501.03178721751,
    "final_emissions": 0.004497435572039031
  }
}