{
  "process_id": 3143851,
  "local_process_index": 3,
  "energy_results": {
    "cpu_power": 112.5,
    "gpu_power": 964.2958972233693,
    "ram_power": 0.7324447631835938,
    "cpu_energy": 0.00127271187090264,
    "gpu_energy": 0.010582735688404732,
    "ram_energy": 7.0202010288313205e-06,
    "total_energy_kwh": 0.0118624677603362,
    "total_energy_joules": 42704.88393721032,
    "final_emissions": 0.004519007093300075
  }
}