{
  "experiment_id": "0183",
  "local_process_results": {
    "cpu_power": {
      "process_3": 112.5,
      "process_2": 112.5,
      "process_1": 112.5,
      "process_0": 112.5
    },
    "gpu_power": {
      "process_3": 964.2958972233693,
      "process_2": 675.7839034367337,
      "process_1": 983.9306143151456,
      "process_0": 482.28865565945216
    },
    "ram_power": {
      "process_3": 0.7324447631835938,
      "process_2": 0.7098627090454102,
      "process_1": 0.726686954498291,
      "process_0": 0.6903090476989746
    },
    "cpu_energy": {
      "process_3": 0.00127271187090264,
      "process_2": 0.0012746691414722594,
      "process_1": 0.0012672201945242705,
      "process_0": 0.0012819165885321123
    },
    "gpu_energy": {
      "process_3": 0.010582735688404732,
      "process_2": 0.010591481250956214,
      "process_1": 0.010531947036660938,
      "process_0": 0.010618051272210494
    },
    "ram_energy": {
      "process_3": 7.0202010288313205e-06,
      "process_2": 6.7133254476105975e-06,
      "process_1": 6.674931930764152e-06,
      "process_0": 6.399581766316309e-06
    },
    "total_energy_kwh": {
      "process_3": 0.0118624677603362,
      "process_2": 0.011872863717876084,
      "process_1": 0.011805842163115974,
      "process_0": 0.011906367442508926
    },
    "total_energy_joules": {
      "process_3": 42704.88393721032,
      "process_2": 42742.3093843539,
      "process_1": 42501.03178721751,
      "process_0": 42862.922793032136
    }
  },
  "global_experiment_results": {
    "cpu_power_avg": 112.5,
    "gpu_power_avg": 776.5747676586752,
    "ram_power_avg": 0.7148258686065674,
    "cpu_energy_total": 0.005096517795431282,
    "gpu_energy_total": 0.04232421524823238,
    "ram_energy_total": 2.680804017352238e-05,
    "total_energy_kwh": 0.04744754108383718,
    "total_energy_joules": 170811.14790181385
  },
  "global_derived_quantities": {
    "tokens_per_joule": 0.09591879804834458,
    "joules_per_token": 10.425485101429068,
    "flops_per_joule": 308168307.2531183,
    "joules_per_flop": 3.2449800205399973e-09
  },
  "per-process_emissions": [
    0.004519007093300075,
    0.004522967433324894,
    0.004497435572039031,
    0.004535730677223775
  ]
}