{
  "experiment_id": "0014",
  "local_process_results": {
    "cpu_power": {
      "process_3": 112.5,
      "process_0": 112.5,
      "process_2": 112.5,
      "process_1": 112.5
    },
    "gpu_power": {
      "process_3": 453.19756985346635,
      "process_0": 0.0,
      "process_2": 959.6605768989989,
      "process_1": 1010.1250863298219
    },
    "ram_power": {
      "process_3": 0.7306680679321289,
      "process_0": 0.6788792610168457,
      "process_2": 0.7288012504577637,
      "process_1": 0.7144618034362793
    },
    "cpu_energy": {
      "process_3": 0.0012842461853706483,
      "process_0": 0.0012991564123112766,
      "process_2": 0.0012696579648782062,
      "process_1": 0.0012641247580268099
    },
    "gpu_energy": {
      "process_3": 0.010451559750131345,
      "process_0": 0.010400209986829445,
      "process_2": 0.010396198872507867,
      "process_1": 0.010361172733375668
    },
    "ram_energy": {
      "process_3": 6.811691241559346e-06,
      "process_0": 6.509471195138596e-06,
      "process_2": 6.892996837844272e-06,
      "process_1": 6.724077172411936e-06
    },
    "total_energy_kwh": {
      "process_3": 0.01174261762674355,
      "process_0": 0.011705875870335862,
      "process_2": 0.011672749834223914,
      "process_1": 0.011632021568574886
    },
    "total_energy_joules": {
      "process_3": 42273.42345627678,
      "process_0": 42141.1531332091,
      "process_2": 42021.89940320609,
      "process_1": 41875.27764686959
    }
  },
  "global_experiment_results": {
    "cpu_power_avg": 112.5,
    "gpu_power_avg": 605.7458082705718,
    "ram_power_avg": 0.7132025957107544,
    "cpu_energy_total": 0.005117185320586941,
    "gpu_energy_total": 0.041609141342844325,
    "ram_energy_total": 2.693823644695415e-05,
    "total_energy_kwh": 0.046753264899878216,
    "total_energy_joules": 168311.75363956156
  },
  "global_derived_quantities": {
    "tokens_per_joule": 0.09734317209412613,
    "joules_per_token": 10.272934182102146,
    "flops_per_joule": 312744542.0216413,
    "joules_per_flop": 3.1974978477188004e-09
  },
  "per-process_emissions": [
    0.004473350184907955,
    0.004459353412804447,
    0.0044467340493476,
    0.004431218616548603
  ]
}