{
  "process_id": 2744841,
  "local_process_index": 3,
  "energy_results": {
    "cpu_power": 112.5,
    "gpu_power": 453.19756985346635,
    "ram_power": 0.7306680679321289,
    "cpu_energy": 0.0012842461853706483,
    "gpu_energy": 0.010451559750131345,
    "ram_energy": 6.811691241559346e-06,
    "total_energy_kwh": 0.01174261762674355,
    "total_energy_joules": 42273.42345627678,
    "final_emissions": 0.004473350184907955
  }
}