{
  "process_id": 2744838,
  "local_process_index": 0,
  "energy_results": {
    "cpu_power": 112.5,
    "gpu_power": 0.0,
    "ram_power": 0.6788792610168457,
    "cpu_energy": 0.0012991564123112766,
    "gpu_energy": 0.010400209986829445,
    "ram_energy": 6.509471195138596e-06,
    "total_energy_kwh": 0.011705875870335862,
    "total_energy_joules": 42141.1531332091,
    "final_emissions": 0.004459353412804447
  }
}