{
  "process_id": 2744840,
  "local_process_index": 2,
  "energy_results": {
    "cpu_power": 112.5,
    "gpu_power": 959.6605768989989,
    "ram_power": 0.7288012504577637,
    "cpu_energy": 0.0012696579648782062,
    "gpu_energy": 0.010396198872507867,
    "ram_energy": 6.892996837844272e-06,
    "total_energy_kwh": 0.011672749834223914,
    "total_energy_joules": 42021.89940320609,
    "final_emissions": 0.0044467340493476
  }
}