{
  "process_id": 2744839,
  "local_process_index": 1,
  "energy_results": {
    "cpu_power": 112.5,
    "gpu_power": 1010.1250863298219,
    "ram_power": 0.7144618034362793,
    "cpu_energy": 0.0012641247580268099,
    "gpu_energy": 0.010361172733375668,
    "ram_energy": 6.724077172411936e-06,
    "total_energy_kwh": 0.011632021568574886,
    "total_energy_joules": 41875.27764686959,
    "final_emissions": 0.004431218616548603
  }
}