{
  "process_id": 2799403,
  "local_process_index": 3,
  "energy_results": {
    "cpu_power": 112.5,
    "gpu_power": 677.6378771382239,
    "ram_power": 0.7338709831237793,
    "cpu_energy": 0.0012329368776263434,
    "gpu_energy": 0.010516433413140902,
    "ram_energy": 6.803189911426482e-06,
    "total_energy_kwh": 0.011756173480678674,
    "total_energy_joules": 42322.22453044323,
    "final_emissions": 0.004478514287464541
  }
}