{
  "process_id": 2799401,
  "local_process_index": 1,
  "energy_results": {
    "cpu_power": 112.5,
    "gpu_power": 881.7639685803355,
    "ram_power": 0.7181868553161621,
    "cpu_energy": 0.0012169005911855494,
    "gpu_energy": 0.010435390570529002,
    "ram_energy": 6.572438433434947e-06,
    "total_energy_kwh": 0.01165886360014799,
    "total_energy_joules": 41971.90896053277,
    "final_emissions": 0.004441444088476377
  }
}