{
  "experiment_id": "0044",
  "local_process_results": {
    "cpu_power": {
      "process_1": 112.5,
      "process_3": 112.5,
      "process_2": 112.5,
      "process_0": 112.5
    },
    "gpu_power": {
      "process_1": 881.7639685803355,
      "process_3": 677.6378771382239,
      "process_2": 752.5240914520004,
      "process_0": 1336.1101803772767
    },
    "ram_power": {
      "process_1": 0.7181868553161621,
      "process_3": 0.7338709831237793,
      "process_2": 0.7179322242736816,
      "process_0": 0.6903190612792969
    },
    "cpu_energy": {
      "process_1": 0.0012169005911855494,
      "process_3": 0.0012329368776263434,
      "process_2": 0.0012268059129037286,
      "process_0": 0.0012091101744190382
    },
    "gpu_energy": {
      "process_1": 0.010435390570529002,
      "process_3": 0.010516433413140902,
      "process_2": 0.010488089779353338,
      "process_0": 0.010382152194604366
    },
    "ram_energy": {
      "process_1": 6.572438433434947e-06,
      "process_3": 6.803189911426482e-06,
      "process_2": 6.616366046498005e-06,
      "process_0": 6.44502168064342e-06
    },
    "total_energy_kwh": {
      "process_1": 0.01165886360014799,
      "process_3": 0.011756173480678674,
      "process_2": 0.011721512058303565,
      "process_0": 0.011597707390704053
    },
    "total_energy_joules": {
      "process_1": 41971.90896053277,
      "process_3": 42322.22453044323,
      "process_2": 42197.44340989283,
      "process_0": 41751.74660653459
    }
  },
  "global_experiment_results": {
    "cpu_power_avg": 112.5,
    "gpu_power_avg": 912.0090293869591,
    "ram_power_avg": 0.71507728099823,
    "cpu_energy_total": 0.00488575355613466,
    "gpu_energy_total": 0.04182206595762761,
    "ram_energy_total": 2.6437016072002854e-05,
    "total_energy_kwh": 0.04673425652983428,
    "total_energy_joules": 168243.32350740343
  },
  "global_derived_quantities": {
    "tokens_per_joule": 0.09738276478637818,
    "joules_per_token": 10.268757538293666,
    "flops_per_joule": 312871745.5854804,
    "joules_per_flop": 3.196197848190762e-09
  },
  "per-process_emissions": [
    0.004441444088476377,
    0.004478514287464541,
    0.004465310018610743,
    0.004418146630488709
  ]
}