{
  "process_id": 2799402,
  "local_process_index": 2,
  "energy_results": {
    "cpu_power": 112.5,
    "gpu_power": 752.5240914520004,
    "ram_power": 0.7179322242736816,
    "cpu_energy": 0.0012268059129037286,
    "gpu_energy": 0.010488089779353338,
    "ram_energy": 6.616366046498005e-06,
    "total_energy_kwh": 0.011721512058303565,
    "total_energy_joules": 42197.44340989283,
    "final_emissions": 0.004465310018610743
  }
}