{
  "process_id": 2799400,
  "local_process_index": 0,
  "energy_results": {
    "cpu_power": 112.5,
    "gpu_power": 1336.1101803772767,
    "ram_power": 0.6903190612792969,
    "cpu_energy": 0.0012091101744190382,
    "gpu_energy": 0.010382152194604366,
    "ram_energy": 6.44502168064342e-06,
    "total_energy_kwh": 0.011597707390704053,
    "total_energy_joules": 41751.74660653459,
    "final_emissions": 0.004418146630488709
  }
}