{
  "process_id": 3911416,
  "local_process_index": 0,
  "energy_results": {
    "cpu_power": 112.5,
    "gpu_power": 3927.032213741866,
    "ram_power": 0.689201831817627,
    "cpu_energy": 0.0011324790563176066,
    "gpu_energy": 0.010234837354529347,
    "ram_energy": 6.874994477026648e-06,
    "total_energy_kwh": 0.011374191405323981,
    "total_energy_joules": 40947.089059166334,
    "final_emissions": 0.004332998215858171
  }
}