{
  "process_id": 3911417,
  "local_process_index": 1,
  "energy_results": {
    "cpu_power": 112.5,
    "gpu_power": 167.97688206027678,
    "ram_power": 0.7173786163330078,
    "cpu_energy": 0.0011541164177178871,
    "gpu_energy": 0.010253070424671051,
    "ram_energy": 6.708372920142716e-06,
    "total_energy_kwh": 0.011413895215309082,
    "total_energy_joules": 41090.022775112695,
    "final_emissions": 0.004348123382271995
  }
}