{
  "process_id": 3911418,
  "local_process_index": 2,
  "energy_results": {
    "cpu_power": 112.5,
    "gpu_power": 173.71143485240725,
    "ram_power": 0.7323203086853027,
    "cpu_energy": 0.0010860165374670034,
    "gpu_energy": 0.010253070424671051,
    "ram_energy": 6.828339183642666e-06,
    "total_energy_kwh": 0.011345915301321697,
    "total_energy_joules": 40845.29508475811,
    "final_emissions": 0.004322226434038501
  }
}