{
  "process_id": 3911419,
  "local_process_index": 3,
  "energy_results": {
    "cpu_power": 112.5,
    "gpu_power": 139.49948080741433,
    "ram_power": 0.7310357093811035,
    "cpu_energy": 0.0010905633058700915,
    "gpu_energy": 0.010253070424671051,
    "ram_energy": 7.180313680688707e-06,
    "total_energy_kwh": 0.011350814044221832,
    "total_energy_joules": 40862.9305591986,
    "final_emissions": 0.004324092610146307
  }
}