{
  "experiment_id": "0508",
  "local_process_results": {
    "cpu_power": {
      "process_0": 112.5,
      "process_1": 112.5,
      "process_2": 112.5,
      "process_3": 112.5
    },
    "gpu_power": {
      "process_0": 3927.032213741866,
      "process_1": 167.97688206027678,
      "process_2": 173.71143485240725,
      "process_3": 139.49948080741433
    },
    "ram_power": {
      "process_0": 0.689201831817627,
      "process_1": 0.7173786163330078,
      "process_2": 0.7323203086853027,
      "process_3": 0.7310357093811035
    },
    "cpu_energy": {
      "process_0": 0.0011324790563176066,
      "process_1": 0.0011541164177178871,
      "process_2": 0.0010860165374670034,
      "process_3": 0.0010905633058700915
    },
    "gpu_energy": {
      "process_0": 0.010234837354529347,
      "process_1": 0.010253070424671051,
      "process_2": 0.010253070424671051,
      "process_3": 0.010253070424671051
    },
    "ram_energy": {
      "process_0": 6.874994477026648e-06,
      "process_1": 6.708372920142716e-06,
      "process_2": 6.828339183642666e-06,
      "process_3": 7.180313680688707e-06
    },
    "total_energy_kwh": {
      "process_0": 0.011374191405323981,
      "process_1": 0.011413895215309082,
      "process_2": 0.011345915301321697,
      "process_3": 0.011350814044221832
    },
    "total_energy_joules": {
      "process_0": 40947.089059166334,
      "process_1": 41090.022775112695,
      "process_2": 40845.29508475811,
      "process_3": 40862.9305591986
    }
  },
  "global_experiment_results": {
    "cpu_power_avg": 112.5,
    "gpu_power_avg": 1102.0550028654911,
    "ram_power_avg": 0.7174841165542603,
    "cpu_energy_total": 0.004463175317372589,
    "gpu_energy_total": 0.0409940486285425,
    "ram_energy_total": 2.759202026150074e-05,
    "total_energy_kwh": 0.045484815966176595,
    "total_energy_joules": 163745.33747823574
  },
  "global_derived_quantities": {
    "tokens_per_joule": 0.10005781081966797,
    "joules_per_token": 9.9942222581931,
    "flops_per_joule": 321466144.4382224,
    "joules_per_flop": 3.1107474839925938e-09
  },
  "per-process_emissions": [
    0.004332998215858171,
    0.004348123382271995,
    0.004322226434038501,
    0.004324092610146307
  ]
}