{
  "process_id": 3065550,
  "local_process_index": 0,
  "energy_results": {
    "cpu_power": 112.5,
    "gpu_power": 969.5051710907815,
    "ram_power": 0.6824483871459961,
    "cpu_energy": 0.0012169148391240013,
    "gpu_energy": 0.010456480587398786,
    "ram_energy": 6.2575784694488815e-06,
    "total_energy_kwh": 0.011679653004992236,
    "total_energy_joules": 42046.750817972046,
    "final_emissions": 0.004449363812251792
  }
}