{
  "process_id": 3065553,
  "local_process_index": 3,
  "energy_results": {
    "cpu_power": 112.5,
    "gpu_power": 799.8435911671729,
    "ram_power": 0.710482120513916,
    "cpu_energy": 0.0012287585474077785,
    "gpu_energy": 0.010506648960867615,
    "ram_energy": 6.6218582967430414e-06,
    "total_energy_kwh": 0.01174202936657214,
    "total_energy_joules": 42271.30571965971,
    "final_emissions": 0.004473126087195657
  }
}