{
  "process_id": 3065551,
  "local_process_index": 1,
  "energy_results": {
    "cpu_power": 112.5,
    "gpu_power": 929.6688338681831,
    "ram_power": 0.7263236045837402,
    "cpu_energy": 0.0012224777003739295,
    "gpu_energy": 0.010489923391931555,
    "ram_energy": 6.699408301757836e-06,
    "total_energy_kwh": 0.011719100500607243,
    "total_energy_joules": 42188.761802186076,
    "final_emissions": 0.004464391335706329
  }
}