{
  "process_id": 3065552,
  "local_process_index": 2,
  "energy_results": {
    "cpu_power": 112.5,
    "gpu_power": 913.6885899229137,
    "ram_power": 0.7186260223388672,
    "cpu_energy": 0.001219907300874184,
    "gpu_energy": 0.010479398105733395,
    "ram_energy": 6.577103075728872e-06,
    "total_energy_kwh": 0.011705882509683308,
    "total_energy_joules": 42141.17703485991,
    "final_emissions": 0.0044593559420638565
  }
}