{
  "experiment_id": "0139",
  "local_process_results": {
    "cpu_power": {
      "process_3": 112.5,
      "process_1": 112.5,
      "process_0": 112.5,
      "process_2": 112.5
    },
    "gpu_power": {
      "process_3": 799.8435911671729,
      "process_1": 929.6688338681831,
      "process_0": 969.5051710907815,
      "process_2": 913.6885899229137
    },
    "ram_power": {
      "process_3": 0.710482120513916,
      "process_1": 0.7263236045837402,
      "process_0": 0.6824483871459961,
      "process_2": 0.7186260223388672
    },
    "cpu_energy": {
      "process_3": 0.0012287585474077785,
      "process_1": 0.0012224777003739295,
      "process_0": 0.0012169148391240013,
      "process_2": 0.001219907300874184
    },
    "gpu_energy": {
      "process_3": 0.010506648960867615,
      "process_1": 0.010489923391931555,
      "process_0": 0.010456480587398786,
      "process_2": 0.010479398105733395
    },
    "ram_energy": {
      "process_3": 6.6218582967430414e-06,
      "process_1": 6.699408301757836e-06,
      "process_0": 6.2575784694488815e-06,
      "process_2": 6.577103075728872e-06
    },
    "total_energy_kwh": {
      "process_3": 0.01174202936657214,
      "process_1": 0.011719100500607243,
      "process_0": 0.011679653004992236,
      "process_2": 0.011705882509683308
    },
    "total_energy_joules": {
      "process_3": 42271.30571965971,
      "process_1": 42188.761802186076,
      "process_0": 42046.750817972046,
      "process_2": 42141.17703485991
    }
  },
  "global_experiment_results": {
    "cpu_power_avg": 112.5,
    "gpu_power_avg": 903.1765465122628,
    "ram_power_avg": 0.7094700336456299,
    "cpu_energy_total": 0.004888058387779894,
    "gpu_energy_total": 0.04193245104593135,
    "ram_energy_total": 2.615594814367863e-05,
    "total_energy_kwh": 0.046846665381854925,
    "total_energy_joules": 168647.99537467773
  },
  "global_derived_quantities": {
    "tokens_per_joule": 0.09714909426347107,
    "joules_per_token": 10.293456748942733,
    "flops_per_joule": 312121007.97236997,
    "joules_per_flop": 3.203885590708215e-09
  },
  "per-process_emissions": [
    0.004473126087195657,
    0.004464391335706329,
    0.004449363812251792,
    0.0044593559420638565
  ]
}