{
  "experiment_id": "0459",
  "local_process_results": {
    "cpu_power": {
      "process_0": 112.5,
      "process_3": 112.5,
      "process_2": 112.5,
      "process_1": 112.5
    },
    "gpu_power": {
      "process_0": 922.1453167649756,
      "process_3": 781.503166326535,
      "process_2": 957.440145371045,
      "process_1": 981.9705358588524
    },
    "ram_power": {
      "process_0": 0.6919312477111816,
      "process_3": 0.7338237762451172,
      "process_2": 0.7195572853088379,
      "process_1": 0.7336635589599609
    },
    "cpu_energy": {
      "process_0": 0.0011390451022762137,
      "process_3": 0.001145544570123093,
      "process_2": 0.0011372349460289117,
      "process_1": 0.0011386956835249295
    },
    "gpu_energy": {
      "process_0": 0.010326110205324923,
      "process_3": 0.010350848836228721,
      "process_2": 0.010308434080071649,
      "process_1": 0.010318631032673053
    },
    "ram_energy": {
      "process_0": 6.255272568106228e-06,
      "process_3": 6.704479811533495e-06,
      "process_2": 6.524235399798127e-06,
      "process_1": 6.678520489521371e-06
    },
    "total_energy_kwh": {
      "process_0": 0.01147141058016924,
      "process_3": 0.011503097886163344,
      "process_2": 0.011452193261500355,
      "process_1": 0.011464005236687502
    },
    "total_energy_joules": {
      "process_0": 41297.07808860927,
      "process_3": 41411.15239018804,
      "process_2": 41227.89574140128,
      "process_1": 41270.41885207501
    }
  },
  "global_experiment_results": {
    "cpu_power_avg": 112.5,
    "gpu_power_avg": 910.7647910803521,
    "ram_power_avg": 0.7197439670562744,
    "cpu_energy_total": 0.004560520301953148,
    "gpu_energy_total": 0.04130402415429835,
    "ram_energy_total": 2.6162508268959223e-05,
    "total_energy_kwh": 0.04589070696452044,
    "total_energy_joules": 165206.54507227358
  },
  "global_derived_quantities": {
    "tokens_per_joule": 0.09917282631164778,
    "joules_per_token": 10.083407292008886,
    "flops_per_joule": 318622862.5859586,
    "joules_per_flop": 3.1385067345260526e-09
  },
  "per-process_emissions": [
    0.004370033860515472,
    0.0043821051397339265,
    0.004362713022968561,
    0.004367212794916104
  ]
}