{
  "process_id": 3617428,
  "local_process_index": 0,
  "energy_results": {
    "cpu_power": 112.5,
    "gpu_power": 922.1453167649756,
    "ram_power": 0.6919312477111816,
    "cpu_energy": 0.0011390451022762137,
    "gpu_energy": 0.010326110205324923,
    "ram_energy": 6.255272568106228e-06,
    "total_energy_kwh": 0.01147141058016924,
    "total_energy_joules": 41297.07808860927,
    "final_emissions": 0.004370033860515472
  }
}