{
  "process_id": 3617430,
  "local_process_index": 2,
  "energy_results": {
    "cpu_power": 112.5,
    "gpu_power": 957.440145371045,
    "ram_power": 0.7195572853088379,
    "cpu_energy": 0.0011372349460289117,
    "gpu_energy": 0.010308434080071649,
    "ram_energy": 6.524235399798127e-06,
    "total_energy_kwh": 0.011452193261500355,
    "total_energy_joules": 41227.89574140128,
    "final_emissions": 0.004362713022968561
  }
}