{
  "process_id": 3617429,
  "local_process_index": 1,
  "energy_results": {
    "cpu_power": 112.5,
    "gpu_power": 981.9705358588524,
    "ram_power": 0.7336635589599609,
    "cpu_energy": 0.0011386956835249295,
    "gpu_energy": 0.010318631032673053,
    "ram_energy": 6.678520489521371e-06,
    "total_energy_kwh": 0.011464005236687502,
    "total_energy_joules": 41270.41885207501,
    "final_emissions": 0.004367212794916104
  }
}