{
  "process_id": 3617431,
  "local_process_index": 3,
  "energy_results": {
    "cpu_power": 112.5,
    "gpu_power": 781.503166326535,
    "ram_power": 0.7338237762451172,
    "cpu_energy": 0.001145544570123093,
    "gpu_energy": 0.010350848836228721,
    "ram_energy": 6.704479811533495e-06,
    "total_energy_kwh": 0.011503097886163344,
    "total_energy_joules": 41411.15239018804,
    "final_emissions": 0.0043821051397339265
  }
}