{
  "experiment_id": "0553",
  "local_process_results": {
    "cpu_power": {
      "process_0": 112.5,
      "process_3": 112.5,
      "process_2": 112.5,
      "process_1": 112.5
    },
    "gpu_power": {
      "process_0": 89.77234043426827,
      "process_3": 496.2673882389853,
      "process_2": 934.0166846205359,
      "process_1": 73.61855990792321
    },
    "ram_power": {
      "process_0": 0.6886038780212402,
      "process_3": 0.7248787879943848,
      "process_2": 0.7260475158691406,
      "process_1": 0.7177591323852539
    },
    "cpu_energy": {
      "process_0": 0.00128761302840212,
      "process_3": 0.001311612619665539,
      "process_2": 0.0012266656184365273,
      "process_1": 0.001290663109128218
    },
    "gpu_energy": {
      "process_0": 0.010664247975833874,
      "process_3": 0.010701209949845136,
      "process_2": 0.010452361972989266,
      "process_1": 0.010654182690004177
    },
    "ram_energy": {
      "process_0": 7.103665660984469e-06,
      "process_3": 7.567955461898803e-06,
      "process_2": 7.122588487258545e-06,
      "process_1": 7.378829681973931e-06
    },
    "total_energy_kwh": {
      "process_0": 0.01195896466989698,
      "process_3": 0.01202039052497258,
      "process_2": 0.011686150179913046,
      "process_1": 0.011952224628814366
    },
    "total_energy_joules": {
      "process_0": 43052.27281162913,
      "process_3": 43273.40588990129,
      "process_2": 42070.14064768697,
      "process_1": 43028.008663731714
    }
  },
  "global_experiment_results": {
    "cpu_power_avg": 112.5,
    "gpu_power_avg": 398.4187433004281,
    "ram_power_avg": 0.7143223285675049,
    "cpu_energy_total": 0.005116554375632404,
    "gpu_energy_total": 0.04247200258867245,
    "ram_energy_total": 2.9173039292115748e-05,
    "total_energy_kwh": 0.047617730003596974,
    "total_energy_joules": 171423.8280129491
  },
  "global_derived_quantities": {
    "tokens_per_joule": 0.09557597791342273,
    "joules_per_token": 10.462880127743475,
    "flops_per_joule": 307066893.3194501,
    "joules_per_flop": 3.2566193938715256e-09
  },
  "per-process_emissions": [
    0.004555767590997255,
    0.0045791677704883045,
    0.004451838911037875,
    0.004553199972346833
  ]
}