{
  "process_id": 4034055,
  "local_process_index": 1,
  "energy_results": {
    "cpu_power": 112.5,
    "gpu_power": 73.61855990792321,
    "ram_power": 0.7177591323852539,
    "cpu_energy": 0.001290663109128218,
    "gpu_energy": 0.010654182690004177,
    "ram_energy": 7.378829681973931e-06,
    "total_energy_kwh": 0.011952224628814366,
    "total_energy_joules": 43028.008663731714,
    "final_emissions": 0.004553199972346833
  }
}