{
  "process_id": 4034056,
  "local_process_index": 2,
  "energy_results": {
    "cpu_power": 112.5,
    "gpu_power": 934.0166846205359,
    "ram_power": 0.7260475158691406,
    "cpu_energy": 0.0012266656184365273,
    "gpu_energy": 0.010452361972989266,
    "ram_energy": 7.122588487258545e-06,
    "total_energy_kwh": 0.011686150179913046,
    "total_energy_joules": 42070.14064768697,
    "final_emissions": 0.004451838911037875
  }
}