{
  "process_id": 4034057,
  "local_process_index": 3,
  "energy_results": {
    "cpu_power": 112.5,
    "gpu_power": 496.2673882389853,
    "ram_power": 0.7248787879943848,
    "cpu_energy": 0.001311612619665539,
    "gpu_energy": 0.010701209949845136,
    "ram_energy": 7.567955461898803e-06,
    "total_energy_kwh": 0.01202039052497258,
    "total_energy_joules": 43273.40588990129,
    "final_emissions": 0.0045791677704883045
  }
}