{
  "process_id": 4034054,
  "local_process_index": 0,
  "energy_results": {
    "cpu_power": 112.5,
    "gpu_power": 89.77234043426827,
    "ram_power": 0.6886038780212402,
    "cpu_energy": 0.00128761302840212,
    "gpu_energy": 0.010664247975833874,
    "ram_energy": 7.103665660984469e-06,
    "total_energy_kwh": 0.01195896466989698,
    "total_energy_joules": 43052.27281162913,
    "final_emissions": 0.004555767590997255
  }
}