{
  "experiment_id": "0472",
  "local_process_results": {
    "cpu_power": {
      "process_1": 112.5,
      "process_2": 112.5,
      "process_3": 112.5,
      "process_0": 112.5
    },
    "gpu_power": {
      "process_1": 448.784347075323,
      "process_2": 1039.9315178296483,
      "process_3": 983.0883834106937,
      "process_0": 1238.5202103015365
    },
    "ram_power": {
      "process_1": 0.7308268547058105,
      "process_2": 0.7229576110839844,
      "process_3": 0.73077392578125,
      "process_0": 0.687751293182373
    },
    "cpu_energy": {
      "process_1": 0.0010580009683144455,
      "process_2": 0.0010051408273429843,
      "process_3": 0.0009966710584685644,
      "process_0": 0.0010105514403385314
    },
    "gpu_energy": {
      "process_1": 0.007460720968571977,
      "process_2": 0.007260826919765151,
      "process_3": 0.007250362466951543,
      "process_0": 0.00736327894617439
    },
    "ram_energy": {
      "process_1": 6.568706340195348e-06,
      "process_2": 6.180242030006291e-06,
      "process_3": 6.184740028822109e-06,
      "process_0": 6.0896001050084635e-06
    },
    "total_energy_kwh": {
      "process_1": 0.008525290643226616,
      "process_2": 0.00827214798913814,
      "process_3": 0.00825321826544893,
      "process_0": 0.00837991998661793
    },
    "total_energy_joules": {
      "process_1": 30691.046315615815,
      "process_2": 29779.732760897303,
      "process_3": 29711.585755616146,
      "process_0": 30167.711951824545
    }
  },
  "global_experiment_results": {
    "cpu_power_avg": 112.5,
    "gpu_power_avg": 927.5811146543003,
    "ram_power_avg": 0.7180774211883545,
    "cpu_energy_total": 0.004070364294464526,
    "gpu_energy_total": 0.02933518930146306,
    "ram_energy_total": 2.5023288504032212e-05,
    "total_energy_kwh": 0.033430576884431615,
    "total_energy_joules": 120350.07678395382
  },
  "global_derived_quantities": {
    "tokens_per_joule": 0.13613618235916627,
    "joules_per_token": 7.345585741208119,
    "flops_per_joule": 437378884.29733235,
    "joules_per_flop": 2.286347228688331e-09
  },
  "per-process_emissions": [
    0.003247709470537179,
    0.0031512747764621744,
    0.00314406349822277,
    0.0031923305189021003
  ]
}