{
  "process_id": 3828558,
  "local_process_index": 3,
  "energy_results": {
    "cpu_power": 112.5,
    "gpu_power": 983.0883834106937,
    "ram_power": 0.73077392578125,
    "cpu_energy": 0.0009966710584685644,
    "gpu_energy": 0.007250362466951543,
    "ram_energy": 6.184740028822109e-06,
    "total_energy_kwh": 0.00825321826544893,
    "total_energy_joules": 29711.585755616146,
    "final_emissions": 0.00314406349822277
  }
}