{
  "process_id": 3828556,
  "local_process_index": 1,
  "energy_results": {
    "cpu_power": 112.5,
    "gpu_power": 448.784347075323,
    "ram_power": 0.7308268547058105,
    "cpu_energy": 0.0010580009683144455,
    "gpu_energy": 0.007460720968571977,
    "ram_energy": 6.568706340195348e-06,
    "total_energy_kwh": 0.008525290643226616,
    "total_energy_joules": 30691.046315615815,
    "final_emissions": 0.003247709470537179
  }
}