{
  "process_id": 3828555,
  "local_process_index": 0,
  "energy_results": {
    "cpu_power": 112.5,
    "gpu_power": 1238.5202103015365,
    "ram_power": 0.687751293182373,
    "cpu_energy": 0.0010105514403385314,
    "gpu_energy": 0.00736327894617439,
    "ram_energy": 6.0896001050084635e-06,
    "total_energy_kwh": 0.00837991998661793,
    "total_energy_joules": 30167.711951824545,
    "final_emissions": 0.0031923305189021003
  }
}