{
  "process_id": 3828557,
  "local_process_index": 2,
  "energy_results": {
    "cpu_power": 112.5,
    "gpu_power": 1039.9315178296483,
    "ram_power": 0.7229576110839844,
    "cpu_energy": 0.0010051408273429843,
    "gpu_energy": 0.007260826919765151,
    "ram_energy": 6.180242030006291e-06,
    "total_energy_kwh": 0.00827214798913814,
    "total_energy_joules": 29779.732760897303,
    "final_emissions": 0.0031512747764621744
  }
}