{
  "experiment_id": "0535",
  "local_process_results": {
    "cpu_power": {
      "process_0": 112.5,
      "process_2": 112.5,
      "process_1": 112.5,
      "process_3": 112.5
    },
    "gpu_power": {
      "process_0": 187.1215424269042,
      "process_2": 191.07000292855057,
      "process_1": 174.47338715758195,
      "process_3": 168.39044878758384
    },
    "ram_power": {
      "process_0": 0.689095973968506,
      "process_2": 0.7079372406005859,
      "process_1": 0.7247142791748047,
      "process_3": 0.7079730033874512
    },
    "cpu_energy": {
      "process_0": 0.0010907812459390698,
      "process_2": 0.0011126443627690608,
      "process_1": 0.0011048269178736516,
      "process_3": 0.0011377481835006618
    },
    "gpu_energy": {
      "process_0": 0.010253259035936324,
      "process_2": 0.010251785423646353,
      "process_1": 0.010251785423646353,
      "process_3": 0.010256185982722599
    },
    "ram_energy": {
      "process_0": 6.784464846171191e-06,
      "process_2": 6.711978181735813e-06,
      "process_1": 6.843033666385526e-06,
      "process_3": 7.6273069514442494e-06
    },
    "total_energy_kwh": {
      "process_0": 0.011350824746721569,
      "process_2": 0.011371141764597147,
      "process_1": 0.01136345537518639,
      "process_3": 0.011401561473174705
    },
    "total_energy_joules": {
      "process_0": 40862.96908819765,
      "process_2": 40936.11035254973,
      "process_1": 40908.439350671004,
      "process_3": 41045.62130342894
    }
  },
  "global_experiment_results": {
    "cpu_power_avg": 112.5,
    "gpu_power_avg": 180.26384532515516,
    "ram_power_avg": 0.7074301242828369,
    "cpu_energy_total": 0.004446000710082444,
    "gpu_energy_total": 0.04101301586595163,
    "ram_energy_total": 2.796678364573678e-05,
    "total_energy_kwh": 0.045486983359679815,
    "total_energy_joules": 163753.14009484733
  },
  "global_derived_quantities": {
    "tokens_per_joule": 0.10005304319972268,
    "joules_per_token": 9.994698492117147,
    "flops_per_joule": 321450827.00933397,
    "joules_per_flop": 3.110895713984158e-09
  },
  "per-process_emissions": [
    0.0043240966872635815,
    0.004331836455223283,
    0.004328908325177255,
    0.004343424843205904
  ]
}