{
  "process_id": 3981579,
  "local_process_index": 1,
  "energy_results": {
    "cpu_power": 112.5,
    "gpu_power": 174.47338715758195,
    "ram_power": 0.7247142791748047,
    "cpu_energy": 0.0011048269178736516,
    "gpu_energy": 0.010251785423646353,
    "ram_energy": 6.843033666385526e-06,
    "total_energy_kwh": 0.01136345537518639,
    "total_energy_joules": 40908.439350671004,
    "final_emissions": 0.004328908325177255
  }
}