{
  "process_id": 3981581,
  "local_process_index": 3,
  "energy_results": {
    "cpu_power": 112.5,
    "gpu_power": 168.39044878758384,
    "ram_power": 0.7079730033874512,
    "cpu_energy": 0.0011377481835006618,
    "gpu_energy": 0.010256185982722599,
    "ram_energy": 7.6273069514442494e-06,
    "total_energy_kwh": 0.011401561473174705,
    "total_energy_joules": 41045.62130342894,
    "final_emissions": 0.004343424843205904
  }
}