{
  "process_id": 3981580,
  "local_process_index": 2,
  "energy_results": {
    "cpu_power": 112.5,
    "gpu_power": 191.07000292855057,
    "ram_power": 0.7079372406005859,
    "cpu_energy": 0.0011126443627690608,
    "gpu_energy": 0.010251785423646353,
    "ram_energy": 6.711978181735813e-06,
    "total_energy_kwh": 0.011371141764597147,
    "total_energy_joules": 40936.11035254973,
    "final_emissions": 0.004331836455223283
  }
}