{
  "process_id": 3981578,
  "local_process_index": 0,
  "energy_results": {
    "cpu_power": 112.5,
    "gpu_power": 187.1215424269042,
    "ram_power": 0.689095973968506,
    "cpu_energy": 0.0010907812459390698,
    "gpu_energy": 0.010253259035936324,
    "ram_energy": 6.784464846171191e-06,
    "total_energy_kwh": 0.011350824746721569,
    "total_energy_joules": 40862.96908819765,
    "final_emissions": 0.0043240966872635815
  }
}