{
  "process_id": 2954165,
  "local_process_index": 1,
  "energy_results": {
    "cpu_power": 112.5,
    "gpu_power": 581.005921968539,
    "ram_power": 0.7262148857116699,
    "cpu_energy": 0.0012497669617496285,
    "gpu_energy": 0.01053709537411418,
    "ram_energy": 6.663245763340191e-06,
    "total_energy_kwh": 0.011793525581627145,
    "total_energy_joules": 42456.692093857724,
    "final_emissions": 0.004492743570320861
  }
}