{
  "experiment_id": "0072",
  "local_process_results": {
    "cpu_power": {
      "process_0": 112.5,
      "process_1": 112.5,
      "process_3": 112.5,
      "process_2": 112.5
    },
    "gpu_power": {
      "process_0": 982.6167686270308,
      "process_1": 581.005921968539,
      "process_3": 663.6295302339275,
      "process_2": 752.4622838296996
    },
    "ram_power": {
      "process_0": 0.6899170875549316,
      "process_1": 0.7262148857116699,
      "process_3": 0.7085838317871094,
      "process_2": 0.7088241577148438
    },
    "cpu_energy": {
      "process_0": 0.0012314221035958322,
      "process_1": 0.0012497669617496285,
      "process_3": 0.0012509758574360597,
      "process_2": 0.0012459396720296352
    },
    "gpu_energy": {
      "process_0": 0.010429341399023073,
      "process_1": 0.01053709537411418,
      "process_3": 0.010537637318990711,
      "process_2": 0.010521108416880587
    },
    "ram_energy": {
      "process_0": 6.282128798568855e-06,
      "process_1": 6.663245763340191e-06,
      "process_3": 6.621041972220079e-06,
      "process_2": 6.587142632171454e-06
    },
    "total_energy_kwh": {
      "process_0": 0.011667045631417473,
      "process_1": 0.011793525581627145,
      "process_3": 0.011795234218398993,
      "process_2": 0.011773635231542389
    },
    "total_energy_joules": {
      "process_0": 42001.3642731029,
      "process_1": 42456.692093857724,
      "process_3": 42462.84318623637,
      "process_2": 42385.0868335526
    }
  },
  "global_experiment_results": {
    "cpu_power_avg": 112.5,
    "gpu_power_avg": 744.9286261647992,
    "ram_power_avg": 0.7083849906921387,
    "cpu_energy_total": 0.004978104594811156,
    "gpu_energy_total": 0.04202518250900855,
    "ram_energy_total": 2.6153559166300578e-05,
    "total_energy_kwh": 0.047029440662986,
    "total_energy_joules": 169305.9863867496
  },
  "global_derived_quantities": {
    "tokens_per_joule": 0.09677153389351306,
    "joules_per_token": 10.333617333175635,
    "flops_per_joule": 310907980.4692816,
    "joules_per_flop": 3.216385756617149e-09
  },
  "per-process_emissions": [
    0.004444561033288486,
    0.004492743570320861,
    0.004493394475499096,
    0.004485166341456073
  ]
}