{
  "process_id": 2954167,
  "local_process_index": 3,
  "energy_results": {
    "cpu_power": 112.5,
    "gpu_power": 663.6295302339275,
    "ram_power": 0.7085838317871094,
    "cpu_energy": 0.0012509758574360597,
    "gpu_energy": 0.010537637318990711,
    "ram_energy": 6.621041972220079e-06,
    "total_energy_kwh": 0.011795234218398993,
    "total_energy_joules": 42462.84318623637,
    "final_emissions": 0.004493394475499096
  }
}