{
  "process_id": 2954166,
  "local_process_index": 2,
  "energy_results": {
    "cpu_power": 112.5,
    "gpu_power": 752.4622838296996,
    "ram_power": 0.7088241577148438,
    "cpu_energy": 0.0012459396720296352,
    "gpu_energy": 0.010521108416880587,
    "ram_energy": 6.587142632171454e-06,
    "total_energy_kwh": 0.011773635231542389,
    "total_energy_joules": 42385.0868335526,
    "final_emissions": 0.004485166341456073
  }
}