{
  "process_id": 2954164,
  "local_process_index": 0,
  "energy_results": {
    "cpu_power": 112.5,
    "gpu_power": 982.6167686270308,
    "ram_power": 0.6899170875549316,
    "cpu_energy": 0.0012314221035958322,
    "gpu_energy": 0.010429341399023073,
    "ram_energy": 6.282128798568855e-06,
    "total_energy_kwh": 0.011667045631417473,
    "total_energy_joules": 42001.3642731029,
    "final_emissions": 0.004444561033288486
  }
}