{
  "process_id": 3818229,
  "local_process_index": 3,
  "energy_results": {
    "cpu_power": 112.5,
    "gpu_power": 529.9728794047198,
    "ram_power": 0.734410285949707,
    "cpu_energy": 0.0011527387165897384,
    "gpu_energy": 0.010404704712646762,
    "ram_energy": 7.230292687435395e-06,
    "total_energy_kwh": 0.011564673721923933,
    "total_energy_joules": 41632.82539892616,
    "final_emissions": 0.004405562454366923
  }
}