{
  "process_id": 3818226,
  "local_process_index": 0,
  "energy_results": {
    "cpu_power": 112.5,
    "gpu_power": 2837.650088618102,
    "ram_power": 0.6861076354980469,
    "cpu_energy": 0.0012055905318411532,
    "gpu_energy": 0.010373547743276035,
    "ram_energy": 6.769878821261189e-06,
    "total_energy_kwh": 0.011585908153938448,
    "total_energy_joules": 41709.26935417841,
    "final_emissions": 0.004413651711242852
  }
}