{
  "process_id": 3818228,
  "local_process_index": 2,
  "energy_results": {
    "cpu_power": 112.5,
    "gpu_power": 2306.7514429014636,
    "ram_power": 0.7261762619018555,
    "cpu_energy": 0.0011923136601544684,
    "gpu_energy": 0.010380588304466087,
    "ram_energy": 7.06180133192088e-06,
    "total_energy_kwh": 0.011579963765952477,
    "total_energy_joules": 41687.869557428916,
    "final_emissions": 0.004411387196639596
  }
}