{
  "experiment_id": "0466",
  "local_process_results": {
    "cpu_power": {
      "process_2": 112.5,
      "process_0": 112.5,
      "process_3": 112.5,
      "process_1": 112.5
    },
    "gpu_power": {
      "process_2": 2306.7514429014636,
      "process_0": 2837.650088618102,
      "process_3": 529.9728794047198,
      "process_1": 2820.9228120752064
    },
    "ram_power": {
      "process_2": 0.7261762619018555,
      "process_0": 0.6861076354980469,
      "process_3": 0.734410285949707,
      "process_1": 0.7086725234985352
    },
    "cpu_energy": {
      "process_2": 0.0011923136601544684,
      "process_0": 0.0012055905318411532,
      "process_3": 0.0011527387165897384,
      "process_1": 0.0011575015754369815
    },
    "gpu_energy": {
      "process_2": 0.010380588304466087,
      "process_0": 0.010373547743276035,
      "process_3": 0.010404704712646762,
      "process_1": 0.01037199190869842
    },
    "ram_energy": {
      "process_2": 7.06180133192088e-06,
      "process_0": 6.769878821261189e-06,
      "process_3": 7.230292687435395e-06,
      "process_1": 7.0470194455231925e-06
    },
    "total_energy_kwh": {
      "process_2": 0.011579963765952477,
      "process_0": 0.011585908153938448,
      "process_3": 0.011564673721923933,
      "process_1": 0.011536540503580923
    },
    "total_energy_joules": {
      "process_2": 41687.869557428916,
      "process_0": 41709.26935417841,
      "process_3": 41632.82539892616,
      "process_1": 41531.54581289132
    }
  },
  "global_experiment_results": {
    "cpu_power_avg": 112.5,
    "gpu_power_avg": 2123.824305749873,
    "ram_power_avg": 0.7138416767120361,
    "cpu_energy_total": 0.004708144484022342,
    "gpu_energy_total": 0.0415308326690873,
    "ram_energy_total": 2.8108992286140658e-05,
    "total_energy_kwh": 0.046267086145395785,
    "total_energy_joules": 166561.5101234248
  },
  "global_derived_quantities": {
    "tokens_per_joule": 0.09836606301095126,
    "joules_per_token": 10.16610779561919,
    "flops_per_joule": 316030890.1489783,
    "joules_per_flop": 3.1642476453127597e-09
  },
  "per-process_emissions": [
    0.004411387196639596,
    0.004413651711242852,
    0.004405562454366923,
    0.004394845104839153
  ]
}