{
  "process_id": 3818227,
  "local_process_index": 1,
  "energy_results": {
    "cpu_power": 112.5,
    "gpu_power": 2820.9228120752064,
    "ram_power": 0.7086725234985352,
    "cpu_energy": 0.0011575015754369815,
    "gpu_energy": 0.01037199190869842,
    "ram_energy": 7.0470194455231925e-06,
    "total_energy_kwh": 0.011536540503580923,
    "total_energy_joules": 41531.54581289132,
    "final_emissions": 0.004394845104839153
  }
}