{
  "experiment_id": "0009",
  "local_process_results": {
    "cpu_power": {
      "process_0": 112.5,
      "process_3": 112.5,
      "process_1": 112.5,
      "process_2": 112.5
    },
    "gpu_power": {
      "process_0": 927.3346759197811,
      "process_3": 359.11355070243087,
      "process_1": 986.4784864158069,
      "process_2": 824.4788254518869
    },
    "ram_power": {
      "process_0": 0.6898226737976074,
      "process_3": 0.7263607978820801,
      "process_1": 0.726163387298584,
      "process_2": 0.7335891723632812
    },
    "cpu_energy": {
      "process_0": 0.00122818178462876,
      "process_3": 0.0012465383702492544,
      "process_1": 0.0012221529265279973,
      "process_2": 0.001234590856505747
    },
    "gpu_energy": {
      "process_0": 0.01037958108143755,
      "process_3": 0.010459428923093483,
      "process_1": 0.010329851597207451,
      "process_2": 0.010413159441633013
    },
    "ram_energy": {
      "process_0": 6.2729773174885336e-06,
      "process_3": 6.735485903029515e-06,
      "process_1": 6.571224683032891e-06,
      "process_2": 6.660463941050492e-06
    },
    "total_energy_kwh": {
      "process_0": 0.0116140358433838,
      "process_3": 0.01171270277924577,
      "process_1": 0.011558575748418487,
      "process_2": 0.011654410762079815
    },
    "total_energy_joules": {
      "process_0": 41810.52903618168,
      "process_3": 42165.73000528477,
      "process_1": 41610.87269430655,
      "process_2": 41955.87874348733
    }
  },
  "global_experiment_results": {
    "cpu_power_avg": 112.5,
    "gpu_power_avg": 774.3513846224764,
    "ram_power_avg": 0.7189840078353882,
    "cpu_energy_total": 0.004931463937911759,
    "gpu_energy_total": 0.0415820210433715,
    "ram_energy_total": 2.624015184460143e-05,
    "total_energy_kwh": 0.046539725133127874,
    "total_energy_joules": 167543.01047926032
  },
  "global_derived_quantities": {
    "tokens_per_joule": 0.09778981500411878,
    "joules_per_token": 10.226013823197041,
    "flops_per_joule": 314179518.19231504,
    "joules_per_flop": 3.182893670961331e-09
  },
  "per-process_emissions": [
    0.004424366954537059,
    0.004461954123753676,
    0.004403239431360023,
    0.004439747779814305
  ]
}