{
  "process_id": 2736905,
  "local_process_index": 0,
  "energy_results": {
    "cpu_power": 112.5,
    "gpu_power": 927.3346759197811,
    "ram_power": 0.6898226737976074,
    "cpu_energy": 0.00122818178462876,
    "gpu_energy": 0.01037958108143755,
    "ram_energy": 6.2729773174885336e-06,
    "total_energy_kwh": 0.0116140358433838,
    "total_energy_joules": 41810.52903618168,
    "final_emissions": 0.004424366954537059
  }
}