{
  "process_id": 2736907,
  "local_process_index": 2,
  "energy_results": {
    "cpu_power": 112.5,
    "gpu_power": 824.4788254518869,
    "ram_power": 0.7335891723632812,
    "cpu_energy": 0.001234590856505747,
    "gpu_energy": 0.010413159441633013,
    "ram_energy": 6.660463941050492e-06,
    "total_energy_kwh": 0.011654410762079815,
    "total_energy_joules": 41955.87874348733,
    "final_emissions": 0.004439747779814305
  }
}