{
  "process_id": 2736908,
  "local_process_index": 3,
  "energy_results": {
    "cpu_power": 112.5,
    "gpu_power": 359.11355070243087,
    "ram_power": 0.7263607978820801,
    "cpu_energy": 0.0012465383702492544,
    "gpu_energy": 0.010459428923093483,
    "ram_energy": 6.735485903029515e-06,
    "total_energy_kwh": 0.01171270277924577,
    "total_energy_joules": 42165.73000528477,
    "final_emissions": 0.004461954123753676
  }
}