{
  "process_id": 2736906,
  "local_process_index": 1,
  "energy_results": {
    "cpu_power": 112.5,
    "gpu_power": 986.4784864158069,
    "ram_power": 0.726163387298584,
    "cpu_energy": 0.0012221529265279973,
    "gpu_energy": 0.010329851597207451,
    "ram_energy": 6.571224683032891e-06,
    "total_energy_kwh": 0.011558575748418487,
    "total_energy_joules": 41610.87269430655,
    "final_emissions": 0.004403239431360023
  }
}