{
  "process_id": 3904548,
  "local_process_index": 3,
  "energy_results": {
    "cpu_power": 112.5,
    "gpu_power": 103.02025679043608,
    "ram_power": 0.7198905944824219,
    "cpu_energy": 0.0010996532724057036,
    "gpu_energy": 0.010205874553584238,
    "ram_energy": 7.066401440957856e-06,
    "total_energy_kwh": 0.0113125942274309,
    "total_energy_joules": 40725.339218751236,
    "final_emissions": 0.004309532770939801
  }
}