{
  "process_id": 3904546,
  "local_process_index": 1,
  "energy_results": {
    "cpu_power": 112.5,
    "gpu_power": 101.37848286690392,
    "ram_power": 0.7041835784912109,
    "cpu_energy": 0.0011429372347738535,
    "gpu_energy": 0.010201452327825322,
    "ram_energy": 6.096242157899933e-06,
    "total_energy_kwh": 0.011350485804757072,
    "total_energy_joules": 40861.74889712546,
    "final_emissions": 0.004323967567322207
  }
}