{
  "process_id": 3904547,
  "local_process_index": 2,
  "energy_results": {
    "cpu_power": 112.5,
    "gpu_power": 98.56295522022693,
    "ram_power": 0.7131242752075195,
    "cpu_energy": 0.0011546314835741216,
    "gpu_energy": 0.010196646768426021,
    "ram_energy": 6.26438365827966e-06,
    "total_energy_kwh": 0.011357542635658423,
    "total_energy_joules": 40887.15348837033,
    "final_emissions": 0.0043266558670540765
  }
}