{
  "process_id": 3904545,
  "local_process_index": 0,
  "energy_results": {
    "cpu_power": 112.5,
    "gpu_power": 133.4804127443563,
    "ram_power": 0.6788277626037598,
    "cpu_energy": 0.0010878451836251772,
    "gpu_energy": 0.010201068994184936,
    "ram_energy": 6.947280521220305e-06,
    "total_energy_kwh": 0.011295861458331334,
    "total_energy_joules": 40665.101249992804,
    "final_emissions": 0.004303158422551322
  }
}