{
  "experiment_id": "0504",
  "local_process_results": {
    "cpu_power": {
      "process_1": 112.5,
      "process_0": 112.5,
      "process_2": 112.5,
      "process_3": 112.5
    },
    "gpu_power": {
      "process_1": 101.37848286690392,
      "process_0": 133.4804127443563,
      "process_2": 98.56295522022693,
      "process_3": 103.02025679043608
    },
    "ram_power": {
      "process_1": 0.7041835784912109,
      "process_0": 0.6788277626037598,
      "process_2": 0.7131242752075195,
      "process_3": 0.7198905944824219
    },
    "cpu_energy": {
      "process_1": 0.0011429372347738535,
      "process_0": 0.0010878451836251772,
      "process_2": 0.0011546314835741216,
      "process_3": 0.0010996532724057036
    },
    "gpu_energy": {
      "process_1": 0.010201452327825322,
      "process_0": 0.010201068994184936,
      "process_2": 0.010196646768426021,
      "process_3": 0.010205874553584238
    },
    "ram_energy": {
      "process_1": 6.096242157899933e-06,
      "process_0": 6.947280521220305e-06,
      "process_2": 6.26438365827966e-06,
      "process_3": 7.066401440957856e-06
    },
    "total_energy_kwh": {
      "process_1": 0.011350485804757072,
      "process_0": 0.011295861458331334,
      "process_2": 0.011357542635658423,
      "process_3": 0.0113125942274309
    },
    "total_energy_joules": {
      "process_1": 40861.74889712546,
      "process_0": 40665.101249992804,
      "process_2": 40887.15348837033,
      "process_3": 40725.339218751236
    }
  },
  "global_experiment_results": {
    "cpu_power_avg": 112.5,
    "gpu_power_avg": 109.1105269054808,
    "ram_power_avg": 0.704006552696228,
    "cpu_energy_total": 0.004485067174378856,
    "gpu_energy_total": 0.04080504264402052,
    "ram_energy_total": 2.6374307778357754e-05,
    "total_energy_kwh": 0.045316484126177725,
    "total_energy_joules": 163139.34285423983
  },
  "global_derived_quantities": {
    "tokens_per_joule": 0.1004294838593203,
    "joules_per_token": 9.95723528163085,
    "flops_per_joule": 322660257.10239017,
    "joules_per_flop": 3.0992351180166226e-09
  },
  "per-process_emissions": [
    0.004323967567322207,
    0.004303158422551322,
    0.0043266558670540765,
    0.004309532770939801
  ]
}