{
  "process_id": 3157391,
  "local_process_index": 2,
  "energy_results": {
    "cpu_power": 112.5,
    "gpu_power": 923.8131151677491,
    "ram_power": 0.7070431709289551,
    "cpu_energy": 0.0009124433667820994,
    "gpu_energy": 0.007984115276175707,
    "ram_energy": 5.145625986447239e-06,
    "total_energy_kwh": 0.008901704268944257,
    "total_energy_joules": 32046.135368199328,
    "final_emissions": 0.003391104241254315
  }
}