{
  "experiment_id": "0191",
  "local_process_results": {
    "cpu_power": {
      "process_3": 112.5,
      "process_0": 112.5,
      "process_2": 112.5,
      "process_1": 112.5
    },
    "gpu_power": {
      "process_3": 869.2599636309875,
      "process_0": 904.3849727352399,
      "process_2": 923.8131151677491,
      "process_1": 911.314277244264
    },
    "ram_power": {
      "process_3": 0.730715274810791,
      "process_0": 0.6874651908874512,
      "process_2": 0.7070431709289551,
      "process_1": 0.7229046821594238
    },
    "cpu_energy": {
      "process_3": 0.0009172951322198059,
      "process_0": 0.0009150952452837373,
      "process_2": 0.0009124433667820994,
      "process_1": 0.000912666788932256
    },
    "gpu_energy": {
      "process_3": 0.008000489455944226,
      "process_0": 0.007990382503414217,
      "process_2": 0.007984115276175707,
      "process_1": 0.007987412778814651
    },
    "ram_energy": {
      "process_3": 5.363498013264422e-06,
      "process_0": 5.0182472282550275e-06,
      "process_2": 5.145625986447239e-06,
      "process_1": 5.267791606978597e-06
    },
    "total_energy_kwh": {
      "process_3": 0.008923148086177297,
      "process_0": 0.008910495995926209,
      "process_2": 0.008901704268944257,
      "process_1": 0.008905347359353886
    },
    "total_energy_joules": {
      "process_3": 32123.33311023827,
      "process_0": 32077.78558533435,
      "process_2": 32046.135368199328,
      "process_1": 32059.25049367399
    }
  },
  "global_experiment_results": {
    "cpu_power_avg": 112.5,
    "gpu_power_avg": 902.19308219456,
    "ram_power_avg": 0.7120320796966553,
    "cpu_energy_total": 0.003657500533217899,
    "gpu_energy_total": 0.0319624000143488,
    "ram_energy_total": 2.079516283494529e-05,
    "total_energy_kwh": 0.035640695710401654,
    "total_energy_joules": 128306.50455744594
  },
  "global_derived_quantities": {
    "tokens_per_joule": 0.12769422763492466,
    "joules_per_token": 7.83120755355505,
    "flops_per_joule": 410256537.58104235,
    "joules_per_flop": 2.43749924351287e-09
  },
  "per-process_emissions": [
    0.0033992732634292415,
    0.003394453449648089,
    0.003391104241254315,
    0.003392492076545863
  ]
}