{
  "process_id": 3157392,
  "local_process_index": 3,
  "energy_results": {
    "cpu_power": 112.5,
    "gpu_power": 869.2599636309875,
    "ram_power": 0.730715274810791,
    "cpu_energy": 0.0009172951322198059,
    "gpu_energy": 0.008000489455944226,
    "ram_energy": 5.363498013264422e-06,
    "total_energy_kwh": 0.008923148086177297,
    "total_energy_joules": 32123.33311023827,
    "final_emissions": 0.0033992732634292415
  }
}