{
  "process_id": 3157390,
  "local_process_index": 1,
  "energy_results": {
    "cpu_power": 112.5,
    "gpu_power": 911.314277244264,
    "ram_power": 0.7229046821594238,
    "cpu_energy": 0.000912666788932256,
    "gpu_energy": 0.007987412778814651,
    "ram_energy": 5.267791606978597e-06,
    "total_energy_kwh": 0.008905347359353886,
    "total_energy_joules": 32059.25049367399,
    "final_emissions": 0.003392492076545863
  }
}