{
  "process_id": 3157389,
  "local_process_index": 0,
  "energy_results": {
    "cpu_power": 112.5,
    "gpu_power": 904.3849727352399,
    "ram_power": 0.6874651908874512,
    "cpu_energy": 0.0009150952452837373,
    "gpu_energy": 0.007990382503414217,
    "ram_energy": 5.0182472282550275e-06,
    "total_energy_kwh": 0.008910495995926209,
    "total_energy_joules": 32077.78558533435,
    "final_emissions": 0.003394453449648089
  }
}