{
  "process_id": 4067149,
  "local_process_index": 3,
  "energy_results": {
    "cpu_power": 112.5,
    "gpu_power": 387.8620235507772,
    "ram_power": 0.7094106674194336,
    "cpu_energy": 0.0011801801894307574,
    "gpu_energy": 0.010309344358581995,
    "ram_energy": 6.998067644320305e-06,
    "total_energy_kwh": 0.011496522615657078,
    "total_energy_joules": 41387.48141636548,
    "final_emissions": 0.0043796002904345635
  }
}