{
  "experiment_id": "0571",
  "local_process_results": {
    "cpu_power": {
      "process_2": 112.5,
      "process_3": 112.5,
      "process_1": 112.5,
      "process_0": 112.5
    },
    "gpu_power": {
      "process_2": 931.5045296461741,
      "process_3": 387.8620235507772,
      "process_1": 1018.2066287655025,
      "process_0": 0.0
    },
    "ram_power": {
      "process_2": 0.7256026268005371,
      "process_3": 0.7094106674194336,
      "process_1": 0.7325477600097657,
      "process_0": 0.6890444755554199
    },
    "cpu_energy": {
      "process_2": 0.0012351759787779882,
      "process_3": 0.0011801801894307574,
      "process_1": 0.001299668609863147,
      "process_0": 0.00119536133321526
    },
    "gpu_energy": {
      "process_2": 0.010256892927731798,
      "process_3": 0.010309344358581995,
      "process_1": 0.01018715592749686,
      "process_0": 0.010284371838601203
    },
    "ram_energy": {
      "process_2": 7.131181393236632e-06,
      "process_3": 6.998067644320305e-06,
      "process_1": 7.361212357779652e-06,
      "process_0": 6.894803913072012e-06
    },
    "total_energy_kwh": {
      "process_2": 0.01149920008790302,
      "process_3": 0.011496522615657078,
      "process_1": 0.011494185749717792,
      "process_0": 0.011486627975729531
    },
    "total_energy_joules": {
      "process_2": 41397.12031645087,
      "process_3": 41387.48141636548,
      "process_1": 41379.068698984054,
      "process_0": 41351.86071262631
    }
  },
  "global_experiment_results": {
    "cpu_power_avg": 112.5,
    "gpu_power_avg": 584.3932954906135,
    "ram_power_avg": 0.7141513824462891,
    "cpu_energy_total": 0.004910386111287152,
    "gpu_energy_total": 0.041037765052411856,
    "ram_energy_total": 2.83852653084086e-05,
    "total_energy_kwh": 0.04597653642900742,
    "total_energy_joules": 165515.5311444267
  },
  "global_derived_quantities": {
    "tokens_per_joule": 0.09898768947370586,
    "joules_per_token": 10.102266305201825,
    "flops_per_joule": 318028054.1946983,
    "joules_per_flop": 3.144376688818136e-09
  },
  "per-process_emissions": [
    0.004380620273486655,
    0.0043796002904345635,
    0.004378710061354993,
    0.004375830927354165
  ]
}