{
  "process_id": 4067147,
  "local_process_index": 1,
  "energy_results": {
    "cpu_power": 112.5,
    "gpu_power": 1018.2066287655025,
    "ram_power": 0.7325477600097657,
    "cpu_energy": 0.001299668609863147,
    "gpu_energy": 0.01018715592749686,
    "ram_energy": 7.361212357779652e-06,
    "total_energy_kwh": 0.011494185749717792,
    "total_energy_joules": 41379.068698984054,
    "final_emissions": 0.004378710061354993
  }
}