{
  "process_id": 4067148,
  "local_process_index": 2,
  "energy_results": {
    "cpu_power": 112.5,
    "gpu_power": 931.5045296461741,
    "ram_power": 0.7256026268005371,
    "cpu_energy": 0.0012351759787779882,
    "gpu_energy": 0.010256892927731798,
    "ram_energy": 7.131181393236632e-06,
    "total_energy_kwh": 0.01149920008790302,
    "total_energy_joules": 41397.12031645087,
    "final_emissions": 0.004380620273486655
  }
}