{
  "process_id": 4067146,
  "local_process_index": 0,
  "energy_results": {
    "cpu_power": 112.5,
    "gpu_power": 0.0,
    "ram_power": 0.6890444755554199,
    "cpu_energy": 0.00119536133321526,
    "gpu_energy": 0.010284371838601203,
    "ram_energy": 6.894803913072012e-06,
    "total_energy_kwh": 0.011486627975729531,
    "total_energy_joules": 41351.86071262631,
    "final_emissions": 0.004375830927354165
  }
}