{
  "process_id": 2984610,
  "local_process_index": 2,
  "energy_results": {
    "cpu_power": 112.5,
    "gpu_power": 832.6910110735627,
    "ram_power": 0.7232322692871094,
    "cpu_energy": 0.0013018833953137804,
    "gpu_energy": 0.010482955053022991,
    "ram_energy": 7.153757361099215e-06,
    "total_energy_kwh": 0.011791992205697871,
    "total_energy_joules": 42451.17194051234,
    "final_emissions": 0.004492159430760604
  }
}