{
  "process_id": 2984611,
  "local_process_index": 3,
  "energy_results": {
    "cpu_power": 112.5,
    "gpu_power": 1025.1572503610237,
    "ram_power": 0.7071976661682129,
    "cpu_energy": 0.0012900350101899675,
    "gpu_energy": 0.010396730539599552,
    "ram_energy": 6.749827476467292e-06,
    "total_energy_kwh": 0.011693515377265984,
    "total_energy_joules": 42096.65535815754,
    "final_emissions": 0.004454644682969477
  }
}