{
  "process_id": 2984609,
  "local_process_index": 1,
  "energy_results": {
    "cpu_power": 112.5,
    "gpu_power": 572.087722587025,
    "ram_power": 0.7232451438903809,
    "cpu_energy": 0.001317306182882021,
    "gpu_energy": 0.01054865010557915,
    "ram_energy": 7.073113689147264e-06,
    "total_energy_kwh": 0.011873029402150322,
    "total_energy_joules": 42742.90584774116,
    "final_emissions": 0.004523030550749165
  }
}