{
  "experiment_id": "0090",
  "local_process_results": {
    "cpu_power": {
      "process_2": 112.5,
      "process_1": 112.5,
      "process_3": 112.5,
      "process_0": 112.5
    },
    "gpu_power": {
      "process_2": 832.6910110735627,
      "process_1": 572.087722587025,
      "process_3": 1025.1572503610237,
      "process_0": 639.7391600779176
    },
    "ram_power": {
      "process_2": 0.7232322692871094,
      "process_1": 0.7232451438903809,
      "process_3": 0.7071976661682129,
      "process_0": 0.6859173774719238
    },
    "cpu_energy": {
      "process_2": 0.0013018833953137804,
      "process_1": 0.001317306182882021,
      "process_3": 0.0012900350101899675,
      "process_0": 0.0013096369497507115
    },
    "gpu_energy": {
      "process_2": 0.010482955053022991,
      "process_1": 0.01054865010557915,
      "process_3": 0.010396730539599552,
      "process_0": 0.010535047872475722
    },
    "ram_energy": {
      "process_2": 7.153757361099215e-06,
      "process_1": 7.073113689147264e-06,
      "process_3": 6.749827476467292e-06,
      "process_0": 6.626725666474036e-06
    },
    "total_energy_kwh": {
      "process_2": 0.011791992205697871,
      "process_1": 0.011873029402150322,
      "process_3": 0.011693515377265984,
      "process_0": 0.01185131154789291
    },
    "total_energy_joules": {
      "process_2": 42451.17194051234,
      "process_1": 42742.90584774116,
      "process_3": 42096.65535815754,
      "process_0": 42664.72157241448
    }
  },
  "global_experiment_results": {
    "cpu_power_avg": 112.5,
    "gpu_power_avg": 767.4187860248821,
    "ram_power_avg": 0.7098981142044067,
    "cpu_energy_total": 0.00521886153813648,
    "gpu_energy_total": 0.041963383570677415,
    "ram_energy_total": 2.760342419318781e-05,
    "total_energy_kwh": 0.04720984853300709,
    "total_energy_joules": 169955.45471882552
  },
  "global_derived_quantities": {
    "tokens_per_joule": 0.09640173083650481,
    "joules_per_token": 10.373257734303316,
    "flops_per_joule": 309719875.6930122,
    "joules_per_flop": 3.2287240131504475e-09
  },
  "per-process_emissions": [
    0.004492159430760604,
    0.004523030550749165,
    0.004454644682969477,
    0.004514757134169804
  ]
}