{
  "process_id": 2984608,
  "local_process_index": 0,
  "energy_results": {
    "cpu_power": 112.5,
    "gpu_power": 639.7391600779176,
    "ram_power": 0.6859173774719238,
    "cpu_energy": 0.0013096369497507115,
    "gpu_energy": 0.010535047872475722,
    "ram_energy": 6.626725666474036e-06,
    "total_energy_kwh": 0.01185131154789291,
    "total_energy_joules": 42664.72157241448,
    "final_emissions": 0.004514757134169804
  }
}