{
  "process_id": 3002619,
  "local_process_index": 1,
  "energy_results": {
    "cpu_power": 112.5,
    "gpu_power": 892.1346306915099,
    "ram_power": 0.7102704048156738,
    "cpu_energy": 0.0012703322177221707,
    "gpu_energy": 0.010590388472305534,
    "ram_energy": 6.5386402182002855e-06,
    "total_energy_kwh": 0.011867259330245907,
    "total_energy_joules": 42722.13358888526,
    "final_emissions": 0.004520832441857178
  }
}