{
  "experiment_id": "0101",
  "local_process_results": {
    "cpu_power": {
      "process_2": 112.5,
      "process_1": 112.5,
      "process_0": 112.5,
      "process_3": 112.5
    },
    "gpu_power": {
      "process_2": 995.9489514566134,
      "process_1": 892.1346306915099,
      "process_0": 957.2982652775668,
      "process_3": 431.1363476486746
    },
    "ram_power": {
      "process_2": 0.7182598114013672,
      "process_1": 0.7102704048156738,
      "process_0": 0.6891546249389648,
      "process_3": 0.7100272178649902
    },
    "cpu_energy": {
      "process_2": 0.001264315953971163,
      "process_1": 0.0012703322177221707,
      "process_0": 0.0012650415801253986,
      "process_3": 0.0012758769468819082
    },
    "gpu_energy": {
      "process_2": 0.010572859569391468,
      "process_1": 0.010590388472305534,
      "process_0": 0.010558454002313589,
      "process_3": 0.010607339319197884
    },
    "ram_energy": {
      "process_2": 6.735914711133658e-06,
      "process_1": 6.5386402182002855e-06,
      "process_0": 6.394805419599971e-06,
      "process_3": 6.631533765795718e-06
    },
    "total_energy_kwh": {
      "process_2": 0.011843911438073763,
      "process_1": 0.011867259330245907,
      "process_0": 0.011829890387858583,
      "process_3": 0.011889847799845588
    },
    "total_energy_joules": {
      "process_2": 42638.08117706555,
      "process_1": 42722.13358888526,
      "process_0": 42587.6053962909,
      "process_3": 42803.45207944411
    }
  },
  "global_experiment_results": {
    "cpu_power_avg": 112.5,
    "gpu_power_avg": 819.1295487685911,
    "ram_power_avg": 0.706928014755249,
    "cpu_energy_total": 0.005075566698700641,
    "gpu_energy_total": 0.042329041363208475,
    "ram_energy_total": 2.630089411472963e-05,
    "total_energy_kwh": 0.04743090895602384,
    "total_energy_joules": 170751.2722416858
  },
  "global_derived_quantities": {
    "tokens_per_joule": 0.09595243294474351,
    "joules_per_token": 10.42183058115758,
    "flops_per_joule": 308276369.5860373,
    "joules_per_flop": 3.2438425343558766e-09
  },
  "per-process_emissions": [
    0.0045119380623342,
    0.004520832441857178,
    0.004506596743254728,
    0.0045294375193511765
  ]
}