{
  "process_id": 3002621,
  "local_process_index": 3,
  "energy_results": {
    "cpu_power": 112.5,
    "gpu_power": 431.1363476486746,
    "ram_power": 0.7100272178649902,
    "cpu_energy": 0.0012758769468819082,
    "gpu_energy": 0.010607339319197884,
    "ram_energy": 6.631533765795718e-06,
    "total_energy_kwh": 0.011889847799845588,
    "total_energy_joules": 42803.45207944411,
    "final_emissions": 0.0045294375193511765
  }
}