{
  "process_id": 3002620,
  "local_process_index": 2,
  "energy_results": {
    "cpu_power": 112.5,
    "gpu_power": 995.9489514566134,
    "ram_power": 0.7182598114013672,
    "cpu_energy": 0.001264315953971163,
    "gpu_energy": 0.010572859569391468,
    "ram_energy": 6.735914711133658e-06,
    "total_energy_kwh": 0.011843911438073763,
    "total_energy_joules": 42638.08117706555,
    "final_emissions": 0.0045119380623342
  }
}