{
  "process_id": 3002618,
  "local_process_index": 0,
  "energy_results": {
    "cpu_power": 112.5,
    "gpu_power": 957.2982652775668,
    "ram_power": 0.6891546249389648,
    "cpu_energy": 0.0012650415801253986,
    "gpu_energy": 0.010558454002313589,
    "ram_energy": 6.394805419599971e-06,
    "total_energy_kwh": 0.011829890387858583,
    "total_energy_joules": 42587.6053962909,
    "final_emissions": 0.004506596743254728
  }
}