{
  "process_id": 2815704,
  "local_process_index": 1,
  "energy_results": {
    "cpu_power": 112.5,
    "gpu_power": 966.8646498528796,
    "ram_power": 0.7205185890197754,
    "cpu_energy": 0.0012023083214699,
    "gpu_energy": 0.010257928484111112,
    "ram_energy": 6.356403009900086e-06,
    "total_energy_kwh": 0.011466593208590914,
    "total_energy_joules": 41279.73555092729,
    "final_emissions": 0.0043681986828127085
  }
}