{
  "process_id": 2815703,
  "local_process_index": 0,
  "energy_results": {
    "cpu_power": 112.5,
    "gpu_power": 967.8449913950947,
    "ram_power": 0.6855511665344238,
    "cpu_energy": 0.001204106595652775,
    "gpu_energy": 0.010278278500393867,
    "ram_energy": 6.110322748296927e-06,
    "total_energy_kwh": 0.011488495418794934,
    "total_energy_joules": 41358.583507661766,
    "final_emissions": 0.00437654232978993
  }
}