{
  "experiment_id": "0054",
  "local_process_results": {
    "cpu_power": {
      "process_0": 112.5,
      "process_3": 112.5,
      "process_2": 112.5,
      "process_1": 112.5
    },
    "gpu_power": {
      "process_0": 967.8449913950947,
      "process_3": 948.4130238444677,
      "process_2": 997.1434309204587,
      "process_1": 966.8646498528796
    },
    "ram_power": {
      "process_0": 0.6855511665344238,
      "process_3": 0.7204198837280273,
      "process_2": 0.7278828620910645,
      "process_1": 0.7205185890197754
    },
    "cpu_energy": {
      "process_0": 0.001204106595652775,
      "process_3": 0.0012052907544311895,
      "process_2": 0.0012041090323782555,
      "process_1": 0.0012023083214699
    },
    "gpu_energy": {
      "process_0": 0.010278278500393867,
      "process_3": 0.010282102670119642,
      "process_2": 0.01027634322106774,
      "process_1": 0.010257928484111112
    },
    "ram_energy": {
      "process_0": 6.110322748296927e-06,
      "process_3": 6.3265040347543205e-06,
      "process_2": 6.4220665944507296e-06,
      "process_1": 6.356403009900086e-06
    },
    "total_energy_kwh": {
      "process_0": 0.011488495418794934,
      "process_3": 0.011493719928585585,
      "process_2": 0.011486874320040447,
      "process_1": 0.011466593208590914
    },
    "total_energy_joules": {
      "process_0": 41358.583507661766,
      "process_3": 41377.391742908105,
      "process_2": 41352.74755214561,
      "process_1": 41279.73555092729
    }
  },
  "global_experiment_results": {
    "cpu_power_avg": 112.5,
    "gpu_power_avg": 970.0665240032251,
    "ram_power_avg": 0.7135931253433228,
    "cpu_energy_total": 0.00481581470393212,
    "gpu_energy_total": 0.04109465287569236,
    "ram_energy_total": 2.5215296387402063e-05,
    "total_energy_kwh": 0.04593568287601188,
    "total_energy_joules": 165368.45835364278
  },
  "global_derived_quantities": {
    "tokens_per_joule": 0.09907572558342767,
    "joules_per_token": 10.093289694436205,
    "flops_per_joule": 318310896.96860844,
    "joules_per_flop": 3.141582677575186e-09
  },
  "per-process_emissions": [
    0.00437654232978993,
    0.004378532606794679,
    0.004375924772219408,
    0.0043681986828127085
  ]
}