{
  "process_id": 2815705,
  "local_process_index": 2,
  "energy_results": {
    "cpu_power": 112.5,
    "gpu_power": 997.1434309204587,
    "ram_power": 0.7278828620910645,
    "cpu_energy": 0.0012041090323782555,
    "gpu_energy": 0.01027634322106774,
    "ram_energy": 6.4220665944507296e-06,
    "total_energy_kwh": 0.011486874320040447,
    "total_energy_joules": 41352.74755214561,
    "final_emissions": 0.004375924772219408
  }
}