{
  "process_id": 2815706,
  "local_process_index": 3,
  "energy_results": {
    "cpu_power": 112.5,
    "gpu_power": 948.4130238444677,
    "ram_power": 0.7204198837280273,
    "cpu_energy": 0.0012052907544311895,
    "gpu_energy": 0.010282102670119642,
    "ram_energy": 6.3265040347543205e-06,
    "total_energy_kwh": 0.011493719928585585,
    "total_energy_joules": 41377.391742908105,
    "final_emissions": 0.004378532606794679
  }
}