{
  "experiment_id": "0481",
  "local_process_results": {
    "cpu_power": {
      "process_0": 112.5
    },
    "gpu_power": {
      "process_0": 153.74392792793213
    },
    "ram_power": {
      "process_0": 0.7923746109008789
    },
    "cpu_energy": {
      "process_0": 0.00043530689021645225
    },
    "gpu_energy": {
      "process_0": 0.0008273181618534409
    },
    "ram_energy": {
      "process_0": 2.8374785301338907e-06
    },
    "total_energy_kwh": {
      "process_0": 0.0012654625306000268
    },
    "total_energy_joules": {
      "process_0": 4555.665110160096
    }
  },
  "global_experiment_results": {
    "cpu_power_avg": 112.5,
    "gpu_power_avg": 153.74392792793213,
    "ram_power_avg": 0.7923746109008789,
    "cpu_energy_total": 0.00043530689021645225,
    "gpu_energy_total": 0.0008273181618534409,
    "ram_energy_total": 2.8374785301338907e-06,
    "total_energy_kwh": 0.0012654625306000268,
    "total_energy_joules": 4555.665110160096
  },
  "global_derived_quantities": {
    "tokens_per_joule": 3.596401316563023,
    "joules_per_token": 0.27805573182129495,
    "flops_per_joule": 11554532880.713472,
    "joules_per_flop": 8.65461209313943e-11
  },
  "per-process_emissions": [
    0.0004820779510320802
  ]
}