{
  "process_id": 3851142,
  "local_process_index": 0,
  "energy_results": {
    "cpu_power": 112.5,
    "gpu_power": 153.74392792793213,
    "ram_power": 0.7923746109008789,
    "cpu_energy": 0.00043530689021645225,
    "gpu_energy": 0.0008273181618534409,
    "ram_energy": 2.8374785301338907e-06,
    "total_energy_kwh": 0.0012654625306000268,
    "total_energy_joules": 4555.665110160096,
    "final_emissions": 0.0004820779510320802
  }
}