{
  "process_id": 3600950,
  "local_process_index": 2,
  "energy_results": {
    "cpu_power": 112.5,
    "gpu_power": 921.669122323797,
    "ram_power": 0.7323102951049805,
    "cpu_energy": 0.0011860747662176434,
    "gpu_energy": 0.010270155438341533,
    "ram_energy": 6.339326341060476e-06,
    "total_energy_kwh": 0.01146256953090024,
    "total_energy_joules": 41265.25031124086,
    "final_emissions": 0.004366665862796446
  }
}