{
  "process_id": 3600948,
  "local_process_index": 0,
  "energy_results": {
    "cpu_power": 112.5,
    "gpu_power": 815.025146376252,
    "ram_power": 0.6809420585632324,
    "cpu_energy": 0.0011704324983729747,
    "gpu_energy": 0.010280047112921409,
    "ram_energy": 5.85777798873615e-06,
    "total_energy_kwh": 0.011456337389283118,
    "total_energy_joules": 41242.814601419224,
    "final_emissions": 0.004364291728447404
  }
}