{
  "process_id": 3600949,
  "local_process_index": 1,
  "energy_results": {
    "cpu_power": 112.5,
    "gpu_power": 1007.3457562716754,
    "ram_power": 0.7313647270202638,
    "cpu_energy": 0.0011789677400956865,
    "gpu_energy": 0.010218082618903779,
    "ram_energy": 6.325616440323842e-06,
    "total_energy_kwh": 0.011403375975439787,
    "total_energy_joules": 41052.15351158323,
    "final_emissions": 0.004344116077843786
  }
}