{
  "experiment_id": "0449",
  "local_process_results": {
    "cpu_power": {
      "process_0": 112.5,
      "process_1": 112.5,
      "process_2": 112.5,
      "process_3": 112.5
    },
    "gpu_power": {
      "process_0": 815.025146376252,
      "process_1": 1007.3457562716754,
      "process_2": 921.669122323797,
      "process_3": 805.0107531076667
    },
    "ram_power": {
      "process_0": 0.6809420585632324,
      "process_1": 0.7313647270202638,
      "process_2": 0.7323102951049805,
      "process_3": 0.7249488830566406
    },
    "cpu_energy": {
      "process_0": 0.0011704324983729747,
      "process_1": 0.0011789677400956865,
      "process_2": 0.0011860747662176434,
      "process_3": 0.0012281694941939348
    },
    "gpu_energy": {
      "process_0": 0.010280047112921409,
      "process_1": 0.010218082618903779,
      "process_2": 0.010270155438341533,
      "process_3": 0.010305777689060491
    },
    "ram_energy": {
      "process_0": 5.85777798873615e-06,
      "process_1": 6.325616440323842e-06,
      "process_2": 6.339326341060476e-06,
      "process_3": 6.4792017253788295e-06
    },
    "total_energy_kwh": {
      "process_0": 0.011456337389283118,
      "process_1": 0.011403375975439787,
      "process_2": 0.01146256953090024,
      "process_3": 0.011540426384979803
    },
    "total_energy_joules": {
      "process_0": 41242.814601419224,
      "process_1": 41052.15351158323,
      "process_2": 41265.25031124086,
      "process_3": 41545.53498592729
    }
  },
  "global_experiment_results": {
    "cpu_power_avg": 112.5,
    "gpu_power_avg": 887.2626945198476,
    "ram_power_avg": 0.7173914909362793,
    "cpu_energy_total": 0.00476364449888024,
    "gpu_energy_total": 0.04107406285922721,
    "ram_energy_total": 2.5001922495499297e-05,
    "total_energy_kwh": 0.045862709280602945,
    "total_energy_joules": 165105.7534101706
  },
  "global_derived_quantities": {
    "tokens_per_joule": 0.09923336807832123,
    "joules_per_token": 10.077255457163734,
    "flops_per_joule": 318817371.42190605,
    "joules_per_flop": 3.1365919477350335e-09
  },
  "per-process_emissions": [
    0.004364291728447404,
    0.004344116077843786,
    0.004366665862796446,
    0.004396325431358056
  ]
}