{
  "process_id": 3600951,
  "local_process_index": 3,
  "energy_results": {
    "cpu_power": 112.5,
    "gpu_power": 805.0107531076667,
    "ram_power": 0.7249488830566406,
    "cpu_energy": 0.0012281694941939348,
    "gpu_energy": 0.010305777689060491,
    "ram_energy": 6.4792017253788295e-06,
    "total_energy_kwh": 0.011540426384979803,
    "total_energy_joules": 41545.53498592729,
    "final_emissions": 0.004396325431358056
  }
}