{
  "experiment_id": "0163",
  "local_process_results": {
    "cpu_power": {
      "process_1": 112.5,
      "process_3": 112.5,
      "process_0": 112.5,
      "process_2": 112.5
    },
    "gpu_power": {
      "process_1": 474.648031652797,
      "process_3": 487.617369386926,
      "process_0": 425.6533273298764,
      "process_2": 702.0610601288573
    },
    "ram_power": {
      "process_1": 0.7285423278808594,
      "process_3": 0.7208833694458009,
      "process_0": 0.6844854354858398,
      "process_2": 0.72088623046875
    },
    "cpu_energy": {
      "process_1": 0.008331113146898134,
      "process_3": 0.0083223284927808,
      "process_0": 0.008324320400804934,
      "process_2": 0.008308753955159778
    },
    "gpu_energy": {
      "process_1": 0.04850959352986717,
      "process_3": 0.048486682400427306,
      "process_0": 0.04857452635959181,
      "process_2": 0.04842175845959851
    },
    "ram_energy": {
      "process_1": 4.391936906192239e-05,
      "process_3": 4.300723907410349e-05,
      "process_0": 4.1280497913174156e-05,
      "process_2": 4.300844547871879e-05
    },
    "total_energy_kwh": {
      "process_1": 0.05688462604582727,
      "process_3": 0.05685201813228215,
      "process_0": 0.05694012725830989,
      "process_2": 0.056773520860236994
    },
    "total_energy_joules": {
      "process_1": 204784.6537649782,
      "process_3": 204667.26527621574,
      "process_0": 204984.45812991558,
      "process_2": 204384.67509685317
    }
  },
  "global_experiment_results": {
    "cpu_power_avg": 112.5,
    "gpu_power_avg": 522.4949471246142,
    "ram_power_avg": 0.7136993408203125,
    "cpu_energy_total": 0.03328651599564365,
    "gpu_energy_total": 0.1939925607494848,
    "ram_energy_total": 0.00017121555152791883,
    "total_energy_kwh": 0.22745029229665628,
    "total_energy_joules": 818821.0522679626
  },
  "global_derived_quantities": {
    "tokens_per_joule": 0.020009255935249534,
    "joules_per_token": 49.976870865964514,
    "flops_per_joule": 64285819.42668202,
    "joules_per_flop": 1.555553011407905e-08
  },
  "per-process_emissions": [
    0.0216701982921579,
    0.021657776307492885,
    0.02169134147905315,
    0.021627872771707284
  ]
}