{
  "process_id": 3105299,
  "local_process_index": 2,
  "energy_results": {
    "cpu_power": 112.5,
    "gpu_power": 702.0610601288573,
    "ram_power": 0.72088623046875,
    "cpu_energy": 0.008308753955159778,
    "gpu_energy": 0.04842175845959851,
    "ram_energy": 4.300844547871879e-05,
    "total_energy_kwh": 0.056773520860236994,
    "total_energy_joules": 204384.67509685317,
    "final_emissions": 0.021627872771707284
  }
}