{
  "process_id": 3105297,
  "local_process_index": 0,
  "energy_results": {
    "cpu_power": 112.5,
    "gpu_power": 425.6533273298764,
    "ram_power": 0.6844854354858398,
    "cpu_energy": 0.008324320400804934,
    "gpu_energy": 0.04857452635959181,
    "ram_energy": 4.1280497913174156e-05,
    "total_energy_kwh": 0.05694012725830989,
    "total_energy_joules": 204984.45812991558,
    "final_emissions": 0.02169134147905315
  }
}