{
  "process_id": 3105298,
  "local_process_index": 1,
  "energy_results": {
    "cpu_power": 112.5,
    "gpu_power": 474.648031652797,
    "ram_power": 0.7285423278808594,
    "cpu_energy": 0.008331113146898134,
    "gpu_energy": 0.04850959352986717,
    "ram_energy": 4.391936906192239e-05,
    "total_energy_kwh": 0.05688462604582727,
    "total_energy_joules": 204784.6537649782,
    "final_emissions": 0.0216701982921579
  }
}