{
  "process_id": 3105301,
  "local_process_index": 3,
  "energy_results": {
    "cpu_power": 112.5,
    "gpu_power": 487.617369386926,
    "ram_power": 0.7208833694458009,
    "cpu_energy": 0.0083223284927808,
    "gpu_energy": 0.048486682400427306,
    "ram_energy": 4.300723907410349e-05,
    "total_energy_kwh": 0.05685201813228215,
    "total_energy_joules": 204667.26527621574,
    "final_emissions": 0.021657776307492885
  }
}