{
  "experiment_id": "0066",
  "local_process_results": {
    "cpu_power": {
      "process_2": 112.5,
      "process_3": 112.5,
      "process_0": 112.5,
      "process_1": 112.5
    },
    "gpu_power": {
      "process_2": 1025.4898375327598,
      "process_3": 663.149340751645,
      "process_0": 676.2250922197761,
      "process_1": 956.1203983310786
    },
    "ram_power": {
      "process_2": 0.7146878242492676,
      "process_3": 0.7225255966186523,
      "process_0": 0.6784486770629883,
      "process_1": 0.7294964790344238
    },
    "cpu_energy": {
      "process_2": 0.0014482785385953323,
      "process_3": 0.0014602608960012729,
      "process_0": 0.001459769181381489,
      "process_1": 0.0014530401413721846
    },
    "gpu_energy": {
      "process_2": 0.0106651485321132,
      "process_3": 0.010737543034473163,
      "process_0": 0.010737543034473163,
      "process_1": 0.010694751333573116
    },
    "ram_energy": {
      "process_2": 7.69150082711115e-06,
      "process_3": 8.081254823349043e-06,
      "process_0": 7.374077024091035e-06,
      "process_1": 7.931032707508252e-06
    },
    "total_energy_kwh": {
      "process_2": 0.012121118571535642,
      "process_3": 0.012205885185297787,
      "process_0": 0.01220468629287874,
      "process_1": 0.012155722507652802
    },
    "total_energy_joules": {
      "process_2": 43636.02685752831,
      "process_3": 43941.186667072034,
      "process_0": 43936.87065436346,
      "process_1": 43760.60102755009
    }
  },
  "global_experiment_results": {
    "cpu_power_avg": 112.5,
    "gpu_power_avg": 830.246167208815,
    "ram_power_avg": 0.711289644241333,
    "cpu_energy_total": 0.005821348757350279,
    "gpu_energy_total": 0.04283498593463264,
    "ram_energy_total": 3.1077865382059476e-05,
    "total_energy_kwh": 0.04868741255736497,
    "total_energy_joules": 175274.68520651388
  },
  "global_derived_quantities": {
    "tokens_per_joule": 0.09347613422152709,
    "joules_per_token": 10.697917798249138,
    "flops_per_joule": 300320506.905168,
    "joules_per_flop": 3.329775946055423e-09
  },
  "per-process_emissions": [
    0.004617540119826503,
    0.004649831961339192,
    0.004649375243272156,
    0.004630722489290335
  ]
}