{
  "process_id": 2836452,
  "local_process_index": 0,
  "energy_results": {
    "cpu_power": 112.5,
    "gpu_power": 676.2250922197761,
    "ram_power": 0.6784486770629883,
    "cpu_energy": 0.001459769181381489,
    "gpu_energy": 0.010737543034473163,
    "ram_energy": 7.374077024091035e-06,
    "total_energy_kwh": 0.01220468629287874,
    "total_energy_joules": 43936.87065436346,
    "final_emissions": 0.004649375243272156
  }
}