{
  "process_id": 2836453,
  "local_process_index": 1,
  "energy_results": {
    "cpu_power": 112.5,
    "gpu_power": 956.1203983310786,
    "ram_power": 0.7294964790344238,
    "cpu_energy": 0.0014530401413721846,
    "gpu_energy": 0.010694751333573116,
    "ram_energy": 7.931032707508252e-06,
    "total_energy_kwh": 0.012155722507652802,
    "total_energy_joules": 43760.60102755009,
    "final_emissions": 0.004630722489290335
  }
}