{
  "process_id": 2836455,
  "local_process_index": 3,
  "energy_results": {
    "cpu_power": 112.5,
    "gpu_power": 663.149340751645,
    "ram_power": 0.7225255966186523,
    "cpu_energy": 0.0014602608960012729,
    "gpu_energy": 0.010737543034473163,
    "ram_energy": 8.081254823349043e-06,
    "total_energy_kwh": 0.012205885185297787,
    "total_energy_joules": 43941.186667072034,
    "final_emissions": 0.004649831961339192
  }
}