{
  "process_id": 2836454,
  "local_process_index": 2,
  "energy_results": {
    "cpu_power": 112.5,
    "gpu_power": 1025.4898375327598,
    "ram_power": 0.7146878242492676,
    "cpu_energy": 0.0014482785385953323,
    "gpu_energy": 0.0106651485321132,
    "ram_energy": 7.69150082711115e-06,
    "total_energy_kwh": 0.012121118571535642,
    "total_energy_joules": 43636.02685752831,
    "final_emissions": 0.004617540119826503
  }
}