{
  "process_id": 2963141,
  "local_process_index": 1,
  "energy_results": {
    "cpu_power": 112.5,
    "gpu_power": 266.0936360760953,
    "ram_power": 0.7224011421203614,
    "cpu_energy": 0.0012108224567509746,
    "gpu_energy": 0.01030483018830175,
    "ram_energy": 6.641953990714599e-06,
    "total_energy_kwh": 0.011522294599043439,
    "total_energy_joules": 41480.26055655638,
    "final_emissions": 0.004389418127505598
  }
}