{
  "process_id": 2963143,
  "local_process_index": 3,
  "energy_results": {
    "cpu_power": 112.5,
    "gpu_power": 585.2073472688544,
    "ram_power": 0.7067484855651855,
    "cpu_energy": 0.0012225293617721036,
    "gpu_energy": 0.010363496346346146,
    "ram_energy": 6.3955725347268245e-06,
    "total_energy_kwh": 0.011592421280652977,
    "total_energy_joules": 41732.71661035072,
    "final_emissions": 0.0044161328868647515
  }
}