{
  "process_id": 2963140,
  "local_process_index": 0,
  "energy_results": {
    "cpu_power": 112.5,
    "gpu_power": 590.8855170927875,
    "ram_power": 0.6793885231018066,
    "cpu_energy": 0.0012253144398182486,
    "gpu_energy": 0.010384510252045231,
    "ram_energy": 6.132549087206542e-06,
    "total_energy_kwh": 0.011615957240950683,
    "total_energy_joules": 41817.44606742246,
    "final_emissions": 0.004425098910940162
  }
}