{
  "experiment_id": "0077",
  "local_process_results": {
    "cpu_power": {
      "process_3": 112.5,
      "process_1": 112.5,
      "process_0": 112.5,
      "process_2": 112.5
    },
    "gpu_power": {
      "process_3": 585.2073472688544,
      "process_1": 266.0936360760953,
      "process_0": 590.8855170927875,
      "process_2": 0.0
    },
    "ram_power": {
      "process_3": 0.7067484855651855,
      "process_1": 0.7224011421203614,
      "process_0": 0.6793885231018066,
      "process_2": 0.7306323051452637
    },
    "cpu_energy": {
      "process_3": 0.0012225293617721036,
      "process_1": 0.0012108224567509746,
      "process_0": 0.0012253144398182486,
      "process_2": 0.0012093988478427493
    },
    "gpu_energy": {
      "process_3": 0.010363496346346146,
      "process_1": 0.01030483018830175,
      "process_0": 0.010384510252045231,
      "process_2": 0.010308280746616383
    },
    "ram_energy": {
      "process_3": 6.3955725347268245e-06,
      "process_1": 6.641953990714599e-06,
      "process_0": 6.132549087206542e-06,
      "process_2": 6.672031206229621e-06
    },
    "total_energy_kwh": {
      "process_3": 0.011592421280652977,
      "process_1": 0.011522294599043439,
      "process_0": 0.011615957240950683,
      "process_2": 0.011524351625665365
    },
    "total_energy_joules": {
      "process_3": 41732.71661035072,
      "process_1": 41480.26055655638,
      "process_0": 41817.44606742246,
      "process_2": 41487.665852395316
    }
  },
  "global_experiment_results": {
    "cpu_power_avg": 112.5,
    "gpu_power_avg": 360.54662510943433,
    "ram_power_avg": 0.7097926139831543,
    "cpu_energy_total": 0.004868065106184076,
    "gpu_energy_total": 0.04136111753330951,
    "ram_energy_total": 2.5842106818877587e-05,
    "total_energy_kwh": 0.04625502474631246,
    "total_energy_joules": 166518.08908672488
  },
  "global_derived_quantities": {
    "tokens_per_joule": 0.09839171281545869,
    "joules_per_token": 10.163457585859673,
    "flops_per_joule": 316113297.94596136,
    "joules_per_flop": 3.163422755378507e-09
  },
  "per-process_emissions": [
    0.0044161328868647515,
    0.004389418127505598,
    0.004425098910940162,
    0.004390201751797221
  ]
}