{
  "process_id": 2963142,
  "local_process_index": 2,
  "energy_results": {
    "cpu_power": 112.5,
    "gpu_power": 0.0,
    "ram_power": 0.7306323051452637,
    "cpu_energy": 0.0012093988478427493,
    "gpu_energy": 0.010308280746616383,
    "ram_energy": 6.672031206229621e-06,
    "total_energy_kwh": 0.011524351625665365,
    "total_energy_joules": 41487.665852395316,
    "final_emissions": 0.004390201751797221
  }
}