{
  "experiment_id": "0501",
  "local_process_results": {
    "cpu_power": {
      "process_3": 112.5,
      "process_2": 112.5,
      "process_1": 112.5,
      "process_0": 112.5
    },
    "gpu_power": {
      "process_3": 502.2006754301085,
      "process_2": 998.9276513562182,
      "process_1": 879.6327864222482,
      "process_0": 1260.5401881503165
    },
    "ram_power": {
      "process_3": 0.724116325378418,
      "process_2": 0.7236199378967285,
      "process_1": 0.7297854423522949,
      "process_0": 0.6798834800720215
    },
    "cpu_energy": {
      "process_3": 0.0011666711267298523,
      "process_2": 0.0011657026304128521,
      "process_1": 0.001150050193617062,
      "process_0": 0.0012063862668765073
    },
    "gpu_energy": {
      "process_3": 0.010477245604009866,
      "process_2": 0.01009526307620412,
      "process_1": 0.01017780175334515,
      "process_0": 0.0104419172424155
    },
    "ram_energy": {
      "process_3": 7.561998029866789e-06,
      "process_2": 6.806354822641227e-06,
      "process_1": 6.747704928034273e-06,
      "process_0": 7.36692281361228e-06
    },
    "total_energy_kwh": {
      "process_3": 0.011651478728769586,
      "process_2": 0.01126777206143962,
      "process_1": 0.011334599651890247,
      "process_0": 0.011655670432105615
    },
    "total_energy_joules": {
      "process_3": 41945.32342357051,
      "process_2": 40563.97942118263,
      "process_1": 40804.55874680489,
      "process_0": 41960.41355558021
    }
  },
  "global_experiment_results": {
    "cpu_power_avg": 112.5,
    "gpu_power_avg": 910.3253253397229,
    "ram_power_avg": 0.7143512964248657,
    "cpu_energy_total": 0.0046888102176362734,
    "gpu_energy_total": 0.041192227675974635,
    "ram_energy_total": 2.848298059415457e-05,
    "total_energy_kwh": 0.04590952087420507,
    "total_energy_joules": 165274.27514713825
  },
  "global_derived_quantities": {
    "tokens_per_joule": 0.09913218488124582,
    "joules_per_token": 10.087541207711075,
    "flops_per_joule": 318492289.63189584,
    "joules_per_flop": 3.1397934347351736e-09
  },
  "per-process_emissions": [
    0.004438630821724774,
    0.004292457766805423,
    0.00431791573738759,
    0.004440227651110634
  ]
}