{
  "process_id": 3899179,
  "local_process_index": 0,
  "energy_results": {
    "cpu_power": 112.5,
    "gpu_power": 1260.5401881503165,
    "ram_power": 0.6798834800720215,
    "cpu_energy": 0.0012063862668765073,
    "gpu_energy": 0.0104419172424155,
    "ram_energy": 7.36692281361228e-06,
    "total_energy_kwh": 0.011655670432105615,
    "total_energy_joules": 41960.41355558021,
    "final_emissions": 0.004440227651110634
  }
}