{
  "process_id": 3899180,
  "local_process_index": 1,
  "energy_results": {
    "cpu_power": 112.5,
    "gpu_power": 879.6327864222482,
    "ram_power": 0.7297854423522949,
    "cpu_energy": 0.001150050193617062,
    "gpu_energy": 0.01017780175334515,
    "ram_energy": 6.747704928034273e-06,
    "total_energy_kwh": 0.011334599651890247,
    "total_energy_joules": 40804.55874680489,
    "final_emissions": 0.00431791573738759
  }
}