{
  "process_id": 3899182,
  "local_process_index": 3,
  "energy_results": {
    "cpu_power": 112.5,
    "gpu_power": 502.2006754301085,
    "ram_power": 0.724116325378418,
    "cpu_energy": 0.0011666711267298523,
    "gpu_energy": 0.010477245604009866,
    "ram_energy": 7.561998029866789e-06,
    "total_energy_kwh": 0.011651478728769586,
    "total_energy_joules": 41945.32342357051,
    "final_emissions": 0.004438630821724774
  }
}