{
  "process_id": 3899181,
  "local_process_index": 2,
  "energy_results": {
    "cpu_power": 112.5,
    "gpu_power": 998.9276513562182,
    "ram_power": 0.7236199378967285,
    "cpu_energy": 0.0011657026304128521,
    "gpu_energy": 0.01009526307620412,
    "ram_energy": 6.806354822641227e-06,
    "total_energy_kwh": 0.01126777206143962,
    "total_energy_joules": 40563.97942118263,
    "final_emissions": 0.004292457766805423
  }
}