{
  "process_id": 2814084,
  "local_process_index": 2,
  "energy_results": {
    "cpu_power": 112.5,
    "gpu_power": 0.0,
    "ram_power": 0.7085309028625488,
    "cpu_energy": 0.0012431618364080353,
    "gpu_energy": 0.01027526849798388,
    "ram_energy": 6.501200729132162e-06,
    "total_energy_kwh": 0.011524931535121042,
    "total_energy_joules": 41489.75352643575,
    "final_emissions": 0.004390422668304361
  }
}