{
  "experiment_id": "0053",
  "local_process_results": {
    "cpu_power": {
      "process_3": 112.5,
      "process_1": 112.5,
      "process_0": 112.5,
      "process_2": 112.5
    },
    "gpu_power": {
      "process_3": 647.1041947585434,
      "process_1": 616.5831399078978,
      "process_0": 902.8786316244283,
      "process_2": 0.0
    },
    "ram_power": {
      "process_3": 0.7246198654174805,
      "process_1": 0.7091660499572754,
      "process_0": 0.6819577217102051,
      "process_2": 0.7085309028625488
    },
    "cpu_energy": {
      "process_3": 0.0012275406646276678,
      "process_1": 0.0012310504416836918,
      "process_0": 0.001212621168371697,
      "process_2": 0.0012431618364080353
    },
    "gpu_energy": {
      "process_3": 0.010364526902725935,
      "process_1": 0.01037307607623017,
      "process_0": 0.010277284888486449,
      "process_2": 0.01027526849798388
    },
    "ram_energy": {
      "process_3": 6.500235920899703e-06,
      "process_1": 6.327148423719934e-06,
      "process_0": 6.053318625471794e-06,
      "process_2": 6.501200729132162e-06
    },
    "total_energy_kwh": {
      "process_3": 0.011598567803274501,
      "process_1": 0.011610453666337577,
      "process_0": 0.011495959375483616,
      "process_2": 0.011524931535121042
    },
    "total_energy_joules": {
      "process_3": 41754.8440917882,
      "process_1": 41797.633198815274,
      "process_0": 41385.45375174102,
      "process_2": 41489.75352643575
    }
  },
  "global_experiment_results": {
    "cpu_power_avg": 112.5,
    "gpu_power_avg": 541.6414915727173,
    "ram_power_avg": 0.7060686349868774,
    "cpu_energy_total": 0.004914374111091092,
    "gpu_energy_total": 0.041290156365426434,
    "ram_energy_total": 2.5381903699223594e-05,
    "total_energy_kwh": 0.04622991238021674,
    "total_energy_joules": 166427.68456878024
  },
  "global_derived_quantities": {
    "tokens_per_joule": 0.09844515978487292,
    "joules_per_token": 10.157939731981216,
    "flops_per_joule": 316285012.5882142,
    "joules_per_flop": 3.161705298069072e-09
  },
  "per-process_emissions": [
    0.004418474404657422,
    0.0044230023241913,
    0.004379385724090484,
    0.004390422668304361
  ]
}