{
  "process_id": 2814083,
  "local_process_index": 1,
  "energy_results": {
    "cpu_power": 112.5,
    "gpu_power": 616.5831399078978,
    "ram_power": 0.7091660499572754,
    "cpu_energy": 0.0012310504416836918,
    "gpu_energy": 0.01037307607623017,
    "ram_energy": 6.327148423719934e-06,
    "total_energy_kwh": 0.011610453666337577,
    "total_energy_joules": 41797.633198815274,
    "final_emissions": 0.0044230023241913
  }
}