{
  "process_id": 2814085,
  "local_process_index": 3,
  "energy_results": {
    "cpu_power": 112.5,
    "gpu_power": 647.1041947585434,
    "ram_power": 0.7246198654174805,
    "cpu_energy": 0.0012275406646276678,
    "gpu_energy": 0.010364526902725935,
    "ram_energy": 6.500235920899703e-06,
    "total_energy_kwh": 0.011598567803274501,
    "total_energy_joules": 41754.8440917882,
    "final_emissions": 0.004418474404657422
  }
}