{
  "process_id": 2814082,
  "local_process_index": 0,
  "energy_results": {
    "cpu_power": 112.5,
    "gpu_power": 902.8786316244283,
    "ram_power": 0.6819577217102051,
    "cpu_energy": 0.001212621168371697,
    "gpu_energy": 0.010277284888486449,
    "ram_energy": 6.053318625471794e-06,
    "total_energy_kwh": 0.011495959375483616,
    "total_energy_joules": 41385.45375174102,
    "final_emissions": 0.004379385724090484
  }
}