{
  "process_id": 4056472,
  "local_process_index": 0,
  "energy_results": {
    "cpu_power": 112.5,
    "gpu_power": 76.54676610569999,
    "ram_power": 0.6884336471557617,
    "cpu_energy": 0.0012776809885635886,
    "gpu_energy": 0.010443132798942045,
    "ram_energy": 6.520420525299061e-06,
    "total_energy_kwh": 0.011727334208030935,
    "total_energy_joules": 42218.40314891137,
    "final_emissions": 0.004467527966549385
  }
}