{
  "experiment_id": "0565",
  "local_process_results": {
    "cpu_power": {
      "process_2": 112.5,
      "process_3": 112.5,
      "process_0": 112.5,
      "process_1": 112.5
    },
    "gpu_power": {
      "process_2": 1308.2587301261765,
      "process_3": 83.24865034020121,
      "process_0": 76.54676610569999,
      "process_1": 80.95871598993875
    },
    "ram_power": {
      "process_2": 0.7091531753540039,
      "process_3": 0.7248787879943848,
      "process_0": 0.6884336471557617,
      "process_1": 0.7323102951049805
    },
    "cpu_energy": {
      "process_2": 0.0012689883816874498,
      "process_3": 0.0013109770518422012,
      "process_0": 0.0012776809885635886,
      "process_1": 0.0012899031157576249
    },
    "gpu_energy": {
      "process_2": 0.01041718416707127,
      "process_3": 0.01044063779694504,
      "process_0": 0.010443132798942045,
      "process_1": 0.01045057947156458
    },
    "ram_energy": {
      "process_2": 6.679257331000267e-06,
      "process_3": 7.128168977530873e-06,
      "process_0": 6.520420525299061e-06,
      "process_1": 7.044432379997371e-06
    },
    "total_energy_kwh": {
      "process_2": 0.011692851806089716,
      "process_3": 0.011758743017764773,
      "process_0": 0.011727334208030935,
      "process_1": 0.011747527019702199
    },
    "total_energy_joules": {
      "process_2": 42094.26650192298,
      "process_3": 42331.47486395318,
      "process_0": 42218.40314891137,
      "process_1": 42291.097270927916
    }
  },
  "global_experiment_results": {
    "cpu_power_avg": 112.5,
    "gpu_power_avg": 387.25321564050415,
    "ram_power_avg": 0.7136939764022827,
    "cpu_energy_total": 0.005147549537850865,
    "gpu_energy_total": 0.041751534234522936,
    "ram_energy_total": 2.7372279213827574e-05,
    "total_energy_kwh": 0.04692645605158762,
    "total_energy_joules": 168935.24178571545
  },
  "global_derived_quantities": {
    "tokens_per_joule": 0.09698390831193264,
    "joules_per_token": 10.310988878522672,
    "flops_per_joule": 311590297.87066567,
    "joules_per_flop": 3.209342546394298e-09
  },
  "per-process_emissions": [
    0.004454391895529878,
    0.00447949315261749,
    0.004467527966549385,
    0.004475220418155553
  ]
}