{
  "process_id": 4056474,
  "local_process_index": 2,
  "energy_results": {
    "cpu_power": 112.5,
    "gpu_power": 1308.2587301261765,
    "ram_power": 0.7091531753540039,
    "cpu_energy": 0.0012689883816874498,
    "gpu_energy": 0.01041718416707127,
    "ram_energy": 6.679257331000267e-06,
    "total_energy_kwh": 0.011692851806089716,
    "total_energy_joules": 42094.26650192298,
    "final_emissions": 0.004454391895529878
  }
}