{
  "process_id": 4056473,
  "local_process_index": 1,
  "energy_results": {
    "cpu_power": 112.5,
    "gpu_power": 80.95871598993875,
    "ram_power": 0.7323102951049805,
    "cpu_energy": 0.0012899031157576249,
    "gpu_energy": 0.01045057947156458,
    "ram_energy": 7.044432379997371e-06,
    "total_energy_kwh": 0.011747527019702199,
    "total_energy_joules": 42291.097270927916,
    "final_emissions": 0.004475220418155553
  }
}