{
  "process_id": 4056475,
  "local_process_index": 3,
  "energy_results": {
    "cpu_power": 112.5,
    "gpu_power": 83.24865034020121,
    "ram_power": 0.7248787879943848,
    "cpu_energy": 0.0013109770518422012,
    "gpu_energy": 0.01044063779694504,
    "ram_energy": 7.128168977530873e-06,
    "total_energy_kwh": 0.011758743017764773,
    "total_energy_joules": 42331.47486395318,
    "final_emissions": 0.00447949315261749
  }
}