{
  "process_id": 3057376,
  "local_process_index": 2,
  "energy_results": {
    "cpu_power": 112.5,
    "gpu_power": 999.5036094077052,
    "ram_power": 0.7047357559204102,
    "cpu_energy": 0.0012286210697202479,
    "gpu_energy": 0.010284806561172921,
    "ram_energy": 6.302627837929256e-06,
    "total_energy_kwh": 0.011519730258731098,
    "total_energy_joules": 41471.02893143195,
    "final_emissions": 0.004388441242063612
  }
}