{
  "process_id": 3057377,
  "local_process_index": 3,
  "energy_results": {
    "cpu_power": 112.5,
    "gpu_power": 296.58980688660324,
    "ram_power": 0.7276439666748047,
    "cpu_energy": 0.0012454116104363493,
    "gpu_energy": 0.010375236633517027,
    "ram_energy": 6.626762268136293e-06,
    "total_energy_kwh": 0.01162727500622151,
    "total_energy_joules": 41858.19002239744,
    "final_emissions": 0.004429410413620084
  }
}