{
  "process_id": 3057375,
  "local_process_index": 1,
  "energy_results": {
    "cpu_power": 112.5,
    "gpu_power": 512.2944739754041,
    "ram_power": 0.7197518348693848,
    "cpu_energy": 0.0012573017031190829,
    "gpu_energy": 0.01042516111790004,
    "ram_energy": 6.621029363227751e-06,
    "total_energy_kwh": 0.01168908385038235,
    "total_energy_joules": 42080.70186137646,
    "final_emissions": 0.004452956492803157
  }
}