{
  "experiment_id": "0134",
  "local_process_results": {
    "cpu_power": {
      "process_1": 112.5,
      "process_2": 112.5,
      "process_0": 112.5,
      "process_3": 112.5
    },
    "gpu_power": {
      "process_1": 512.2944739754041,
      "process_2": 999.5036094077052,
      "process_0": 1699.9295738647197,
      "process_3": 296.58980688660324
    },
    "ram_power": {
      "process_1": 0.7197518348693848,
      "process_2": 0.7047357559204102,
      "process_0": 0.6843366622924806,
      "process_3": 0.7276439666748047
    },
    "cpu_energy": {
      "process_1": 0.0012573017031190829,
      "process_2": 0.0012286210697202479,
      "process_0": 0.001243961309099177,
      "process_3": 0.0012454116104363493
    },
    "gpu_energy": {
      "process_1": 0.01042516111790004,
      "process_2": 0.010284806561172921,
      "process_0": 0.010373208020782343,
      "process_3": 0.010375236633517027
    },
    "ram_energy": {
      "process_1": 6.621029363227751e-06,
      "process_2": 6.302627837929256e-06,
      "process_0": 6.514727409545279e-06,
      "process_3": 6.626762268136293e-06
    },
    "total_energy_kwh": {
      "process_1": 0.01168908385038235,
      "process_2": 0.011519730258731098,
      "process_0": 0.011623684057291065,
      "process_3": 0.01162727500622151
    },
    "total_energy_joules": {
      "process_1": 42080.70186137646,
      "process_2": 41471.02893143195,
      "process_0": 41845.26260624783,
      "process_3": 41858.19002239744
    }
  },
  "global_experiment_results": {
    "cpu_power_avg": 112.5,
    "gpu_power_avg": 877.079366033608,
    "ram_power_avg": 0.70911705493927,
    "cpu_energy_total": 0.0049752956923748565,
    "gpu_energy_total": 0.04145841233337233,
    "ram_energy_total": 2.606514687883858e-05,
    "total_energy_kwh": 0.04645977317262602,
    "total_energy_joules": 167255.18342145366
  },
  "global_derived_quantities": {
    "tokens_per_joule": 0.09795810010094097,
    "joules_per_token": 10.208446253750834,
    "flops_per_joule": 314720185.2406812,
    "joules_per_flop": 3.1774256844544417e-09
  },
  "per-process_emissions": [
    0.004452956492803157,
    0.004388441242063612,
    0.004428042441625031,
    0.004429410413620084
  ]
}