{
  "process_id": 3057374,
  "local_process_index": 0,
  "energy_results": {
    "cpu_power": 112.5,
    "gpu_power": 1699.9295738647197,
    "ram_power": 0.6843366622924806,
    "cpu_energy": 0.001243961309099177,
    "gpu_energy": 0.010373208020782343,
    "ram_energy": 6.514727409545279e-06,
    "total_energy_kwh": 0.011623684057291065,
    "total_energy_joules": 41845.26260624783,
    "final_emissions": 0.004428042441625031
  }
}