{
  "process_id": 4097444,
  "local_process_index": 3,
  "energy_results": {
    "cpu_power": 112.5,
    "gpu_power": 507.35411748150193,
    "ram_power": 0.7081475257873535,
    "cpu_energy": 0.0011971733122209116,
    "gpu_energy": 0.010486151166691826,
    "ram_energy": 7.581106226092858e-06,
    "total_energy_kwh": 0.011690905585138828,
    "total_energy_joules": 42087.26010649978,
    "final_emissions": 0.004453650482658636
  }
}