{
  "process_id": 4097443,
  "local_process_index": 2,
  "energy_results": {
    "cpu_power": 112.5,
    "gpu_power": 1147.5683590646445,
    "ram_power": 0.7235040664672852,
    "cpu_energy": 0.0011805621760668148,
    "gpu_energy": 0.010460524479524835,
    "ram_energy": 7.682072919904278e-06,
    "total_energy_kwh": 0.011648768728511552,
    "total_energy_joules": 41935.56742264159,
    "final_emissions": 0.004437598447126476
  }
}