{
  "experiment_id": "0587",
  "local_process_results": {
    "cpu_power": {
      "process_0": 112.5,
      "process_1": 112.5,
      "process_3": 112.5,
      "process_2": 112.5
    },
    "gpu_power": {
      "process_0": 1529.6754709845782,
      "process_1": 1480.4148172178077,
      "process_3": 507.35411748150193,
      "process_2": 1147.5683590646445
    },
    "ram_power": {
      "process_0": 0.6882705688476564,
      "process_1": 0.7309741973876953,
      "process_3": 0.7081475257873535,
      "process_2": 0.7235040664672852
    },
    "cpu_energy": {
      "process_0": 0.0012237494581531791,
      "process_1": 0.0012312622016561363,
      "process_3": 0.0011971733122209116,
      "process_2": 0.0011805621760668148
    },
    "gpu_energy": {
      "process_0": 0.01045832864443419,
      "process_1": 0.01045832864443419,
      "process_3": 0.010486151166691826,
      "process_2": 0.010460524479524835
    },
    "ram_energy": {
      "process_0": 7.503969701393054e-06,
      "process_1": 7.66678738904301e-06,
      "process_3": 7.581106226092858e-06,
      "process_2": 7.682072919904278e-06
    },
    "total_energy_kwh": {
      "process_0": 0.011689582072288759,
      "process_1": 0.011697257633479374,
      "process_3": 0.011690905585138828,
      "process_2": 0.011648768728511552
    },
    "total_energy_joules": {
      "process_0": 42082.49546023953,
      "process_1": 42110.12748052575,
      "process_3": 42087.26010649978,
      "process_2": 41935.56742264159
    }
  },
  "global_experiment_results": {
    "cpu_power_avg": 112.5,
    "gpu_power_avg": 1166.2531911871329,
    "ram_power_avg": 0.7127240896224976,
    "cpu_energy_total": 0.004832747148097042,
    "gpu_energy_total": 0.04186333293508504,
    "ram_energy_total": 3.04339362364332e-05,
    "total_energy_kwh": 0.04672651401941851,
    "total_energy_joules": 168215.45046990665
  },
  "global_derived_quantities": {
    "tokens_per_joule": 0.09739890095845304,
    "joules_per_token": 10.267056303094888,
    "flops_per_joule": 312923587.94521624,
    "joules_per_flop": 3.195668330937937e-09
  },
  "per-process_emissions": [
    0.004453146290438403,
    0.004456070295473968,
    0.004453650482658636,
    0.004437598447126476
  ]
}