{
  "process_id": 4097442,
  "local_process_index": 1,
  "energy_results": {
    "cpu_power": 112.5,
    "gpu_power": 1480.4148172178077,
    "ram_power": 0.7309741973876953,
    "cpu_energy": 0.0012312622016561363,
    "gpu_energy": 0.01045832864443419,
    "ram_energy": 7.66678738904301e-06,
    "total_energy_kwh": 0.011697257633479374,
    "total_energy_joules": 42110.12748052575,
    "final_emissions": 0.004456070295473968
  }
}