{
  "process_id": 4097441,
  "local_process_index": 0,
  "energy_results": {
    "cpu_power": 112.5,
    "gpu_power": 1529.6754709845782,
    "ram_power": 0.6882705688476564,
    "cpu_energy": 0.0012237494581531791,
    "gpu_energy": 0.01045832864443419,
    "ram_energy": 7.503969701393054e-06,
    "total_energy_kwh": 0.011689582072288759,
    "total_energy_joules": 42082.49546023953,
    "final_emissions": 0.004453146290438403
  }
}