{
  "process_id": 3963986,
  "local_process_index": 3,
  "energy_results": {
    "cpu_power": 112.5,
    "gpu_power": 211.20850421495226,
    "ram_power": 0.7090787887573242,
    "cpu_energy": 0.001095801887306152,
    "gpu_energy": 0.010251240978766063,
    "ram_energy": 7.025062212840149e-06,
    "total_energy_kwh": 0.011354067928285057,
    "total_energy_joules": 40874.64454182621,
    "final_emissions": 0.004325332177280193
  }
}