{
  "process_id": 3963985,
  "local_process_index": 2,
  "energy_results": {
    "cpu_power": 112.5,
    "gpu_power": 222.9255529973207,
    "ram_power": 0.7091445922851562,
    "cpu_energy": 0.0010990231560372194,
    "gpu_energy": 0.010247665975905207,
    "ram_energy": 6.656727269909338e-06,
    "total_energy_kwh": 0.011353345859212336,
    "total_energy_joules": 40872.04509316441,
    "final_emissions": 0.00432505710506694
  }
}