{
  "experiment_id": "0525",
  "local_process_results": {
    "cpu_power": {
      "process_3": 112.5,
      "process_0": 112.5,
      "process_2": 112.5,
      "process_1": 112.5
    },
    "gpu_power": {
      "process_3": 211.20850421495226,
      "process_0": 197.01946351006265,
      "process_2": 222.9255529973207,
      "process_1": 207.09862925828367
    },
    "ram_power": {
      "process_3": 0.7090787887573242,
      "process_0": 0.6893520355224609,
      "process_2": 0.7091445922851562,
      "process_1": 0.7091331481933594
    },
    "cpu_energy": {
      "process_3": 0.001095801887306152,
      "process_0": 0.0011416188223447536,
      "process_2": 0.0010990231560372194,
      "process_1": 0.0010926327434481208
    },
    "gpu_energy": {
      "process_3": 0.010251240978766063,
      "process_0": 0.010251240978766063,
      "process_2": 0.010247665975905207,
      "process_1": 0.010247665975905207
    },
    "ram_energy": {
      "process_3": 7.025062212840149e-06,
      "process_0": 7.418275165147374e-06,
      "process_2": 6.656727269909338e-06,
      "process_1": 6.22394326652069e-06
    },
    "total_energy_kwh": {
      "process_3": 0.011354067928285057,
      "process_0": 0.011400278076275965,
      "process_2": 0.011353345859212336,
      "process_1": 0.011346522662619853
    },
    "total_energy_joules": {
      "process_3": 40874.64454182621,
      "process_0": 41041.00107459347,
      "process_2": 40872.04509316441,
      "process_1": 40847.48158543147
    }
  },
  "global_experiment_results": {
    "cpu_power_avg": 112.5,
    "gpu_power_avg": 209.5630374951548,
    "ram_power_avg": 0.7041771411895752,
    "cpu_energy_total": 0.0044290766091362455,
    "gpu_energy_total": 0.04099781390934254,
    "ram_energy_total": 2.7324007914417553e-05,
    "total_energy_kwh": 0.045454214526393207,
    "total_energy_joules": 163635.17229501554
  },
  "global_derived_quantities": {
    "tokens_per_joule": 0.10012517339769422,
    "joules_per_token": 9.987498309021944,
    "flops_per_joule": 321682567.20482224,
    "joules_per_flop": 3.1086546239954572e-09
  },
  "per-process_emissions": [
    0.004325332177280193,
    0.004342935933157329,
    0.00432505710506694,
    0.004322457808325033
  ]
}