{
  "process_id": 3963983,
  "local_process_index": 0,
  "energy_results": {
    "cpu_power": 112.5,
    "gpu_power": 197.01946351006265,
    "ram_power": 0.6893520355224609,
    "cpu_energy": 0.0011416188223447536,
    "gpu_energy": 0.010251240978766063,
    "ram_energy": 7.418275165147374e-06,
    "total_energy_kwh": 0.011400278076275965,
    "total_energy_joules": 41041.00107459347,
    "final_emissions": 0.004342935933157329
  }
}