{
  "process_id": 3963984,
  "local_process_index": 1,
  "energy_results": {
    "cpu_power": 112.5,
    "gpu_power": 207.09862925828367,
    "ram_power": 0.7091331481933594,
    "cpu_energy": 0.0010926327434481208,
    "gpu_energy": 0.010247665975905207,
    "ram_energy": 6.22394326652069e-06,
    "total_energy_kwh": 0.011346522662619853,
    "total_energy_joules": 40847.48158543147,
    "final_emissions": 0.004322457808325033
  }
}