{
  "process_id": 3885323,
  "local_process_index": 3,
  "energy_results": {
    "cpu_power": 112.5,
    "gpu_power": 23891.313805363174,
    "ram_power": 0.7323246002197266,
    "cpu_energy": 0.0010417184316193016,
    "gpu_energy": 0.010261999598485616,
    "ram_energy": 7.219474709145414e-06,
    "total_energy_kwh": 0.01131093750481406,
    "total_energy_joules": 40719.37501733062,
    "final_emissions": 0.004308901642458916
  }
}