{
  "process_id": 3885321,
  "local_process_index": 1,
  "energy_results": {
    "cpu_power": 112.5,
    "gpu_power": 171.8685279506377,
    "ram_power": 0.7247400283813477,
    "cpu_energy": 0.0010913614631408563,
    "gpu_energy": 0.010258239039922401,
    "ram_energy": 7.147355953626079e-06,
    "total_energy_kwh": 0.011356747859016886,
    "total_energy_joules": 40884.29229246079,
    "final_emissions": 0.0043263530968924825
  }
}