{
  "process_id": 3885320,
  "local_process_index": 0,
  "energy_results": {
    "cpu_power": 112.5,
    "gpu_power": 186.6350460284309,
    "ram_power": 0.6885294914245605,
    "cpu_energy": 0.0011160664331164299,
    "gpu_energy": 0.010256860427707792,
    "ram_energy": 6.219380030671223e-06,
    "total_energy_kwh": 0.011379146240854898,
    "total_energy_joules": 40964.92646707763,
    "final_emissions": 0.004334885760453673
  }
}