{
  "process_id": 3885322,
  "local_process_index": 2,
  "energy_results": {
    "cpu_power": 112.5,
    "gpu_power": 196.0539077982686,
    "ram_power": 0.7325978279113771,
    "cpu_energy": 0.0010587733543652577,
    "gpu_energy": 0.010256860427707792,
    "ram_energy": 6.268649696896131e-06,
    "total_energy_kwh": 0.011321902431769946,
    "total_energy_joules": 40758.84875437181,
    "final_emissions": 0.004313078731382761
  }
}