{
  "experiment_id": "0493",
  "local_process_results": {
    "cpu_power": {
      "process_1": 112.5,
      "process_2": 112.5,
      "process_0": 112.5,
      "process_3": 112.5
    },
    "gpu_power": {
      "process_1": 171.8685279506377,
      "process_2": 196.0539077982686,
      "process_0": 186.6350460284309,
      "process_3": 23891.313805363174
    },
    "ram_power": {
      "process_1": 0.7247400283813477,
      "process_2": 0.7325978279113771,
      "process_0": 0.6885294914245605,
      "process_3": 0.7323246002197266
    },
    "cpu_energy": {
      "process_1": 0.0010913614631408563,
      "process_2": 0.0010587733543652577,
      "process_0": 0.0011160664331164299,
      "process_3": 0.0010417184316193016
    },
    "gpu_energy": {
      "process_1": 0.010258239039922401,
      "process_2": 0.010256860427707792,
      "process_0": 0.010256860427707792,
      "process_3": 0.010261999598485616
    },
    "ram_energy": {
      "process_1": 7.147355953626079e-06,
      "process_2": 6.268649696896131e-06,
      "process_0": 6.219380030671223e-06,
      "process_3": 7.219474709145414e-06
    },
    "total_energy_kwh": {
      "process_1": 0.011356747859016886,
      "process_2": 0.011321902431769946,
      "process_0": 0.011379146240854898,
      "process_3": 0.01131093750481406
    },
    "total_energy_joules": {
      "process_1": 40884.29229246079,
      "process_2": 40758.84875437181,
      "process_0": 40964.92646707763,
      "process_3": 40719.37501733062
    }
  },
  "global_experiment_results": {
    "cpu_power_avg": 112.5,
    "gpu_power_avg": 6111.467821785128,
    "ram_power_avg": 0.7195479869842529,
    "cpu_energy_total": 0.004307919682241845,
    "gpu_energy_total": 0.0410339594938236,
    "ram_energy_total": 2.6854860390338847e-05,
    "total_energy_kwh": 0.04536873403645579,
    "total_energy_joules": 163327.44253124087
  },
  "global_derived_quantities": {
    "tokens_per_joule": 0.10031382201350583,
    "joules_per_token": 9.968715974807182,
    "flops_per_joule": 322288658.2504065,
    "joules_per_flop": 3.102808536386771e-09
  },
  "per-process_emissions": [
    0.0043263530968924825,
    0.004313078731382761,
    0.004334885760453673,
    0.004308901642458916
  ]
}