{
  "process_id": 3868867,
  "local_process_index": 3,
  "energy_results": {
    "cpu_power": 112.5,
    "gpu_power": 0.0,
    "ram_power": 0.9642176628112793,
    "cpu_energy": 0.00033358642121856976,
    "gpu_energy": 0.00235741549704116,
    "ram_energy": 2.4930099918396752e-06,
    "total_energy_kwh": 0.0026934949282515696,
    "total_energy_joules": 9696.581741705651,
    "final_emissions": 0.0010260868929174356
  }
}