{
  "process_id": 3868866,
  "local_process_index": 2,
  "energy_results": {
    "cpu_power": 112.5,
    "gpu_power": 729.6270039059884,
    "ram_power": 0.9718136787414551,
    "cpu_energy": 0.00034864445259518106,
    "gpu_energy": 0.0022755587648877196,
    "ram_energy": 2.7386930516722837e-06,
    "total_energy_kwh": 0.002626941910534573,
    "total_energy_joules": 9456.990877924463,
    "final_emissions": 0.0010007335208181455
  }
}