{
  "process_id": 3868864,
  "local_process_index": 0,
  "energy_results": {
    "cpu_power": 112.5,
    "gpu_power": 0.0,
    "ram_power": 0.9271173477172852,
    "cpu_energy": 0.0003359473451600934,
    "gpu_energy": 0.00235741549704116,
    "ram_energy": 2.43403209127191e-06,
    "total_energy_kwh": 0.002695796874292525,
    "total_energy_joules": 9704.86874745309,
    "final_emissions": 0.0010269638192617373
  }
}