{
  "process_id": 3868865,
  "local_process_index": 1,
  "energy_results": {
    "cpu_power": 112.5,
    "gpu_power": 781.9810679896974,
    "ram_power": 0.9639701843261719,
    "cpu_energy": 0.00031110492865991544,
    "gpu_energy": 0.0023449052092541223,
    "ram_energy": 2.380521174692064e-06,
    "total_energy_kwh": 0.0026583906590887303,
    "total_energy_joules": 9570.206372719429,
    "final_emissions": 0.0010127139215798519
  }
}