{
  "experiment_id": "0487",
  "local_process_results": {
    "cpu_power": {
      "process_3": 112.5,
      "process_2": 112.5,
      "process_1": 112.5,
      "process_0": 112.5
    },
    "gpu_power": {
      "process_3": 0.0,
      "process_2": 729.6270039059884,
      "process_1": 781.9810679896974,
      "process_0": 0.0
    },
    "ram_power": {
      "process_3": 0.9642176628112793,
      "process_2": 0.9718136787414551,
      "process_1": 0.9639701843261719,
      "process_0": 0.9271173477172852
    },
    "cpu_energy": {
      "process_3": 0.00033358642121856976,
      "process_2": 0.00034864445259518106,
      "process_1": 0.00031110492865991544,
      "process_0": 0.0003359473451600934
    },
    "gpu_energy": {
      "process_3": 0.00235741549704116,
      "process_2": 0.0022755587648877196,
      "process_1": 0.0023449052092541223,
      "process_0": 0.00235741549704116
    },
    "ram_energy": {
      "process_3": 2.4930099918396752e-06,
      "process_2": 2.7386930516722837e-06,
      "process_1": 2.380521174692064e-06,
      "process_0": 2.43403209127191e-06
    },
    "total_energy_kwh": {
      "process_3": 0.0026934949282515696,
      "process_2": 0.002626941910534573,
      "process_1": 0.0026583906590887303,
      "process_0": 0.002695796874292525
    },
    "total_energy_joules": {
      "process_3": 9696.581741705651,
      "process_2": 9456.990877924463,
      "process_1": 9570.206372719429,
      "process_0": 9704.86874745309
    }
  },
  "global_experiment_results": {
    "cpu_power_avg": 112.5,
    "gpu_power_avg": 377.9020179739215,
    "ram_power_avg": 0.9567797183990479,
    "cpu_energy_total": 0.0013292831476337595,
    "gpu_energy_total": 0.009335294968224161,
    "ram_energy_total": 1.0046256309475932e-05,
    "total_energy_kwh": 0.010674624372167398,
    "total_energy_joules": 38428.64773980263
  },
  "global_derived_quantities": {
    "tokens_per_joule": 0.4263485957386474,
    "joules_per_token": 2.345498519275063,
    "flops_per_joule": 1369774514.7129745,
    "joules_per_flop": 7.300471641564612e-10
  },
  "per-process_emissions": [
    0.0010260868929174356,
    0.0010007335208181455,
    0.0010127139215798519,
    0.0010269638192617373
  ]
}