{
  "process_id": 3811769,
  "local_process_index": 3,
  "energy_results": {
    "cpu_power": 112.5,
    "gpu_power": 136.7227352542395,
    "ram_power": 0.9645652770996095,
    "cpu_energy": 0.0008455892643778497,
    "gpu_energy": 0.0045317555698467515,
    "ram_energy": 7.1152056660473094e-06,
    "total_energy_kwh": 0.005384460039890648,
    "total_energy_joules": 19384.056143606333,
    "final_emissions": 0.0020512100521963422
  }
}