{
  "process_id": 3811768,
  "local_process_index": 2,
  "energy_results": {
    "cpu_power": 112.5,
    "gpu_power": 133.09135179663497,
    "ram_power": 0.9647183418273926,
    "cpu_energy": 0.000897735578028005,
    "gpu_energy": 0.004519355837706129,
    "ram_energy": 7.043580399254153e-06,
    "total_energy_kwh": 0.005424134996133389,
    "total_energy_joules": 19526.8859860802,
    "final_emissions": 0.0020663242267770147
  }
}