{
  "experiment_id": "0463",
  "local_process_results": {
    "cpu_power": {
      "process_1": 112.5,
      "process_2": 112.5,
      "process_3": 112.5,
      "process_0": 112.5
    },
    "gpu_power": {
      "process_1": 342.15213816710815,
      "process_2": 133.09135179663497,
      "process_3": 136.7227352542395,
      "process_0": 377.40199557008515
    },
    "ram_power": {
      "process_1": 0.97100830078125,
      "process_2": 0.9647183418273926,
      "process_3": 0.9645652770996095,
      "process_0": 0.9288954734802246
    },
    "cpu_energy": {
      "process_1": 0.0008672407287176612,
      "process_2": 0.000897735578028005,
      "process_3": 0.0008455892643778497,
      "process_0": 0.0008556695055085584
    },
    "gpu_energy": {
      "process_1": 0.004590398672313256,
      "process_2": 0.004519355837706129,
      "process_3": 0.0045317555698467515,
      "process_0": 0.004552940586796339
    },
    "ram_energy": {
      "process_1": 7.316590265314934e-06,
      "process_2": 7.043580399254153e-06,
      "process_3": 7.1152056660473094e-06,
      "process_0": 6.886376536704744e-06
    },
    "total_energy_kwh": {
      "process_1": 0.005464955991296232,
      "process_2": 0.005424134996133389,
      "process_3": 0.005384460039890648,
      "process_0": 0.0054154964688416015
    },
    "total_energy_joules": {
      "process_1": 19673.841568666438,
      "process_2": 19526.8859860802,
      "process_3": 19384.056143606333,
      "process_0": 19495.787287829764
    }
  },
  "global_experiment_results": {
    "cpu_power_avg": 112.5,
    "gpu_power_avg": 247.34205519701692,
    "ram_power_avg": 0.9572968482971191,
    "cpu_energy_total": 0.0034662350766320746,
    "gpu_energy_total": 0.018194450666662476,
    "ram_energy_total": 2.836175286732114e-05,
    "total_energy_kwh": 0.02168904749616187,
    "total_energy_joules": 78080.57098618273
  },
  "global_derived_quantities": {
    "tokens_per_joule": 0.20983453108839764,
    "joules_per_token": 4.76565985023088,
    "flops_per_joule": 674157240.9630433,
    "joules_per_flop": 1.4833334706477166e-09
  },
  "per-process_emissions": [
    0.0020818749848842996,
    0.0020663242267770147,
    0.0020512100521963422,
    0.0020630333798052083
  ]
}