{
  "process_id": 3811767,
  "local_process_index": 1,
  "energy_results": {
    "cpu_power": 112.5,
    "gpu_power": 342.15213816710815,
    "ram_power": 0.97100830078125,
    "cpu_energy": 0.0008672407287176612,
    "gpu_energy": 0.004590398672313256,
    "ram_energy": 7.316590265314934e-06,
    "total_energy_kwh": 0.005464955991296232,
    "total_energy_joules": 19673.841568666438,
    "final_emissions": 0.0020818749848842996
  }
}