{
  "process_id": 3811766,
  "local_process_index": 0,
  "energy_results": {
    "cpu_power": 112.5,
    "gpu_power": 377.40199557008515,
    "ram_power": 0.9288954734802246,
    "cpu_energy": 0.0008556695055085584,
    "gpu_energy": 0.004552940586796339,
    "ram_energy": 6.886376536704744e-06,
    "total_energy_kwh": 0.0054154964688416015,
    "total_energy_joules": 19495.787287829764,
    "final_emissions": 0.0020630333798052083
  }
}