{
  "experiment_id": "0108",
  "local_process_results": {
    "cpu_power": {
      "process_3": 112.5,
      "process_0": 112.5,
      "process_1": 112.5,
      "process_2": 112.5
    },
    "gpu_power": {
      "process_3": 853.8721691908779,
      "process_0": 976.8834233061967,
      "process_1": 670.7463845613006,
      "process_2": 510.5092406278424
    },
    "ram_power": {
      "process_3": 0.7247872352600098,
      "process_0": 0.6808805465698242,
      "process_1": 0.7322859764099122,
      "process_2": 0.7090330123901367
    },
    "cpu_energy": {
      "process_3": 0.0012406587705263517,
      "process_0": 0.0012254717079085823,
      "process_1": 0.0012477706543813842,
      "process_2": 0.0012652606475312498
    },
    "gpu_energy": {
      "process_3": 0.010345752998818902,
      "process_0": 0.010242347360538417,
      "process_1": 0.010393868315087929,
      "process_2": 0.010455500864394729
    },
    "ram_energy": {
      "process_3": 6.833880935672375e-06,
      "process_0": 6.1163626344037105e-06,
      "process_1": 6.69012820462093e-06,
      "process_2": 6.529494796757976e-06
    },
    "total_energy_kwh": {
      "process_3": 0.011593245650280923,
      "process_0": 0.011473935431081403,
      "process_1": 0.011648329097673937,
      "process_2": 0.011727291006722734
    },
    "total_energy_joules": {
      "process_3": 41735.68434101132,
      "process_0": 41306.16755189305,
      "process_1": 41933.98475162617,
      "process_2": 42218.247624201846
    }
  },
  "global_experiment_results": {
    "cpu_power_avg": 112.5,
    "gpu_power_avg": 753.0028044215544,
    "ram_power_avg": 0.7117466926574707,
    "cpu_energy_total": 0.004979161780347568,
    "gpu_energy_total": 0.04143746953883998,
    "ram_energy_total": 2.616986657145499e-05,
    "total_energy_kwh": 0.046442801185759,
    "total_energy_joules": 167194.0842687324
  },
  "global_derived_quantities": {
    "tokens_per_joule": 0.09799389776055631,
    "joules_per_token": 10.20471705741775,
    "flops_per_joule": 314835196.10812056,
    "joules_per_flop": 3.1762649550038888e-09
  },
  "per-process_emissions": [
    0.004416446930474518,
    0.00437099570247046,
    0.004437430969758887,
    0.004467511509011026
  ]
}