{
  "process_id": 3014246,
  "local_process_index": 0,
  "energy_results": {
    "cpu_power": 112.5,
    "gpu_power": 976.8834233061967,
    "ram_power": 0.6808805465698242,
    "cpu_energy": 0.0012254717079085823,
    "gpu_energy": 0.010242347360538417,
    "ram_energy": 6.1163626344037105e-06,
    "total_energy_kwh": 0.011473935431081403,
    "total_energy_joules": 41306.16755189305,
    "final_emissions": 0.00437099570247046
  }
}