{
  "process_id": 3014248,
  "local_process_index": 2,
  "energy_results": {
    "cpu_power": 112.5,
    "gpu_power": 510.5092406278424,
    "ram_power": 0.7090330123901367,
    "cpu_energy": 0.0012652606475312498,
    "gpu_energy": 0.010455500864394729,
    "ram_energy": 6.529494796757976e-06,
    "total_energy_kwh": 0.011727291006722734,
    "total_energy_joules": 42218.247624201846,
    "final_emissions": 0.004467511509011026
  }
}