{
  "process_id": 3014247,
  "local_process_index": 1,
  "energy_results": {
    "cpu_power": 112.5,
    "gpu_power": 670.7463845613006,
    "ram_power": 0.7322859764099122,
    "cpu_energy": 0.0012477706543813842,
    "gpu_energy": 0.010393868315087929,
    "ram_energy": 6.69012820462093e-06,
    "total_energy_kwh": 0.011648329097673937,
    "total_energy_joules": 41933.98475162617,
    "final_emissions": 0.004437430969758887
  }
}