{
  "process_id": 3014249,
  "local_process_index": 3,
  "energy_results": {
    "cpu_power": 112.5,
    "gpu_power": 853.8721691908779,
    "ram_power": 0.7247872352600098,
    "cpu_energy": 0.0012406587705263517,
    "gpu_energy": 0.010345752998818902,
    "ram_energy": 6.833880935672375e-06,
    "total_energy_kwh": 0.011593245650280923,
    "total_energy_joules": 41735.68434101132,
    "final_emissions": 0.004416446930474518
  }
}