{
  "process_id": 3972655,
  "local_process_index": 2,
  "energy_results": {
    "cpu_power": 112.5,
    "gpu_power": 1368.4409408957267,
    "ram_power": 0.7102804183959961,
    "cpu_energy": 0.0011861164520323658,
    "gpu_energy": 0.01033246159929746,
    "ram_energy": 6.872960132372952e-06,
    "total_energy_kwh": 0.0115254510114622,
    "total_energy_joules": 41491.62364126392,
    "final_emissions": 0.004390620562816526
  }
}