{
  "experiment_id": "0530",
  "local_process_results": {
    "cpu_power": {
      "process_3": 112.5,
      "process_1": 112.5,
      "process_2": 112.5,
      "process_0": 112.5
    },
    "gpu_power": {
      "process_3": 543.3213320336529,
      "process_1": 1034.435053665934,
      "process_2": 1368.4409408957267,
      "process_0": 1025.2190043104847
    },
    "ram_power": {
      "process_3": 0.7255768775939941,
      "process_1": 0.7109441757202148,
      "process_2": 0.7102804183959961,
      "process_0": 0.6828932762145996
    },
    "cpu_energy": {
      "process_3": 0.0011765453744083062,
      "process_1": 0.0011590531661513524,
      "process_2": 0.0011861164520323658,
      "process_0": 0.0011797077259325306
    },
    "gpu_energy": {
      "process_3": 0.010404691657079468,
      "process_1": 0.010390920534952386,
      "process_2": 0.01033246159929746,
      "process_0": 0.010390920534952386
    },
    "ram_energy": {
      "process_3": 7.327194046134843e-06,
      "process_1": 7.158980460576327e-06,
      "process_2": 6.872960132372952e-06,
      "process_0": 7.005594416794701e-06
    },
    "total_energy_kwh": {
      "process_3": 0.011588564225533907,
      "process_1": 0.011557132681564306,
      "process_2": 0.0115254510114622,
      "process_0": 0.011577633855301705
    },
    "total_energy_joules": {
      "process_3": 41718.831211922065,
      "process_1": 41605.6776536315,
      "process_2": 41491.62364126392,
      "process_0": 41679.48187908614
    }
  },
  "global_experiment_results": {
    "cpu_power_avg": 112.5,
    "gpu_power_avg": 992.8540827264496,
    "ram_power_avg": 0.7074236869812012,
    "cpu_energy_total": 0.004701422718524555,
    "gpu_energy_total": 0.0415189943262817,
    "ram_energy_total": 2.8364729055878823e-05,
    "total_energy_kwh": 0.046248781773862116,
    "total_energy_joules": 166495.61438590364
  },
  "global_derived_quantities": {
    "tokens_per_joule": 0.09840499439237574,
    "joules_per_token": 10.162085838983376,
    "flops_per_joule": 316155969.05068177,
    "joules_per_flop": 3.1629957928761856e-09
  },
  "per-process_emissions": [
    0.004414663541717142,
    0.004402689695041923,
    0.004390620562816526,
    0.004410499617177184
  ]
}