{
  "process_id": 3972654,
  "local_process_index": 1,
  "energy_results": {
    "cpu_power": 112.5,
    "gpu_power": 1034.435053665934,
    "ram_power": 0.7109441757202148,
    "cpu_energy": 0.0011590531661513524,
    "gpu_energy": 0.010390920534952386,
    "ram_energy": 7.158980460576327e-06,
    "total_energy_kwh": 0.011557132681564306,
    "total_energy_joules": 41605.6776536315,
    "final_emissions": 0.004402689695041923
  }
}