{
  "process_id": 3972653,
  "local_process_index": 0,
  "energy_results": {
    "cpu_power": 112.5,
    "gpu_power": 1025.2190043104847,
    "ram_power": 0.6828932762145996,
    "cpu_energy": 0.0011797077259325306,
    "gpu_energy": 0.010390920534952386,
    "ram_energy": 7.005594416794701e-06,
    "total_energy_kwh": 0.011577633855301705,
    "total_energy_joules": 41679.48187908614,
    "final_emissions": 0.004410499617177184
  }
}