{
  "process_id": 3972656,
  "local_process_index": 3,
  "energy_results": {
    "cpu_power": 112.5,
    "gpu_power": 543.3213320336529,
    "ram_power": 0.7255768775939941,
    "cpu_energy": 0.0011765453744083062,
    "gpu_energy": 0.010404691657079468,
    "ram_energy": 7.327194046134843e-06,
    "total_energy_kwh": 0.011588564225533907,
    "total_energy_joules": 41718.831211922065,
    "final_emissions": 0.004414663541717142
  }
}