{
  "process_id": 3119949,
  "local_process_index": 0,
  "energy_results": {
    "cpu_power": 112.5,
    "gpu_power": 1081.269588841825,
    "ram_power": 0.686561107635498,
    "cpu_energy": 0.0008179153580003913,
    "gpu_energy": 0.00714677849519596,
    "ram_energy": 4.207572991778356e-06,
    "total_energy_kwh": 0.00796890142618813,
    "total_energy_joules": 28688.04513427727,
    "final_emissions": 0.003035752998306368
  }
}