{
  "process_id": 3119951,
  "local_process_index": 2,
  "energy_results": {
    "cpu_power": 112.5,
    "gpu_power": 927.9108788251232,
    "ram_power": 0.7299513816833496,
    "cpu_energy": 0.0008244403454646092,
    "gpu_energy": 0.00717774657552539,
    "ram_energy": 4.472130677656466e-06,
    "total_energy_kwh": 0.008006659051667656,
    "total_energy_joules": 28823.97258600356,
    "final_emissions": 0.0030501367657327933
  }
}