{
  "process_id": 3119950,
  "local_process_index": 1,
  "energy_results": {
    "cpu_power": 112.5,
    "gpu_power": 952.3300872229363,
    "ram_power": 0.7298541069030762,
    "cpu_energy": 0.0008225161845530239,
    "gpu_energy": 0.00717443768398951,
    "ram_energy": 4.507253996597157e-06,
    "total_energy_kwh": 0.008001461122539131,
    "total_energy_joules": 28805.26004114087,
    "final_emissions": 0.0030481566146312823
  }
}