{
  "process_id": 3119952,
  "local_process_index": 3,
  "energy_results": {
    "cpu_power": 112.5,
    "gpu_power": 939.9632602465533,
    "ram_power": 0.7294034957885742,
    "cpu_energy": 0.0008236797771878628,
    "gpu_energy": 0.00717855852061966,
    "ram_energy": 4.526216544694655e-06,
    "total_energy_kwh": 0.008006764514352215,
    "total_energy_joules": 28824.352251667973,
    "final_emissions": 0.0030501769417424765
  }
}