{
  "experiment_id": "0169",
  "local_process_results": {
    "cpu_power": {
      "process_1": 112.5,
      "process_3": 112.5,
      "process_0": 112.5,
      "process_2": 112.5
    },
    "gpu_power": {
      "process_1": 952.3300872229363,
      "process_3": 939.9632602465533,
      "process_0": 1081.269588841825,
      "process_2": 927.9108788251232
    },
    "ram_power": {
      "process_1": 0.7298541069030762,
      "process_3": 0.7294034957885742,
      "process_0": 0.686561107635498,
      "process_2": 0.7299513816833496
    },
    "cpu_energy": {
      "process_1": 0.0008225161845530239,
      "process_3": 0.0008236797771878628,
      "process_0": 0.0008179153580003913,
      "process_2": 0.0008244403454646092
    },
    "gpu_energy": {
      "process_1": 0.00717443768398951,
      "process_3": 0.00717855852061966,
      "process_0": 0.00714677849519596,
      "process_2": 0.00717774657552539
    },
    "ram_energy": {
      "process_1": 4.507253996597157e-06,
      "process_3": 4.526216544694655e-06,
      "process_0": 4.207572991778356e-06,
      "process_2": 4.472130677656466e-06
    },
    "total_energy_kwh": {
      "process_1": 0.008001461122539131,
      "process_3": 0.008006764514352215,
      "process_0": 0.00796890142618813,
      "process_2": 0.008006659051667656
    },
    "total_energy_joules": {
      "process_1": 28805.26004114087,
      "process_3": 28824.352251667973,
      "process_0": 28688.04513427727,
      "process_2": 28823.97258600356
    }
  },
  "global_experiment_results": {
    "cpu_power_avg": 112.5,
    "gpu_power_avg": 975.3684537841095,
    "ram_power_avg": 0.7189425230026245,
    "cpu_energy_total": 0.003288551665205887,
    "gpu_energy_total": 0.02867752127533052,
    "ram_energy_total": 1.7713174210726633e-05,
    "total_energy_kwh": 0.03198378611474713,
    "total_energy_joules": 115141.63001308969
  },
  "global_derived_quantities": {
    "tokens_per_joule": 0.14229432046547727,
    "joules_per_token": 7.0276873787286185,
    "flops_per_joule": 457163775.629022,
    "joules_per_flop": 2.1873999063553917e-09
  },
  "per-process_emissions": [
    0.0030481566146312823,
    0.0030501769417424765,
    0.003035752998306368,
    0.0030501367657327933
  ]
}