{
  "process_id": 3888748,
  "local_process_index": 1,
  "energy_results": {
    "cpu_power": 112.5,
    "gpu_power": 682.1739562561871,
    "ram_power": 0.7109270095825195,
    "cpu_energy": 0.0011347147013748326,
    "gpu_energy": 0.010391661646654171,
    "ram_energy": 7.285994949846637e-06,
    "total_energy_kwh": 0.01153366234297885,
    "total_energy_joules": 41521.18443472386,
    "final_emissions": 0.004393748669557793
  }
}