{
  "process_id": 3888747,
  "local_process_index": 0,
  "energy_results": {
    "cpu_power": 112.5,
    "gpu_power": 982.310655178699,
    "ram_power": 0.689424991607666,
    "cpu_energy": 0.0010975996621509696,
    "gpu_energy": 0.010381426638467417,
    "ram_energy": 7.237291457566746e-06,
    "total_energy_kwh": 0.01148626359207595,
    "total_energy_joules": 41350.54893147342,
    "final_emissions": 0.004375692115401334
  }
}