{
  "process_id": 3888749,
  "local_process_index": 2,
  "energy_results": {
    "cpu_power": 112.5,
    "gpu_power": 3959.2788257423354,
    "ram_power": 0.7097125053405762,
    "cpu_energy": 0.0011373359608769535,
    "gpu_energy": 0.01034803688953545,
    "ram_energy": 7.30574100290362e-06,
    "total_energy_kwh": 0.011492678591415314,
    "total_energy_joules": 41373.64292909513,
    "final_emissions": 0.004378135909399664
  }
}