{
  "process_id": 3888750,
  "local_process_index": 3,
  "energy_results": {
    "cpu_power": 112.5,
    "gpu_power": 534.0428500565058,
    "ram_power": 0.718846321105957,
    "cpu_energy": 0.001075270246652508,
    "gpu_energy": 0.01040353026726315,
    "ram_energy": 7.403398182494715e-06,
    "total_energy_kwh": 0.011486203912098158,
    "total_energy_joules": 41350.33408355337,
    "final_emissions": 0.004375669380313793
  }
}