{
  "experiment_id": "0495",
  "local_process_results": {
    "cpu_power": {
      "process_3": 112.5,
      "process_1": 112.5,
      "process_0": 112.5,
      "process_2": 112.5
    },
    "gpu_power": {
      "process_3": 534.0428500565058,
      "process_1": 682.1739562561871,
      "process_0": 982.310655178699,
      "process_2": 3959.2788257423354
    },
    "ram_power": {
      "process_3": 0.718846321105957,
      "process_1": 0.7109270095825195,
      "process_0": 0.689424991607666,
      "process_2": 0.7097125053405762
    },
    "cpu_energy": {
      "process_3": 0.001075270246652508,
      "process_1": 0.0011347147013748326,
      "process_0": 0.0010975996621509696,
      "process_2": 0.0011373359608769535
    },
    "gpu_energy": {
      "process_3": 0.01040353026726315,
      "process_1": 0.010391661646654171,
      "process_0": 0.010381426638467417,
      "process_2": 0.01034803688953545
    },
    "ram_energy": {
      "process_3": 7.403398182494715e-06,
      "process_1": 7.285994949846637e-06,
      "process_0": 7.237291457566746e-06,
      "process_2": 7.30574100290362e-06
    },
    "total_energy_kwh": {
      "process_3": 0.011486203912098158,
      "process_1": 0.01153366234297885,
      "process_0": 0.01148626359207595,
      "process_2": 0.011492678591415314
    },
    "total_energy_joules": {
      "process_3": 41350.33408355337,
      "process_1": 41521.18443472386,
      "process_0": 41350.54893147342,
      "process_2": 41373.64292909513
    }
  },
  "global_experiment_results": {
    "cpu_power_avg": 112.5,
    "gpu_power_avg": 1539.4515718084317,
    "ram_power_avg": 0.7072277069091797,
    "cpu_energy_total": 0.004444920571055264,
    "gpu_energy_total": 0.04152465544192019,
    "ram_energy_total": 2.923242559281172e-05,
    "total_energy_kwh": 0.04599880843856827,
    "total_energy_joules": 165595.71037884578
  },
  "global_derived_quantities": {
    "tokens_per_joule": 0.09893976095465933,
    "joules_per_token": 10.107160057302599,
    "flops_per_joule": 317874069.2523904,
    "joules_per_flop": 3.1458998915888454e-09
  },
  "per-process_emissions": [
    0.004375669380313793,
    0.004393748669557793,
    0.004375692115401334,
    0.004378135909399664
  ]
}