{
  "process_id": 3942559,
  "local_process_index": 2,
  "energy_results": {
    "cpu_power": 112.5,
    "gpu_power": 199.60195235844049,
    "ram_power": 0.7257542610168457,
    "cpu_energy": 0.0010839963750840977,
    "gpu_energy": 0.010237793745785595,
    "ram_energy": 7.483836010398788e-06,
    "total_energy_kwh": 0.011329273956880092,
    "total_energy_joules": 40785.38624476833,
    "final_emissions": 0.004315886913873471
  }
}