{
  "process_id": 3942558,
  "local_process_index": 1,
  "energy_results": {
    "cpu_power": 112.5,
    "gpu_power": 155.8970245128127,
    "ram_power": 0.7085981369018555,
    "cpu_energy": 0.0011116536122899561,
    "gpu_energy": 0.01023451513205309,
    "ram_energy": 6.334966540704689e-06,
    "total_energy_kwh": 0.01135250371088375,
    "total_energy_joules": 40869.013359181496,
    "final_emissions": 0.0043247362886611644
  }
}