{
  "process_id": 3942560,
  "local_process_index": 3,
  "energy_results": {
    "cpu_power": 112.5,
    "gpu_power": 166.27445859588371,
    "ram_power": 0.7322087287902832,
    "cpu_energy": 0.0011078999147212016,
    "gpu_energy": 0.01023451513205309,
    "ram_energy": 6.559545703870864e-06,
    "total_energy_kwh": 0.011348974592478165,
    "total_energy_joules": 40856.30853292139,
    "final_emissions": 0.004323391871004557
  }
}