{
  "experiment_id": "0513",
  "local_process_results": {
    "cpu_power": {
      "process_2": 112.5,
      "process_3": 112.5,
      "process_0": 112.5,
      "process_1": 112.5
    },
    "gpu_power": {
      "process_2": 199.60195235844049,
      "process_3": 166.27445859588371,
      "process_0": 190.93735587964318,
      "process_1": 155.8970245128127
    },
    "ram_power": {
      "process_2": 0.7257542610168457,
      "process_3": 0.7322087287902832,
      "process_0": 0.689784049987793,
      "process_1": 0.7085981369018555
    },
    "cpu_energy": {
      "process_2": 0.0010839963750840977,
      "process_3": 0.0011078999147212016,
      "process_0": 0.0010841857509367402,
      "process_1": 0.0011116536122899561
    },
    "gpu_energy": {
      "process_2": 0.010237793745785595,
      "process_3": 0.01023451513205309,
      "process_0": 0.010239104024611478,
      "process_1": 0.01023451513205309
    },
    "ram_energy": {
      "process_2": 7.483836010398788e-06,
      "process_3": 6.559545703870864e-06,
      "process_0": 7.084315063701414e-06,
      "process_1": 6.334966540704689e-06
    },
    "total_energy_kwh": {
      "process_2": 0.011329273956880092,
      "process_3": 0.011348974592478165,
      "process_0": 0.011330374090611918,
      "process_1": 0.01135250371088375
    },
    "total_energy_joules": {
      "process_2": 40785.38624476833,
      "process_3": 40856.30853292139,
      "process_0": 40789.34672620291,
      "process_1": 40869.013359181496
    }
  },
  "global_experiment_results": {
    "cpu_power_avg": 112.5,
    "gpu_power_avg": 178.17769783669502,
    "ram_power_avg": 0.7140862941741943,
    "cpu_energy_total": 0.004387735653031996,
    "gpu_energy_total": 0.040945928034503254,
    "ram_energy_total": 2.7462663318675756e-05,
    "total_energy_kwh": 0.045361126350853924,
    "total_energy_joules": 163300.05486307413
  },
  "global_derived_quantities": {
    "tokens_per_joule": 0.10033064602297814,
    "joules_per_token": 9.967044364201302,
    "flops_per_joule": 322342710.49695027,
    "joules_per_flop": 3.1022882399242626e-09
  },
  "per-process_emissions": [
    0.004315886913873471,
    0.004323391871004557,
    0.00431630600981861,
    0.0043247362886611644
  ]
}