{
  "process_id": 3942557,
  "local_process_index": 0,
  "energy_results": {
    "cpu_power": 112.5,
    "gpu_power": 190.93735587964318,
    "ram_power": 0.689784049987793,
    "cpu_energy": 0.0010841857509367402,
    "gpu_energy": 0.010239104024611478,
    "ram_energy": 7.084315063701414e-06,
    "total_energy_kwh": 0.011330374090611918,
    "total_energy_joules": 40789.34672620291,
    "final_emissions": 0.00431630600981861
  }
}