{
  "process_id": 3138642,
  "local_process_index": 2,
  "energy_results": {
    "cpu_power": 112.5,
    "gpu_power": 893.2697851417402,
    "ram_power": 0.7072591781616211,
    "cpu_energy": 0.0012428782172519276,
    "gpu_energy": 0.01041672972226415,
    "ram_energy": 6.26026250489299e-06,
    "total_energy_kwh": 0.011665868202020974,
    "total_energy_joules": 41997.12552727551,
    "final_emissions": 0.00444411249155989
  }
}