{
  "experiment_id": "0180",
  "local_process_results": {
    "cpu_power": {
      "process_0": 112.5,
      "process_1": 112.5,
      "process_2": 112.5,
      "process_3": 112.5
    },
    "gpu_power": {
      "process_0": 1342.0872918249122,
      "process_1": 827.0059116919067,
      "process_2": 893.2697851417402,
      "process_3": 620.1754611803543
    },
    "ram_power": {
      "process_0": 0.6788463592529297,
      "process_1": 0.7225656509399414,
      "process_2": 0.7072591781616211,
      "process_3": 0.7228288650512695
    },
    "cpu_energy": {
      "process_0": 0.0012426043250579819,
      "process_1": 0.001245033433915523,
      "process_2": 0.0012428782172519276,
      "process_3": 0.0012482650719412053
    },
    "gpu_energy": {
      "process_0": 0.010414704998423119,
      "process_1": 0.010417751945304587,
      "process_2": 0.01041672972226415,
      "process_3": 0.010437011960712006
    },
    "ram_energy": {
      "process_0": 6.218601331925739e-06,
      "process_1": 6.516766055791537e-06,
      "process_2": 6.26026250489299e-06,
      "process_3": 6.488507345157612e-06
    },
    "total_energy_kwh": {
      "process_0": 0.01166352792481303,
      "process_1": 0.011669302145275909,
      "process_2": 0.011665868202020974,
      "process_3": 0.01169176553999837
    },
    "total_energy_joules": {
      "process_0": 41988.70052932691,
      "process_1": 42009.48772299327,
      "process_2": 41997.12552727551,
      "process_3": 42090.35594399413
    }
  },
  "global_experiment_results": {
    "cpu_power_avg": 112.5,
    "gpu_power_avg": 920.6346124597284,
    "ram_power_avg": 0.7078750133514404,
    "cpu_energy_total": 0.004978781048166637,
    "gpu_energy_total": 0.04168619862670386,
    "ram_energy_total": 2.5484137237767878e-05,
    "total_energy_kwh": 0.046690463812108285,
    "total_energy_joules": 168085.66972358982
  },
  "global_derived_quantities": {
    "tokens_per_joule": 0.09747410369332993,
    "joules_per_token": 10.259135114965199,
    "flops_per_joule": 313165199.5998591,
    "joules_per_flop": 3.193202824827698e-09
  },
  "per-process_emissions": [
    0.004443220962957524,
    0.004445420652242857,
    0.00444411249155989,
    0.00445397808246238
  ]
}