{
  "process_id": 3138641,
  "local_process_index": 1,
  "energy_results": {
    "cpu_power": 112.5,
    "gpu_power": 827.0059116919067,
    "ram_power": 0.7225656509399414,
    "cpu_energy": 0.001245033433915523,
    "gpu_energy": 0.010417751945304587,
    "ram_energy": 6.516766055791537e-06,
    "total_energy_kwh": 0.011669302145275909,
    "total_energy_joules": 42009.48772299327,
    "final_emissions": 0.004445420652242857
  }
}