{
  "process_id": 3138640,
  "local_process_index": 0,
  "energy_results": {
    "cpu_power": 112.5,
    "gpu_power": 1342.0872918249122,
    "ram_power": 0.6788463592529297,
    "cpu_energy": 0.0012426043250579819,
    "gpu_energy": 0.010414704998423119,
    "ram_energy": 6.218601331925739e-06,
    "total_energy_kwh": 0.01166352792481303,
    "total_energy_joules": 41988.70052932691,
    "final_emissions": 0.004443220962957524
  }
}