{
  "process_id": 3138643,
  "local_process_index": 3,
  "energy_results": {
    "cpu_power": 112.5,
    "gpu_power": 620.1754611803543,
    "ram_power": 0.7228288650512695,
    "cpu_energy": 0.0012482650719412053,
    "gpu_energy": 0.010437011960712006,
    "ram_energy": 6.488507345157612e-06,
    "total_energy_kwh": 0.01169176553999837,
    "total_energy_joules": 42090.35594399413,
    "final_emissions": 0.00445397808246238
  }
}