{
  "process_id": 4113638,
  "local_process_index": 2,
  "energy_results": {
    "cpu_power": 112.5,
    "gpu_power": 1255.2024454081563,
    "ram_power": 0.7313904762268066,
    "cpu_energy": 0.0010919756811908887,
    "gpu_energy": 0.010504552570299808,
    "ram_energy": 6.371195041643108e-06,
    "total_energy_kwh": 0.011602899446532342,
    "total_energy_joules": 41770.43800751643,
    "final_emissions": 0.004420124544156496
  }
}