{
  "process_id": 4113637,
  "local_process_index": 1,
  "energy_results": {
    "cpu_power": 112.5,
    "gpu_power": 34.61668183020828,
    "ram_power": 0.7155461311340332,
    "cpu_energy": 0.0012801622701281302,
    "gpu_energy": 0.010513583133080928,
    "ram_energy": 7.427200207289871e-06,
    "total_energy_kwh": 0.01180117260341635,
    "total_energy_joules": 42484.22137229886,
    "final_emissions": 0.004495656703271459
  }
}