{
  "process_id": 4113636,
  "local_process_index": 0,
  "energy_results": {
    "cpu_power": 112.5,
    "gpu_power": 1217.7507212028358,
    "ram_power": 0.6876926422119142,
    "cpu_energy": 0.0011985770119335936,
    "gpu_energy": 0.01050373368075519,
    "ram_energy": 6.6562704289593995e-06,
    "total_energy_kwh": 0.011708966963117743,
    "total_energy_joules": 42152.28106722388,
    "final_emissions": 0.004460530964599705
  }
}