{
  "experiment_id": "0596",
  "local_process_results": {
    "cpu_power": {
      "process_0": 112.5,
      "process_2": 112.5,
      "process_3": 112.5,
      "process_1": 112.5
    },
    "gpu_power": {
      "process_0": 1217.7507212028358,
      "process_2": 1255.2024454081563,
      "process_3": 34.34265943238576,
      "process_1": 34.61668183020828
    },
    "ram_power": {
      "process_0": 0.6876926422119142,
      "process_2": 0.7313904762268066,
      "process_3": 0.7310085296630859,
      "process_1": 0.7155461311340332
    },
    "cpu_energy": {
      "process_0": 0.0011985770119335936,
      "process_2": 0.0010919756811908887,
      "process_3": 0.0012314198965796095,
      "process_1": 0.0012801622701281302
    },
    "gpu_energy": {
      "process_0": 0.01050373368075519,
      "process_2": 0.010504552570299808,
      "process_3": 0.010513583133080928,
      "process_1": 0.010513583133080928
    },
    "ram_energy": {
      "process_0": 6.6562704289593995e-06,
      "process_2": 6.371195041643108e-06,
      "process_3": 7.283193692511918e-06,
      "process_1": 7.427200207289871e-06
    },
    "total_energy_kwh": {
      "process_0": 0.011708966963117743,
      "process_2": 0.011602899446532342,
      "process_3": 0.011752286223353047,
      "process_1": 0.01180117260341635
    },
    "total_energy_joules": {
      "process_0": 42152.28106722388,
      "process_2": 41770.43800751643,
      "process_3": 42308.23040407097,
      "process_1": 42484.22137229886
    }
  },
  "global_experiment_results": {
    "cpu_power_avg": 112.5,
    "gpu_power_avg": 635.4781269683966,
    "ram_power_avg": 0.71640944480896,
    "cpu_energy_total": 0.004802134859832222,
    "gpu_energy_total": 0.042035452517216854,
    "ram_energy_total": 2.7737859370404295e-05,
    "total_energy_kwh": 0.04686532523641948,
    "total_energy_joules": 168715.17085111013
  },
  "global_derived_quantities": {
    "tokens_per_joule": 0.09711041346992297,
    "joules_per_token": 10.297556814642952,
    "flops_per_joule": 311996734.1604221,
    "joules_per_flop": 3.2051617549490798e-09
  },
  "per-process_emissions": [
    0.004460530964599705,
    0.004420124544156496,
    0.004477033436786343,
    0.004495656703271459
  ]
}