{
  "process_id": 4113639,
  "local_process_index": 3,
  "energy_results": {
    "cpu_power": 112.5,
    "gpu_power": 34.34265943238576,
    "ram_power": 0.7310085296630859,
    "cpu_energy": 0.0012314198965796095,
    "gpu_energy": 0.010513583133080928,
    "ram_energy": 7.283193692511918e-06,
    "total_energy_kwh": 0.011752286223353047,
    "total_energy_joules": 42308.23040407097,
    "final_emissions": 0.004477033436786343
  }
}