{
  "process_id": 3019198,
  "local_process_index": 3,
  "energy_results": {
    "cpu_power": 112.5,
    "gpu_power": 918.5260767381784,
    "ram_power": 0.7259302139282227,
    "cpu_energy": 0.001228230393347985,
    "gpu_energy": 0.010377730246623251,
    "ram_energy": 6.45464643759368e-06,
    "total_energy_kwh": 0.011612415286408832,
    "total_energy_joules": 41804.695031071795,
    "final_emissions": 0.004423749603357444
  }
}