{
  "process_id": 3019195,
  "local_process_index": 0,
  "energy_results": {
    "cpu_power": 112.5,
    "gpu_power": 1029.6487582642317,
    "ram_power": 0.6891918182373047,
    "cpu_energy": 0.0012235645495056815,
    "gpu_energy": 0.010341159661809485,
    "ram_energy": 6.202493017382089e-06,
    "total_energy_kwh": 0.011570926704332551,
    "total_energy_joules": 41655.33613559719,
    "final_emissions": 0.004407944528015485
  }
}