{
  "process_id": 3019196,
  "local_process_index": 1,
  "energy_results": {
    "cpu_power": 112.5,
    "gpu_power": 883.1701280811218,
    "ram_power": 0.7235426902770997,
    "cpu_energy": 0.0012289912615869982,
    "gpu_energy": 0.010383916362681767,
    "ram_energy": 6.60374554568809e-06,
    "total_energy_kwh": 0.011619511369814452,
    "total_energy_joules": 41830.24093133203,
    "final_emissions": 0.004426452856330816
  }
}