{
  "process_id": 3019197,
  "local_process_index": 2,
  "energy_results": {
    "cpu_power": 112.5,
    "gpu_power": 875.0272685217142,
    "ram_power": 0.7325148582458496,
    "cpu_energy": 0.0012289945416850973,
    "gpu_energy": 0.010382039416736433,
    "ram_energy": 6.58276431652466e-06,
    "total_energy_kwh": 0.011617616722738052,
    "total_energy_joules": 41823.42020185699,
    "final_emissions": 0.004425731090527061
  }
}