{
  "experiment_id": "0111",
  "local_process_results": {
    "cpu_power": {
      "process_1": 112.5,
      "process_0": 112.5,
      "process_2": 112.5,
      "process_3": 112.5
    },
    "gpu_power": {
      "process_1": 883.1701280811218,
      "process_0": 1029.6487582642317,
      "process_2": 875.0272685217142,
      "process_3": 918.5260767381784
    },
    "ram_power": {
      "process_1": 0.7235426902770997,
      "process_0": 0.6891918182373047,
      "process_2": 0.7325148582458496,
      "process_3": 0.7259302139282227
    },
    "cpu_energy": {
      "process_1": 0.0012289912615869982,
      "process_0": 0.0012235645495056815,
      "process_2": 0.0012289945416850973,
      "process_3": 0.001228230393347985
    },
    "gpu_energy": {
      "process_1": 0.010383916362681767,
      "process_0": 0.010341159661809485,
      "process_2": 0.010382039416736433,
      "process_3": 0.010377730246623251
    },
    "ram_energy": {
      "process_1": 6.60374554568809e-06,
      "process_0": 6.202493017382089e-06,
      "process_2": 6.58276431652466e-06,
      "process_3": 6.45464643759368e-06
    },
    "total_energy_kwh": {
      "process_1": 0.011619511369814452,
      "process_0": 0.011570926704332551,
      "process_2": 0.011617616722738052,
      "process_3": 0.011612415286408832
    },
    "total_energy_joules": {
      "process_1": 41830.24093133203,
      "process_0": 41655.33613559719,
      "process_2": 41823.42020185699,
      "process_3": 41804.695031071795
    }
  },
  "global_experiment_results": {
    "cpu_power_avg": 112.5,
    "gpu_power_avg": 926.5930579013115,
    "ram_power_avg": 0.7177948951721191,
    "cpu_energy_total": 0.004909780746125762,
    "gpu_energy_total": 0.041484845687850935,
    "ram_energy_total": 2.584364931718852e-05,
    "total_energy_kwh": 0.04642047008329389,
    "total_energy_joules": 167113.69229985803
  },
  "global_derived_quantities": {
    "tokens_per_joule": 0.09804103885516219,
    "joules_per_token": 10.199810321036257,
    "flops_per_joule": 314986651.2099602,
    "joules_per_flop": 3.174737710816295e-09
  },
  "per-process_emissions": [
    0.004426452856330816,
    0.004407944528015485,
    0.004425731090527061,
    0.004423749603357444
  ]
}