{
  "process_id": 2775555,
  "local_process_index": 0,
  "energy_results": {
    "cpu_power": 112.5,
    "gpu_power": 985.2236486437795,
    "ram_power": 0.689791202545166,
    "cpu_energy": 0.0012200841799312912,
    "gpu_energy": 0.010392290813825866,
    "ram_energy": 6.238507352713979e-06,
    "total_energy_kwh": 0.011618613501109869,
    "total_energy_joules": 41827.00860399553,
    "final_emissions": 0.004426110813247805
  }
}