{
  "process_id": 2775557,
  "local_process_index": 2,
  "energy_results": {
    "cpu_power": 112.5,
    "gpu_power": 667.0988022876969,
    "ram_power": 0.7340569496154785,
    "cpu_energy": 0.0012396113952927409,
    "gpu_energy": 0.01049818256520485,
    "ram_energy": 6.766933628428882e-06,
    "total_energy_kwh": 0.011744560894126024,
    "total_energy_joules": 42280.41921885369,
    "final_emissions": 0.004474090472617309
  }
}