{
  "experiment_id": "0029",
  "local_process_results": {
    "cpu_power": {
      "process_0": 112.5,
      "process_2": 112.5,
      "process_3": 112.5,
      "process_1": 112.5
    },
    "gpu_power": {
      "process_0": 985.2236486437795,
      "process_2": 667.0988022876969,
      "process_3": 772.5338343410183,
      "process_1": 947.663515205476
    },
    "ram_power": {
      "process_0": 0.689791202545166,
      "process_2": 0.7340569496154785,
      "process_3": 0.7276897430419922,
      "process_1": 0.7326464653015137
    },
    "cpu_energy": {
      "process_0": 0.0012200841799312912,
      "process_2": 0.0012396113952927409,
      "process_3": 0.0012314889231874984,
      "process_1": 0.001223029588340069
    },
    "gpu_energy": {
      "process_0": 0.010392290813825866,
      "process_2": 0.01049818256520485,
      "process_3": 0.010465831705992024,
      "process_1": 0.01041583499932841
    },
    "ram_energy": {
      "process_0": 6.238507352713979e-06,
      "process_2": 6.766933628428882e-06,
      "process_3": 6.532326352848396e-06,
      "process_1": 6.633272962303326e-06
    },
    "total_energy_kwh": {
      "process_0": 0.011618613501109869,
      "process_2": 0.011744560894126024,
      "process_3": 0.01170385295553237,
      "process_1": 0.011645497860630787
    },
    "total_energy_joules": {
      "process_0": 41827.00860399553,
      "process_2": 42280.41921885369,
      "process_3": 42133.87063991653,
      "process_1": 41923.79229827083
    }
  },
  "global_experiment_results": {
    "cpu_power_avg": 112.5,
    "gpu_power_avg": 843.1299501194926,
    "ram_power_avg": 0.7210460901260376,
    "cpu_energy_total": 0.004914214086751599,
    "gpu_energy_total": 0.04177214008435115,
    "ram_energy_total": 2.6171040296294585e-05,
    "total_energy_kwh": 0.04671252521139905,
    "total_energy_joules": 168165.09076103658
  },
  "global_derived_quantities": {
    "tokens_per_joule": 0.0974280686071864,
    "joules_per_token": 10.2639825903953,
    "flops_per_joule": 313017297.8865375,
    "joules_per_flop": 3.1947116237725625e-09
  },
  "per-process_emissions": [
    0.004426110813247805,
    0.004474090472617309,
    0.0044585827834100564,
    0.004436352410007298
  ]
}