{
  "process_id": 2775556,
  "local_process_index": 1,
  "energy_results": {
    "cpu_power": 112.5,
    "gpu_power": 947.663515205476,
    "ram_power": 0.7326464653015137,
    "cpu_energy": 0.001223029588340069,
    "gpu_energy": 0.01041583499932841,
    "ram_energy": 6.633272962303326e-06,
    "total_energy_kwh": 0.011645497860630787,
    "total_energy_joules": 41923.79229827083,
    "final_emissions": 0.004436352410007298
  }
}