{
  "process_id": 2775558,
  "local_process_index": 3,
  "energy_results": {
    "cpu_power": 112.5,
    "gpu_power": 772.5338343410183,
    "ram_power": 0.7276897430419922,
    "cpu_energy": 0.0012314889231874984,
    "gpu_energy": 0.010465831705992024,
    "ram_energy": 6.532326352848396e-06,
    "total_energy_kwh": 0.01170385295553237,
    "total_energy_joules": 42133.87063991653,
    "final_emissions": 0.0044585827834100564
  }
}