{
  "process_id": 2782051,
  "local_process_index": 2,
  "energy_results": {
    "cpu_power": 112.5,
    "gpu_power": 747.1957221451357,
    "ram_power": 0.726163387298584,
    "cpu_energy": 0.0012351548660535629,
    "gpu_energy": 0.010472576711388015,
    "ram_energy": 6.605807759639341e-06,
    "total_energy_kwh": 0.011714337385201218,
    "total_energy_joules": 42171.61458672438,
    "final_emissions": 0.004462576826892405
  }
}