{
  "process_id": 2782052,
  "local_process_index": 3,
  "energy_results": {
    "cpu_power": 112.5,
    "gpu_power": 876.278985191758,
    "ram_power": 0.7258615493774414,
    "cpu_energy": 0.0012275555889918906,
    "gpu_energy": 0.01043847585077362,
    "ram_energy": 6.516119888369056e-06,
    "total_energy_kwh": 0.011672547559653879,
    "total_energy_joules": 42021.171214753966,
    "final_emissions": 0.004446656992850145
  }
}