{
  "process_id": 2782049,
  "local_process_index": 0,
  "energy_results": {
    "cpu_power": 112.5,
    "gpu_power": 997.2119350369967,
    "ram_power": 0.6901402473449707,
    "cpu_energy": 0.001223744971541237,
    "gpu_energy": 0.010418339167997281,
    "ram_energy": 6.1965731558796406e-06,
    "total_energy_kwh": 0.011648280712694399,
    "total_energy_joules": 41933.81056569984,
    "final_emissions": 0.004437412537500932
  }
}