{
  "process_id": 2782050,
  "local_process_index": 1,
  "energy_results": {
    "cpu_power": 112.5,
    "gpu_power": 982.7092783448747,
    "ram_power": 0.7102160453796387,
    "cpu_energy": 0.001222983914100041,
    "gpu_energy": 0.01041914083530493,
    "ram_energy": 6.463201756220851e-06,
    "total_energy_kwh": 0.011648587951161193,
    "total_energy_joules": 41934.916624180296,
    "final_emissions": 0.004437529579994857
  }
}