{
  "experiment_id": "0033",
  "local_process_results": {
    "cpu_power": {
      "process_1": 112.5,
      "process_2": 112.5,
      "process_0": 112.5,
      "process_3": 112.5
    },
    "gpu_power": {
      "process_1": 982.7092783448747,
      "process_2": 747.1957221451357,
      "process_0": 997.2119350369967,
      "process_3": 876.278985191758
    },
    "ram_power": {
      "process_1": 0.7102160453796387,
      "process_2": 0.726163387298584,
      "process_0": 0.6901402473449707,
      "process_3": 0.7258615493774414
    },
    "cpu_energy": {
      "process_1": 0.001222983914100041,
      "process_2": 0.0012351548660535629,
      "process_0": 0.001223744971541237,
      "process_3": 0.0012275555889918906
    },
    "gpu_energy": {
      "process_1": 0.01041914083530493,
      "process_2": 0.010472576711388015,
      "process_0": 0.010418339167997281,
      "process_3": 0.01043847585077362
    },
    "ram_energy": {
      "process_1": 6.463201756220851e-06,
      "process_2": 6.605807759639341e-06,
      "process_0": 6.1965731558796406e-06,
      "process_3": 6.516119888369056e-06
    },
    "total_energy_kwh": {
      "process_1": 0.011648587951161193,
      "process_2": 0.011714337385201218,
      "process_0": 0.011648280712694399,
      "process_3": 0.011672547559653879
    },
    "total_energy_joules": {
      "process_1": 41934.916624180296,
      "process_2": 42171.61458672438,
      "process_0": 41933.81056569984,
      "process_3": 42021.171214753966
    }
  },
  "global_experiment_results": {
    "cpu_power_avg": 112.5,
    "gpu_power_avg": 900.8489801796914,
    "ram_power_avg": 0.7130953073501587,
    "cpu_energy_total": 0.004909439340686731,
    "gpu_energy_total": 0.04174853256546385,
    "ram_energy_total": 2.5781702560108888e-05,
    "total_energy_kwh": 0.04668375360871069,
    "total_energy_joules": 168061.51299135847
  },
  "global_derived_quantities": {
    "tokens_per_joule": 0.09748811437180413,
    "joules_per_token": 10.257660705038969,
    "flops_per_joule": 313210213.1650488,
    "joules_per_flop": 3.1927439079805532e-09
  },
  "per-process_emissions": [
    0.004437529579994857,
    0.004462576826892405,
    0.004437412537500932,
    0.004446656992850145
  ]
}