{
  "process_id": 3062314,
  "local_process_index": 3,
  "energy_results": {
    "cpu_power": 112.5,
    "gpu_power": 600.8598574696889,
    "ram_power": 0.7222266197204591,
    "cpu_energy": 0.001268347282468312,
    "gpu_energy": 0.01049706589764643,
    "ram_energy": 6.658576784115726e-06,
    "total_energy_kwh": 0.011772071756898858,
    "total_energy_joules": 42379.45832483589,
    "final_emissions": 0.0044845707357906205
  }
}