{
  "process_id": 3062312,
  "local_process_index": 1,
  "energy_results": {
    "cpu_power": 112.5,
    "gpu_power": 603.890006348544,
    "ram_power": 0.713770866394043,
    "cpu_energy": 0.0012671632584733738,
    "gpu_energy": 0.01048994950306259,
    "ram_energy": 6.624762571859716e-06,
    "total_energy_kwh": 0.011763737524107825,
    "total_energy_joules": 42349.45508678817,
    "final_emissions": 0.004481395809808876
  }
}