{
  "process_id": 3062311,
  "local_process_index": 0,
  "energy_results": {
    "cpu_power": 112.5,
    "gpu_power": 931.9703724556891,
    "ram_power": 0.6848816871643066,
    "cpu_energy": 0.0012266717618440455,
    "gpu_energy": 0.010267645158553051,
    "ram_energy": 6.184736128303244e-06,
    "total_energy_kwh": 0.011500501656525396,
    "total_energy_joules": 41401.805963491424,
    "final_emissions": 0.00438111610605335
  }
}