{
  "experiment_id": "0137",
  "local_process_results": {
    "cpu_power": {
      "process_3": 112.5,
      "process_0": 112.5,
      "process_1": 112.5,
      "process_2": 112.5
    },
    "gpu_power": {
      "process_3": 600.8598574696889,
      "process_0": 931.9703724556891,
      "process_1": 603.890006348544,
      "process_2": 849.8314389414483
    },
    "ram_power": {
      "process_3": 0.7222266197204591,
      "process_0": 0.6848816871643066,
      "process_1": 0.713770866394043,
      "process_2": 0.7299227714538574
    },
    "cpu_energy": {
      "process_3": 0.001268347282468312,
      "process_0": 0.0012266717618440455,
      "process_1": 0.0012671632584733738,
      "process_2": 0.0012364378675083574
    },
    "gpu_energy": {
      "process_3": 0.01049706589764643,
      "process_0": 0.010267645158553051,
      "process_1": 0.01048994950306259,
      "process_2": 0.01032538381585546
    },
    "ram_energy": {
      "process_3": 6.658576784115726e-06,
      "process_0": 6.184736128303244e-06,
      "process_1": 6.624762571859716e-06,
      "process_2": 6.600033571903909e-06
    },
    "total_energy_kwh": {
      "process_3": 0.011772071756898858,
      "process_0": 0.011500501656525396,
      "process_1": 0.011763737524107825,
      "process_2": 0.011568421716935723
    },
    "total_energy_joules": {
      "process_3": 42379.45832483589,
      "process_0": 41401.805963491424,
      "process_1": 42349.45508678817,
      "process_2": 41646.31818096861
    }
  },
  "global_experiment_results": {
    "cpu_power_avg": 112.5,
    "gpu_power_avg": 746.6379188038426,
    "ram_power_avg": 0.7127004861831665,
    "cpu_energy_total": 0.004998620170294088,
    "gpu_energy_total": 0.04158004437511753,
    "ram_energy_total": 2.6068109056182594e-05,
    "total_energy_kwh": 0.0466047326544678,
    "total_energy_joules": 167777.03755608408
  },
  "global_derived_quantities": {
    "tokens_per_joule": 0.09765341097123138,
    "joules_per_token": 10.24029770239771,
    "flops_per_joule": 313741278.7567435,
    "joules_per_flop": 3.187339593829287e-09
  },
  "per-process_emissions": [
    0.0044845707357906205,
    0.00438111610605335,
    0.004481395809808876,
    0.0044069902530666635
  ]
}