{
  "process_id": 3062313,
  "local_process_index": 2,
  "energy_results": {
    "cpu_power": 112.5,
    "gpu_power": 849.8314389414483,
    "ram_power": 0.7299227714538574,
    "cpu_energy": 0.0012364378675083574,
    "gpu_energy": 0.01032538381585546,
    "ram_energy": 6.600033571903909e-06,
    "total_energy_kwh": 0.011568421716935723,
    "total_energy_joules": 41646.31818096861,
    "final_emissions": 0.0044069902530666635
  }
}