{
  "process_id": 4084834,
  "local_process_index": 3,
  "energy_results": {
    "cpu_power": 112.5,
    "gpu_power": 407.93298536779577,
    "ram_power": 0.7246870994567871,
    "cpu_energy": 0.0011797621955884098,
    "gpu_energy": 0.010302731575512425,
    "ram_energy": 7.161121462682665e-06,
    "total_energy_kwh": 0.011489654892563522,
    "total_energy_joules": 41362.75761322868,
    "final_emissions": 0.004376984031322074
  }
}