{
  "experiment_id": "0581",
  "local_process_results": {
    "cpu_power": {
      "process_3": 112.5,
      "process_2": 112.5,
      "process_0": 112.5,
      "process_1": 112.5
    },
    "gpu_power": {
      "process_3": 407.93298536779577,
      "process_2": 1005.2294202933246,
      "process_0": 7.881145495122132,
      "process_1": 1008.9894422605188
    },
    "ram_power": {
      "process_3": 0.7246870994567871,
      "process_2": 0.7248659133911133,
      "process_0": 0.688927173614502,
      "process_1": 0.7089343070983887
    },
    "cpu_energy": {
      "process_3": 0.0011797621955884098,
      "process_2": 0.001229859766935988,
      "process_0": 0.0012074061062412513,
      "process_1": 0.0011656243672459824
    },
    "gpu_energy": {
      "process_3": 0.010302731575512425,
      "process_2": 0.010224863457663602,
      "process_0": 0.01029881323904469,
      "process_1": 0.010224863457663602
    },
    "ram_energy": {
      "process_3": 7.161121462682665e-06,
      "process_2": 7.190675782322542e-06,
      "process_0": 6.975197666411023e-06,
      "process_1": 7.052602430843538e-06
    },
    "total_energy_kwh": {
      "process_3": 0.011489654892563522,
      "process_2": 0.011461913900381909,
      "process_0": 0.011513194542952354,
      "process_1": 0.01139754042734043
    },
    "total_energy_joules": {
      "process_3": 41362.75761322868,
      "process_2": 41262.89004137487,
      "process_0": 41447.50035462847,
      "process_1": 41031.145538425546
    }
  },
  "global_experiment_results": {
    "cpu_power_avg": 112.5,
    "gpu_power_avg": 607.5082483541903,
    "ram_power_avg": 0.7118536233901978,
    "cpu_energy_total": 0.004782652436011631,
    "gpu_energy_total": 0.04105127172988432,
    "ram_energy_total": 2.837959734225977e-05,
    "total_energy_kwh": 0.045862303763238216,
    "total_energy_joules": 165104.29354765758
  },
  "global_derived_quantities": {
    "tokens_per_joule": 0.09923424550598217,
    "joules_per_token": 10.077166354227147,
    "flops_per_joule": 318820190.4250891,
    "joules_per_flop": 3.136564214037639e-09
  },
  "per-process_emissions": [
    0.004376984031322074,
    0.004366416100350488,
    0.004385951461137699,
    0.004341893025795337
  ]
}