{
  "process_id": 4084830,
  "local_process_index": 0,
  "energy_results": {
    "cpu_power": 112.5,
    "gpu_power": 7.881145495122132,
    "ram_power": 0.688927173614502,
    "cpu_energy": 0.0012074061062412513,
    "gpu_energy": 0.01029881323904469,
    "ram_energy": 6.975197666411023e-06,
    "total_energy_kwh": 0.011513194542952354,
    "total_energy_joules": 41447.50035462847,
    "final_emissions": 0.004385951461137699
  }
}