{
  "process_id": 4084833,
  "local_process_index": 2,
  "energy_results": {
    "cpu_power": 112.5,
    "gpu_power": 1005.2294202933246,
    "ram_power": 0.7248659133911133,
    "cpu_energy": 0.001229859766935988,
    "gpu_energy": 0.010224863457663602,
    "ram_energy": 7.190675782322542e-06,
    "total_energy_kwh": 0.011461913900381909,
    "total_energy_joules": 41262.89004137487,
    "final_emissions": 0.004366416100350488
  }
}