{
  "process_id": 4084832,
  "local_process_index": 1,
  "energy_results": {
    "cpu_power": 112.5,
    "gpu_power": 1008.9894422605188,
    "ram_power": 0.7089343070983887,
    "cpu_energy": 0.0011656243672459824,
    "gpu_energy": 0.010224863457663602,
    "ram_energy": 7.052602430843538e-06,
    "total_energy_kwh": 0.01139754042734043,
    "total_energy_joules": 41031.145538425546,
    "final_emissions": 0.004341893025795337
  }
}