{
  "process_id": 2987897,
  "local_process_index": 3,
  "energy_results": {
    "cpu_power": 112.5,
    "gpu_power": 484.8151838446212,
    "ram_power": 0.7260560989379883,
    "cpu_energy": 0.0012872735846249273,
    "gpu_energy": 0.010637809065798365,
    "ram_energy": 6.8390936498095064e-06,
    "total_energy_kwh": 0.011931921744073098,
    "total_energy_joules": 42954.91827866315,
    "final_emissions": 0.0045454655884046465
  }
}