{
  "experiment_id": "0092",
  "local_process_results": {
    "cpu_power": {
      "process_0": 112.5,
      "process_2": 112.5,
      "process_3": 112.5,
      "process_1": 112.5
    },
    "gpu_power": {
      "process_0": 618.7246891584792,
      "process_2": 0.0,
      "process_3": 484.8151838446212,
      "process_1": 999.6649048689601
    },
    "ram_power": {
      "process_0": 0.690739631652832,
      "process_2": 0.7321114540100098,
      "process_3": 0.7260560989379883,
      "process_1": 0.7266354560852051
    },
    "cpu_energy": {
      "process_0": 0.001275092045434576,
      "process_2": 0.0012740062211887562,
      "process_3": 0.0012872735846249273,
      "process_1": 0.001250644866648145
    },
    "gpu_energy": {
      "process_0": 0.010590789028181113,
      "process_2": 0.010587811803575597,
      "process_3": 0.010637809065798365,
      "process_1": 0.010425488618163392
    },
    "ram_energy": {
      "process_0": 6.5550410941033026e-06,
      "process_2": 7.064240065382082e-06,
      "process_3": 6.8390936498095064e-06,
      "process_1": 6.79341177839114e-06
    },
    "total_energy_kwh": {
      "process_0": 0.011872436114709792,
      "process_2": 0.011868882264829737,
      "process_3": 0.011931921744073098,
      "process_1": 0.011682926896589927
    },
    "total_energy_joules": {
      "process_0": 42740.770012955254,
      "process_2": 42727.976153387055,
      "process_3": 42954.91827866315,
      "process_1": 42058.536827723736
    }
  },
  "global_experiment_results": {
    "cpu_power_avg": 112.5,
    "gpu_power_avg": 525.8011944680152,
    "ram_power_avg": 0.7188856601715088,
    "cpu_energy_total": 0.005087016717896404,
    "gpu_energy_total": 0.04224189851571847,
    "ram_energy_total": 2.7251786587686032e-05,
    "total_energy_kwh": 0.04735616702020255,
    "total_energy_joules": 170482.2012727292
  },
  "global_derived_quantities": {
    "tokens_per_joule": 0.09610387405656305,
    "joules_per_token": 10.405407792524976,
    "flops_per_joule": 308762920.2103939,
    "joules_per_flop": 3.23873086612405e-09
  },
  "per-process_emissions": [
    0.004522804537898695,
    0.004521450698786888,
    0.0045454655884046465,
    0.004450611001255933
  ]
}