{
  "process_id": 2987896,
  "local_process_index": 2,
  "energy_results": {
    "cpu_power": 112.5,
    "gpu_power": 0.0,
    "ram_power": 0.7321114540100098,
    "cpu_energy": 0.0012740062211887562,
    "gpu_energy": 0.010587811803575597,
    "ram_energy": 7.064240065382082e-06,
    "total_energy_kwh": 0.011868882264829737,
    "total_energy_joules": 42727.976153387055,
    "final_emissions": 0.004521450698786888
  }
}