{
  "process_id": 2987895,
  "local_process_index": 1,
  "energy_results": {
    "cpu_power": 112.5,
    "gpu_power": 999.6649048689601,
    "ram_power": 0.7266354560852051,
    "cpu_energy": 0.001250644866648145,
    "gpu_energy": 0.010425488618163392,
    "ram_energy": 6.79341177839114e-06,
    "total_energy_kwh": 0.011682926896589927,
    "total_energy_joules": 42058.536827723736,
    "final_emissions": 0.004450611001255933
  }
}