{
  "process_id": 2987894,
  "local_process_index": 0,
  "energy_results": {
    "cpu_power": 112.5,
    "gpu_power": 618.7246891584792,
    "ram_power": 0.690739631652832,
    "cpu_energy": 0.001275092045434576,
    "gpu_energy": 0.010590789028181113,
    "ram_energy": 6.5550410941033026e-06,
    "total_energy_kwh": 0.011872436114709792,
    "total_energy_joules": 42740.770012955254,
    "final_emissions": 0.004522804537898695
  }
}