{
  "process_id": 2807545,
  "local_process_index": 0,
  "energy_results": {
    "cpu_power": 112.5,
    "gpu_power": 993.0271110903559,
    "ram_power": 0.6893191337585449,
    "cpu_energy": 0.0012134038320582479,
    "gpu_energy": 0.010266590157709032,
    "ram_energy": 6.162878396671251e-06,
    "total_energy_kwh": 0.011486156868163951,
    "total_energy_joules": 41350.16472539023,
    "final_emissions": 0.004375651458927057
  }
}