{
  "process_id": 2807547,
  "local_process_index": 2,
  "energy_results": {
    "cpu_power": 112.5,
    "gpu_power": 725.722249256586,
    "ram_power": 0.732217311859131,
    "cpu_energy": 0.0012344974918469238,
    "gpu_energy": 0.010396123594667905,
    "ram_energy": 6.497690442819654e-06,
    "total_energy_kwh": 0.011637118776957651,
    "total_energy_joules": 41893.62759704755,
    "final_emissions": 0.004433160398082017
  }
}