{
  "process_id": 2807546,
  "local_process_index": 1,
  "energy_results": {
    "cpu_power": 112.5,
    "gpu_power": 700.965218732668,
    "ram_power": 0.7334818840026855,
    "cpu_energy": 0.0012365249532431336,
    "gpu_energy": 0.010406288880580483,
    "ram_energy": 6.596635882072915e-06,
    "total_energy_kwh": 0.011649410469705688,
    "total_energy_joules": 41937.87769094048,
    "final_emissions": 0.004437842918434382
  }
}