{
  "process_id": 2807548,
  "local_process_index": 3,
  "energy_results": {
    "cpu_power": 112.5,
    "gpu_power": 921.4878559038709,
    "ram_power": 0.7245254516601562,
    "cpu_energy": 0.001220655738685309,
    "gpu_energy": 0.010310270192653626,
    "ram_energy": 6.453973180605539e-06,
    "total_energy_kwh": 0.011537379904519538,
    "total_energy_joules": 41534.56765627034,
    "final_emissions": 0.004395164874626718
  }
}