{
  "experiment_id": "0049",
  "local_process_results": {
    "cpu_power": {
      "process_2": 112.5,
      "process_1": 112.5,
      "process_0": 112.5,
      "process_3": 112.5
    },
    "gpu_power": {
      "process_2": 725.722249256586,
      "process_1": 700.965218732668,
      "process_0": 993.0271110903559,
      "process_3": 921.4878559038709
    },
    "ram_power": {
      "process_2": 0.732217311859131,
      "process_1": 0.7334818840026855,
      "process_0": 0.6893191337585449,
      "process_3": 0.7245254516601562
    },
    "cpu_energy": {
      "process_2": 0.0012344974918469238,
      "process_1": 0.0012365249532431336,
      "process_0": 0.0012134038320582479,
      "process_3": 0.001220655738685309
    },
    "gpu_energy": {
      "process_2": 0.010396123594667905,
      "process_1": 0.010406288880580483,
      "process_0": 0.010266590157709032,
      "process_3": 0.010310270192653626
    },
    "ram_energy": {
      "process_2": 6.497690442819654e-06,
      "process_1": 6.596635882072915e-06,
      "process_0": 6.162878396671251e-06,
      "process_3": 6.453973180605539e-06
    },
    "total_energy_kwh": {
      "process_2": 0.011637118776957651,
      "process_1": 0.011649410469705688,
      "process_0": 0.011486156868163951,
      "process_3": 0.011537379904519538
    },
    "total_energy_joules": {
      "process_2": 41893.62759704755,
      "process_1": 41937.87769094048,
      "process_0": 41350.16472539023,
      "process_3": 41534.56765627034
    }
  },
  "global_experiment_results": {
    "cpu_power_avg": 112.5,
    "gpu_power_avg": 835.3006087458702,
    "ram_power_avg": 0.7198859453201294,
    "cpu_energy_total": 0.004905082015833615,
    "gpu_energy_total": 0.041379272825611046,
    "ram_energy_total": 2.571117790216936e-05,
    "total_energy_kwh": 0.04631006601934683,
    "total_energy_joules": 166716.2376696486
  },
  "global_derived_quantities": {
    "tokens_per_joule": 0.09827477052634313,
    "joules_per_token": 10.175551615579138,
    "flops_per_joule": 315737585.2804953,
    "joules_per_flop": 3.1671870775587864e-09
  },
  "per-process_emissions": [
    0.004433160398082017,
    0.004437842918434382,
    0.004375651458927057,
    0.004395164874626718
  ]
}