{
  "process_id": 4061832,
  "local_process_index": 1,
  "energy_results": {
    "cpu_power": 112.5,
    "gpu_power": 427.84463794734916,
    "ram_power": 0.706113338470459,
    "cpu_energy": 0.0012293822895971967,
    "gpu_energy": 0.010288677397598534,
    "ram_energy": 6.7706189188350155e-06,
    "total_energy_kwh": 0.011524830306114566,
    "total_energy_joules": 41489.389102012436,
    "final_emissions": 0.004390384105114344
  }
}