{
  "process_id": 4061833,
  "local_process_index": 2,
  "energy_results": {
    "cpu_power": 112.5,
    "gpu_power": 244.04704523041644,
    "ram_power": 0.7201151847839355,
    "cpu_energy": 0.0012607302494943727,
    "gpu_energy": 0.010182193145750418,
    "ram_energy": 7.303307593551212e-06,
    "total_energy_kwh": 0.011450226702838342,
    "total_energy_joules": 41220.81613021803,
    "final_emissions": 0.004361963862446266
  }
}