{
  "process_id": 4061831,
  "local_process_index": 0,
  "energy_results": {
    "cpu_power": 112.5,
    "gpu_power": 180388.34955300012,
    "ram_power": 0.6779608726501465,
    "cpu_energy": 0.001186436697116733,
    "gpu_energy": 0.010265005712000175,
    "ram_energy": 6.386972633344442e-06,
    "total_energy_kwh": 0.011457829381750254,
    "total_energy_joules": 41248.18577430092,
    "final_emissions": 0.004364860102977759
  }
}