{
  "process_id": 4061834,
  "local_process_index": 3,
  "energy_results": {
    "cpu_power": 112.5,
    "gpu_power": 877.2320956732724,
    "ram_power": 0.7207059860229492,
    "cpu_energy": 0.0012161939052166416,
    "gpu_energy": 0.010279308223438477,
    "ram_energy": 6.911612209302356e-06,
    "total_energy_kwh": 0.011502413740864423,
    "total_energy_joules": 41408.68946711192,
    "final_emissions": 0.004381844514582302
  }
}