{
  "experiment_id": "0568",
  "local_process_results": {
    "cpu_power": {
      "process_3": 112.5,
      "process_2": 112.5,
      "process_0": 112.5,
      "process_1": 112.5
    },
    "gpu_power": {
      "process_3": 877.2320956732724,
      "process_2": 244.04704523041644,
      "process_0": 180388.34955300012,
      "process_1": 427.84463794734916
    },
    "ram_power": {
      "process_3": 0.7207059860229492,
      "process_2": 0.7201151847839355,
      "process_0": 0.6779608726501465,
      "process_1": 0.706113338470459
    },
    "cpu_energy": {
      "process_3": 0.0012161939052166416,
      "process_2": 0.0012607302494943727,
      "process_0": 0.001186436697116733,
      "process_1": 0.0012293822895971967
    },
    "gpu_energy": {
      "process_3": 0.010279308223438477,
      "process_2": 0.010182193145750418,
      "process_0": 0.010265005712000175,
      "process_1": 0.010288677397598534
    },
    "ram_energy": {
      "process_3": 6.911612209302356e-06,
      "process_2": 7.303307593551212e-06,
      "process_0": 6.386972633344442e-06,
      "process_1": 6.7706189188350155e-06
    },
    "total_energy_kwh": {
      "process_3": 0.011502413740864423,
      "process_2": 0.011450226702838342,
      "process_0": 0.011457829381750254,
      "process_1": 0.011524830306114566
    },
    "total_energy_joules": {
      "process_3": 41408.68946711192,
      "process_2": 41220.81613021803,
      "process_0": 41248.18577430092,
      "process_1": 41489.389102012436
    }
  },
  "global_experiment_results": {
    "cpu_power_avg": 112.5,
    "gpu_power_avg": 45484.3683329628,
    "ram_power_avg": 0.7062238454818726,
    "cpu_energy_total": 0.004892743141424944,
    "gpu_energy_total": 0.0410151844787876,
    "ram_energy_total": 2.7372511355033026e-05,
    "total_energy_kwh": 0.04593530013156758,
    "total_energy_joules": 165367.08047364332
  },
  "global_derived_quantities": {
    "tokens_per_joule": 0.09907655110722795,
    "joules_per_token": 10.093205595315144,
    "flops_per_joule": 318313549.2148553,
    "joules_per_flop": 3.1415565013383077e-09
  },
  "per-process_emissions": [
    0.004381844514582302,
    0.004361963862446266,
    0.004364860102977759,
    0.004390384105114344
  ]
}