{
  "experiment_id": "0540",
  "local_process_results": {
    "cpu_power": {
      "process_1": 112.5,
      "process_2": 112.5,
      "process_0": 112.5,
      "process_3": 112.5
    },
    "gpu_power": {
      "process_1": 32.56837725064146,
      "process_2": 2444.5967309334014,
      "process_0": 44.23728914189299,
      "process_3": 60.857619903750646
    },
    "ram_power": {
      "process_1": 0.7295207977294922,
      "process_2": 0.7309298515319824,
      "process_0": 0.6867356300354004,
      "process_3": 0.706216335296631
    },
    "cpu_energy": {
      "process_1": 0.0011127373356866884,
      "process_2": 0.0010734991310018815,
      "process_0": 0.0011021786345081638,
      "process_3": 0.0011229811120610975
    },
    "gpu_energy": {
      "process_1": 0.008856603751942416,
      "process_2": 0.008857900419648956,
      "process_0": 0.009120003684886413,
      "process_3": 0.009129663692613477
    },
    "ram_energy": {
      "process_1": 6.471367987707079e-06,
      "process_2": 6.965071176037e-06,
      "process_0": 6.2768273910578385e-06,
      "process_3": 6.622551358122147e-06
    },
    "total_energy_kwh": {
      "process_1": 0.00997581245561681,
      "process_2": 0.009938364621826873,
      "process_0": 0.010228459146785636,
      "process_3": 0.010259267356032694
    },
    "total_energy_joules": {
      "process_1": 35912.92484022052,
      "process_2": 35778.11263857674,
      "process_0": 36822.45292842829,
      "process_3": 36933.3624817177
    }
  },
  "global_experiment_results": {
    "cpu_power_avg": 112.5,
    "gpu_power_avg": 645.5650043074216,
    "ram_power_avg": 0.7133506536483765,
    "cpu_energy_total": 0.004411396213257831,
    "gpu_energy_total": 0.03596417154909126,
    "ram_energy_total": 2.6335817912924066e-05,
    "total_energy_kwh": 0.04040190358026201,
    "total_energy_joules": 145446.85288894325
  },
  "global_derived_quantities": {
    "tokens_per_joule": 0.11264595743786972,
    "joules_per_token": 8.877371392147415,
    "flops_per_joule": 361909393.45422953,
    "joules_per_flop": 2.763122533116758e-09
  },
  "per-process_emissions": [
    0.003800285754967224,
    0.0037860200026849475,
    0.0038965315119679884,
    0.003908267899280655
  ]
}