{
  "process_id": 3991278,
  "local_process_index": 1,
  "energy_results": {
    "cpu_power": 112.5,
    "gpu_power": 32.56837725064146,
    "ram_power": 0.7295207977294922,
    "cpu_energy": 0.0011127373356866884,
    "gpu_energy": 0.008856603751942416,
    "ram_energy": 6.471367987707079e-06,
    "total_energy_kwh": 0.00997581245561681,
    "total_energy_joules": 35912.92484022052,
    "final_emissions": 0.003800285754967224
  }
}