{
  "process_id": 3991277,
  "local_process_index": 0,
  "energy_results": {
    "cpu_power": 112.5,
    "gpu_power": 44.23728914189299,
    "ram_power": 0.6867356300354004,
    "cpu_energy": 0.0011021786345081638,
    "gpu_energy": 0.009120003684886413,
    "ram_energy": 6.2768273910578385e-06,
    "total_energy_kwh": 0.010228459146785636,
    "total_energy_joules": 36822.45292842829,
    "final_emissions": 0.0038965315119679884
  }
}