{
  "process_id": 3991279,
  "local_process_index": 2,
  "energy_results": {
    "cpu_power": 112.5,
    "gpu_power": 2444.5967309334014,
    "ram_power": 0.7309298515319824,
    "cpu_energy": 0.0010734991310018815,
    "gpu_energy": 0.008857900419648956,
    "ram_energy": 6.965071176037e-06,
    "total_energy_kwh": 0.009938364621826873,
    "total_energy_joules": 35778.11263857674,
    "final_emissions": 0.0037860200026849475
  }
}