{
  "process_id": 3991280,
  "local_process_index": 3,
  "energy_results": {
    "cpu_power": 112.5,
    "gpu_power": 60.857619903750646,
    "ram_power": 0.706216335296631,
    "cpu_energy": 0.0011229811120610975,
    "gpu_energy": 0.009129663692613477,
    "ram_energy": 6.622551358122147e-06,
    "total_energy_kwh": 0.010259267356032694,
    "total_energy_joules": 36933.3624817177,
    "final_emissions": 0.003908267899280655
  }
}