{
  "experiment_id": "0469",
  "local_process_results": {
    "cpu_power": {
      "process_3": 112.5,
      "process_2": 112.5,
      "process_1": 112.5,
      "process_0": 112.5
    },
    "gpu_power": {
      "process_3": 901.8157076780151,
      "process_2": 954.9026048964262,
      "process_1": 846.4955506375096,
      "process_0": 1077.1741103805714
    },
    "ram_power": {
      "process_3": 0.7234969139099122,
      "process_2": 0.7238988876342773,
      "process_1": 0.7233953475952148,
      "process_0": 0.6863451004028321
    },
    "cpu_energy": {
      "process_3": 0.0013359653172519761,
      "process_2": 0.0012425488681492424,
      "process_1": 0.001320508455624804,
      "process_0": 0.0012761997297184283
    },
    "gpu_energy": {
      "process_3": 0.010405728324574426,
      "process_2": 0.010381542194117799,
      "process_1": 0.010408808049261253,
      "process_0": 0.010387164976391361
    },
    "ram_energy": {
      "process_3": 7.534778569931451e-06,
      "process_2": 6.938871679359133e-06,
      "process_1": 7.426517709948667e-06,
      "process_0": 6.800536679692186e-06
    },
    "total_energy_kwh": {
      "process_3": 0.011749228420396331,
      "process_2": 0.011631029933946397,
      "process_1": 0.011736743022596008,
      "process_0": 0.011670165242789481
    },
    "total_energy_joules": {
      "process_3": 42297.22231342679,
      "process_2": 41871.70776220703,
      "process_1": 42252.27488134563,
      "process_0": 42012.59487404213
    }
  },
  "global_experiment_results": {
    "cpu_power_avg": 112.5,
    "gpu_power_avg": 945.0969933981305,
    "ram_power_avg": 0.7142840623855591,
    "cpu_energy_total": 0.005175222370744451,
    "gpu_energy_total": 0.04158324354434484,
    "ram_energy_total": 2.8700704638931435e-05,
    "total_energy_kwh": 0.04678716661972822,
    "total_energy_joules": 168433.79983102158
  },
  "global_derived_quantities": {
    "tokens_per_joule": 0.09727263777482296,
    "joules_per_token": 10.280383290467626,
    "flops_per_joule": 312517929.07167554,
    "joules_per_flop": 3.1998164168387643e-09
  },
  "per-process_emissions": [
    0.004475868566749982,
    0.0044308408533368804,
    0.004471112254457949,
    0.004445749449240653
  ]
}