{
  "process_id": 3823318,
  "local_process_index": 0,
  "energy_results": {
    "cpu_power": 112.5,
    "gpu_power": 1077.1741103805714,
    "ram_power": 0.6863451004028321,
    "cpu_energy": 0.0012761997297184283,
    "gpu_energy": 0.010387164976391361,
    "ram_energy": 6.800536679692186e-06,
    "total_energy_kwh": 0.011670165242789481,
    "total_energy_joules": 42012.59487404213,
    "final_emissions": 0.004445749449240653
  }
}