{
  "process_id": 3823319,
  "local_process_index": 1,
  "energy_results": {
    "cpu_power": 112.5,
    "gpu_power": 846.4955506375096,
    "ram_power": 0.7233953475952148,
    "cpu_energy": 0.001320508455624804,
    "gpu_energy": 0.010408808049261253,
    "ram_energy": 7.426517709948667e-06,
    "total_energy_kwh": 0.011736743022596008,
    "total_energy_joules": 42252.27488134563,
    "final_emissions": 0.004471112254457949
  }
}