{
  "process_id": 3823320,
  "local_process_index": 2,
  "energy_results": {
    "cpu_power": 112.5,
    "gpu_power": 954.9026048964262,
    "ram_power": 0.7238988876342773,
    "cpu_energy": 0.0012425488681492424,
    "gpu_energy": 0.010381542194117799,
    "ram_energy": 6.938871679359133e-06,
    "total_energy_kwh": 0.011631029933946397,
    "total_energy_joules": 41871.70776220703,
    "final_emissions": 0.0044308408533368804
  }
}