{
  "process_id": 3823321,
  "local_process_index": 3,
  "energy_results": {
    "cpu_power": 112.5,
    "gpu_power": 901.8157076780151,
    "ram_power": 0.7234969139099122,
    "cpu_energy": 0.0013359653172519761,
    "gpu_energy": 0.010405728324574426,
    "ram_energy": 7.534778569931451e-06,
    "total_energy_kwh": 0.011749228420396331,
    "total_energy_joules": 42297.22231342679,
    "final_emissions": 0.004475868566749982
  }
}