{
  "process_id": 4072405,
  "local_process_index": 0,
  "energy_results": {
    "cpu_power": 112.5,
    "gpu_power": 1086.889948203496,
    "ram_power": 0.6846799850463867,
    "cpu_energy": 0.0010770531243160801,
    "gpu_energy": 0.010207711777274753,
    "ram_energy": 6.921464358168895e-06,
    "total_energy_kwh": 0.011291686365949008,
    "total_energy_joules": 40650.07091741643,
    "final_emissions": 0.004301567921108275
  }
}