{
  "process_id": 4072408,
  "local_process_index": 3,
  "energy_results": {
    "cpu_power": 112.5,
    "gpu_power": 860.3104779171322,
    "ram_power": 0.7294664382934571,
    "cpu_energy": 0.0012223779959949755,
    "gpu_energy": 0.010212861225834757,
    "ram_energy": 7.1676743884624595e-06,
    "total_energy_kwh": 0.011442406896218194,
    "total_energy_joules": 41192.664826385495,
    "final_emissions": 0.004358984907114321
  }
}