{
  "process_id": 4072406,
  "local_process_index": 1,
  "energy_results": {
    "cpu_power": 112.5,
    "gpu_power": 874.9935151415473,
    "ram_power": 0.7048172950744629,
    "cpu_energy": 0.0011311761195702276,
    "gpu_energy": 0.010211609002611866,
    "ram_energy": 7.108350791292396e-06,
    "total_energy_kwh": 0.01134989347297338,
    "total_energy_joules": 40859.61650270417,
    "final_emissions": 0.004323741918529209
  }
}