{
  "process_id": 4072407,
  "local_process_index": 2,
  "energy_results": {
    "cpu_power": 112.5,
    "gpu_power": 12.549926001624609,
    "ram_power": 0.7049546241760254,
    "cpu_energy": 0.0011871933314923807,
    "gpu_energy": 0.010156734792047928,
    "ram_energy": 7.502057177606175e-06,
    "total_energy_kwh": 0.011351430180717915,
    "total_energy_joules": 40865.148650584495,
    "final_emissions": 0.00432432732734449
  }
}