{
  "experiment_id": "0574",
  "local_process_results": {
    "cpu_power": {
      "process_0": 112.5,
      "process_3": 112.5,
      "process_1": 112.5,
      "process_2": 112.5
    },
    "gpu_power": {
      "process_0": 1086.889948203496,
      "process_3": 860.3104779171322,
      "process_1": 874.9935151415473,
      "process_2": 12.549926001624609
    },
    "ram_power": {
      "process_0": 0.6846799850463867,
      "process_3": 0.7294664382934571,
      "process_1": 0.7048172950744629,
      "process_2": 0.7049546241760254
    },
    "cpu_energy": {
      "process_0": 0.0010770531243160801,
      "process_3": 0.0012223779959949755,
      "process_1": 0.0011311761195702276,
      "process_2": 0.0011871933314923807
    },
    "gpu_energy": {
      "process_0": 0.010207711777274753,
      "process_3": 0.010212861225834757,
      "process_1": 0.010211609002611866,
      "process_2": 0.010156734792047928
    },
    "ram_energy": {
      "process_0": 6.921464358168895e-06,
      "process_3": 7.1676743884624595e-06,
      "process_1": 7.108350791292396e-06,
      "process_2": 7.502057177606175e-06
    },
    "total_energy_kwh": {
      "process_0": 0.011291686365949008,
      "process_3": 0.011442406896218194,
      "process_1": 0.01134989347297338,
      "process_2": 0.011351430180717915
    },
    "total_energy_joules": {
      "process_0": 40650.07091741643,
      "process_3": 41192.664826385495,
      "process_1": 40859.61650270417,
      "process_2": 40865.148650584495
    }
  },
  "global_experiment_results": {
    "cpu_power_avg": 112.5,
    "gpu_power_avg": 708.68596681595,
    "ram_power_avg": 0.705979585647583,
    "cpu_energy_total": 0.004617800571373664,
    "gpu_energy_total": 0.0407889167977693,
    "ram_energy_total": 2.8699546715529928e-05,
    "total_energy_kwh": 0.0454354169158585,
    "total_energy_joules": 163567.5008970906
  },
  "global_derived_quantities": {
    "tokens_per_joule": 0.10016659733835565,
    "joules_per_token": 9.98336797467594,
    "flops_per_joule": 321815654.21105176,
    "joules_per_flop": 3.1073690384998625e-09
  },
  "per-process_emissions": [
    0.004301567921108275,
    0.004358984907114321,
    0.004323741918529209,
    0.00432432732734449
  ]
}