{
  "experiment_id": "0520",
  "local_process_results": {
    "cpu_power": {
      "process_1": 112.5,
      "process_0": 112.5,
      "process_2": 112.5,
      "process_3": 112.5
    },
    "gpu_power": {
      "process_1": 39.68067081274167,
      "process_0": 38.86398161500949,
      "process_2": 4.048282755013721,
      "process_3": 971.2235712748025
    },
    "ram_power": {
      "process_1": 0.709134578704834,
      "process_0": 0.6889486312866211,
      "process_2": 0.732107162475586,
      "process_3": 0.7247486114501954
    },
    "cpu_energy": {
      "process_1": 0.0011793859815625181,
      "process_0": 0.0011241025162871665,
      "process_2": 0.001289025396343277,
      "process_3": 0.001116243658932945
    },
    "gpu_energy": {
      "process_1": 0.010229764572690314,
      "process_0": 0.010229764572690314,
      "process_2": 0.01022802096018438,
      "process_3": 0.010246680419557563
    },
    "ram_energy": {
      "process_1": 7.5720324470207e-06,
      "process_0": 7.335273041991252e-06,
      "process_2": 7.303386213084645e-06,
      "process_3": 7.318108636502088e-06
    },
    "total_energy_kwh": {
      "process_1": 0.011416722586699856,
      "process_0": 0.01136120236201947,
      "process_2": 0.011524349742740737,
      "process_3": 0.011370242187127011
    },
    "total_energy_joules": {
      "process_1": 41100.20131211948,
      "process_0": 40900.328503270095,
      "process_2": 41487.65907386665,
      "process_3": 40932.87187365724
    }
  },
  "global_experiment_results": {
    "cpu_power_avg": 112.5,
    "gpu_power_avg": 263.45412661439184,
    "ram_power_avg": 0.7137347459793091,
    "cpu_energy_total": 0.004708757553125906,
    "gpu_energy_total": 0.04093423052512257,
    "ram_energy_total": 2.9528800338598684e-05,
    "total_energy_kwh": 0.045672516878587074,
    "total_energy_joules": 164421.06076291346
  },
  "global_derived_quantities": {
    "tokens_per_joule": 0.09964660198625569,
    "joules_per_token": 10.035465134455167,
    "flops_per_joule": 320145011.013924,
    "joules_per_flop": 3.1235845182560323e-09
  },
  "per-process_emissions": [
    0.004349200469403311,
    0.004328050039811317,
    0.004390201034497084,
    0.004331493761186035
  ]
}