{
  "process_id": 3954974,
  "local_process_index": 1,
  "energy_results": {
    "cpu_power": 112.5,
    "gpu_power": 39.68067081274167,
    "ram_power": 0.709134578704834,
    "cpu_energy": 0.0011793859815625181,
    "gpu_energy": 0.010229764572690314,
    "ram_energy": 7.5720324470207e-06,
    "total_energy_kwh": 0.011416722586699856,
    "total_energy_joules": 41100.20131211948,
    "final_emissions": 0.004349200469403311
  }
}