{
  "process_id": 3954973,
  "local_process_index": 0,
  "energy_results": {
    "cpu_power": 112.5,
    "gpu_power": 38.86398161500949,
    "ram_power": 0.6889486312866211,
    "cpu_energy": 0.0011241025162871665,
    "gpu_energy": 0.010229764572690314,
    "ram_energy": 7.335273041991252e-06,
    "total_energy_kwh": 0.01136120236201947,
    "total_energy_joules": 40900.328503270095,
    "final_emissions": 0.004328050039811317
  }
}