{
  "process_id": 3954975,
  "local_process_index": 2,
  "energy_results": {
    "cpu_power": 112.5,
    "gpu_power": 4.048282755013721,
    "ram_power": 0.732107162475586,
    "cpu_energy": 0.001289025396343277,
    "gpu_energy": 0.01022802096018438,
    "ram_energy": 7.303386213084645e-06,
    "total_energy_kwh": 0.011524349742740737,
    "total_energy_joules": 41487.65907386665,
    "final_emissions": 0.004390201034497084
  }
}