{
  "process_id": 3954976,
  "local_process_index": 3,
  "energy_results": {
    "cpu_power": 112.5,
    "gpu_power": 971.2235712748025,
    "ram_power": 0.7247486114501954,
    "cpu_energy": 0.001116243658932945,
    "gpu_energy": 0.010246680419557563,
    "ram_energy": 7.318108636502088e-06,
    "total_energy_kwh": 0.011370242187127011,
    "total_energy_joules": 40932.87187365724,
    "final_emissions": 0.004331493761186035
  }
}