{
  "experiment_id": "0566",
  "local_process_results": {
    "cpu_power": {
      "process_1": 112.5,
      "process_2": 112.5,
      "process_3": 112.5,
      "process_0": 112.5
    },
    "gpu_power": {
      "process_1": 1008.3806571708318,
      "process_2": 900.1024403832176,
      "process_3": 1058.9746710080944,
      "process_0": 1039.2440304701804
    },
    "ram_power": {
      "process_1": 0.7324190139770509,
      "process_2": 0.732081413269043,
      "process_3": 0.7087225914001465,
      "process_0": 0.6896452903747559
    },
    "cpu_energy": {
      "process_1": 0.0012267243233436604,
      "process_2": 0.0012204932987897339,
      "process_3": 0.001219885056720159,
      "process_0": 0.0012201341838426743
    },
    "gpu_energy": {
      "process_1": 0.01026006265249002,
      "process_2": 0.010344250497617224,
      "process_3": 0.01039302025885469,
      "process_0": 0.01039302025885469
    },
    "ram_energy": {
      "process_1": 7.141880673550721e-06,
      "process_2": 6.9842413091092865e-06,
      "process_3": 6.801206839532211e-06,
      "process_0": 6.593091174955047e-06
    },
    "total_energy_kwh": {
      "process_1": 0.01149392885650723,
      "process_2": 0.011571728037716073,
      "process_3": 0.01161970652241438,
      "process_0": 0.011619747533872321
    },
    "total_energy_joules": {
      "process_1": 41378.143883426026,
      "process_2": 41658.22093577786,
      "process_3": 41830.94348069176,
      "process_0": 41831.09112194036
    }
  },
  "global_experiment_results": {
    "cpu_power_avg": 112.5,
    "gpu_power_avg": 1001.6754497580811,
    "ram_power_avg": 0.715717077255249,
    "cpu_energy_total": 0.0048872368626962275,
    "gpu_energy_total": 0.041390353667816626,
    "ram_energy_total": 2.7520419997147264e-05,
    "total_energy_kwh": 0.04630511095051,
    "total_energy_joules": 166698.399421836
  },
  "global_derived_quantities": {
    "tokens_per_joule": 0.09828528682233913,
    "joules_per_token": 10.17446285533667,
    "flops_per_joule": 315771372.07934594,
    "joules_per_flop": 3.1668481959432452e-09
  },
  "per-process_emissions": [
    0.004378612197886429,
    0.004408249795967939,
    0.004426527199713758,
    0.004426542823028661
  ]
}