{
  "process_id": 4058256,
  "local_process_index": 1,
  "energy_results": {
    "cpu_power": 112.5,
    "gpu_power": 1008.3806571708318,
    "ram_power": 0.7324190139770509,
    "cpu_energy": 0.0012267243233436604,
    "gpu_energy": 0.01026006265249002,
    "ram_energy": 7.141880673550721e-06,
    "total_energy_kwh": 0.01149392885650723,
    "total_energy_joules": 41378.143883426026,
    "final_emissions": 0.004378612197886429
  }
}