{
  "process_id": 4058258,
  "local_process_index": 3,
  "energy_results": {
    "cpu_power": 112.5,
    "gpu_power": 1058.9746710080944,
    "ram_power": 0.7087225914001465,
    "cpu_energy": 0.001219885056720159,
    "gpu_energy": 0.01039302025885469,
    "ram_energy": 6.801206839532211e-06,
    "total_energy_kwh": 0.01161970652241438,
    "total_energy_joules": 41830.94348069176,
    "final_emissions": 0.004426527199713758
  }
}