{
  "process_id": 4058255,
  "local_process_index": 0,
  "energy_results": {
    "cpu_power": 112.5,
    "gpu_power": 1039.2440304701804,
    "ram_power": 0.6896452903747559,
    "cpu_energy": 0.0012201341838426743,
    "gpu_energy": 0.01039302025885469,
    "ram_energy": 6.593091174955047e-06,
    "total_energy_kwh": 0.011619747533872321,
    "total_energy_joules": 41831.09112194036,
    "final_emissions": 0.004426542823028661
  }
}