{
  "process_id": 4058257,
  "local_process_index": 2,
  "energy_results": {
    "cpu_power": 112.5,
    "gpu_power": 900.1024403832176,
    "ram_power": 0.732081413269043,
    "cpu_energy": 0.0012204932987897339,
    "gpu_energy": 0.010344250497617224,
    "ram_energy": 6.9842413091092865e-06,
    "total_energy_kwh": 0.011571728037716073,
    "total_energy_joules": 41658.22093577786,
    "final_emissions": 0.004408249795967939
  }
}