{
  "experiment_id": "0205",
  "local_process_results": {
    "cpu_power": {
      "process_2": 112.5,
      "process_1": 112.5,
      "process_0": 112.5,
      "process_3": 112.5
    },
    "gpu_power": {
      "process_2": 958.6800000031149,
      "process_1": 808.6104514554814,
      "process_0": 980.8987510024516,
      "process_3": 762.2343819015875
    },
    "ram_power": {
      "process_2": 0.7263879776000977,
      "process_1": 0.7325334548950195,
      "process_0": 0.6887311935424805,
      "process_3": 0.7261290550231934
    },
    "cpu_energy": {
      "process_2": 0.0011759269661924916,
      "process_1": 0.0011876457577491236,
      "process_0": 0.001179619774999083,
      "process_3": 0.0011875298463146467
    },
    "gpu_energy": {
      "process_2": 0.010302926575667115,
      "process_1": 0.010367095515890767,
      "process_0": 0.010341333828614907,
      "process_3": 0.010366071070627925
    },
    "ram_energy": {
      "process_2": 6.5562116587071435e-06,
      "process_1": 6.6850278404533885e-06,
      "process_0": 6.245227395553203e-06,
      "process_3": 6.636442638041525e-06
    },
    "total_energy_kwh": {
      "process_2": 0.011485409753518316,
      "process_1": 0.011561426301480346,
      "process_0": 0.011527198831009543,
      "process_3": 0.01156023735958061
    },
    "total_energy_joules": {
      "process_2": 41347.47511266594,
      "process_1": 41621.13468532924,
      "process_0": 41497.915791634354,
      "process_3": 41616.854494490195
    }
  },
  "global_experiment_results": {
    "cpu_power_avg": 112.5,
    "gpu_power_avg": 877.6058960906589,
    "ram_power_avg": 0.7184454202651978,
    "cpu_energy_total": 0.004730722345255345,
    "gpu_energy_total": 0.041377426990800714,
    "ram_energy_total": 2.6122909532755258e-05,
    "total_energy_kwh": 0.04613427224558881,
    "total_energy_joules": 166083.38008411974
  },
  "global_derived_quantities": {
    "tokens_per_joule": 0.09864924468481825,
    "joules_per_token": 10.136925053962386,
    "flops_per_joule": 316940697.3906903,
    "joules_per_flop": 3.1551643832199554e-09
  },
  "per-process_emissions": [
    0.0043753668456028025,
    0.004404325349548938,
    0.004391286394673085,
    0.004403872422132233
  ]
}