{
  "process_id": 3179157,
  "local_process_index": 2,
  "energy_results": {
    "cpu_power": 112.5,
    "gpu_power": 958.6800000031149,
    "ram_power": 0.7263879776000977,
    "cpu_energy": 0.0011759269661924916,
    "gpu_energy": 0.010302926575667115,
    "ram_energy": 6.5562116587071435e-06,
    "total_energy_kwh": 0.011485409753518316,
    "total_energy_joules": 41347.47511266594,
    "final_emissions": 0.0043753668456028025
  }
}