{
  "process_id": 3179158,
  "local_process_index": 3,
  "energy_results": {
    "cpu_power": 112.5,
    "gpu_power": 762.2343819015875,
    "ram_power": 0.7261290550231934,
    "cpu_energy": 0.0011875298463146467,
    "gpu_energy": 0.010366071070627925,
    "ram_energy": 6.636442638041525e-06,
    "total_energy_kwh": 0.01156023735958061,
    "total_energy_joules": 41616.854494490195,
    "final_emissions": 0.004403872422132233
  }
}