{
  "process_id": 3179156,
  "local_process_index": 1,
  "energy_results": {
    "cpu_power": 112.5,
    "gpu_power": 808.6104514554814,
    "ram_power": 0.7325334548950195,
    "cpu_energy": 0.0011876457577491236,
    "gpu_energy": 0.010367095515890767,
    "ram_energy": 6.6850278404533885e-06,
    "total_energy_kwh": 0.011561426301480346,
    "total_energy_joules": 41621.13468532924,
    "final_emissions": 0.004404325349548938
  }
}