{
  "process_id": 3179155,
  "local_process_index": 0,
  "energy_results": {
    "cpu_power": 112.5,
    "gpu_power": 980.8987510024516,
    "ram_power": 0.6887311935424805,
    "cpu_energy": 0.001179619774999083,
    "gpu_energy": 0.010341333828614907,
    "ram_energy": 6.245227395553203e-06,
    "total_energy_kwh": 0.011527198831009543,
    "total_energy_joules": 41497.915791634354,
    "final_emissions": 0.004391286394673085
  }
}