{
  "process_id": 4065390,
  "local_process_index": 0,
  "energy_results": {
    "cpu_power": 112.5,
    "gpu_power": 1259.626028246879,
    "ram_power": 0.6910171508789064,
    "cpu_energy": 0.001190649396337904,
    "gpu_energy": 0.010479701717086343,
    "ram_energy": 6.97121961774133e-06,
    "total_energy_kwh": 0.011677322333041983,
    "total_energy_joules": 42038.36039895114,
    "final_emissions": 0.004448475942772344
  }
}