{
  "process_id": 4065391,
  "local_process_index": 1,
  "energy_results": {
    "cpu_power": 112.5,
    "gpu_power": 1134.206302168801,
    "ram_power": 0.7104835510253906,
    "cpu_energy": 0.0011384827800320638,
    "gpu_energy": 0.010477358381878688,
    "ram_energy": 7.165747299803208e-06,
    "total_energy_kwh": 0.011623006909210561,
    "total_energy_joules": 41842.82487315802,
    "final_emissions": 0.004427784482063764
  }
}