{
  "process_id": 4065393,
  "local_process_index": 3,
  "energy_results": {
    "cpu_power": 112.5,
    "gpu_power": 864.0046559167854,
    "ram_power": 0.7092289924621582,
    "cpu_energy": 0.0011472348268107455,
    "gpu_energy": 0.01048298533082459,
    "ram_energy": 7.196222429753271e-06,
    "total_energy_kwh": 0.011637416380065095,
    "total_energy_joules": 41894.69896823434,
    "final_emissions": 0.004433273769985798
  }
}