{
  "experiment_id": "0570",
  "local_process_results": {
    "cpu_power": {
      "process_3": 112.5,
      "process_2": 112.5,
      "process_0": 112.5,
      "process_1": 112.5
    },
    "gpu_power": {
      "process_3": 864.0046559167854,
      "process_2": 1016.5482822672287,
      "process_0": 1259.626028246879,
      "process_1": 1134.206302168801
    },
    "ram_power": {
      "process_3": 0.7092289924621582,
      "process_2": 0.7263665199279785,
      "process_0": 0.6910171508789064,
      "process_1": 0.7104835510253906
    },
    "cpu_energy": {
      "process_3": 0.0011472348268107455,
      "process_2": 0.0011926124103974868,
      "process_0": 0.001190649396337904,
      "process_1": 0.0011384827800320638
    },
    "gpu_energy": {
      "process_3": 0.01048298533082459,
      "process_2": 0.01038355386238976,
      "process_0": 0.010479701717086343,
      "process_1": 0.010477358381878688
    },
    "ram_energy": {
      "process_3": 7.196222429753271e-06,
      "process_2": 7.275538877449094e-06,
      "process_0": 6.97121961774133e-06,
      "process_1": 7.165747299803208e-06
    },
    "total_energy_kwh": {
      "process_3": 0.011637416380065095,
      "process_2": 0.011583441811664695,
      "process_0": 0.011677322333041983,
      "process_1": 0.011623006909210561
    },
    "total_energy_joules": {
      "process_3": 41894.69896823434,
      "process_2": 41700.3905219929,
      "process_0": 42038.36039895114,
      "process_1": 41842.82487315802
    }
  },
  "global_experiment_results": {
    "cpu_power_avg": 112.5,
    "gpu_power_avg": 1068.5963171499236,
    "ram_power_avg": 0.7092740535736084,
    "cpu_energy_total": 0.0046689794135782,
    "gpu_energy_total": 0.04182359929217938,
    "ram_energy_total": 2.8608728224746904e-05,
    "total_energy_kwh": 0.04652118743398233,
    "total_energy_joules": 167476.2747623364
  },
  "global_derived_quantities": {
    "tokens_per_joule": 0.09782878215586262,
    "joules_per_token": 10.221940598287134,
    "flops_per_joule": 314304712.0170471,
    "joules_per_flop": 3.181625861039469e-09
  },
  "per-process_emissions": [
    0.004433273769985798,
    0.004412712158153666,
    0.004448475942772344,
    0.004427784482063764
  ]
}