{
  "process_id": 4065392,
  "local_process_index": 2,
  "energy_results": {
    "cpu_power": 112.5,
    "gpu_power": 1016.5482822672287,
    "ram_power": 0.7263665199279785,
    "cpu_energy": 0.0011926124103974868,
    "gpu_energy": 0.01038355386238976,
    "ram_energy": 7.275538877449094e-06,
    "total_energy_kwh": 0.011583441811664695,
    "total_energy_joules": 41700.3905219929,
    "final_emissions": 0.004412712158153666
  }
}