{
  "process_id": 4077679,
  "local_process_index": 1,
  "energy_results": {
    "cpu_power": 112.5,
    "gpu_power": 784.4801101681451,
    "ram_power": 0.7232837677001953,
    "cpu_energy": 0.001149483217195666,
    "gpu_energy": 0.01029475073579178,
    "ram_energy": 6.620360187652463e-06,
    "total_energy_kwh": 0.011450854313175099,
    "total_energy_joules": 41223.07552743035,
    "final_emissions": 0.004362202950604054
  }
}