{
  "process_id": 4077680,
  "local_process_index": 2,
  "energy_results": {
    "cpu_power": 112.5,
    "gpu_power": 1042.8676550273683,
    "ram_power": 0.7061877250671387,
    "cpu_energy": 0.001217592709717792,
    "gpu_energy": 0.010197870380510565,
    "ram_energy": 6.589430550247742e-06,
    "total_energy_kwh": 0.011422052520778606,
    "total_energy_joules": 41119.38907480298,
    "final_emissions": 0.00435123090779061
  }
}