{
  "process_id": 4077678,
  "local_process_index": 0,
  "energy_results": {
    "cpu_power": 112.5,
    "gpu_power": 973.6899397521186,
    "ram_power": 0.6863322257995605,
    "cpu_energy": 0.0011975580211583293,
    "gpu_energy": 0.010279423779088859,
    "ram_energy": 6.241649325909776e-06,
    "total_energy_kwh": 0.011483223449573097,
    "total_energy_joules": 41339.60441846315,
    "final_emissions": 0.0043745339731148716
  }
}