{
  "experiment_id": "0577",
  "local_process_results": {
    "cpu_power": {
      "process_1": 112.5,
      "process_0": 112.5,
      "process_3": 112.5,
      "process_2": 112.5
    },
    "gpu_power": {
      "process_1": 784.4801101681451,
      "process_0": 973.6899397521186,
      "process_3": 644.4757901814364,
      "process_2": 1042.8676550273683
    },
    "ram_power": {
      "process_1": 0.7232837677001953,
      "process_0": 0.6863322257995605,
      "process_3": 0.707676887512207,
      "process_2": 0.7061877250671387
    },
    "cpu_energy": {
      "process_1": 0.001149483217195666,
      "process_0": 0.0011975580211583293,
      "process_3": 0.001149846760934452,
      "process_2": 0.001217592709717792
    },
    "gpu_energy": {
      "process_1": 0.01029475073579178,
      "process_0": 0.010279423779088859,
      "process_3": 0.010305127410763504,
      "process_2": 0.010197870380510565
    },
    "ram_energy": {
      "process_1": 6.620360187652463e-06,
      "process_0": 6.241649325909776e-06,
      "process_3": 6.4965924096096245e-06,
      "process_2": 6.589430550247742e-06
    },
    "total_energy_kwh": {
      "process_1": 0.011450854313175099,
      "process_0": 0.011483223449573097,
      "process_3": 0.011461470764107567,
      "process_2": 0.011422052520778606
    },
    "total_energy_joules": {
      "process_1": 41223.07552743035,
      "process_0": 41339.60441846315,
      "process_3": 41261.29475078724,
      "process_2": 41119.38907480298
    }
  },
  "global_experiment_results": {
    "cpu_power_avg": 112.5,
    "gpu_power_avg": 861.3783737822671,
    "ram_power_avg": 0.7058701515197754,
    "cpu_energy_total": 0.004714480709006239,
    "gpu_energy_total": 0.04107717230615471,
    "ram_energy_total": 2.5948032473419607e-05,
    "total_energy_kwh": 0.04581760104763437,
    "total_energy_joules": 164943.3637714837
  },
  "global_derived_quantities": {
    "tokens_per_joule": 0.09933106507212237,
    "joules_per_token": 10.067343980193098,
    "flops_per_joule": 319131252.72375727,
    "joules_per_flop": 3.1335069551010364e-09
  },
  "per-process_emissions": [
    0.004362202950604054,
    0.0043745339731148716,
    0.0043662472875867775,
    0.00435123090779061
  ]
}