{
  "process_id": 4077681,
  "local_process_index": 3,
  "energy_results": {
    "cpu_power": 112.5,
    "gpu_power": 644.4757901814364,
    "ram_power": 0.707676887512207,
    "cpu_energy": 0.001149846760934452,
    "gpu_energy": 0.010305127410763504,
    "ram_energy": 6.4965924096096245e-06,
    "total_energy_kwh": 0.011461470764107567,
    "total_energy_joules": 41261.29475078724,
    "final_emissions": 0.0043662472875867775
  }
}