{
  "experiment_id": "0086",
  "local_process_results": {
    "cpu_power": {
      "process_3": 112.5,
      "process_2": 112.5,
      "process_1": 112.5,
      "process_0": 112.5
    },
    "gpu_power": {
      "process_3": 689.9207883008374,
      "process_2": 970.8889768016953,
      "process_1": 464.5670228560088,
      "process_0": 835.0470941675596
    },
    "ram_power": {
      "process_3": 0.7265067100524902,
      "process_2": 0.7089099884033203,
      "process_1": 0.7196431159973145,
      "process_0": 0.6905479431152344
    },
    "cpu_energy": {
      "process_3": 0.001275092104377109,
      "process_2": 0.0012576367957881304,
      "process_1": 0.0012875598343489402,
      "process_0": 0.0013099801650878363
    },
    "gpu_energy": {
      "process_3": 0.010589236249159306,
      "process_2": 0.010477108381679479,
      "process_1": 0.010638164066079092,
      "process_0": 0.010590953194977715
    },
    "ram_energy": {
      "process_3": 6.928361355704671e-06,
      "process_2": 6.571228410978785e-06,
      "process_1": 6.791634833322085e-06,
      "process_0": 6.608768539146053e-06
    },
    "total_energy_kwh": {
      "process_3": 0.011871256714892116,
      "process_2": 0.011741316405878586,
      "process_1": 0.011932515535261347,
      "process_0": 0.011907542128604696
    },
    "total_energy_joules": {
      "process_3": 42736.524173611615,
      "process_2": 42268.73906116291,
      "process_1": 42957.05592694085,
      "process_0": 42867.15166297691
    }
  },
  "global_experiment_results": {
    "cpu_power_avg": 112.5,
    "gpu_power_avg": 740.1059705315254,
    "ram_power_avg": 0.7114019393920898,
    "cpu_energy_total": 0.005130268899602016,
    "gpu_energy_total": 0.04229546189189559,
    "ram_energy_total": 2.6899993139151593e-05,
    "total_energy_kwh": 0.04745263078463675,
    "total_energy_joules": 170829.47082469228
  },
  "global_derived_quantities": {
    "tokens_per_joule": 0.09590850993628319,
    "joules_per_token": 10.42660344388991,
    "flops_per_joule": 308135253.56454736,
    "joules_per_flop": 3.2453281097565898e-09
  },
  "per-process_emissions": [
    0.004522355245538152,
    0.004472854484819448,
    0.00454569179315781,
    0.004536178173891959
  ]
}