{
  "process_id": 2978019,
  "local_process_index": 0,
  "energy_results": {
    "cpu_power": 112.5,
    "gpu_power": 835.0470941675596,
    "ram_power": 0.6905479431152344,
    "cpu_energy": 0.0013099801650878363,
    "gpu_energy": 0.010590953194977715,
    "ram_energy": 6.608768539146053e-06,
    "total_energy_kwh": 0.011907542128604696,
    "total_energy_joules": 42867.15166297691,
    "final_emissions": 0.004536178173891959
  }
}