{
  "process_id": 2978024,
  "local_process_index": 3,
  "energy_results": {
    "cpu_power": 112.5,
    "gpu_power": 689.9207883008374,
    "ram_power": 0.7265067100524902,
    "cpu_energy": 0.001275092104377109,
    "gpu_energy": 0.010589236249159306,
    "ram_energy": 6.928361355704671e-06,
    "total_energy_kwh": 0.011871256714892116,
    "total_energy_joules": 42736.524173611615,
    "final_emissions": 0.004522355245538152
  }
}