{
  "process_id": 2978020,
  "local_process_index": 1,
  "energy_results": {
    "cpu_power": 112.5,
    "gpu_power": 464.5670228560088,
    "ram_power": 0.7196431159973145,
    "cpu_energy": 0.0012875598343489402,
    "gpu_energy": 0.010638164066079092,
    "ram_energy": 6.791634833322085e-06,
    "total_energy_kwh": 0.011932515535261347,
    "total_energy_joules": 42957.05592694085,
    "final_emissions": 0.00454569179315781
  }
}