{
  "process_id": 2978022,
  "local_process_index": 2,
  "energy_results": {
    "cpu_power": 112.5,
    "gpu_power": 970.8889768016953,
    "ram_power": 0.7089099884033203,
    "cpu_energy": 0.0012576367957881304,
    "gpu_energy": 0.010477108381679479,
    "ram_energy": 6.571228410978785e-06,
    "total_energy_kwh": 0.011741316405878586,
    "total_energy_joules": 42268.73906116291,
    "final_emissions": 0.004472854484819448
  }
}