{
  "process_id": 3609590,
  "local_process_index": 0,
  "energy_results": {
    "cpu_power": 112.5,
    "gpu_power": 1010.948547125438,
    "ram_power": 0.6883535385131836,
    "cpu_energy": 0.0011624153006905542,
    "gpu_energy": 0.010160460628362955,
    "ram_energy": 6.0627569488880496e-06,
    "total_energy_kwh": 0.011328938686002394,
    "total_energy_joules": 40784.17926960862,
    "final_emissions": 0.004315759192432612
  }
}