{
  "process_id": 3609591,
  "local_process_index": 1,
  "energy_results": {
    "cpu_power": 112.5,
    "gpu_power": 998.2177834854402,
    "ram_power": 0.7318196296691895,
    "cpu_energy": 0.001163532626809683,
    "gpu_energy": 0.01016466090949919,
    "ram_energy": 6.443643734286949e-06,
    "total_energy_kwh": 0.011334637180043154,
    "total_energy_joules": 40804.69384815535,
    "final_emissions": 0.004317930033737439
  }
}