{
  "process_id": 3609593,
  "local_process_index": 3,
  "energy_results": {
    "cpu_power": 112.5,
    "gpu_power": 880.6071079318831,
    "ram_power": 0.7245268821716309,
    "cpu_energy": 0.0011697085555661033,
    "gpu_energy": 0.010190719541457227,
    "ram_energy": 6.417900770399026e-06,
    "total_energy_kwh": 0.011366845997793732,
    "total_energy_joules": 40920.64559205744,
    "final_emissions": 0.004330199982859522
  }
}