{
  "process_id": 3609592,
  "local_process_index": 2,
  "energy_results": {
    "cpu_power": 112.5,
    "gpu_power": 1077.1319977781538,
    "ram_power": 0.717165470123291,
    "cpu_energy": 0.0011614717505963195,
    "gpu_energy": 0.010160460628362955,
    "ram_energy": 6.314984366886349e-06,
    "total_energy_kwh": 0.011328247363326164,
    "total_energy_joules": 40781.69050797419,
    "final_emissions": 0.0043154958330591025
  }
}