{
  "experiment_id": "0454",
  "local_process_results": {
    "cpu_power": {
      "process_0": 112.5,
      "process_2": 112.5,
      "process_1": 112.5,
      "process_3": 112.5
    },
    "gpu_power": {
      "process_0": 1010.948547125438,
      "process_2": 1077.1319977781538,
      "process_1": 998.2177834854402,
      "process_3": 880.6071079318831
    },
    "ram_power": {
      "process_0": 0.6883535385131836,
      "process_2": 0.717165470123291,
      "process_1": 0.7318196296691895,
      "process_3": 0.7245268821716309
    },
    "cpu_energy": {
      "process_0": 0.0011624153006905542,
      "process_2": 0.0011614717505963195,
      "process_1": 0.001163532626809683,
      "process_3": 0.0011697085555661033
    },
    "gpu_energy": {
      "process_0": 0.010160460628362955,
      "process_2": 0.010160460628362955,
      "process_1": 0.01016466090949919,
      "process_3": 0.010190719541457227
    },
    "ram_energy": {
      "process_0": 6.0627569488880496e-06,
      "process_2": 6.314984366886349e-06,
      "process_1": 6.443643734286949e-06,
      "process_3": 6.417900770399026e-06
    },
    "total_energy_kwh": {
      "process_0": 0.011328938686002394,
      "process_2": 0.011328247363326164,
      "process_1": 0.011334637180043154,
      "process_3": 0.011366845997793732
    },
    "total_energy_joules": {
      "process_0": 40784.17926960862,
      "process_2": 40781.69050797419,
      "process_1": 40804.69384815535,
      "process_3": 40920.64559205744
    }
  },
  "global_experiment_results": {
    "cpu_power_avg": 112.5,
    "gpu_power_avg": 991.7263590802288,
    "ram_power_avg": 0.7154663801193237,
    "cpu_energy_total": 0.00465712823366266,
    "gpu_energy_total": 0.04067630170768233,
    "ram_energy_total": 2.5239285820460375e-05,
    "total_energy_kwh": 0.045358669227165443,
    "total_energy_joules": 163291.2092177956
  },
  "global_derived_quantities": {
    "tokens_per_joule": 0.10033608103267361,
    "joules_per_token": 9.966504468859595,
    "flops_per_joule": 322360172.1183617,
    "joules_per_flop": 3.102120195024675e-09
  },
  "per-process_emissions": [
    0.004315759192432612,
    0.0043154958330591025,
    0.004317930033737439,
    0.004330199982859522
  ]
}