{
  "process_id": 2976350,
  "local_process_index": 1,
  "energy_results": {
    "cpu_power": 112.5,
    "gpu_power": 1004.0849337144186,
    "ram_power": 0.7292704582214355,
    "cpu_energy": 0.0013271105495678056,
    "gpu_energy": 0.01054180398899085,
    "ram_energy": 7.214817326875466e-06,
    "total_energy_kwh": 0.01187612935588553,
    "total_energy_joules": 42754.06568118791,
    "final_emissions": 0.004524211478124593
  }
}