{
  "process_id": 2976349,
  "local_process_index": 0,
  "energy_results": {
    "cpu_power": 112.5,
    "gpu_power": 2000.236916740675,
    "ram_power": 0.6860160827636719,
    "cpu_energy": 0.00133216423039994,
    "gpu_energy": 0.010581666520883104,
    "ram_energy": 7.0066654333407915e-06,
    "total_energy_kwh": 0.011920837416716387,
    "total_energy_joules": 42915.014700178996,
    "final_emissions": 0.004541243013898108
  }
}