{
  "process_id": 2976352,
  "local_process_index": 3,
  "energy_results": {
    "cpu_power": 112.5,
    "gpu_power": 569.9324450899375,
    "ram_power": 0.7290072441101074,
    "cpu_energy": 0.0013368580817241314,
    "gpu_energy": 0.010595843476666644,
    "ram_energy": 7.202769650813299e-06,
    "total_energy_kwh": 0.01193990432804159,
    "total_energy_joules": 42983.65558094972,
    "final_emissions": 0.004548506553767444
  }
}