{
  "process_id": 2976351,
  "local_process_index": 2,
  "energy_results": {
    "cpu_power": 112.5,
    "gpu_power": 1228.960567392043,
    "ram_power": 0.7291402816772461,
    "cpu_energy": 0.0013349303771919953,
    "gpu_energy": 0.010575600960475384,
    "ram_energy": 7.483510490796886e-06,
    "total_energy_kwh": 0.011918014848158172,
    "total_energy_joules": 42904.85345336942,
    "final_emissions": 0.004540167756405856
  }
}