{
  "experiment_id": "0085",
  "local_process_results": {
    "cpu_power": {
      "process_0": 112.5,
      "process_3": 112.5,
      "process_1": 112.5,
      "process_2": 112.5
    },
    "gpu_power": {
      "process_0": 2000.236916740675,
      "process_3": 569.9324450899375,
      "process_1": 1004.0849337144186,
      "process_2": 1228.960567392043
    },
    "ram_power": {
      "process_0": 0.6860160827636719,
      "process_3": 0.7290072441101074,
      "process_1": 0.7292704582214355,
      "process_2": 0.7291402816772461
    },
    "cpu_energy": {
      "process_0": 0.00133216423039994,
      "process_3": 0.0013368580817241314,
      "process_1": 0.0013271105495678056,
      "process_2": 0.0013349303771919953
    },
    "gpu_energy": {
      "process_0": 0.010581666520883104,
      "process_3": 0.010595843476666644,
      "process_1": 0.01054180398899085,
      "process_2": 0.010575600960475384
    },
    "ram_energy": {
      "process_0": 7.0066654333407915e-06,
      "process_3": 7.202769650813299e-06,
      "process_1": 7.214817326875466e-06,
      "process_2": 7.483510490796886e-06
    },
    "total_energy_kwh": {
      "process_0": 0.011920837416716387,
      "process_3": 0.01193990432804159,
      "process_1": 0.01187612935588553,
      "process_2": 0.011918014848158172
    },
    "total_energy_joules": {
      "process_0": 42915.014700178996,
      "process_3": 42983.65558094972,
      "process_1": 42754.06568118791,
      "process_2": 42904.85345336942
    }
  },
  "global_experiment_results": {
    "cpu_power_avg": 112.5,
    "gpu_power_avg": 1200.8037157342685,
    "ram_power_avg": 0.7183585166931152,
    "cpu_energy_total": 0.005331063238883872,
    "gpu_energy_total": 0.04229491494701598,
    "ram_energy_total": 2.8907762901826442e-05,
    "total_energy_kwh": 0.04765488594880168,
    "total_energy_joules": 171557.58941568603
  },
  "global_derived_quantities": {
    "tokens_per_joule": 0.09550145846536336,
    "joules_per_token": 10.471044275859743,
    "flops_per_joule": 306827476.9314933,
    "joules_per_flop": 3.2591605223911364e-09
  },
  "per-process_emissions": [
    0.004541243013898108,
    0.004548506553767444,
    0.004524211478124593,
    0.004540167756405856
  ]
}