{
  "process_id": 3037255,
  "local_process_index": 0,
  "energy_results": {
    "cpu_power": 112.5,
    "gpu_power": 0.0,
    "ram_power": 0.6864967346191406,
    "cpu_energy": 0.0012444135845307755,
    "gpu_energy": 0.010419850280317,
    "ram_energy": 6.4055221033148135e-06,
    "total_energy_kwh": 0.01167066938695109,
    "total_energy_joules": 42014.40979302393,
    "final_emissions": 0.004445941502959018
  }
}