{
  "process_id": 3037257,
  "local_process_index": 2,
  "energy_results": {
    "cpu_power": 112.5,
    "gpu_power": 995.7042165427494,
    "ram_power": 0.7296366691589355,
    "cpu_energy": 0.001227615494992278,
    "gpu_energy": 0.010319908255921106,
    "ram_energy": 6.550720242208531e-06,
    "total_energy_kwh": 0.011554074471155596,
    "total_energy_joules": 41594.668096160145,
    "final_emissions": 0.004401524669786725
  }
}