{
  "experiment_id": "0122",
  "local_process_results": {
    "cpu_power": {
      "process_1": 112.5,
      "process_2": 112.5,
      "process_3": 112.5,
      "process_0": 112.5
    },
    "gpu_power": {
      "process_1": 431.4131181632923,
      "process_2": 995.7042165427494,
      "process_3": 2038.758059949934,
      "process_0": 0.0
    },
    "ram_power": {
      "process_1": 0.7227859497070314,
      "process_2": 0.7296366691589355,
      "process_3": 0.7235898971557617,
      "process_0": 0.6864967346191406
    },
    "cpu_energy": {
      "process_1": 0.0012508996252108774,
      "process_2": 0.001227615494992278,
      "process_3": 0.0012420315128456422,
      "process_0": 0.0012444135845307755
    },
    "gpu_energy": {
      "process_1": 0.010451057805282993,
      "process_2": 0.010319908255921106,
      "process_3": 0.010419850280317,
      "process_0": 0.010419850280317
    },
    "ram_energy": {
      "process_1": 6.669542433774995e-06,
      "process_2": 6.550720242208531e-06,
      "process_3": 6.73735720234469e-06,
      "process_0": 6.4055221033148135e-06
    },
    "total_energy_kwh": {
      "process_1": 0.011708626972927643,
      "process_2": 0.011554074471155596,
      "process_3": 0.011668619150364986,
      "process_0": 0.01167066938695109
    },
    "total_energy_joules": {
      "process_1": 42151.05710253951,
      "process_2": 41594.668096160145,
      "process_3": 42007.02894131395,
      "process_0": 42014.40979302393
    }
  },
  "global_experiment_results": {
    "cpu_power_avg": 112.5,
    "gpu_power_avg": 866.4688486639939,
    "ram_power_avg": 0.7156273126602173,
    "cpu_energy_total": 0.004964960217579573,
    "gpu_energy_total": 0.0416106666218381,
    "ram_energy_total": 2.636314198164303e-05,
    "total_energy_kwh": 0.04660198998139932,
    "total_energy_joules": 167767.16393303752
  },
  "global_derived_quantities": {
    "tokens_per_joule": 0.09765915818031888,
    "joules_per_token": 10.23969506427231,
    "flops_per_joule": 313759743.41364044,
    "joules_per_flop": 3.1871520199507083e-09
  },
  "per-process_emissions": [
    0.004460401445336786,
    0.004401524669786725,
    0.004445160465331542,
    0.004445941502959018
  ]
}