{
  "process_id": 3037258,
  "local_process_index": 3,
  "energy_results": {
    "cpu_power": 112.5,
    "gpu_power": 2038.758059949934,
    "ram_power": 0.7235898971557617,
    "cpu_energy": 0.0012420315128456422,
    "gpu_energy": 0.010419850280317,
    "ram_energy": 6.73735720234469e-06,
    "total_energy_kwh": 0.011668619150364986,
    "total_energy_joules": 42007.02894131395,
    "final_emissions": 0.004445160465331542
  }
}