{
  "process_id": 3037256,
  "local_process_index": 1,
  "energy_results": {
    "cpu_power": 112.5,
    "gpu_power": 431.4131181632923,
    "ram_power": 0.7227859497070314,
    "cpu_energy": 0.0012508996252108774,
    "gpu_energy": 0.010451057805282993,
    "ram_energy": 6.669542433774995e-06,
    "total_energy_kwh": 0.011708626972927643,
    "total_energy_joules": 42151.05710253951,
    "final_emissions": 0.004460401445336786
  }
}