{
  "process_id": 3880316,
  "local_process_index": 0,
  "energy_results": {
    "cpu_power": 112.5,
    "gpu_power": 5.89504448479379,
    "ram_power": 0.6803483963012695,
    "cpu_energy": 0.0009294317986586975,
    "gpu_energy": 0.00795420025224125,
    "ram_energy": 5.241099319252047e-06,
    "total_energy_kwh": 0.0088888731502192,
    "total_energy_joules": 31999.94334078912,
    "final_emissions": 0.0033862162265760045
  }
}