{
  "experiment_id": "0490",
  "local_process_results": {
    "cpu_power": {
      "process_3": 112.5,
      "process_1": 112.5,
      "process_0": 112.5,
      "process_2": 112.5
    },
    "gpu_power": {
      "process_3": 720.3124085615051,
      "process_1": 0.0,
      "process_0": 5.89504448479379,
      "process_2": 0.0
    },
    "ram_power": {
      "process_3": 0.7299370765686035,
      "process_1": 0.7235269546508789,
      "process_0": 0.6803483963012695,
      "process_2": 0.7106723785400391
    },
    "cpu_energy": {
      "process_3": 0.0008406406421127032,
      "process_1": 0.0008953188128107288,
      "process_0": 0.0009294317986586975,
      "process_2": 0.0010376890335937789
    },
    "gpu_energy": {
      "process_3": 0.007957577199388055,
      "process_1": 0.007952504139772998,
      "process_0": 0.00795420025224125,
      "process_2": 0.00795371302963055
    },
    "ram_energy": {
      "process_3": 5.4699447632472775e-06,
      "process_1": 5.788598127896644e-06,
      "process_0": 5.241099319252047e-06,
      "process_2": 6.150095217963878e-06
    },
    "total_energy_kwh": {
      "process_3": 0.008803687786264008,
      "process_1": 0.008853611550711626,
      "process_0": 0.0088888731502192,
      "process_2": 0.008997552158442291
    },
    "total_energy_joules": {
      "process_3": 31693.27603055043,
      "process_1": 31873.001582561854,
      "process_0": 31999.94334078912,
      "process_2": 32391.187770392247
    }
  },
  "global_experiment_results": {
    "cpu_power_avg": 112.5,
    "gpu_power_avg": 181.5518632615747,
    "ram_power_avg": 0.7111212015151978,
    "cpu_energy_total": 0.003703080287175908,
    "gpu_energy_total": 0.03181799462103285,
    "ram_energy_total": 2.2649737428359848e-05,
    "total_energy_kwh": 0.035543724645637126,
    "total_energy_joules": 127957.40872429365
  },
  "global_derived_quantities": {
    "tokens_per_joule": 0.12804260545242957,
    "joules_per_token": 7.809900434832375,
    "flops_per_joule": 411375807.2600776,
    "joules_per_flop": 2.4308673051543496e-09
  },
  "per-process_emissions": [
    0.003353764862177274,
    0.003372783320243594,
    0.0033862162265760045,
    0.003427617494758591
  ]
}