{
  "process_id": 3880319,
  "local_process_index": 3,
  "energy_results": {
    "cpu_power": 112.5,
    "gpu_power": 720.3124085615051,
    "ram_power": 0.7299370765686035,
    "cpu_energy": 0.0008406406421127032,
    "gpu_energy": 0.007957577199388055,
    "ram_energy": 5.4699447632472775e-06,
    "total_energy_kwh": 0.008803687786264008,
    "total_energy_joules": 31693.27603055043,
    "final_emissions": 0.003353764862177274
  }
}