{
  "process_id": 3880317,
  "local_process_index": 1,
  "energy_results": {
    "cpu_power": 112.5,
    "gpu_power": 0.0,
    "ram_power": 0.7235269546508789,
    "cpu_energy": 0.0008953188128107288,
    "gpu_energy": 0.007952504139772998,
    "ram_energy": 5.788598127896644e-06,
    "total_energy_kwh": 0.008853611550711626,
    "total_energy_joules": 31873.001582561854,
    "final_emissions": 0.003372783320243594
  }
}