{
  "process_id": 3880318,
  "local_process_index": 2,
  "energy_results": {
    "cpu_power": 112.5,
    "gpu_power": 0.0,
    "ram_power": 0.7106723785400391,
    "cpu_energy": 0.0010376890335937789,
    "gpu_energy": 0.00795371302963055,
    "ram_energy": 6.150095217963878e-06,
    "total_energy_kwh": 0.008997552158442291,
    "total_energy_joules": 32391.187770392247,
    "final_emissions": 0.003427617494758591
  }
}