{
  "process_id": 2724458,
  "local_process_index": 2,
  "energy_results": {
    "cpu_power": 112.5,
    "gpu_power": 960.1966934372188,
    "ram_power": 0.7179293632507324,
    "cpu_energy": 0.001248503434318991,
    "gpu_energy": 0.01037603496748929,
    "ram_energy": 6.596283174103932e-06,
    "total_energy_kwh": 0.011631134684982385,
    "total_energy_joules": 41872.08486593659,
    "final_emissions": 0.0044308807582440395
  }
}