{
  "process_id": 2724459,
  "local_process_index": 3,
  "energy_results": {
    "cpu_power": 112.5,
    "gpu_power": 513.7330822315203,
    "ram_power": 0.710625171661377,
    "cpu_energy": 0.0012745599161935392,
    "gpu_energy": 0.010477460326405286,
    "ram_energy": 6.825527956115433e-06,
    "total_energy_kwh": 0.011758845770554941,
    "total_energy_joules": 42331.84477399779,
    "final_emissions": 0.004479532296292905
  }
}