{
  "experiment_id": "0001",
  "local_process_results": {
    "cpu_power": {
      "process_1": 112.5,
      "process_0": 112.5,
      "process_3": 112.5,
      "process_2": 112.5
    },
    "gpu_power": {
      "process_1": 1081.0213362919715,
      "process_0": 689.2321639667138,
      "process_3": 513.7330822315203,
      "process_2": 960.1966934372188
    },
    "ram_power": {
      "process_1": 0.7177534103393555,
      "process_0": 0.6905879974365234,
      "process_3": 0.710625171661377,
      "process_2": 0.7179293632507324
    },
    "cpu_energy": {
      "process_1": 0.0012141485491829372,
      "process_0": 0.0012577203657547218,
      "process_3": 0.0012745599161935392,
      "process_2": 0.001248503434318991
    },
    "gpu_energy": {
      "process_1": 0.010138759222111382,
      "process_0": 0.010418360556903927,
      "process_3": 0.010477460326405286,
      "process_2": 0.01037603496748929
    },
    "ram_energy": {
      "process_1": 6.479990508786274e-06,
      "process_0": 6.3892200780256845e-06,
      "process_3": 6.825527956115433e-06,
      "process_2": 6.596283174103932e-06
    },
    "total_energy_kwh": {
      "process_1": 0.011359387761803105,
      "process_0": 0.011682470142736675,
      "process_3": 0.011758845770554941,
      "process_2": 0.011631134684982385
    },
    "total_energy_joules": {
      "process_1": 40893.79594249118,
      "process_0": 42056.89251385203,
      "process_3": 42331.84477399779,
      "process_2": 41872.08486593659
    }
  },
  "global_experiment_results": {
    "cpu_power_avg": 112.5,
    "gpu_power_avg": 811.045818981856,
    "ram_power_avg": 0.7092239856719971,
    "cpu_energy_total": 0.004994932265450189,
    "gpu_energy_total": 0.041410615072909884,
    "ram_energy_total": 2.6291021717031324e-05,
    "total_energy_kwh": 0.04643183836007711,
    "total_energy_joules": 167154.61809627758
  },
  "global_derived_quantities": {
    "tokens_per_joule": 0.09801703468679014,
    "joules_per_token": 10.20230823341538,
    "flops_per_joule": 314909530.51949346,
    "joules_per_flop": 3.175515197492882e-09
  },
  "per-process_emissions": [
    0.004327358767858893,
    0.004450437000875536,
    0.004479532296292905,
    0.0044308807582440395
  ]
}