{
  "process_id": 2724456,
  "local_process_index": 0,
  "energy_results": {
    "cpu_power": 112.5,
    "gpu_power": 689.2321639667138,
    "ram_power": 0.6905879974365234,
    "cpu_energy": 0.0012577203657547218,
    "gpu_energy": 0.010418360556903927,
    "ram_energy": 6.3892200780256845e-06,
    "total_energy_kwh": 0.011682470142736675,
    "total_energy_joules": 42056.89251385203,
    "final_emissions": 0.004450437000875536
  }
}