{
  "process_id": 2724457,
  "local_process_index": 1,
  "energy_results": {
    "cpu_power": 112.5,
    "gpu_power": 1081.0213362919715,
    "ram_power": 0.7177534103393555,
    "cpu_energy": 0.0012141485491829372,
    "gpu_energy": 0.010138759222111382,
    "ram_energy": 6.479990508786274e-06,
    "total_energy_kwh": 0.011359387761803105,
    "total_energy_joules": 40893.79594249118,
    "final_emissions": 0.004327358767858893
  }
}