{
  "process_id": 3183813,
  "local_process_index": 1,
  "energy_results": {
    "cpu_power": 112.5,
    "gpu_power": 550.6368616791974,
    "ram_power": 0.7306423187255859,
    "cpu_energy": 0.0012602941887525957,
    "gpu_energy": 0.010499781455373558,
    "ram_energy": 6.741759199158199e-06,
    "total_energy_kwh": 0.011766817403325306,
    "total_energy_joules": 42360.5426519711,
    "final_emissions": 0.0044825690897967755
  }
}