{
  "process_id": 3183815,
  "local_process_index": 3,
  "energy_results": {
    "cpu_power": 112.5,
    "gpu_power": 805.5228859122423,
    "ram_power": 0.730414867401123,
    "cpu_energy": 0.0012446145664634966,
    "gpu_energy": 0.010458371422245705,
    "ram_energy": 6.574022239328788e-06,
    "total_energy_kwh": 0.011709560010948528,
    "total_energy_joules": 42154.4160394147,
    "final_emissions": 0.004460756886170841
  }
}