{
  "process_id": 3183812,
  "local_process_index": 0,
  "energy_results": {
    "cpu_power": 112.5,
    "gpu_power": 1001.1577670079628,
    "ram_power": 0.686978816986084,
    "cpu_energy": 0.0012227294405583965,
    "gpu_energy": 0.010301221018748308,
    "ram_energy": 6.15786362006218e-06,
    "total_energy_kwh": 0.011530108322926764,
    "total_energy_joules": 41508.38996253635,
    "final_emissions": 0.004392394765618951
  }
}