{
  "process_id": 3183814,
  "local_process_index": 2,
  "energy_results": {
    "cpu_power": 112.5,
    "gpu_power": 924.685923341315,
    "ram_power": 0.7075109481811523,
    "cpu_energy": 0.0012372036175365797,
    "gpu_energy": 0.010392383869456623,
    "ram_energy": 6.220566060568657e-06,
    "total_energy_kwh": 0.01163580805305377,
    "total_energy_joules": 41888.90899099357,
    "final_emissions": 0.004432661077810834
  }
}