{
  "experiment_id": "0208",
  "local_process_results": {
    "cpu_power": {
      "process_0": 112.5,
      "process_2": 112.5,
      "process_3": 112.5,
      "process_1": 112.5
    },
    "gpu_power": {
      "process_0": 1001.1577670079628,
      "process_2": 924.685923341315,
      "process_3": 805.5228859122423,
      "process_1": 550.6368616791974
    },
    "ram_power": {
      "process_0": 0.686978816986084,
      "process_2": 0.7075109481811523,
      "process_3": 0.730414867401123,
      "process_1": 0.7306423187255859
    },
    "cpu_energy": {
      "process_0": 0.0012227294405583965,
      "process_2": 0.0012372036175365797,
      "process_3": 0.0012446145664634966,
      "process_1": 0.0012602941887525957
    },
    "gpu_energy": {
      "process_0": 0.010301221018748308,
      "process_2": 0.010392383869456623,
      "process_3": 0.010458371422245705,
      "process_1": 0.010499781455373558
    },
    "ram_energy": {
      "process_0": 6.15786362006218e-06,
      "process_2": 6.220566060568657e-06,
      "process_3": 6.574022239328788e-06,
      "process_1": 6.741759199158199e-06
    },
    "total_energy_kwh": {
      "process_0": 0.011530108322926764,
      "process_2": 0.01163580805305377,
      "process_3": 0.011709560010948528,
      "process_1": 0.011766817403325306
    },
    "total_energy_joules": {
      "process_0": 41508.38996253635,
      "process_2": 41888.90899099357,
      "process_3": 42154.4160394147,
      "process_1": 42360.5426519711
    }
  },
  "global_experiment_results": {
    "cpu_power_avg": 112.5,
    "gpu_power_avg": 820.5008594851794,
    "ram_power_avg": 0.7138867378234863,
    "cpu_energy_total": 0.004964841813311068,
    "gpu_energy_total": 0.04165175776582419,
    "ram_energy_total": 2.5694211119117825e-05,
    "total_energy_kwh": 0.04664229379025436,
    "total_energy_joules": 167912.25764491572
  },
  "global_derived_quantities": {
    "tokens_per_joule": 0.09757477047713375,
    "joules_per_token": 10.248550881647688,
    "flops_per_joule": 313488622.2551952,
    "joules_per_flop": 3.1899084336973183e-09
  },
  "per-process_emissions": [
    0.004392394765618951,
    0.004432661077810834,
    0.004460756886170841,
    0.0044825690897967755
  ]
}