{
  "process_id": 3004322,
  "local_process_index": 0,
  "energy_results": {
    "cpu_power": 112.5,
    "gpu_power": 874.3450772548143,
    "ram_power": 0.6774659156799316,
    "cpu_energy": 0.0012206441830330734,
    "gpu_energy": 0.010361423289132254,
    "ram_energy": 6.1447124133764035e-06,
    "total_energy_kwh": 0.011588212184578709,
    "total_energy_joules": 41717.56386448335,
    "final_emissions": 0.004414529431715259
  }
}