{
  "process_id": 3004324,
  "local_process_index": 2,
  "energy_results": {
    "cpu_power": 112.5,
    "gpu_power": 762.7683384965329,
    "ram_power": 0.7201495170593262,
    "cpu_energy": 0.0012202037094775737,
    "gpu_energy": 0.010360448843908188,
    "ram_energy": 6.5464630727315745e-06,
    "total_energy_kwh": 0.011587199016458495,
    "total_energy_joules": 41713.916459250584,
    "final_emissions": 0.004414143465319864
  }
}