{
  "process_id": 3004325,
  "local_process_index": 3,
  "energy_results": {
    "cpu_power": 112.5,
    "gpu_power": 986.3273456616386,
    "ram_power": 0.7273364067077637,
    "cpu_energy": 0.0012175981709369808,
    "gpu_energy": 0.010345590220909529,
    "ram_energy": 6.514865196886246e-06,
    "total_energy_kwh": 0.011569703257043398,
    "total_energy_joules": 41650.93172535623,
    "final_emissions": 0.004407478455770683
  }
}