{
  "process_id": 3004323,
  "local_process_index": 1,
  "energy_results": {
    "cpu_power": 112.5,
    "gpu_power": 970.773808933889,
    "ram_power": 0.7197675704956055,
    "cpu_energy": 0.001219486433816201,
    "gpu_energy": 0.01034918383489547,
    "ram_energy": 6.5121659406676405e-06,
    "total_energy_kwh": 0.011575182434652335,
    "total_energy_joules": 41670.656764748404,
    "final_emissions": 0.004409565748480807
  }
}