{
  "experiment_id": "0102",
  "local_process_results": {
    "cpu_power": {
      "process_3": 112.5,
      "process_1": 112.5,
      "process_0": 112.5,
      "process_2": 112.5
    },
    "gpu_power": {
      "process_3": 986.3273456616386,
      "process_1": 970.773808933889,
      "process_0": 874.3450772548143,
      "process_2": 762.7683384965329
    },
    "ram_power": {
      "process_3": 0.7273364067077637,
      "process_1": 0.7197675704956055,
      "process_0": 0.6774659156799316,
      "process_2": 0.7201495170593262
    },
    "cpu_energy": {
      "process_3": 0.0012175981709369808,
      "process_1": 0.001219486433816201,
      "process_0": 0.0012206441830330734,
      "process_2": 0.0012202037094775737
    },
    "gpu_energy": {
      "process_3": 0.010345590220909529,
      "process_1": 0.01034918383489547,
      "process_0": 0.010361423289132254,
      "process_2": 0.010360448843908188
    },
    "ram_energy": {
      "process_3": 6.514865196886246e-06,
      "process_1": 6.5121659406676405e-06,
      "process_0": 6.1447124133764035e-06,
      "process_2": 6.5464630727315745e-06
    },
    "total_energy_kwh": {
      "process_3": 0.011569703257043398,
      "process_1": 0.011575182434652335,
      "process_0": 0.011588212184578709,
      "process_2": 0.011587199016458495
    },
    "total_energy_joules": {
      "process_3": 41650.93172535623,
      "process_1": 41670.656764748404,
      "process_0": 41717.56386448335,
      "process_2": 41713.916459250584
    }
  },
  "global_experiment_results": {
    "cpu_power_avg": 112.5,
    "gpu_power_avg": 898.5536425867188,
    "ram_power_avg": 0.7111798524856567,
    "cpu_energy_total": 0.004877932497263829,
    "gpu_energy_total": 0.04141664618884544,
    "ram_energy_total": 2.5718206623661865e-05,
    "total_energy_kwh": 0.04632029689273293,
    "total_energy_joules": 166753.0688138386
  },
  "global_derived_quantities": {
    "tokens_per_joule": 0.09825306434564589,
    "joules_per_token": 10.17779961021964,
    "flops_per_joule": 315667847.57424265,
    "joules_per_flop": 3.167886776193789e-09
  },
  "per-process_emissions": [
    0.004407478455770683,
    0.004409565748480807,
    0.004414529431715259,
    0.004414143465319864
  ]
}