{
  "experiment_id": "0517",
  "local_process_results": {
    "cpu_power": {
      "process_3": 112.5,
      "process_2": 112.5,
      "process_0": 112.5,
      "process_1": 112.5
    },
    "gpu_power": {
      "process_3": 292.139439474143,
      "process_2": 804.3152828074709,
      "process_0": 751.8649808660382,
      "process_1": 785.1664577630066
    },
    "ram_power": {
      "process_3": 0.7226228713989258,
      "process_2": 0.7072334289550781,
      "process_0": 0.6807575225830078,
      "process_1": 0.7308826446533203
    },
    "cpu_energy": {
      "process_3": 0.0013810364777727955,
      "process_2": 0.0014228884354615732,
      "process_0": 0.0014599440266883901,
      "process_1": 0.001412129008129341
    },
    "gpu_energy": {
      "process_3": 0.01045511947519806,
      "process_2": 0.010644124626402629,
      "process_0": 0.010690551885767619,
      "process_1": 0.010688352161785986
    },
    "ram_energy": {
      "process_3": 7.703989001147438e-06,
      "process_2": 8.220366271173841e-06,
      "process_0": 8.1257903374236e-06,
      "process_1": 8.390406961922048e-06
    },
    "total_energy_kwh": {
      "process_3": 0.011843859941972,
      "process_2": 0.01207523342813538,
      "process_0": 0.012158621702793432,
      "process_1": 0.012108871576877251
    },
    "total_energy_joules": {
      "process_3": 42637.8957910992,
      "process_2": 43470.840341287374,
      "process_0": 43771.03813005636,
      "process_1": 43591.937676758105
    }
  },
  "global_experiment_results": {
    "cpu_power_avg": 112.5,
    "gpu_power_avg": 658.3715402276647,
    "ram_power_avg": 0.710374116897583,
    "cpu_energy_total": 0.005675997948052099,
    "gpu_energy_total": 0.04247814814915429,
    "ram_energy_total": 3.2440552571666925e-05,
    "total_energy_kwh": 0.04818658664977807,
    "total_energy_joules": 173471.71193920105
  },
  "global_derived_quantities": {
    "tokens_per_joule": 0.0944476757440563,
    "joules_per_token": 10.587873043164127,
    "flops_per_joule": 303441879.4881839,
    "joules_per_flop": 3.295524011671369e-09
  },
  "per-process_emissions": [
    0.004511918444894234,
    0.004600060174448173,
    0.004631826937679159,
    0.004612874627211389
  ]
}