{
  "process_id": 3949644,
  "local_process_index": 0,
  "energy_results": {
    "cpu_power": 112.5,
    "gpu_power": 751.8649808660382,
    "ram_power": 0.6807575225830078,
    "cpu_energy": 0.0014599440266883901,
    "gpu_energy": 0.010690551885767619,
    "ram_energy": 8.1257903374236e-06,
    "total_energy_kwh": 0.012158621702793432,
    "total_energy_joules": 43771.03813005636,
    "final_emissions": 0.004631826937679159
  }
}