{
  "process_id": 3949645,
  "local_process_index": 1,
  "energy_results": {
    "cpu_power": 112.5,
    "gpu_power": 785.1664577630066,
    "ram_power": 0.7308826446533203,
    "cpu_energy": 0.001412129008129341,
    "gpu_energy": 0.010688352161785986,
    "ram_energy": 8.390406961922048e-06,
    "total_energy_kwh": 0.012108871576877251,
    "total_energy_joules": 43591.937676758105,
    "final_emissions": 0.004612874627211389
  }
}