{
  "process_id": 3949646,
  "local_process_index": 2,
  "energy_results": {
    "cpu_power": 112.5,
    "gpu_power": 804.3152828074709,
    "ram_power": 0.7072334289550781,
    "cpu_energy": 0.0014228884354615732,
    "gpu_energy": 0.010644124626402629,
    "ram_energy": 8.220366271173841e-06,
    "total_energy_kwh": 0.01207523342813538,
    "total_energy_joules": 43470.840341287374,
    "final_emissions": 0.004600060174448173
  }
}