{
  "process_id": 3949647,
  "local_process_index": 3,
  "energy_results": {
    "cpu_power": 112.5,
    "gpu_power": 292.139439474143,
    "ram_power": 0.7226228713989258,
    "cpu_energy": 0.0013810364777727955,
    "gpu_energy": 0.01045511947519806,
    "ram_energy": 7.703989001147438e-06,
    "total_energy_kwh": 0.011843859941972,
    "total_energy_joules": 42637.8957910992,
    "final_emissions": 0.004511918444894234
  }
}