{
  "process_id": 4106564,
  "local_process_index": 3,
  "energy_results": {
    "cpu_power": 112.5,
    "gpu_power": 566.4753542456075,
    "ram_power": 0.733121395111084,
    "cpu_energy": 0.0011611953875271864,
    "gpu_energy": 0.01041649527763333,
    "ram_energy": 7.222479157195827e-06,
    "total_energy_kwh": 0.011584913144317716,
    "total_energy_joules": 41705.68731954378,
    "final_emissions": 0.004413272662327834
  }
}