{
  "process_id": 4106562,
  "local_process_index": 1,
  "energy_results": {
    "cpu_power": 112.5,
    "gpu_power": 826.5455185105978,
    "ram_power": 0.7257170677185059,
    "cpu_energy": 0.0011298101073989528,
    "gpu_energy": 0.01041649527763333,
    "ram_energy": 7.318056614524997e-06,
    "total_energy_kwh": 0.011553623441646805,
    "total_energy_joules": 41593.044389928495,
    "final_emissions": 0.004401352850095351
  }
}