{
  "process_id": 4106561,
  "local_process_index": 0,
  "energy_results": {
    "cpu_power": 112.5,
    "gpu_power": 120.17941389092626,
    "ram_power": 0.6828474998474121,
    "cpu_energy": 0.001117446644282609,
    "gpu_energy": 0.01036794968324628,
    "ram_energy": 6.903467433743975e-06,
    "total_energy_kwh": 0.011492299794962631,
    "total_energy_joules": 41372.27926186547,
    "final_emissions": 0.004377991606891014
  }
}