{
  "experiment_id": "0592",
  "local_process_results": {
    "cpu_power": {
      "process_3": 112.5,
      "process_0": 112.5,
      "process_2": 112.5,
      "process_1": 112.5
    },
    "gpu_power": {
      "process_3": 566.4753542456075,
      "process_0": 120.17941389092626,
      "process_2": 3404.1717363063603,
      "process_1": 826.5455185105978
    },
    "ram_power": {
      "process_3": 0.733121395111084,
      "process_0": 0.6828474998474121,
      "process_2": 0.7334132194519043,
      "process_1": 0.7257170677185059
    },
    "cpu_energy": {
      "process_3": 0.0011611953875271864,
      "process_0": 0.001117446644282609,
      "process_2": 0.0011768998439383722,
      "process_1": 0.0011298101073989528
    },
    "gpu_energy": {
      "process_3": 0.01041649527763333,
      "process_0": 0.01036794968324628,
      "process_2": 0.01034522272061622,
      "process_1": 0.01041649527763333
    },
    "ram_energy": {
      "process_3": 7.222479157195827e-06,
      "process_0": 6.903467433743975e-06,
      "process_2": 7.364976932192258e-06,
      "process_1": 7.318056614524997e-06
    },
    "total_energy_kwh": {
      "process_3": 0.011584913144317716,
      "process_0": 0.011492299794962631,
      "process_2": 0.011529487541486786,
      "process_1": 0.011553623441646805
    },
    "total_energy_joules": {
      "process_3": 41705.68731954378,
      "process_0": 41372.27926186547,
      "process_2": 41506.15514935243,
      "process_1": 41593.044389928495
    }
  },
  "global_experiment_results": {
    "cpu_power_avg": 112.5,
    "gpu_power_avg": 1229.343005738373,
    "ram_power_avg": 0.7187747955322266,
    "cpu_energy_total": 0.004585351983147121,
    "gpu_energy_total": 0.04154616295912916,
    "ram_energy_total": 2.8808980137657057e-05,
    "total_energy_kwh": 0.04616032392241394,
    "total_energy_joules": 166177.16612069018
  },
  "global_derived_quantities": {
    "tokens_per_joule": 0.0985935696370025,
    "joules_per_token": 10.142649299358531,
    "flops_per_joule": 316761824.36902285,
    "joules_per_flop": 3.1569460808352165e-09
  },
  "per-process_emissions": [
    0.004413272662327834,
    0.004377991606891014,
    0.004392158278929391,
    0.004401352850095351
  ]
}