{
  "process_id": 4106563,
  "local_process_index": 2,
  "energy_results": {
    "cpu_power": 112.5,
    "gpu_power": 3404.1717363063603,
    "ram_power": 0.7334132194519043,
    "cpu_energy": 0.0011768998439383722,
    "gpu_energy": 0.01034522272061622,
    "ram_energy": 7.364976932192258e-06,
    "total_energy_kwh": 0.011529487541486786,
    "total_energy_joules": 41506.15514935243,
    "final_emissions": 0.004392158278929391
  }
}