{
  "process_id": 2765872,
  "local_process_index": 0,
  "energy_results": {
    "cpu_power": 112.5,
    "gpu_power": 949.9720924577044,
    "ram_power": 0.6876168251037598,
    "cpu_energy": 0.0012583144228337912,
    "gpu_energy": 0.010359138009528479,
    "ram_energy": 6.45758460764082e-06,
    "total_energy_kwh": 0.011623910016969921,
    "total_energy_joules": 41846.07606109172,
    "final_emissions": 0.0044281285209646915
  }
}