{
  "experiment_id": "0026",
  "local_process_results": {
    "cpu_power": {
      "process_3": 112.5,
      "process_2": 112.5,
      "process_0": 112.5,
      "process_1": 112.5
    },
    "gpu_power": {
      "process_3": 0.0,
      "process_2": 926.6833950259775,
      "process_0": 949.9720924577044,
      "process_1": 993.4899675711038
    },
    "ram_power": {
      "process_3": 0.7297754287719727,
      "process_2": 0.7230963706970215,
      "process_0": 0.6876168251037598,
      "process_1": 0.723318099975586
    },
    "cpu_energy": {
      "process_3": 0.0012957748238350178,
      "process_2": 0.0012585344433100542,
      "process_0": 0.0012583144228337912,
      "process_1": 0.0012549680210631779
    },
    "gpu_energy": {
      "process_3": 0.010414319164782526,
      "process_2": 0.010371199685843102,
      "process_0": 0.010359138009528479,
      "process_1": 0.010332969377479628
    },
    "ram_energy": {
      "process_3": 6.995951779219952e-06,
      "process_2": 6.730251731078733e-06,
      "process_0": 6.45758460764082e-06,
      "process_1": 6.776077543926703e-06
    },
    "total_energy_kwh": {
      "process_3": 0.011717089940396766,
      "process_2": 0.01163646438088423,
      "process_0": 0.011623910016969921,
      "process_1": 0.011594713476086734
    },
    "total_energy_joules": {
      "process_3": 42181.523785428355,
      "process_2": 41891.27177118322,
      "process_0": 41846.07606109172,
      "process_1": 41740.968513912245
    }
  },
  "global_experiment_results": {
    "cpu_power_avg": 112.5,
    "gpu_power_avg": 717.5363637636965,
    "ram_power_avg": 0.715951681137085,
    "cpu_energy_total": 0.005067591711042041,
    "gpu_energy_total": 0.041477626237633736,
    "ram_energy_total": 2.695986566186621e-05,
    "total_energy_kwh": 0.046572177814337645,
    "total_energy_joules": 167659.84013161555
  },
  "global_derived_quantities": {
    "tokens_per_joule": 0.09772167256713539,
    "joules_per_token": 10.233144539283176,
    "flops_per_joule": 313960589.89166343,
    "joules_per_flop": 3.185113139025074e-09
  },
  "per-process_emissions": [
    0.004463625412794148,
    0.004432911105897847,
    0.0044281285209646915,
    0.004417006098715241
  ]
}