{
  "process_id": 2765875,
  "local_process_index": 3,
  "energy_results": {
    "cpu_power": 112.5,
    "gpu_power": 0.0,
    "ram_power": 0.7297754287719727,
    "cpu_energy": 0.0012957748238350178,
    "gpu_energy": 0.010414319164782526,
    "ram_energy": 6.995951779219952e-06,
    "total_energy_kwh": 0.011717089940396766,
    "total_energy_joules": 42181.523785428355,
    "final_emissions": 0.004463625412794148
  }
}