{
  "process_id": 2765873,
  "local_process_index": 1,
  "energy_results": {
    "cpu_power": 112.5,
    "gpu_power": 993.4899675711038,
    "ram_power": 0.723318099975586,
    "cpu_energy": 0.0012549680210631779,
    "gpu_energy": 0.010332969377479628,
    "ram_energy": 6.776077543926703e-06,
    "total_energy_kwh": 0.011594713476086734,
    "total_energy_joules": 41740.968513912245,
    "final_emissions": 0.004417006098715241
  }
}