{
  "process_id": 2765874,
  "local_process_index": 2,
  "energy_results": {
    "cpu_power": 112.5,
    "gpu_power": 926.6833950259775,
    "ram_power": 0.7230963706970215,
    "cpu_energy": 0.0012585344433100542,
    "gpu_energy": 0.010371199685843102,
    "ram_energy": 6.730251731078733e-06,
    "total_energy_kwh": 0.01163646438088423,
    "total_energy_joules": 41891.27177118322,
    "final_emissions": 0.004432911105897847
  }
}