{
  "process_id": 3833576,
  "local_process_index": 2,
  "energy_results": {
    "cpu_power": 112.5,
    "gpu_power": 209.0774810545294,
    "ram_power": 0.7247729301452637,
    "cpu_energy": 0.001189251631527441,
    "gpu_energy": 0.010258345984448525,
    "ram_energy": 6.980796560532442e-06,
    "total_energy_kwh": 0.011454578412536496,
    "total_energy_joules": 41236.48228513139,
    "final_emissions": 0.004363621646255779
  }
}