{
  "process_id": 3833577,
  "local_process_index": 3,
  "energy_results": {
    "cpu_power": 112.5,
    "gpu_power": 6346.36879727485,
    "ram_power": 0.7252535820007324,
    "cpu_energy": 0.001135094435318024,
    "gpu_energy": 0.010260152097005815,
    "ram_energy": 6.9204113852852e-06,
    "total_energy_kwh": 0.011402166943709123,
    "total_energy_joules": 41047.800997352846,
    "final_emissions": 0.004343655497205991
  }
}