{
  "process_id": 3833575,
  "local_process_index": 1,
  "energy_results": {
    "cpu_power": 112.5,
    "gpu_power": 173.4723531716388,
    "ram_power": 0.7327151298522949,
    "cpu_energy": 0.0011479811347890065,
    "gpu_energy": 0.010259787374490514,
    "ram_energy": 7.17135256640197e-06,
    "total_energy_kwh": 0.011414939861845927,
    "total_energy_joules": 41093.78350264534,
    "final_emissions": 0.004348521340370206
  }
}