{
  "experiment_id": "0475",
  "local_process_results": {
    "cpu_power": {
      "process_0": 112.5,
      "process_2": 112.5,
      "process_3": 112.5,
      "process_1": 112.5
    },
    "gpu_power": {
      "process_0": 194.60088227137322,
      "process_2": 209.0774810545294,
      "process_3": 6346.36879727485,
      "process_1": 173.4723531716388
    },
    "ram_power": {
      "process_0": 0.6890072822570801,
      "process_2": 0.7247729301452637,
      "process_3": 0.7252535820007324,
      "process_1": 0.7327151298522949
    },
    "cpu_energy": {
      "process_0": 0.0012015104206820973,
      "process_2": 0.001189251631527441,
      "process_3": 0.001135094435318024,
      "process_1": 0.0011479811347890065
    },
    "gpu_energy": {
      "process_0": 0.010258345984448525,
      "process_2": 0.010258345984448525,
      "process_3": 0.010260152097005815,
      "process_1": 0.010259787374490514
    },
    "ram_energy": {
      "process_0": 6.70826515564511e-06,
      "process_2": 6.980796560532442e-06,
      "process_3": 6.9204113852852e-06,
      "process_1": 7.17135256640197e-06
    },
    "total_energy_kwh": {
      "process_0": 0.011466564670286268,
      "process_2": 0.011454578412536496,
      "process_3": 0.011402166943709123,
      "process_1": 0.011414939861845927
    },
    "total_energy_joules": {
      "process_0": 41279.63281303056,
      "process_2": 41236.48228513139,
      "process_3": 41047.800997352846,
      "process_1": 41093.78350264534
    }
  },
  "global_experiment_results": {
    "cpu_power_avg": 112.5,
    "gpu_power_avg": 1730.879878443098,
    "ram_power_avg": 0.7179372310638428,
    "cpu_energy_total": 0.004673837622316568,
    "gpu_energy_total": 0.04103663144039338,
    "ram_energy_total": 2.778082566786472e-05,
    "total_energy_kwh": 0.04573824988837781,
    "total_energy_joules": 164657.6995981601
  },
  "global_derived_quantities": {
    "tokens_per_joule": 0.09950339425356017,
    "joules_per_token": 10.049908422739264,
    "flops_per_joule": 319684912.623741,
    "joules_per_flop": 3.1280800579318186e-09
  },
  "per-process_emissions": [
    0.0043681878111455534,
    0.004363621646255779,
    0.004343655497205991,
    0.004348521340370206
  ]
}