{
  "process_id": 3833574,
  "local_process_index": 0,
  "energy_results": {
    "cpu_power": 112.5,
    "gpu_power": 194.60088227137322,
    "ram_power": 0.6890072822570801,
    "cpu_energy": 0.0012015104206820973,
    "gpu_energy": 0.010258345984448525,
    "ram_energy": 6.70826515564511e-06,
    "total_energy_kwh": 0.011466564670286268,
    "total_energy_joules": 41279.63281303056,
    "final_emissions": 0.0043681878111455534
  }
}