{
  "process_id": 4032179,
  "local_process_index": 1,
  "energy_results": {
    "cpu_power": 112.5,
    "gpu_power": 652.0961309799782,
    "ram_power": 0.7101931571960449,
    "cpu_energy": 0.0013607890475323074,
    "gpu_energy": 0.010673482705449544,
    "ram_energy": 7.647989994169636e-06,
    "total_energy_kwh": 0.012041919742976017,
    "total_energy_joules": 43350.911074713666,
    "final_emissions": 0.004587369326086714
  }
}