{
  "process_id": 4032180,
  "local_process_index": 2,
  "energy_results": {
    "cpu_power": 112.5,
    "gpu_power": 197.69645988891284,
    "ram_power": 0.7331972122192383,
    "cpu_energy": 0.0013974878612516477,
    "gpu_energy": 0.010579296796761284,
    "ram_energy": 7.8786564750598e-06,
    "total_energy_kwh": 0.01198466331448799,
    "total_energy_joules": 43144.78793215677,
    "final_emissions": 0.0045655574896542005
  }
}