{
  "process_id": 4032181,
  "local_process_index": 3,
  "energy_results": {
    "cpu_power": 112.5,
    "gpu_power": 790.9733828826087,
    "ram_power": 0.7326993942260742,
    "cpu_energy": 0.0013081373275963413,
    "gpu_energy": 0.01064551184973439,
    "ram_energy": 7.964893891117773e-06,
    "total_energy_kwh": 0.011961614071221848,
    "total_energy_joules": 43061.81065639865,
    "final_emissions": 0.004556776880431964
  }
}