{
  "experiment_id": "0552",
  "local_process_results": {
    "cpu_power": {
      "process_3": 112.5,
      "process_0": 112.5,
      "process_2": 112.5,
      "process_1": 112.5
    },
    "gpu_power": {
      "process_3": 790.9733828826087,
      "process_0": 767.5918271788453,
      "process_2": 197.69645988891284,
      "process_1": 652.0961309799782
    },
    "ram_power": {
      "process_3": 0.7326993942260742,
      "process_0": 0.6814742088317871,
      "process_2": 0.7331972122192383,
      "process_1": 0.7101931571960449
    },
    "cpu_energy": {
      "process_3": 0.0013081373275963413,
      "process_0": 0.0014160123858255244,
      "process_2": 0.0013974878612516477,
      "process_1": 0.0013607890475323074
    },
    "gpu_energy": {
      "process_3": 0.01064551184973439,
      "process_0": 0.010660184083693736,
      "process_2": 0.010579296796761284,
      "process_1": 0.010673482705449544
    },
    "ram_energy": {
      "process_3": 7.964893891117773e-06,
      "process_0": 7.350824404610514e-06,
      "process_2": 7.8786564750598e-06,
      "process_1": 7.647989994169636e-06
    },
    "total_energy_kwh": {
      "process_3": 0.011961614071221848,
      "process_0": 0.012083547293923868,
      "process_2": 0.01198466331448799,
      "process_1": 0.012041919742976017
    },
    "total_energy_joules": {
      "process_3": 43061.81065639865,
      "process_0": 43500.77025812592,
      "process_2": 43144.78793215677,
      "process_1": 43350.911074713666
    }
  },
  "global_experiment_results": {
    "cpu_power_avg": 112.5,
    "gpu_power_avg": 602.0894502325862,
    "ram_power_avg": 0.7143909931182861,
    "cpu_energy_total": 0.005482426622205821,
    "gpu_energy_total": 0.042558475435638954,
    "ram_energy_total": 3.084236476495773e-05,
    "total_energy_kwh": 0.048071744422609725,
    "total_energy_joules": 173058.279921395
  },
  "global_derived_quantities": {
    "tokens_per_joule": 0.09467330894217714,
    "joules_per_token": 10.562639155358582,
    "flops_per_joule": 304166794.75130016,
    "joules_per_flop": 3.287669848438397e-09
  },
  "per-process_emissions": [
    0.004556776880431964,
    0.004603227341620298,
    0.0045655574896542005,
    0.004587369326086714
  ]
}