{
  "process_id": 4032178,
  "local_process_index": 0,
  "energy_results": {
    "cpu_power": 112.5,
    "gpu_power": 767.5918271788453,
    "ram_power": 0.6814742088317871,
    "cpu_energy": 0.0014160123858255244,
    "gpu_energy": 0.010660184083693736,
    "ram_energy": 7.350824404610514e-06,
    "total_energy_kwh": 0.012083547293923868,
    "total_energy_joules": 43500.77025812592,
    "final_emissions": 0.004603227341620298
  }
}