{
  "process_id": 3142038,
  "local_process_index": 3,
  "energy_results": {
    "cpu_power": 112.5,
    "gpu_power": 783.6272245137249,
    "ram_power": 0.7060732841491699,
    "cpu_energy": 0.0014933577190295187,
    "gpu_energy": 0.010860387577193542,
    "ram_energy": 7.859095372568145e-06,
    "total_energy_kwh": 0.012361604391595627,
    "total_energy_joules": 44501.77580974426,
    "final_emissions": 0.004709153192978354
  }
}