{
  "process_id": 3142037,
  "local_process_index": 2,
  "energy_results": {
    "cpu_power": 112.5,
    "gpu_power": 704.3255491297708,
    "ram_power": 0.729778289794922,
    "cpu_energy": 0.0014933393509054442,
    "gpu_energy": 0.010871179252492702,
    "ram_energy": 8.067069083008088e-06,
    "total_energy_kwh": 0.012372585672481161,
    "total_energy_joules": 44541.30842093218,
    "final_emissions": 0.004713336511931699
  }
}