{
  "process_id": 3142036,
  "local_process_index": 1,
  "energy_results": {
    "cpu_power": 112.5,
    "gpu_power": 756.9058873926571,
    "ram_power": 0.7310972213745117,
    "cpu_energy": 0.0014950205298409859,
    "gpu_energy": 0.010869273973190374,
    "ram_energy": 8.108590739519685e-06,
    "total_energy_kwh": 0.012372403093770877,
    "total_energy_joules": 44540.65113757516,
    "final_emissions": 0.004713266958572016
  }
}