{
  "experiment_id": "0182",
  "local_process_results": {
    "cpu_power": {
      "process_2": 112.5,
      "process_3": 112.5,
      "process_1": 112.5,
      "process_0": 112.5
    },
    "gpu_power": {
      "process_2": 704.3255491297708,
      "process_3": 783.6272245137249,
      "process_1": 756.9058873926571,
      "process_0": 1137.4496306026365
    },
    "ram_power": {
      "process_2": 0.729778289794922,
      "process_3": 0.7060732841491699,
      "process_1": 0.7310972213745117,
      "process_0": 0.6859102249145508
    },
    "cpu_energy": {
      "process_2": 0.0014933393509054442,
      "process_3": 0.0014933577190295187,
      "process_1": 0.0014950205298409859,
      "process_0": 0.0014865575260337213
    },
    "gpu_energy": {
      "process_2": 0.010871179252492702,
      "process_3": 0.010860387577193542,
      "process_1": 0.010869273973190374,
      "process_0": 0.010832738388408814
    },
    "ram_energy": {
      "process_2": 8.067069083008088e-06,
      "process_3": 7.859095372568145e-06,
      "process_1": 8.108590739519685e-06,
      "process_0": 7.698758692036458e-06
    },
    "total_energy_kwh": {
      "process_2": 0.012372585672481161,
      "process_3": 0.012361604391595627,
      "process_1": 0.012372403093770877,
      "process_0": 0.012326994673134577
    },
    "total_energy_joules": {
      "process_2": 44541.30842093218,
      "process_3": 44501.77580974426,
      "process_1": 44540.65113757516,
      "process_0": 44377.18082328448
    }
  },
  "global_experiment_results": {
    "cpu_power_avg": 112.5,
    "gpu_power_avg": 845.5770729096973,
    "ram_power_avg": 0.7132147550582886,
    "cpu_energy_total": 0.00596827512580967,
    "gpu_energy_total": 0.04343357919128543,
    "ram_energy_total": 3.173351388713238e-05,
    "total_energy_kwh": 0.04943358783098224,
    "total_energy_joules": 177960.91619153606
  },
  "global_derived_quantities": {
    "tokens_per_joule": 0.09206515874736339,
    "joules_per_token": 10.861872326143558,
    "flops_per_joule": 295787319.12241936,
    "joules_per_flop": 3.3808075443089693e-09
  },
  "per-process_emissions": [
    0.004713336511931699,
    0.004709153192978354,
    0.004713266958572016,
    0.004695968620730617
  ]
}