{
  "process_id": 3142035,
  "local_process_index": 0,
  "energy_results": {
    "cpu_power": 112.5,
    "gpu_power": 1137.4496306026365,
    "ram_power": 0.6859102249145508,
    "cpu_energy": 0.0014865575260337213,
    "gpu_energy": 0.010832738388408814,
    "ram_energy": 7.698758692036458e-06,
    "total_energy_kwh": 0.012326994673134577,
    "total_energy_joules": 44377.18082328448,
    "final_emissions": 0.004695968620730617
  }
}