{
  "process_id": 3010887,
  "local_process_index": 2,
  "energy_results": {
    "cpu_power": 112.5,
    "gpu_power": 852.0529348900285,
    "ram_power": 0.7231950759887695,
    "cpu_energy": 0.0013259238695645763,
    "gpu_energy": 0.010554577888099992,
    "ram_energy": 7.081154014573414e-06,
    "total_energy_kwh": 0.011887582911679143,
    "total_energy_joules": 42795.29848204491,
    "final_emissions": 0.004528574710204169
  }
}