{
  "process_id": 3010888,
  "local_process_index": 3,
  "energy_results": {
    "cpu_power": 112.5,
    "gpu_power": 727.4691393803778,
    "ram_power": 0.7295422554016113,
    "cpu_energy": 0.0013364268537188763,
    "gpu_energy": 0.01058464263437564,
    "ram_energy": 7.419587487743299e-06,
    "total_energy_kwh": 0.011928489075582263,
    "total_energy_joules": 42942.560672096144,
    "final_emissions": 0.0045441579133430636
  }
}