{
  "experiment_id": "0106",
  "local_process_results": {
    "cpu_power": {
      "process_1": 112.5,
      "process_2": 112.5,
      "process_3": 112.5,
      "process_0": 112.5
    },
    "gpu_power": {
      "process_1": 993.3432609893639,
      "process_2": 852.0529348900285,
      "process_3": 727.4691393803778,
      "process_0": 984.1383481257391
    },
    "ram_power": {
      "process_1": 0.7233467102050781,
      "process_2": 0.7231950759887695,
      "process_3": 0.7295422554016113,
      "process_0": 0.6794571876525879
    },
    "cpu_energy": {
      "process_1": 0.0013166422798494752,
      "process_2": 0.0013259238695645763,
      "process_3": 0.0013364268537188763,
      "process_0": 0.0013168510645427886
    },
    "gpu_energy": {
      "process_1": 0.01049089144826354,
      "process_2": 0.010554577888099992,
      "process_3": 0.01058464263437564,
      "process_0": 0.01049479839583256
    },
    "ram_energy": {
      "process_1": 7.045472406230117e-06,
      "process_2": 7.081154014573414e-06,
      "process_3": 7.419587487743299e-06,
      "process_0": 6.657581954001887e-06
    },
    "total_energy_kwh": {
      "process_1": 0.011814579200519239,
      "process_2": 0.011887582911679143,
      "process_3": 0.011928489075582263,
      "process_0": 0.011818307042329352
    },
    "total_energy_joules": {
      "process_1": 42532.48512186926,
      "process_2": 42795.29848204491,
      "process_3": 42942.560672096144,
      "process_0": 42545.905352385664
    }
  },
  "global_experiment_results": {
    "cpu_power_avg": 112.5,
    "gpu_power_avg": 889.2509208463773,
    "ram_power_avg": 0.7138853073120117,
    "cpu_energy_total": 0.005295844067675717,
    "gpu_energy_total": 0.04212491036657173,
    "ram_energy_total": 2.8203795862548716e-05,
    "total_energy_kwh": 0.04744895823011,
    "total_energy_joules": 170816.24962839598
  },
  "global_derived_quantities": {
    "tokens_per_joule": 0.09591593326538164,
    "joules_per_token": 10.425796486108153,
    "flops_per_joule": 308159103.2666808,
    "joules_per_flop": 3.24507694044852e-09
  },
  "per-process_emissions": [
    0.0045007639464378045,
    0.004528574710204169,
    0.0045441579133430636,
    0.004502184067775367
  ]
}