{
  "process_id": 3010885,
  "local_process_index": 0,
  "energy_results": {
    "cpu_power": 112.5,
    "gpu_power": 984.1383481257391,
    "ram_power": 0.6794571876525879,
    "cpu_energy": 0.0013168510645427886,
    "gpu_energy": 0.01049479839583256,
    "ram_energy": 6.657581954001887e-06,
    "total_energy_kwh": 0.011818307042329352,
    "total_energy_joules": 42545.905352385664,
    "final_emissions": 0.004502184067775367
  }
}