{
  "process_id": 3010886,
  "local_process_index": 1,
  "energy_results": {
    "cpu_power": 112.5,
    "gpu_power": 993.3432609893639,
    "ram_power": 0.7233467102050781,
    "cpu_energy": 0.0013166422798494752,
    "gpu_energy": 0.01049089144826354,
    "ram_energy": 7.045472406230117e-06,
    "total_energy_kwh": 0.011814579200519239,
    "total_energy_joules": 42532.48512186926,
    "final_emissions": 0.0045007639464378045
  }
}