{
  "process_id": 4104790,
  "local_process_index": 3,
  "energy_results": {
    "cpu_power": 112.5,
    "gpu_power": 879.3212624957816,
    "ram_power": 0.7338180541992188,
    "cpu_energy": 0.0011484820502719235,
    "gpu_energy": 0.010430336955371544,
    "ram_energy": 6.773925422142391e-06,
    "total_energy_kwh": 0.011585592931065609,
    "total_energy_joules": 41708.13455183619,
    "final_emissions": 0.004413531627089444
  }
}