{
  "process_id": 4104787,
  "local_process_index": 0,
  "energy_results": {
    "cpu_power": 112.5,
    "gpu_power": 926.234091588737,
    "ram_power": 0.690680980682373,
    "cpu_energy": 0.0011482741417239593,
    "gpu_energy": 0.010431324733938041,
    "ram_energy": 7.128518236805363e-06,
    "total_energy_kwh": 0.0115867273938988,
    "total_energy_joules": 41712.21861803568,
    "final_emissions": 0.004413963800705748
  }
}