{
  "experiment_id": "0591",
  "local_process_results": {
    "cpu_power": {
      "process_0": 112.5,
      "process_3": 112.5,
      "process_1": 112.5,
      "process_2": 112.5
    },
    "gpu_power": {
      "process_0": 926.234091588737,
      "process_3": 879.3212624957816,
      "process_1": 1004.3511770022282,
      "process_2": 1221.71046346126
    },
    "ram_power": {
      "process_0": 0.690680980682373,
      "process_3": 0.7338180541992188,
      "process_1": 0.7182068824768066,
      "process_2": 0.7270174026489258
    },
    "cpu_energy": {
      "process_0": 0.0011482741417239593,
      "process_3": 0.0011484820502719235,
      "process_1": 0.0011472934138728305,
      "process_2": 0.0011466979563992937
    },
    "gpu_energy": {
      "process_0": 0.010431324733938041,
      "process_3": 0.010430336955371544,
      "process_1": 0.010413831942171825,
      "process_2": 0.010381242471655838
    },
    "ram_energy": {
      "process_0": 7.128518236805363e-06,
      "process_3": 6.773925422142391e-06,
      "process_1": 7.014093253699216e-06,
      "process_2": 7.463247939756732e-06
    },
    "total_energy_kwh": {
      "process_0": 0.0115867273938988,
      "process_3": 0.011585592931065609,
      "process_1": 0.011568139449298355,
      "process_2": 0.011535403675994893
    },
    "total_energy_joules": {
      "process_0": 41712.21861803568,
      "process_3": 41708.13455183619,
      "process_1": 41645.30201747408,
      "process_2": 41527.45323358162
    }
  },
  "global_experiment_results": {
    "cpu_power_avg": 112.5,
    "gpu_power_avg": 1007.9042486370017,
    "ram_power_avg": 0.717430830001831,
    "cpu_energy_total": 0.0045907475622680065,
    "gpu_energy_total": 0.04165673610313725,
    "ram_energy_total": 2.8379784852403704e-05,
    "total_energy_kwh": 0.04627586345025766,
    "total_energy_joules": 166593.10842092757
  },
  "global_derived_quantities": {
    "tokens_per_joule": 0.09834740557576287,
    "joules_per_token": 10.168036402644505,
    "flops_per_joule": 315970947.46478415,
    "joules_per_flop": 3.1648479330886986e-09
  },
  "per-process_emissions": [
    0.004413963800705748,
    0.004413531627089444,
    0.004406882723210209,
    0.004394412030370254
  ]
}