{
  "process_id": 4104789,
  "local_process_index": 2,
  "energy_results": {
    "cpu_power": 112.5,
    "gpu_power": 1221.71046346126,
    "ram_power": 0.7270174026489258,
    "cpu_energy": 0.0011466979563992937,
    "gpu_energy": 0.010381242471655838,
    "ram_energy": 7.463247939756732e-06,
    "total_energy_kwh": 0.011535403675994893,
    "total_energy_joules": 41527.45323358162,
    "final_emissions": 0.004394412030370254
  }
}