{
  "process_id": 4104788,
  "local_process_index": 1,
  "energy_results": {
    "cpu_power": 112.5,
    "gpu_power": 1004.3511770022282,
    "ram_power": 0.7182068824768066,
    "cpu_energy": 0.0011472934138728305,
    "gpu_energy": 0.010413831942171825,
    "ram_energy": 7.014093253699216e-06,
    "total_energy_kwh": 0.011568139449298355,
    "total_energy_joules": 41645.30201747408,
    "final_emissions": 0.004406882723210209
  }
}