{
  "process_id": 3887040,
  "local_process_index": 3,
  "energy_results": {
    "cpu_power": 112.5,
    "gpu_power": 145.907283890704,
    "ram_power": 0.7086353302001953,
    "cpu_energy": 0.001236345788784092,
    "gpu_energy": 0.010258501540128862,
    "ram_energy": 7.135640348913704e-06,
    "total_energy_kwh": 0.011501982969261866,
    "total_energy_joules": 41407.13868934272,
    "final_emissions": 0.004381680412140308
  }
}