{
  "process_id": 3887039,
  "local_process_index": 2,
  "energy_results": {
    "cpu_power": 112.5,
    "gpu_power": 165.92540551446444,
    "ram_power": 0.7314906120300293,
    "cpu_energy": 0.0012320706401624192,
    "gpu_energy": 0.01024769653148283,
    "ram_energy": 7.366627191289701e-06,
    "total_energy_kwh": 0.011487133798836542,
    "total_energy_joules": 41353.68167581155,
    "final_emissions": 0.004376023620666781
  }
}