{
  "process_id": 3887038,
  "local_process_index": 1,
  "energy_results": {
    "cpu_power": 112.5,
    "gpu_power": 168.3829699221034,
    "ram_power": 0.7247500419616699,
    "cpu_energy": 0.001206147848062756,
    "gpu_energy": 0.010254214592253064,
    "ram_energy": 7.1213432836147175e-06,
    "total_energy_kwh": 0.01146748378359943,
    "total_energy_joules": 41282.94162095795,
    "final_emissions": 0.004368537947362203
  }
}