{
  "experiment_id": "0494",
  "local_process_results": {
    "cpu_power": {
      "process_1": 112.5,
      "process_3": 112.5,
      "process_2": 112.5,
      "process_0": 112.5
    },
    "gpu_power": {
      "process_1": 168.3829699221034,
      "process_3": 145.907283890704,
      "process_2": 165.92540551446444,
      "process_0": 161.95888514931636
    },
    "ram_power": {
      "process_1": 0.7247500419616699,
      "process_3": 0.7086353302001953,
      "process_2": 0.7314906120300293,
      "process_0": 0.6897668838500977
    },
    "cpu_energy": {
      "process_1": 0.001206147848062756,
      "process_3": 0.001236345788784092,
      "process_2": 0.0012320706401624192,
      "process_0": 0.0011654297248060174
    },
    "gpu_energy": {
      "process_1": 0.010254214592253064,
      "process_3": 0.010258501540128862,
      "process_2": 0.01024769653148283,
      "process_0": 0.010251983479358628
    },
    "ram_energy": {
      "process_1": 7.1213432836147175e-06,
      "process_3": 7.135640348913704e-06,
      "process_2": 7.366627191289701e-06,
      "process_0": 6.5350147577546515e-06
    },
    "total_energy_kwh": {
      "process_1": 0.01146748378359943,
      "process_3": 0.011501982969261866,
      "process_2": 0.011487133798836542,
      "process_0": 0.011423948218922399
    },
    "total_energy_joules": {
      "process_1": 41282.94162095795,
      "process_3": 41407.13868934272,
      "process_2": 41353.68167581155,
      "process_0": 41126.213588120634
    }
  },
  "global_experiment_results": {
    "cpu_power_avg": 112.5,
    "gpu_power_avg": 160.54363611914704,
    "ram_power_avg": 0.713660717010498,
    "cpu_energy_total": 0.004839994001815285,
    "gpu_energy_total": 0.041012396143223384,
    "ram_energy_total": 2.8158625581572774e-05,
    "total_energy_kwh": 0.045880548770620234,
    "total_energy_joules": 165169.97557423287
  },
  "global_derived_quantities": {
    "tokens_per_joule": 0.09919478369503353,
    "joules_per_token": 10.081175266981987,
    "flops_per_joule": 318693407.3572377,
    "joules_per_flop": 3.1378120065064767e-09
  },
  "per-process_emissions": [
    0.004368537947362203,
    0.004381680412140308,
    0.004376023620666781,
    0.004351953073998488
  ]
}