{
  "process_id": 3887037,
  "local_process_index": 0,
  "energy_results": {
    "cpu_power": 112.5,
    "gpu_power": 161.95888514931636,
    "ram_power": 0.6897668838500977,
    "cpu_energy": 0.0011654297248060174,
    "gpu_energy": 0.010251983479358628,
    "ram_energy": 6.5350147577546515e-06,
    "total_energy_kwh": 0.011423948218922399,
    "total_energy_joules": 41126.213588120634,
    "final_emissions": 0.004351953073998488
  }
}