{
  "process_id": 2999363,
  "local_process_index": 1,
  "energy_results": {
    "cpu_power": 112.5,
    "gpu_power": 922.6063917837943,
    "ram_power": 0.7325119972229004,
    "cpu_energy": 0.0012312703510269786,
    "gpu_energy": 0.010383378028917534,
    "ram_energy": 6.629479073768271e-06,
    "total_energy_kwh": 0.011621277859018281,
    "total_energy_joules": 41836.60029246581,
    "final_emissions": 0.0044271258003930145
  }
}