{
  "process_id": 2999364,
  "local_process_index": 2,
  "energy_results": {
    "cpu_power": 112.5,
    "gpu_power": 980.5156479348021,
    "ram_power": 0.7081704139709473,
    "cpu_energy": 0.0012299018734411222,
    "gpu_energy": 0.01038161080528166,
    "ram_energy": 6.462407363516554e-06,
    "total_energy_kwh": 0.011617975086086295,
    "total_energy_joules": 41824.71030991066,
    "final_emissions": 0.004425867609044574
  }
}