{
  "experiment_id": "0099",
  "local_process_results": {
    "cpu_power": {
      "process_1": 112.5,
      "process_0": 112.5,
      "process_2": 112.5,
      "process_3": 112.5
    },
    "gpu_power": {
      "process_1": 922.6063917837943,
      "process_0": 1006.80445807106,
      "process_2": 980.5156479348021,
      "process_3": 963.898291248825
    },
    "ram_power": {
      "process_1": 0.7325119972229004,
      "process_0": 0.6885838508605957,
      "process_2": 0.7081704139709473,
      "process_3": 0.7082605361938477
    },
    "cpu_energy": {
      "process_1": 0.0012312703510269786,
      "process_0": 0.0012301100799359122,
      "process_2": 0.0012299018734411222,
      "process_3": 0.0012321488647830845
    },
    "gpu_energy": {
      "process_1": 0.010383378028917534,
      "process_0": 0.01038161080528166,
      "process_2": 0.01038161080528166,
      "process_3": 0.010387737476849956
    },
    "ram_energy": {
      "process_1": 6.629479073768271e-06,
      "process_0": 6.292537263786552e-06,
      "process_2": 6.462407363516554e-06,
      "process_3": 6.415706237399393e-06
    },
    "total_energy_kwh": {
      "process_1": 0.011621277859018281,
      "process_0": 0.011618013422481355,
      "process_2": 0.011617975086086295,
      "process_3": 0.011626302047870442
    },
    "total_energy_joules": {
      "process_1": 41836.60029246581,
      "process_0": 41824.84832093288,
      "process_2": 41824.71030991066,
      "process_3": 41854.68737233359
    }
  },
  "global_experiment_results": {
    "cpu_power_avg": 112.5,
    "gpu_power_avg": 968.4561972596204,
    "ram_power_avg": 0.7093816995620728,
    "cpu_energy_total": 0.004923431169187097,
    "gpu_energy_total": 0.04153433711633081,
    "ram_energy_total": 2.5800129938470767e-05,
    "total_energy_kwh": 0.046483568415456374,
    "total_energy_joules": 167340.84629564293
  },
  "global_derived_quantities": {
    "tokens_per_joule": 0.09790795470852469,
    "joules_per_token": 10.2136747006618,
    "flops_per_joule": 314559077.91853064,
    "joules_per_flop": 3.179053062518817e-09
  },
  "per-process_emissions": [
    0.0044271258003930145,
    0.004425882213294273,
    0.004425867609044574,
    0.004429039765136245
  ]
}