{
  "process_id": 2999365,
  "local_process_index": 3,
  "energy_results": {
    "cpu_power": 112.5,
    "gpu_power": 963.898291248825,
    "ram_power": 0.7082605361938477,
    "cpu_energy": 0.0012321488647830845,
    "gpu_energy": 0.010387737476849956,
    "ram_energy": 6.415706237399393e-06,
    "total_energy_kwh": 0.011626302047870442,
    "total_energy_joules": 41854.68737233359,
    "final_emissions": 0.004429039765136245
  }
}