{
  "process_id": 2999362,
  "local_process_index": 0,
  "energy_results": {
    "cpu_power": 112.5,
    "gpu_power": 1006.80445807106,
    "ram_power": 0.6885838508605957,
    "cpu_energy": 0.0012301100799359122,
    "gpu_energy": 0.01038161080528166,
    "ram_energy": 6.292537263786552e-06,
    "total_energy_kwh": 0.011618013422481355,
    "total_energy_joules": 41824.84832093288,
    "final_emissions": 0.004425882213294273
  }
}