{
  "process_id": 3902681,
  "local_process_index": 0,
  "energy_results": {
    "cpu_power": 112.5,
    "gpu_power": 2741.581391700172,
    "ram_power": 0.6858229637145996,
    "cpu_energy": 0.0014723974312819338,
    "gpu_energy": 0.010628300169301497,
    "ram_energy": 7.883164683917984e-06,
    "total_energy_kwh": 0.01210858076526735,
    "total_energy_joules": 43590.890754962464,
    "final_emissions": 0.004612763842528597
  }
}