{
  "process_id": 3902682,
  "local_process_index": 1,
  "energy_results": {
    "cpu_power": 112.5,
    "gpu_power": 1125.8262126103634,
    "ram_power": 0.7302746772766113,
    "cpu_energy": 0.0014345914634413927,
    "gpu_energy": 0.010622660720340349,
    "ram_energy": 8.94753548076939e-06,
    "total_energy_kwh": 0.012066199719262509,
    "total_energy_joules": 43438.31898934503,
    "final_emissions": 0.004596618783053053
  }
}