{
  "process_id": 3902683,
  "local_process_index": 2,
  "energy_results": {
    "cpu_power": 112.5,
    "gpu_power": 1679.3891670361827,
    "ram_power": 0.7313904762268066,
    "cpu_energy": 0.0015295458148484613,
    "gpu_energy": 0.010624028499217175,
    "ram_energy": 8.764041645836408e-06,
    "total_energy_kwh": 0.012162338355711469,
    "total_energy_joules": 43784.418080561285,
    "final_emissions": 0.004633242796608285
  }
}