{
  "process_id": 3902684,
  "local_process_index": 3,
  "energy_results": {
    "cpu_power": 112.5,
    "gpu_power": 531.3113124124891,
    "ram_power": 0.7298655509948732,
    "cpu_energy": 0.001380905218926273,
    "gpu_energy": 0.010840462005694107,
    "ram_energy": 8.982935946853983e-06,
    "total_energy_kwh": 0.012230350160567236,
    "total_energy_joules": 44029.26057804205,
    "final_emissions": 0.004659151893668089
  }
}