{
  "experiment_id": "0503",
  "local_process_results": {
    "cpu_power": {
      "process_1": 112.5,
      "process_3": 112.5,
      "process_0": 112.5,
      "process_2": 112.5
    },
    "gpu_power": {
      "process_1": 1125.8262126103634,
      "process_3": 531.3113124124891,
      "process_0": 2741.581391700172,
      "process_2": 1679.3891670361827
    },
    "ram_power": {
      "process_1": 0.7302746772766113,
      "process_3": 0.7298655509948732,
      "process_0": 0.6858229637145996,
      "process_2": 0.7313904762268066
    },
    "cpu_energy": {
      "process_1": 0.0014345914634413927,
      "process_3": 0.001380905218926273,
      "process_0": 0.0014723974312819338,
      "process_2": 0.0015295458148484613
    },
    "gpu_energy": {
      "process_1": 0.010622660720340349,
      "process_3": 0.010840462005694107,
      "process_0": 0.010628300169301497,
      "process_2": 0.010624028499217175
    },
    "ram_energy": {
      "process_1": 8.94753548076939e-06,
      "process_3": 8.982935946853983e-06,
      "process_0": 7.883164683917984e-06,
      "process_2": 8.764041645836408e-06
    },
    "total_energy_kwh": {
      "process_1": 0.012066199719262509,
      "process_3": 0.012230350160567236,
      "process_0": 0.01210858076526735,
      "process_2": 0.012162338355711469
    },
    "total_energy_joules": {
      "process_1": 43438.31898934503,
      "process_3": 44029.26057804205,
      "process_0": 43590.890754962464,
      "process_2": 43784.418080561285
    }
  },
  "global_experiment_results": {
    "cpu_power_avg": 112.5,
    "gpu_power_avg": 1519.5270209398018,
    "ram_power_avg": 0.7193384170532227,
    "cpu_energy_total": 0.005817439928498061,
    "gpu_energy_total": 0.04271545139455313,
    "ram_energy_total": 3.4577677757377766e-05,
    "total_energy_kwh": 0.048567469000808564,
    "total_energy_joules": 174842.88840291084
  },
  "global_derived_quantities": {
    "tokens_per_joule": 0.09370698545224464,
    "joules_per_token": 10.671563012872976,
    "flops_per_joule": 301062186.684784,
    "joules_per_flop": 3.3215728983162303e-09
  },
  "per-process_emissions": [
    0.004596618783053053,
    0.004659151893668089,
    0.004612763842528597,
    0.004633242796608285
  ]
}