{
  "process_id": 2834761,
  "local_process_index": 1,
  "energy_results": {
    "cpu_power": 112.5,
    "gpu_power": 476.9757110242732,
    "ram_power": 0.7229876518249512,
    "cpu_energy": 0.0014476230386480892,
    "gpu_energy": 0.01077107500574126,
    "ram_energy": 7.853068280309198e-06,
    "total_energy_kwh": 0.012226551112669657,
    "total_energy_joules": 44015.58400561076,
    "final_emissions": 0.004657704646371506
  }
}