{
  "process_id": 2834763,
  "local_process_index": 3,
  "energy_results": {
    "cpu_power": 112.5,
    "gpu_power": 0.0,
    "ram_power": 0.723182201385498,
    "cpu_energy": 0.0014574636632805778,
    "gpu_energy": 0.010692681609693722,
    "ram_energy": 7.855742356829393e-06,
    "total_energy_kwh": 0.012158001015331129,
    "total_energy_joules": 43768.80365519206,
    "final_emissions": 0.004631590486790393
  }
}