{
  "experiment_id": "0065",
  "local_process_results": {
    "cpu_power": {
      "process_3": 112.5,
      "process_1": 112.5,
      "process_2": 112.5,
      "process_0": 112.5
    },
    "gpu_power": {
      "process_3": 0.0,
      "process_1": 476.9757110242732,
      "process_2": 869.2074154416906,
      "process_0": 1247.8387750707811
    },
    "ram_power": {
      "process_3": 0.723182201385498,
      "process_1": 0.7229876518249512,
      "process_2": 0.7241549491882324,
      "process_0": 0.6876940727233887
    },
    "cpu_energy": {
      "process_3": 0.0014574636632805778,
      "process_1": 0.0014476230386480892,
      "process_2": 0.0014064578902452925,
      "process_0": 0.0014320129228744922
    },
    "gpu_energy": {
      "process_3": 0.010692681609693722,
      "process_1": 0.01077107500574126,
      "process_2": 0.01054278565644573,
      "process_0": 0.01070803551086641
    },
    "ram_energy": {
      "process_3": 7.855742356829393e-06,
      "process_1": 7.853068280309198e-06,
      "process_2": 7.622233125531502e-06,
      "process_0": 7.495708463231788e-06
    },
    "total_energy_kwh": {
      "process_3": 0.012158001015331129,
      "process_1": 0.012226551112669657,
      "process_2": 0.011956865779816557,
      "process_0": 0.012147544142204135
    },
    "total_energy_joules": {
      "process_3": 43768.80365519206,
      "process_1": 44015.58400561076,
      "process_2": 43044.71680733961,
      "process_0": 43731.15891193489
    }
  },
  "global_experiment_results": {
    "cpu_power_avg": 112.5,
    "gpu_power_avg": 648.5054753841862,
    "ram_power_avg": 0.7145047187805176,
    "cpu_energy_total": 0.005743557515048452,
    "gpu_energy_total": 0.04271457778274712,
    "ram_energy_total": 3.082675222590188e-05,
    "total_energy_kwh": 0.04848896205002148,
    "total_energy_joules": 174560.26338007732
  },
  "global_derived_quantities": {
    "tokens_per_joule": 0.09385870348010666,
    "joules_per_token": 10.654312950444172,
    "flops_per_joule": 301549626.98613614,
    "joules_per_flop": 3.3162037373237253e-09
  },
  "per-process_emissions": [
    0.004631590486790393,
    0.004657704646371506,
    0.004554968018821118,
    0.0046276069409726655
  ]
}