{
  "process_id": 2834760,
  "local_process_index": 0,
  "energy_results": {
    "cpu_power": 112.5,
    "gpu_power": 1247.8387750707811,
    "ram_power": 0.6876940727233887,
    "cpu_energy": 0.0014320129228744922,
    "gpu_energy": 0.01070803551086641,
    "ram_energy": 7.495708463231788e-06,
    "total_energy_kwh": 0.012147544142204135,
    "total_energy_joules": 43731.15891193489,
    "final_emissions": 0.0046276069409726655
  }
}