{
  "process_id": 2834762,
  "local_process_index": 2,
  "energy_results": {
    "cpu_power": 112.5,
    "gpu_power": 869.2074154416906,
    "ram_power": 0.7241549491882324,
    "cpu_energy": 0.0014064578902452925,
    "gpu_energy": 0.01054278565644573,
    "ram_energy": 7.622233125531502e-06,
    "total_energy_kwh": 0.011956865779816557,
    "total_energy_joules": 43044.71680733961,
    "final_emissions": 0.004554968018821118
  }
}