{
  "experiment_id": "0567",
  "local_process_results": {
    "cpu_power": {
      "process_3": 112.5,
      "process_1": 112.5,
      "process_2": 112.5,
      "process_0": 112.5
    },
    "gpu_power": {
      "process_3": 960.1746801962795,
      "process_1": 883.166864749739,
      "process_2": 1183.7140450402112,
      "process_0": 1040.7579788870357
    },
    "ram_power": {
      "process_3": 0.7331972122192383,
      "process_1": 0.7324776649475098,
      "process_2": 0.733212947845459,
      "process_0": 0.6887168884277344
    },
    "cpu_energy": {
      "process_3": 0.0011085492029706072,
      "process_1": 0.0010961850182793567,
      "process_2": 0.0011541762587148699,
      "process_0": 0.001103729831629608
    },
    "gpu_energy": {
      "process_3": 0.010377348301874534,
      "process_1": 0.010317405476142127,
      "process_2": 0.010378797191922473,
      "process_0": 0.010294728235777484
    },
    "ram_energy": {
      "process_3": 7.499829294020194e-06,
      "process_1": 7.411254715057811e-06,
      "process_2": 7.421597687561092e-06,
      "process_0": 7.001484171625719e-06
    },
    "total_energy_kwh": {
      "process_3": 0.011493397334139161,
      "process_1": 0.011421001749136541,
      "process_2": 0.011540395048324907,
      "process_0": 0.011405459551578715
    },
    "total_energy_joules": {
      "process_3": 41376.23040290098,
      "process_1": 41115.60629689155,
      "process_2": 41545.422173969666,
      "process_0": 41059.654385683374
    }
  },
  "global_experiment_results": {
    "cpu_power_avg": 112.5,
    "gpu_power_avg": 1016.9533922183164,
    "ram_power_avg": 0.7219011783599854,
    "cpu_energy_total": 0.004462640311594442,
    "gpu_energy_total": 0.04136827920571662,
    "ram_energy_total": 2.9334165868264816e-05,
    "total_energy_kwh": 0.04586025368317932,
    "total_energy_joules": 165096.91325944557
  },
  "global_derived_quantities": {
    "tokens_per_joule": 0.09923868155095646,
    "joules_per_token": 10.076715897182957,
    "flops_per_joule": 318834442.56855255,
    "joules_per_flop": 3.1364240072180726e-09
  },
  "per-process_emissions": [
    0.004378409714440314,
    0.004350830616333566,
    0.004396313493659374,
    0.0043449098161739115
  ]
}