{
  "process_id": 4060054,
  "local_process_index": 3,
  "energy_results": {
    "cpu_power": 112.5,
    "gpu_power": 960.1746801962795,
    "ram_power": 0.7331972122192383,
    "cpu_energy": 0.0011085492029706072,
    "gpu_energy": 0.010377348301874534,
    "ram_energy": 7.499829294020194e-06,
    "total_energy_kwh": 0.011493397334139161,
    "total_energy_joules": 41376.23040290098,
    "final_emissions": 0.004378409714440314
  }
}