{
  "process_id": 4060051,
  "local_process_index": 0,
  "energy_results": {
    "cpu_power": 112.5,
    "gpu_power": 1040.7579788870357,
    "ram_power": 0.6887168884277344,
    "cpu_energy": 0.001103729831629608,
    "gpu_energy": 0.010294728235777484,
    "ram_energy": 7.001484171625719e-06,
    "total_energy_kwh": 0.011405459551578715,
    "total_energy_joules": 41059.654385683374,
    "final_emissions": 0.0043449098161739115
  }
}