{
  "process_id": 4060053,
  "local_process_index": 2,
  "energy_results": {
    "cpu_power": 112.5,
    "gpu_power": 1183.7140450402112,
    "ram_power": 0.733212947845459,
    "cpu_energy": 0.0011541762587148699,
    "gpu_energy": 0.010378797191922473,
    "ram_energy": 7.421597687561092e-06,
    "total_energy_kwh": 0.011540395048324907,
    "total_energy_joules": 41545.422173969666,
    "final_emissions": 0.004396313493659374
  }
}