{
  "process_id": 4060052,
  "local_process_index": 1,
  "energy_results": {
    "cpu_power": 112.5,
    "gpu_power": 883.166864749739,
    "ram_power": 0.7324776649475098,
    "cpu_energy": 0.0010961850182793567,
    "gpu_energy": 0.010317405476142127,
    "ram_energy": 7.411254715057811e-06,
    "total_energy_kwh": 0.011421001749136541,
    "total_energy_joules": 41115.60629689155,
    "final_emissions": 0.004350830616333566
  }
}