{
  "process_id": 2973068,
  "local_process_index": 0,
  "energy_results": {
    "cpu_power": 112.5,
    "gpu_power": 971.479491814413,
    "ram_power": 0.6872749328613281,
    "cpu_energy": 0.001243429221214683,
    "gpu_energy": 0.010417269167142251,
    "ram_energy": 6.242348155080159e-06,
    "total_energy_kwh": 0.011666940736512015,
    "total_energy_joules": 42000.98665144326,
    "final_emissions": 0.0044445210735742525
  }
}