{
  "process_id": 2973069,
  "local_process_index": 1,
  "energy_results": {
    "cpu_power": 112.5,
    "gpu_power": 650.4668109382827,
    "ram_power": 0.7324304580688477,
    "cpu_energy": 0.0012550746777615128,
    "gpu_energy": 0.010476845603689888,
    "ram_energy": 6.771242497607351e-06,
    "total_energy_kwh": 0.01173869152394901,
    "total_energy_joules": 42259.28948621643,
    "final_emissions": 0.004471854536048376
  }
}