{
  "experiment_id": "0083",
  "local_process_results": {
    "cpu_power": {
      "process_1": 112.5,
      "process_3": 112.5,
      "process_2": 112.5,
      "process_0": 112.5
    },
    "gpu_power": {
      "process_1": 650.4668109382827,
      "process_3": 1348.0022564868832,
      "process_2": 815.9665889644541,
      "process_0": 971.479491814413
    },
    "ram_power": {
      "process_1": 0.7324304580688477,
      "process_3": 0.7245125770568848,
      "process_2": 0.7247815132141113,
      "process_0": 0.6872749328613281
    },
    "cpu_energy": {
      "process_1": 0.0012550746777615128,
      "process_3": 0.0012446307100581176,
      "process_2": 0.0012510942576263921,
      "process_0": 0.001243429221214683
    },
    "gpu_energy": {
      "process_1": 0.010476845603689888,
      "process_3": 0.010432627790541105,
      "process_2": 0.010462360869881948,
      "process_0": 0.010417269167142251
    },
    "ram_energy": {
      "process_1": 6.771242497607351e-06,
      "process_3": 6.661035572693186e-06,
      "process_2": 6.5454883433868e-06,
      "process_0": 6.242348155080159e-06
    },
    "total_energy_kwh": {
      "process_1": 0.01173869152394901,
      "process_3": 0.011683919536171913,
      "process_2": 0.01172000061585173,
      "process_0": 0.011666940736512015
    },
    "total_energy_joules": {
      "process_1": 42259.28948621643,
      "process_3": 42062.110330218886,
      "process_2": 42192.00221706623,
      "process_0": 42000.98665144326
    }
  },
  "global_experiment_results": {
    "cpu_power_avg": 112.5,
    "gpu_power_avg": 946.4787870510082,
    "ram_power_avg": 0.717249870300293,
    "cpu_energy_total": 0.004994228866660705,
    "gpu_energy_total": 0.04178910343125519,
    "ram_energy_total": 2.6220114568767498e-05,
    "total_energy_kwh": 0.046809552412484676,
    "total_energy_joules": 168514.3886849448
  },
  "global_derived_quantities": {
    "tokens_per_joule": 0.09722611895552488,
    "joules_per_token": 10.285302043758838,
    "flops_per_joule": 312368473.2184936,
    "joules_per_flop": 3.201347401344585e-09
  },
  "per-process_emissions": [
    0.004471854536048376,
    0.004450989147304691,
    0.004464734234608717,
    0.0044445210735742525
  ]
}