{
  "process_id": 2973071,
  "local_process_index": 3,
  "energy_results": {
    "cpu_power": 112.5,
    "gpu_power": 1348.0022564868832,
    "ram_power": 0.7245125770568848,
    "cpu_energy": 0.0012446307100581176,
    "gpu_energy": 0.010432627790541105,
    "ram_energy": 6.661035572693186e-06,
    "total_energy_kwh": 0.011683919536171913,
    "total_energy_joules": 42062.110330218886,
    "final_emissions": 0.004450989147304691
  }
}