{
  "process_id": 2973070,
  "local_process_index": 2,
  "energy_results": {
    "cpu_power": 112.5,
    "gpu_power": 815.9665889644541,
    "ram_power": 0.7247815132141113,
    "cpu_energy": 0.0012510942576263921,
    "gpu_energy": 0.010462360869881948,
    "ram_energy": 6.5454883433868e-06,
    "total_energy_kwh": 0.01172000061585173,
    "total_energy_joules": 42192.00221706623,
    "final_emissions": 0.004464734234608717
  }
}