{
  "process_id": 3870194,
  "local_process_index": 3,
  "energy_results": {
    "cpu_power": 112.5,
    "gpu_power": 375.40093539888016,
    "ram_power": 0.7254495620727539,
    "cpu_energy": 0.015945749120690376,
    "gpu_energy": 0.06743608811549429,
    "ram_energy": 0.00010019687070694467,
    "total_energy_kwh": 0.08348203410689159,
    "total_energy_joules": 300535.32278480974,
    "final_emissions": 0.03180248089302035
  }
}