{
  "process_id": 3870193,
  "local_process_index": 2,
  "energy_results": {
    "cpu_power": 112.5,
    "gpu_power": 232.49253917868361,
    "ram_power": 0.7258529663085938,
    "cpu_energy": 0.015865672231522708,
    "gpu_energy": 0.06740190003258739,
    "ram_energy": 0.0001005421022489059,
    "total_energy_kwh": 0.08336811436635881,
    "total_energy_joules": 300125.21171889175,
    "final_emissions": 0.03175908316786439
  }
}