{
  "process_id": 3870192,
  "local_process_index": 1,
  "energy_results": {
    "cpu_power": 112.5,
    "gpu_power": 421.67270379013,
    "ram_power": 0.7094106674194336,
    "cpu_energy": 0.01612569598966,
    "gpu_energy": 0.06767573136276361,
    "ram_energy": 9.90058917215389e-05,
    "total_energy_kwh": 0.08390043324414527,
    "total_energy_joules": 302041.559678923,
    "final_emissions": 0.03196187004435714
  }
}