{
  "process_id": 3870191,
  "local_process_index": 0,
  "energy_results": {
    "cpu_power": 112.5,
    "gpu_power": 464.3060579391184,
    "ram_power": 0.6831951141357423,
    "cpu_energy": 0.01612164500106336,
    "gpu_energy": 0.06778043950208534,
    "ram_energy": 9.566318810275421e-05,
    "total_energy_kwh": 0.08399774769125146,
    "total_energy_joules": 302391.89168850525,
    "final_emissions": 0.03199894198298224
  }
}