{
  "experiment_id": "0488",
  "local_process_results": {
    "cpu_power": {
      "process_2": 112.5,
      "process_0": 112.5,
      "process_1": 112.5,
      "process_3": 112.5
    },
    "gpu_power": {
      "process_2": 232.49253917868361,
      "process_0": 464.3060579391184,
      "process_1": 421.67270379013,
      "process_3": 375.40093539888016
    },
    "ram_power": {
      "process_2": 0.7258529663085938,
      "process_0": 0.6831951141357423,
      "process_1": 0.7094106674194336,
      "process_3": 0.7254495620727539
    },
    "cpu_energy": {
      "process_2": 0.015865672231522708,
      "process_0": 0.01612164500106336,
      "process_1": 0.01612569598966,
      "process_3": 0.015945749120690376
    },
    "gpu_energy": {
      "process_2": 0.06740190003258739,
      "process_0": 0.06778043950208534,
      "process_1": 0.06767573136276361,
      "process_3": 0.06743608811549429
    },
    "ram_energy": {
      "process_2": 0.0001005421022489059,
      "process_0": 9.566318810275421e-05,
      "process_1": 9.90058917215389e-05,
      "process_3": 0.00010019687070694467
    },
    "total_energy_kwh": {
      "process_2": 0.08336811436635881,
      "process_0": 0.08399774769125146,
      "process_1": 0.08390043324414527,
      "process_3": 0.08348203410689159
    },
    "total_energy_joules": {
      "process_2": 300125.21171889175,
      "process_0": 302391.89168850525,
      "process_1": 302041.559678923,
      "process_3": 300535.32278480974
    }
  },
  "global_experiment_results": {
    "cpu_power_avg": 112.5,
    "gpu_power_avg": 373.46805907670307,
    "ram_power_avg": 0.7109770774841309,
    "cpu_energy_total": 0.06405876234293645,
    "gpu_energy_total": 0.27029415901293063,
    "ram_energy_total": 0.0003954080527801437,
    "total_energy_kwh": 0.3347483294086471,
    "total_energy_joules": 1205093.9858711297
  },
  "global_derived_quantities": {
    "tokens_per_joule": 0.013595620086143283,
    "joules_per_token": 73.55309972357969,
    "flops_per_joule": 43680063.90042101,
    "joules_per_flop": 2.2893739402024124e-08
  },
  "per-process_emissions": [
    0.03175908316786439,
    0.03199894198298224,
    0.03196187004435714,
    0.03180248089302035
  ]
}