{
  "process_id": 4037790,
  "local_process_index": 2,
  "energy_results": {
    "cpu_power": 112.5,
    "gpu_power": 963.87966961564,
    "ram_power": 0.710789680480957,
    "cpu_energy": 0.001211689931591536,
    "gpu_energy": 0.010542423711713766,
    "ram_energy": 6.955398868800684e-06,
    "total_energy_kwh": 0.0117610690421741,
    "total_energy_joules": 42339.84855182676,
    "final_emissions": 0.004480379251616223
  }
}