{
  "process_id": 4037789,
  "local_process_index": 1,
  "energy_results": {
    "cpu_power": 112.5,
    "gpu_power": 2137.0822567207842,
    "ram_power": 0.7089815139770508,
    "cpu_energy": 0.0012817184465111497,
    "gpu_energy": 0.01063305406199433,
    "ram_energy": 7.238389236589914e-06,
    "total_energy_kwh": 0.011922010897742061,
    "total_energy_joules": 42919.23923187142,
    "final_emissions": 0.004541690051494838
  }
}