{
  "process_id": 4037788,
  "local_process_index": 0,
  "energy_results": {
    "cpu_power": 112.5,
    "gpu_power": 0.0,
    "ram_power": 0.6812481880187988,
    "cpu_energy": 0.0012880497118767382,
    "gpu_energy": 0.01063169294979538,
    "ram_energy": 7.062425932157209e-06,
    "total_energy_kwh": 0.011926805087604275,
    "total_energy_joules": 42936.49831537539,
    "final_emissions": 0.004543516398122849
  }
}