{
  "experiment_id": "0555",
  "local_process_results": {
    "cpu_power": {
      "process_3": 112.5,
      "process_1": 112.5,
      "process_2": 112.5,
      "process_0": 112.5
    },
    "gpu_power": {
      "process_3": 978.3336352444412,
      "process_1": 2137.0822567207842,
      "process_2": 963.87966961564,
      "process_0": 0.0
    },
    "ram_power": {
      "process_3": 0.72454833984375,
      "process_1": 0.7089815139770508,
      "process_2": 0.710789680480957,
      "process_0": 0.6812481880187988
    },
    "cpu_energy": {
      "process_3": 0.0012412846904371693,
      "process_1": 0.0012817184465111497,
      "process_2": 0.001211689931591536,
      "process_0": 0.0012880497118767382
    },
    "gpu_energy": {
      "process_3": 0.010522479806866158,
      "process_1": 0.01063305406199433,
      "process_2": 0.010542423711713766,
      "process_0": 0.01063169294979538
    },
    "ram_energy": {
      "process_3": 7.288896903702662e-06,
      "process_1": 7.238389236589914e-06,
      "process_2": 6.955398868800684e-06,
      "process_0": 7.062425932157209e-06
    },
    "total_energy_kwh": {
      "process_3": 0.01177105339420703,
      "process_1": 0.011922010897742061,
      "process_2": 0.0117610690421741,
      "process_0": 0.011926805087604275
    },
    "total_energy_joules": {
      "process_3": 42375.79221914531,
      "process_1": 42919.23923187142,
      "process_2": 42339.84855182676,
      "process_0": 42936.49831537539
    }
  },
  "global_experiment_results": {
    "cpu_power_avg": 112.5,
    "gpu_power_avg": 1019.8238903952164,
    "ram_power_avg": 0.7063919305801392,
    "cpu_energy_total": 0.0050227427804165935,
    "gpu_energy_total": 0.042329650530369634,
    "ram_energy_total": 2.8545110941250468e-05,
    "total_energy_kwh": 0.04738093842172746,
    "total_energy_joules": 170571.37831821886
  },
  "global_derived_quantities": {
    "tokens_per_joule": 0.09605362963904719,
    "joules_per_token": 10.41085072743035,
    "flops_per_joule": 308601494.73999786,
    "joules_per_flop": 3.24042500455974e-09
  },
  "per-process_emissions": [
    0.004484182790523168,
    0.004541690051494838,
    0.004480379251616223,
    0.004543516398122849
  ]
}