{
  "process_id": 4037791,
  "local_process_index": 3,
  "energy_results": {
    "cpu_power": 112.5,
    "gpu_power": 978.3336352444412,
    "ram_power": 0.72454833984375,
    "cpu_energy": 0.0012412846904371693,
    "gpu_energy": 0.010522479806866158,
    "ram_energy": 7.288896903702662e-06,
    "total_energy_kwh": 0.01177105339420703,
    "total_energy_joules": 42375.79221914531,
    "final_emissions": 0.004484182790523168
  }
}