{
  "process_id": 3849010,
  "local_process_index": 3,
  "energy_results": {
    "cpu_power": 112.5,
    "gpu_power": 1068.273134387189,
    "ram_power": 0.7231063842773438,
    "cpu_energy": 0.0013333053200058206,
    "gpu_energy": 0.010875579256008905,
    "ram_energy": 8.535629502965761e-06,
    "total_energy_kwh": 0.012217420205517693,
    "total_energy_joules": 43982.712739863695,
    "final_emissions": 0.004654226227291965
  }
}