{
  "experiment_id": "0479",
  "local_process_results": {
    "cpu_power": {
      "process_0": 112.5,
      "process_3": 112.5,
      "process_1": 112.5,
      "process_2": 112.5
    },
    "gpu_power": {
      "process_0": 1056.8699082619396,
      "process_3": 1068.273134387189,
      "process_1": 104.92863741429747,
      "process_2": 86.16339257683919
    },
    "ram_power": {
      "process_0": 0.6797318458557129,
      "process_3": 0.7231063842773438,
      "process_1": 0.7302660942077637,
      "process_2": 0.7299928665161133
    },
    "cpu_energy": {
      "process_0": 0.0013106290565556267,
      "process_3": 0.0013333053200058206,
      "process_1": 0.0014769165410853016,
      "process_2": 0.001482420861098944
    },
    "gpu_energy": {
      "process_0": 0.010633816840378785,
      "process_3": 0.010875579256008905,
      "process_1": 0.010920871514466413,
      "process_2": 0.010925947629639055
    },
    "ram_energy": {
      "process_0": 8.989102846789846e-06,
      "process_3": 8.535629502965761e-06,
      "process_1": 1.0324311862905129e-05,
      "process_2": 1.035438256865598e-05
    },
    "total_energy_kwh": {
      "process_0": 0.011953434999781198,
      "process_3": 0.012217420205517693,
      "process_1": 0.01240811236741462,
      "process_2": 0.012418722873306651
    },
    "total_energy_joules": {
      "process_0": 43032.365999212314,
      "process_3": 43982.712739863695,
      "process_1": 44669.204522692635,
      "process_2": 44707.402343903945
    }
  },
  "global_experiment_results": {
    "cpu_power_avg": 112.5,
    "gpu_power_avg": 579.0587681600664,
    "ram_power_avg": 0.7157742977142334,
    "cpu_energy_total": 0.005603271778745693,
    "gpu_energy_total": 0.04335621524049316,
    "ram_energy_total": 3.820342678131672e-05,
    "total_energy_kwh": 0.04899769044602016,
    "total_energy_joules": 176391.6856056726
  },
  "global_derived_quantities": {
    "tokens_per_joule": 0.0928841965750403,
    "joules_per_token": 10.766094092143103,
    "flops_per_joule": 298418727.2099587,
    "joules_per_flop": 3.3509961299996745e-09
  },
  "per-process_emissions": [
    0.004553661063166648,
    0.004654226227291965,
    0.004726870406366599,
    0.004730912478586169
  ]
}