{
  "process_id": 3849008,
  "local_process_index": 1,
  "energy_results": {
    "cpu_power": 112.5,
    "gpu_power": 104.92863741429747,
    "ram_power": 0.7302660942077637,
    "cpu_energy": 0.0014769165410853016,
    "gpu_energy": 0.010920871514466413,
    "ram_energy": 1.0324311862905129e-05,
    "total_energy_kwh": 0.01240811236741462,
    "total_energy_joules": 44669.204522692635,
    "final_emissions": 0.004726870406366599
  }
}