{
  "process_id": 3849009,
  "local_process_index": 2,
  "energy_results": {
    "cpu_power": 112.5,
    "gpu_power": 86.16339257683919,
    "ram_power": 0.7299928665161133,
    "cpu_energy": 0.001482420861098944,
    "gpu_energy": 0.010925947629639055,
    "ram_energy": 1.035438256865598e-05,
    "total_energy_kwh": 0.012418722873306651,
    "total_energy_joules": 44707.402343903945,
    "final_emissions": 0.004730912478586169
  }
}