{
  "process_id": 3849007,
  "local_process_index": 0,
  "energy_results": {
    "cpu_power": 112.5,
    "gpu_power": 1056.8699082619396,
    "ram_power": 0.6797318458557129,
    "cpu_energy": 0.0013106290565556267,
    "gpu_energy": 0.010633816840378785,
    "ram_energy": 8.989102846789846e-06,
    "total_energy_kwh": 0.011953434999781198,
    "total_energy_joules": 43032.365999212314,
    "final_emissions": 0.004553661063166648
  }
}