{
  "process_id": 3154026,
  "local_process_index": 3,
  "energy_results": {
    "cpu_power": 112.5,
    "gpu_power": 1011.5606746517616,
    "ram_power": 0.724174976348877,
    "cpu_energy": 0.001259743636024723,
    "gpu_energy": 0.010446530579440783,
    "ram_energy": 6.569695678240244e-06,
    "total_energy_kwh": 0.011712843911143748,
    "total_energy_joules": 42166.238080117495,
    "final_emissions": 0.004462007887950211
  }
}