{
  "process_id": 3154023,
  "local_process_index": 0,
  "energy_results": {
    "cpu_power": 112.5,
    "gpu_power": 259.38530912658655,
    "ram_power": 0.6887969970703125,
    "cpu_energy": 0.0012707493553789392,
    "gpu_energy": 0.010514220355813286,
    "ram_energy": 6.5576828762181805e-06,
    "total_energy_kwh": 0.011791527394068444,
    "total_energy_joules": 42449.4986186464,
    "final_emissions": 0.004491982360770374
  }
}