{
  "experiment_id": "0189",
  "local_process_results": {
    "cpu_power": {
      "process_0": 112.5,
      "process_3": 112.5,
      "process_1": 112.5,
      "process_2": 112.5
    },
    "gpu_power": {
      "process_0": 259.38530912658655,
      "process_3": 1011.5606746517616,
      "process_1": 442.4261077601821,
      "process_2": 0.0
    },
    "ram_power": {
      "process_0": 0.6887969970703125,
      "process_3": 0.724174976348877,
      "process_1": 0.7242107391357422,
      "process_2": 0.7242708206176758
    },
    "cpu_energy": {
      "process_0": 0.0012707493553789392,
      "process_3": 0.001259743636024723,
      "process_1": 0.0012757910403124696,
      "process_2": 0.001270601500558769
    },
    "gpu_energy": {
      "process_0": 0.010514220355813286,
      "process_3": 0.010446530579440783,
      "process_1": 0.010529996479546888,
      "process_2": 0.010511682576005654
    },
    "ram_energy": {
      "process_0": 6.5576828762181805e-06,
      "process_3": 6.569695678240244e-06,
      "process_1": 6.8332701287222204e-06,
      "process_2": 6.805502855040959e-06
    },
    "total_energy_kwh": {
      "process_0": 0.011791527394068444,
      "process_3": 0.011712843911143748,
      "process_1": 0.011812620789988078,
      "process_2": 0.011789089579419466
    },
    "total_energy_joules": {
      "process_0": 42449.4986186464,
      "process_3": 42166.238080117495,
      "process_1": 42525.43484395708,
      "process_2": 42440.72248591008
    }
  },
  "global_experiment_results": {
    "cpu_power_avg": 112.5,
    "gpu_power_avg": 428.34302288463255,
    "ram_power_avg": 0.7153633832931519,
    "cpu_energy_total": 0.005076885532274901,
    "gpu_energy_total": 0.04200242999080661,
    "ram_energy_total": 2.6766151538221605e-05,
    "total_energy_kwh": 0.047106081674619736,
    "total_energy_joules": 169581.89402863107
  },
  "global_derived_quantities": {
    "tokens_per_joule": 0.09661408780605926,
    "joules_per_token": 10.35045739920844,
    "flops_per_joule": 310402137.03461087,
    "joules_per_flop": 3.2216273043522788e-09
  },
  "per-process_emissions": [
    0.004491982360770374,
    0.004462007887950211,
    0.004500017889945958,
    0.004491053675279846
  ]
}