{
  "process_id": 3154025,
  "local_process_index": 2,
  "energy_results": {
    "cpu_power": 112.5,
    "gpu_power": 0.0,
    "ram_power": 0.7242708206176758,
    "cpu_energy": 0.001270601500558769,
    "gpu_energy": 0.010511682576005654,
    "ram_energy": 6.805502855040959e-06,
    "total_energy_kwh": 0.011789089579419466,
    "total_energy_joules": 42440.72248591008,
    "final_emissions": 0.004491053675279846
  }
}