{
  "process_id": 3154024,
  "local_process_index": 1,
  "energy_results": {
    "cpu_power": 112.5,
    "gpu_power": 442.4261077601821,
    "ram_power": 0.7242107391357422,
    "cpu_energy": 0.0012757910403124696,
    "gpu_energy": 0.010529996479546888,
    "ram_energy": 6.8332701287222204e-06,
    "total_energy_kwh": 0.011812620789988078,
    "total_energy_joules": 42525.43484395708,
    "final_emissions": 0.004500017889945958
  }
}