{
  "experiment_id": "0533",
  "local_process_results": {
    "cpu_power": {
      "process_1": 112.5,
      "process_3": 112.5,
      "process_0": 112.5,
      "process_2": 112.5
    },
    "gpu_power": {
      "process_1": 769.7668044123951,
      "process_3": 807.7735003595068,
      "process_0": 841.3217839123679,
      "process_2": 674.9899555392258
    },
    "ram_power": {
      "process_1": 0.7310914993286133,
      "process_3": 0.7234840393066406,
      "process_0": 0.6862378120422363,
      "process_2": 0.7058944702148438
    },
    "cpu_energy": {
      "process_1": 0.0011529641976194395,
      "process_3": 0.001049592773651966,
      "process_0": 0.0010919716737516863,
      "process_2": 0.0012011900895577128
    },
    "gpu_energy": {
      "process_1": 0.01024449458448018,
      "process_3": 0.01033702215850063,
      "process_0": 0.010261732931601486,
      "process_2": 0.010225719013906343
    },
    "ram_energy": {
      "process_1": 7.192638766086367e-06,
      "process_3": 6.855532369370967e-06,
      "process_0": 7.083278496890072e-06,
      "process_2": 7.381140401011462e-06
    },
    "total_energy_kwh": {
      "process_1": 0.011404651420865702,
      "process_3": 0.011393470464521967,
      "process_0": 0.011360787883850062,
      "process_2": 0.011434290243865062
    },
    "total_energy_joules": {
      "process_1": 41056.74511511653,
      "process_3": 41016.49367227908,
      "process_0": 40898.83638186022,
      "process_2": 41163.44487791422
    }
  },
  "global_experiment_results": {
    "cpu_power_avg": 112.5,
    "gpu_power_avg": 773.463011055874,
    "ram_power_avg": 0.7116769552230835,
    "cpu_energy_total": 0.004495718734580805,
    "gpu_energy_total": 0.04106896868848864,
    "ram_energy_total": 2.8512590033358866e-05,
    "total_energy_kwh": 0.04559320001310279,
    "total_energy_joules": 164135.52004717005
  },
  "global_derived_quantities": {
    "tokens_per_joule": 0.09981995362911994,
    "joules_per_token": 10.018037112254031,
    "flops_per_joule": 320701955.88216656,
    "joules_per_flop": 3.1181599664687527e-09
  },
  "per-process_emissions": [
    0.004344601958778789,
    0.004340342573459643,
    0.004327892144352681,
    0.004355892868400395
  ]
}