{
  "process_id": 3977951,
  "local_process_index": 1,
  "energy_results": {
    "cpu_power": 112.5,
    "gpu_power": 769.7668044123951,
    "ram_power": 0.7310914993286133,
    "cpu_energy": 0.0011529641976194395,
    "gpu_energy": 0.01024449458448018,
    "ram_energy": 7.192638766086367e-06,
    "total_energy_kwh": 0.011404651420865702,
    "total_energy_joules": 41056.74511511653,
    "final_emissions": 0.004344601958778789
  }
}