{
  "process_id": 3977950,
  "local_process_index": 0,
  "energy_results": {
    "cpu_power": 112.5,
    "gpu_power": 841.3217839123679,
    "ram_power": 0.6862378120422363,
    "cpu_energy": 0.0010919716737516863,
    "gpu_energy": 0.010261732931601486,
    "ram_energy": 7.083278496890072e-06,
    "total_energy_kwh": 0.011360787883850062,
    "total_energy_joules": 40898.83638186022,
    "final_emissions": 0.004327892144352681
  }
}