{
  "process_id": 3977953,
  "local_process_index": 3,
  "energy_results": {
    "cpu_power": 112.5,
    "gpu_power": 807.7735003595068,
    "ram_power": 0.7234840393066406,
    "cpu_energy": 0.001049592773651966,
    "gpu_energy": 0.01033702215850063,
    "ram_energy": 6.855532369370967e-06,
    "total_energy_kwh": 0.011393470464521967,
    "total_energy_joules": 41016.49367227908,
    "final_emissions": 0.004340342573459643
  }
}