{
  "process_id": 3977952,
  "local_process_index": 2,
  "energy_results": {
    "cpu_power": 112.5,
    "gpu_power": 674.9899555392258,
    "ram_power": 0.7058944702148438,
    "cpu_energy": 0.0012011900895577128,
    "gpu_energy": 0.010225719013906343,
    "ram_energy": 7.381140401011462e-06,
    "total_energy_kwh": 0.011434290243865062,
    "total_energy_joules": 41163.44487791422,
    "final_emissions": 0.004355892868400395
  }
}