{
  "process_id": 2989554,
  "local_process_index": 3,
  "energy_results": {
    "cpu_power": 112.5,
    "gpu_power": 4273.606714621452,
    "ram_power": 0.7240433692932129,
    "cpu_energy": 0.0012455556094937495,
    "gpu_energy": 0.010438316683980986,
    "ram_energy": 6.754823753692998e-06,
    "total_energy_kwh": 0.011690627117228425,
    "total_energy_joules": 42086.25762202233,
    "final_emissions": 0.004453544400308169
  }
}