{
  "experiment_id": "0093",
  "local_process_results": {
    "cpu_power": {
      "process_1": 112.5,
      "process_2": 112.5,
      "process_0": 112.5,
      "process_3": 112.5
    },
    "gpu_power": {
      "process_1": 1040.4653622598837,
      "process_2": 556.9316202424934,
      "process_0": 805.6936663751724,
      "process_3": 4273.606714621452
    },
    "ram_power": {
      "process_1": 0.7085137367248535,
      "process_2": 0.7252020835876465,
      "process_0": 0.6873607635498047,
      "process_3": 0.7240433692932129
    },
    "cpu_energy": {
      "process_1": 0.0012358475233486387,
      "process_2": 0.0012470871234363584,
      "process_0": 0.0012444595023116565,
      "process_3": 0.0012455556094937495
    },
    "gpu_energy": {
      "process_1": 0.010386292197916092,
      "process_2": 0.010448948914707934,
      "process_0": 0.01044622807919815,
      "process_3": 0.010438316683980986
    },
    "ram_energy": {
      "process_1": 6.323838505462437e-06,
      "process_2": 6.557100834424773e-06,
      "process_0": 6.306091564332976e-06,
      "process_3": 6.754823753692998e-06
    },
    "total_energy_kwh": {
      "process_1": 0.011628463559770192,
      "process_2": 0.011702593138978716,
      "process_0": 0.011696993673074146,
      "process_3": 0.011690627117228425
    },
    "total_energy_joules": {
      "process_1": 41862.468815172695,
      "process_2": 42129.33530032338,
      "process_0": 42109.17722306692,
      "process_3": 42086.25762202233
    }
  },
  "global_experiment_results": {
    "cpu_power_avg": 112.5,
    "gpu_power_avg": 1669.1743408747502,
    "ram_power_avg": 0.7112799882888794,
    "cpu_energy_total": 0.004972949758590403,
    "gpu_energy_total": 0.04171978587580316,
    "ram_energy_total": 2.5941854657913184e-05,
    "total_energy_kwh": 0.04671867748905148,
    "total_energy_joules": 168187.23896058532
  },
  "global_derived_quantities": {
    "tokens_per_joule": 0.09741523852377165,
    "joules_per_token": 10.265334409215413,
    "flops_per_joule": 312976077.34199053,
    "joules_per_flop": 3.195132383576061e-09
  },
  "per-process_emissions": [
    0.0044298631930944545,
    0.004458102856293942,
    0.004455969739757596,
    0.004453544400308169
  ]
}