{
  "process_id": 2989551,
  "local_process_index": 0,
  "energy_results": {
    "cpu_power": 112.5,
    "gpu_power": 805.6936663751724,
    "ram_power": 0.6873607635498047,
    "cpu_energy": 0.0012444595023116565,
    "gpu_energy": 0.01044622807919815,
    "ram_energy": 6.306091564332976e-06,
    "total_energy_kwh": 0.011696993673074146,
    "total_energy_joules": 42109.17722306692,
    "final_emissions": 0.004455969739757596
  }
}