{
  "process_id": 2989553,
  "local_process_index": 2,
  "energy_results": {
    "cpu_power": 112.5,
    "gpu_power": 556.9316202424934,
    "ram_power": 0.7252020835876465,
    "cpu_energy": 0.0012470871234363584,
    "gpu_energy": 0.010448948914707934,
    "ram_energy": 6.557100834424773e-06,
    "total_energy_kwh": 0.011702593138978716,
    "total_energy_joules": 42129.33530032338,
    "final_emissions": 0.004458102856293942
  }
}