{
  "process_id": 2989552,
  "local_process_index": 1,
  "energy_results": {
    "cpu_power": 112.5,
    "gpu_power": 1040.4653622598837,
    "ram_power": 0.7085137367248535,
    "cpu_energy": 0.0012358475233486387,
    "gpu_energy": 0.010386292197916092,
    "ram_energy": 6.323838505462437e-06,
    "total_energy_kwh": 0.011628463559770192,
    "total_energy_joules": 41862.468815172695,
    "final_emissions": 0.0044298631930944545
  }
}