{
  "process_id": 3123193,
  "local_process_index": 3,
  "energy_results": {
    "cpu_power": 112.5,
    "gpu_power": 935.775245176379,
    "ram_power": 0.7244081497192383,
    "cpu_energy": 0.0012359349138096152,
    "gpu_energy": 0.010408655826918078,
    "ram_energy": 6.5771634371815985e-06,
    "total_energy_kwh": 0.011651167904164874,
    "total_energy_joules": 41944.204454993545,
    "final_emissions": 0.004438512413091609
  }
}