{
  "process_id": 3123190,
  "local_process_index": 0,
  "energy_results": {
    "cpu_power": 112.5,
    "gpu_power": 994.0926216267328,
    "ram_power": 0.6887540817260742,
    "cpu_energy": 0.0012350792257802823,
    "gpu_energy": 0.010405573324452355,
    "ram_energy": 6.195517616868464e-06,
    "total_energy_kwh": 0.011646848067849502,
    "total_energy_joules": 41928.65304425821,
    "final_emissions": 0.004436866771447267
  }
}