{
  "process_id": 3123191,
  "local_process_index": 1,
  "energy_results": {
    "cpu_power": 112.5,
    "gpu_power": 954.3446823654557,
    "ram_power": 0.7102274894714355,
    "cpu_energy": 0.001236263371338282,
    "gpu_energy": 0.010417972223260463,
    "ram_energy": 6.432167500121351e-06,
    "total_energy_kwh": 0.01166066776209887,
    "total_energy_joules": 41978.40394355593,
    "final_emissions": 0.004442131383971565
  }
}