{
  "process_id": 3123192,
  "local_process_index": 2,
  "energy_results": {
    "cpu_power": 112.5,
    "gpu_power": 343.85607291365625,
    "ram_power": 0.7240161895751953,
    "cpu_energy": 0.0012418375001652748,
    "gpu_energy": 0.010438750295439725,
    "ram_energy": 6.716419464758318e-06,
    "total_energy_kwh": 0.011687304215069754,
    "total_energy_joules": 42074.295174251114,
    "final_emissions": 0.0044522785407308235
  }
}