{
  "experiment_id": "0171",
  "local_process_results": {
    "cpu_power": {
      "process_0": 112.5,
      "process_2": 112.5,
      "process_3": 112.5,
      "process_1": 112.5
    },
    "gpu_power": {
      "process_0": 994.0926216267328,
      "process_2": 343.85607291365625,
      "process_3": 935.775245176379,
      "process_1": 954.3446823654557
    },
    "ram_power": {
      "process_0": 0.6887540817260742,
      "process_2": 0.7240161895751953,
      "process_3": 0.7244081497192383,
      "process_1": 0.7102274894714355
    },
    "cpu_energy": {
      "process_0": 0.0012350792257802823,
      "process_2": 0.0012418375001652748,
      "process_3": 0.0012359349138096152,
      "process_1": 0.001236263371338282
    },
    "gpu_energy": {
      "process_0": 0.010405573324452355,
      "process_2": 0.010438750295439725,
      "process_3": 0.010408655826918078,
      "process_1": 0.010417972223260463
    },
    "ram_energy": {
      "process_0": 6.195517616868464e-06,
      "process_2": 6.716419464758318e-06,
      "process_3": 6.5771634371815985e-06,
      "process_1": 6.432167500121351e-06
    },
    "total_energy_kwh": {
      "process_0": 0.011646848067849502,
      "process_2": 0.011687304215069754,
      "process_3": 0.011651167904164874,
      "process_1": 0.01166066776209887
    },
    "total_energy_joules": {
      "process_0": 41928.65304425821,
      "process_2": 42074.295174251114,
      "process_3": 41944.204454993545,
      "process_1": 41978.40394355593
    }
  },
  "global_experiment_results": {
    "cpu_power_avg": 112.5,
    "gpu_power_avg": 807.017155520556,
    "ram_power_avg": 0.7118514776229858,
    "cpu_energy_total": 0.004949115011093454,
    "gpu_energy_total": 0.04167095167007062,
    "ram_energy_total": 2.5921268018929734e-05,
    "total_energy_kwh": 0.046645987949182996,
    "total_energy_joules": 167925.55661705878
  },
  "global_derived_quantities": {
    "tokens_per_joule": 0.09756704298061337,
    "joules_per_token": 10.249362586490404,
    "flops_per_joule": 313463795.32272273,
    "joules_per_flop": 3.1901610805498686e-09
  },
  "per-process_emissions": [
    0.004436866771447267,
    0.0044522785407308235,
    0.004438512413091609,
    0.004442131383971565
  ]
}