{
  "process_id": 3110974,
  "local_process_index": 2,
  "energy_results": {
    "cpu_power": 112.5,
    "gpu_power": 518.5135405333481,
    "ram_power": 0.7256441116333008,
    "cpu_energy": 0.0012750930257461731,
    "gpu_energy": 0.010610581266235819,
    "ram_energy": 6.775693761107375e-06,
    "total_energy_kwh": 0.011892449985743101,
    "total_energy_joules": 42812.81994867516,
    "final_emissions": 0.004530428822068834
  }
}