{
  "process_id": 3110975,
  "local_process_index": 3,
  "energy_results": {
    "cpu_power": 112.5,
    "gpu_power": 701.3482697399131,
    "ram_power": 0.7263507843017578,
    "cpu_energy": 0.0012766102958412376,
    "gpu_energy": 0.01061742043837377,
    "ram_energy": 6.752620197725468e-06,
    "total_energy_kwh": 0.011900783354412733,
    "total_energy_joules": 42842.82007588584,
    "final_emissions": 0.004533603418863531
  }
}