{
  "experiment_id": "0165",
  "local_process_results": {
    "cpu_power": {
      "process_1": 112.5,
      "process_0": 112.5,
      "process_2": 112.5,
      "process_3": 112.5
    },
    "gpu_power": {
      "process_1": 1114.8011091544515,
      "process_0": 0.0,
      "process_2": 518.5135405333481,
      "process_3": 701.3482697399131
    },
    "ram_power": {
      "process_1": 0.7262377738952637,
      "process_0": 0.6901459693908693,
      "process_2": 0.7256441116333008,
      "process_3": 0.7263507843017578
    },
    "cpu_energy": {
      "process_1": 0.0012751411871849993,
      "process_0": 0.0013034300637445994,
      "process_2": 0.0012750930257461731,
      "process_3": 0.0012766102958412376
    },
    "gpu_energy": {
      "process_1": 0.010610870988690735,
      "process_0": 0.010592311251621744,
      "process_2": 0.010610581266235819,
      "process_3": 0.01061742043837377
    },
    "ram_energy": {
      "process_1": 6.755102434834176e-06,
      "process_0": 6.643846509267464e-06,
      "process_2": 6.775693761107375e-06,
      "process_3": 6.752620197725468e-06
    },
    "total_energy_kwh": {
      "process_1": 0.011892767278310566,
      "process_0": 0.011902385161875612,
      "process_2": 0.011892449985743101,
      "process_3": 0.011900783354412733
    },
    "total_energy_joules": {
      "process_1": 42813.96220191804,
      "process_0": 42848.5865827522,
      "process_2": 42812.81994867516,
      "process_3": 42842.82007588584
    }
  },
  "global_experiment_results": {
    "cpu_power_avg": 112.5,
    "gpu_power_avg": 583.6657298569282,
    "ram_power_avg": 0.7170946598052979,
    "cpu_energy_total": 0.005130274572517009,
    "gpu_energy_total": 0.04243118394492207,
    "ram_energy_total": 2.692726290293448e-05,
    "total_energy_kwh": 0.04758838578034201,
    "total_energy_joules": 171318.18880923124
  },
  "global_derived_quantities": {
    "tokens_per_joule": 0.09563491252084245,
    "joules_per_token": 10.45643242243843,
    "flops_per_joule": 307256238.66756433,
    "joules_per_flop": 3.2546125160438138e-09
  },
  "per-process_emissions": [
    0.00453054969467241,
    0.004534213627416514,
    0.004530428822068834,
    0.004533603418863531
  ]
}