{
  "process_id": 3110973,
  "local_process_index": 1,
  "energy_results": {
    "cpu_power": 112.5,
    "gpu_power": 1114.8011091544515,
    "ram_power": 0.7262377738952637,
    "cpu_energy": 0.0012751411871849993,
    "gpu_energy": 0.010610870988690735,
    "ram_energy": 6.755102434834176e-06,
    "total_energy_kwh": 0.011892767278310566,
    "total_energy_joules": 42813.96220191804,
    "final_emissions": 0.00453054969467241
  }
}