{
  "process_id": 3110972,
  "local_process_index": 0,
  "energy_results": {
    "cpu_power": 112.5,
    "gpu_power": 0.0,
    "ram_power": 0.6901459693908693,
    "cpu_energy": 0.0013034300637445994,
    "gpu_energy": 0.010592311251621744,
    "ram_energy": 6.643846509267464e-06,
    "total_energy_kwh": 0.011902385161875612,
    "total_energy_joules": 42848.5865827522,
    "final_emissions": 0.004534213627416514
  }
}