{
  "process_id": 3038846,
  "local_process_index": 3,
  "energy_results": {
    "cpu_power": 112.5,
    "gpu_power": 1055.1971592514874,
    "ram_power": 0.7275924682617188,
    "cpu_energy": 0.0012040683325667489,
    "gpu_energy": 0.010225819847318185,
    "ram_energy": 6.465413226505011e-06,
    "total_energy_kwh": 0.011436353593111436,
    "total_energy_joules": 41170.87293520117,
    "final_emissions": 0.004356678901295802
  }
}