{
  "process_id": 3038845,
  "local_process_index": 2,
  "energy_results": {
    "cpu_power": 112.5,
    "gpu_power": 0.0,
    "ram_power": 0.7214913368225098,
    "cpu_energy": 0.0012413879557479955,
    "gpu_energy": 0.010257978484154329,
    "ram_energy": 6.574602177043726e-06,
    "total_energy_kwh": 0.011505941042079372,
    "total_energy_joules": 41421.38775148574,
    "final_emissions": 0.004383188239980137
  }
}