{
  "process_id": 3038843,
  "local_process_index": 0,
  "energy_results": {
    "cpu_power": 112.5,
    "gpu_power": 626.1552973882737,
    "ram_power": 0.6856155395507812,
    "cpu_energy": 0.0012340702180717925,
    "gpu_energy": 0.010375966356322763,
    "ram_energy": 6.243722186256284e-06,
    "total_energy_kwh": 0.01161628029658081,
    "total_energy_joules": 41818.609067690915,
    "final_emissions": 0.004425221978982459
  }
}