{
  "experiment_id": "0123",
  "local_process_results": {
    "cpu_power": {
      "process_0": 112.5,
      "process_2": 112.5,
      "process_3": 112.5,
      "process_1": 112.5
    },
    "gpu_power": {
      "process_0": 626.1552973882737,
      "process_2": 0.0,
      "process_3": 1055.1971592514874,
      "process_1": 658.7679812998057
    },
    "ram_power": {
      "process_0": 0.6856155395507812,
      "process_2": 0.7214913368225098,
      "process_3": 0.7275924682617188,
      "process_1": 0.713386058807373
    },
    "cpu_energy": {
      "process_0": 0.0012340702180717925,
      "process_2": 0.0012413879557479955,
      "process_3": 0.0012040683325667489,
      "process_1": 0.0012309783904129296
    },
    "gpu_energy": {
      "process_0": 0.010375966356322763,
      "process_2": 0.010257978484154329,
      "process_3": 0.010225819847318185,
      "process_1": 0.01036536245895281
    },
    "ram_energy": {
      "process_0": 6.243722186256284e-06,
      "process_2": 6.574602177043726e-06,
      "process_3": 6.465413226505011e-06,
      "process_1": 6.517027614308164e-06
    },
    "total_energy_kwh": {
      "process_0": 0.01161628029658081,
      "process_2": 0.011505941042079372,
      "process_3": 0.011436353593111436,
      "process_1": 0.011602857876980047
    },
    "total_energy_joules": {
      "process_0": 41818.609067690915,
      "process_2": 41421.38775148574,
      "process_3": 41170.87293520117,
      "process_1": 41770.28835712817
    }
  },
  "global_experiment_results": {
    "cpu_power_avg": 112.5,
    "gpu_power_avg": 585.0301094848917,
    "ram_power_avg": 0.7120213508605957,
    "cpu_energy_total": 0.004910504896799467,
    "gpu_energy_total": 0.041225127146748086,
    "ram_energy_total": 2.5800765204113185e-05,
    "total_energy_kwh": 0.046161432808751665,
    "total_energy_joules": 166181.158111506
  },
  "global_derived_quantities": {
    "tokens_per_joule": 0.09859120122996429,
    "joules_per_token": 10.142892951141723,
    "flops_per_joule": 316754215.1411895,
    "joules_per_flop": 3.157021918569455e-09
  },
  "per-process_emissions": [
    0.004425221978982459,
    0.004383188239980137,
    0.004356678901295802,
    0.004420108708235549
  ]
}