{
  "process_id": 3038844,
  "local_process_index": 1,
  "energy_results": {
    "cpu_power": 112.5,
    "gpu_power": 658.7679812998057,
    "ram_power": 0.713386058807373,
    "cpu_energy": 0.0012309783904129296,
    "gpu_energy": 0.01036536245895281,
    "ram_energy": 6.517027614308164e-06,
    "total_energy_kwh": 0.011602857876980047,
    "total_energy_joules": 41770.28835712817,
    "final_emissions": 0.004420108708235549
  }
}