{
  "experiment_id": "0601",
  "local_process_results": {
    "cpu_power": {
      "process_3": 112.5,
      "process_2": 112.5,
      "process_1": 112.5,
      "process_0": 112.5
    },
    "gpu_power": {
      "process_3": 814.3299482756216,
      "process_2": 2.7921557552715077,
      "process_1": 2346.5022616066644,
      "process_0": 247.9972109958649
    },
    "ram_power": {
      "process_3": 0.7262206077575685,
      "process_2": 0.7341113090515138,
      "process_1": 0.7324891090393066,
      "process_0": 0.6893577575683594
    },
    "cpu_energy": {
      "process_3": 0.0012960593899606463,
      "process_2": 0.0013614040354659662,
      "process_1": 0.0012964243531005195,
      "process_0": 0.0013087029959697246
    },
    "gpu_energy": {
      "process_3": 0.01032120436807027,
      "process_2": 0.010319438533322511,
      "process_1": 0.010319438533322511,
      "process_0": 0.010308533246821128
    },
    "ram_energy": {
      "process_3": 7.289190350563548e-06,
      "process_2": 7.756466864440214e-06,
      "process_1": 7.78531595890059e-06,
      "process_0": 7.041199469467106e-06
    },
    "total_energy_kwh": {
      "process_3": 0.011624552948381483,
      "process_2": 0.01168859903565292,
      "process_1": 0.011623648202381933,
      "process_0": 0.011624277442260323
    },
    "total_energy_joules": {
      "process_3": 41848.39061417334,
      "process_2": 42078.956528350514,
      "process_1": 41845.13352857496,
      "process_0": 41847.39879213716
    }
  },
  "global_experiment_results": {
    "cpu_power_avg": 112.5,
    "gpu_power_avg": 852.9053941583556,
    "ram_power_avg": 0.720544695854187,
    "cpu_energy_total": 0.0052625907744968566,
    "gpu_energy_total": 0.04126861468153642,
    "ram_energy_total": 2.987217264337146e-05,
    "total_energy_kwh": 0.04656107762867666,
    "total_energy_joules": 167619.87946323596
  },
  "global_derived_quantities": {
    "tokens_per_joule": 0.09774496946582938,
    "joules_per_token": 10.230705533644773,
    "flops_per_joule": 314035438.26321155,
    "joules_per_flop": 3.1843539873415216e-09
  },
  "per-process_emissions": [
    0.004428373445685926,
    0.00445277180263198,
    0.004428028782697397,
    0.00442826849162907
  ]
}