{
  "process_id": 4122447,
  "local_process_index": 1,
  "energy_results": {
    "cpu_power": 112.5,
    "gpu_power": 2346.5022616066644,
    "ram_power": 0.7324891090393066,
    "cpu_energy": 0.0012964243531005195,
    "gpu_energy": 0.010319438533322511,
    "ram_energy": 7.78531595890059e-06,
    "total_energy_kwh": 0.011623648202381933,
    "total_energy_joules": 41845.13352857496,
    "final_emissions": 0.004428028782697397
  }
}