{
  "process_id": 4122446,
  "local_process_index": 0,
  "energy_results": {
    "cpu_power": 112.5,
    "gpu_power": 247.9972109958649,
    "ram_power": 0.6893577575683594,
    "cpu_energy": 0.0013087029959697246,
    "gpu_energy": 0.010308533246821128,
    "ram_energy": 7.041199469467106e-06,
    "total_energy_kwh": 0.011624277442260323,
    "total_energy_joules": 41847.39879213716,
    "final_emissions": 0.00442826849162907
  }
}