{
  "process_id": 4122449,
  "local_process_index": 3,
  "energy_results": {
    "cpu_power": 112.5,
    "gpu_power": 814.3299482756216,
    "ram_power": 0.7262206077575685,
    "cpu_energy": 0.0012960593899606463,
    "gpu_energy": 0.01032120436807027,
    "ram_energy": 7.289190350563548e-06,
    "total_energy_kwh": 0.011624552948381483,
    "total_energy_joules": 41848.39061417334,
    "final_emissions": 0.004428373445685926
  }
}