{
  "process_id": 4122448,
  "local_process_index": 2,
  "energy_results": {
    "cpu_power": 112.5,
    "gpu_power": 2.7921557552715077,
    "ram_power": 0.7341113090515138,
    "cpu_energy": 0.0013614040354659662,
    "gpu_energy": 0.010319438533322511,
    "ram_energy": 7.756466864440214e-06,
    "total_energy_kwh": 0.01168859903565292,
    "total_energy_joules": 42078.956528350514,
    "final_emissions": 0.00445277180263198
  }
}