{
  "process_id": 3578303,
  "local_process_index": 2,
  "energy_results": {
    "cpu_power": 112.5,
    "gpu_power": 1026.235901210921,
    "ram_power": 0.7226929664611816,
    "cpu_energy": 0.0011554455584791867,
    "gpu_energy": 0.010129298381208685,
    "ram_energy": 6.3143277855512754e-06,
    "total_energy_kwh": 0.011291058267473423,
    "total_energy_joules": 40647.809762904326,
    "final_emissions": 0.004301328646994001
  }
}