{
  "experiment_id": "0435",
  "local_process_results": {
    "cpu_power": {
      "process_1": 112.5,
      "process_2": 112.5,
      "process_3": 112.5,
      "process_0": 112.5
    },
    "gpu_power": {
      "process_1": 930.6701006484815,
      "process_2": 1026.235901210921,
      "process_3": 779.4197823344329,
      "process_0": 964.3886461389865
    },
    "ram_power": {
      "process_1": 0.7230920791625977,
      "process_2": 0.7226929664611816,
      "process_3": 0.7313232421875001,
      "process_0": 0.6871576309204102
    },
    "cpu_energy": {
      "process_1": 0.0011592708101852622,
      "process_2": 0.0011554455584791867,
      "process_3": 0.0011664715863425952,
      "process_0": 0.0011586073638791279
    },
    "gpu_energy": {
      "process_1": 0.010151557565684755,
      "process_2": 0.010129298381208685,
      "process_3": 0.010174312306110878,
      "process_0": 0.010142741447520365
    },
    "ram_energy": {
      "process_1": 6.383399767158617e-06,
      "process_2": 6.3143277855512754e-06,
      "process_3": 6.489191279389741e-06,
      "process_0": 6.0545469659580885e-06
    },
    "total_energy_kwh": {
      "process_1": 0.011317211775637177,
      "process_2": 0.011291058267473423,
      "process_3": 0.011347273083732859,
      "process_0": 0.01130740335836545
    },
    "total_energy_joules": {
      "process_1": 40741.96239229383,
      "process_2": 40647.809762904326,
      "process_3": 40850.18310143829,
      "process_0": 40706.652090115625
    }
  },
  "global_experiment_results": {
    "cpu_power_avg": 112.5,
    "gpu_power_avg": 925.1786075832055,
    "ram_power_avg": 0.7160664796829224,
    "cpu_energy_total": 0.004639795318886172,
    "gpu_energy_total": 0.04059790970052468,
    "ram_energy_total": 2.5241465798057722e-05,
    "total_energy_kwh": 0.045262946485208906,
    "total_energy_joules": 162946.60734675208
  },
  "global_derived_quantities": {
    "tokens_per_joule": 0.10054827324593925,
    "joules_per_token": 9.945471639816411,
    "flops_per_joule": 323041904.13028085,
    "joules_per_flop": 3.095573630586037e-09
  },
  "per-process_emissions": [
    0.004311291825928982,
    0.004301328646994001,
    0.004322743681248032,
    0.004307555309369319
  ]
}