{
  "process_id": 3578302,
  "local_process_index": 1,
  "energy_results": {
    "cpu_power": 112.5,
    "gpu_power": 930.6701006484815,
    "ram_power": 0.7230920791625977,
    "cpu_energy": 0.0011592708101852622,
    "gpu_energy": 0.010151557565684755,
    "ram_energy": 6.383399767158617e-06,
    "total_energy_kwh": 0.011317211775637177,
    "total_energy_joules": 40741.96239229383,
    "final_emissions": 0.004311291825928982
  }
}