{
  "process_id": 3578304,
  "local_process_index": 3,
  "energy_results": {
    "cpu_power": 112.5,
    "gpu_power": 779.4197823344329,
    "ram_power": 0.7313232421875001,
    "cpu_energy": 0.0011664715863425952,
    "gpu_energy": 0.010174312306110878,
    "ram_energy": 6.489191279389741e-06,
    "total_energy_kwh": 0.011347273083732859,
    "total_energy_joules": 40850.18310143829,
    "final_emissions": 0.004322743681248032
  }
}