{
  "process_id": 3578301,
  "local_process_index": 0,
  "energy_results": {
    "cpu_power": 112.5,
    "gpu_power": 964.3886461389865,
    "ram_power": 0.6871576309204102,
    "cpu_energy": 0.0011586073638791279,
    "gpu_energy": 0.010142741447520365,
    "ram_energy": 6.0545469659580885e-06,
    "total_energy_kwh": 0.01130740335836545,
    "total_energy_joules": 40706.652090115625,
    "final_emissions": 0.004307555309369319
  }
}