{
  "experiment_id": "0023",
  "local_process_results": {
    "cpu_power": {
      "process_3": 112.5,
      "process_1": 112.5,
      "process_2": 112.5,
      "process_0": 112.5
    },
    "gpu_power": {
      "process_3": 932.6989534376004,
      "process_1": 499.6928516564447,
      "process_2": 492.851853856124,
      "process_0": 982.7449996821125
    },
    "ram_power": {
      "process_3": 0.7338409423828125,
      "process_1": 0.7263107299804688,
      "process_2": 0.726679801940918,
      "process_0": 0.6886453628540039
    },
    "cpu_energy": {
      "process_3": 0.0012236148722586224,
      "process_1": 0.0012509701235921965,
      "process_2": 0.0012438667749374876,
      "process_0": 0.0012201958744335573
    },
    "gpu_energy": {
      "process_3": 0.010384376918604943,
      "process_1": 0.01052063786094859,
      "process_2": 0.010495871452246952,
      "process_0": 0.01035931662078049
    },
    "ram_energy": {
      "process_3": 6.607030785186631e-06,
      "process_1": 6.696224922012741e-06,
      "process_2": 6.707962444748344e-06,
      "process_0": 6.203388931038881e-06
    },
    "total_energy_kwh": {
      "process_3": 0.011614598821648748,
      "process_1": 0.011778304209462803,
      "process_2": 0.011746446189629191,
      "process_0": 0.011585715884145087
    },
    "total_energy_joules": {
      "process_3": 41812.55575793549,
      "process_1": 42401.89515406609,
      "process_2": 42287.20628266509,
      "process_0": 41708.577182922316
    }
  },
  "global_experiment_results": {
    "cpu_power_avg": 112.5,
    "gpu_power_avg": 726.9971646580705,
    "ram_power_avg": 0.7188692092895508,
    "cpu_energy_total": 0.004938647645221864,
    "gpu_energy_total": 0.041760202852580974,
    "ram_energy_total": 2.6214607082986593e-05,
    "total_energy_kwh": 0.04672506510488583,
    "total_energy_joules": 168210.234377589
  },
  "global_derived_quantities": {
    "tokens_per_joule": 0.09740192123638629,
    "joules_per_token": 10.266737938085265,
    "flops_per_joule": 312933291.50653124,
    "joules_per_flop": 3.195569238369542e-09
  },
  "per-process_emissions": [
    0.0044245814211070905,
    0.004486944988594855,
    0.004474808675939241,
    0.004413578466065071
  ]
}