{
  "process_id": 2760923,
  "local_process_index": 1,
  "energy_results": {
    "cpu_power": 112.5,
    "gpu_power": 499.6928516564447,
    "ram_power": 0.7263107299804688,
    "cpu_energy": 0.0012509701235921965,
    "gpu_energy": 0.01052063786094859,
    "ram_energy": 6.696224922012741e-06,
    "total_energy_kwh": 0.011778304209462803,
    "total_energy_joules": 42401.89515406609,
    "final_emissions": 0.004486944988594855
  }
}