{
  "process_id": 2760922,
  "local_process_index": 0,
  "energy_results": {
    "cpu_power": 112.5,
    "gpu_power": 982.7449996821125,
    "ram_power": 0.6886453628540039,
    "cpu_energy": 0.0012201958744335573,
    "gpu_energy": 0.01035931662078049,
    "ram_energy": 6.203388931038881e-06,
    "total_energy_kwh": 0.011585715884145087,
    "total_energy_joules": 41708.577182922316,
    "final_emissions": 0.004413578466065071
  }
}