{
  "process_id": 2760924,
  "local_process_index": 2,
  "energy_results": {
    "cpu_power": 112.5,
    "gpu_power": 492.851853856124,
    "ram_power": 0.726679801940918,
    "cpu_energy": 0.0012438667749374876,
    "gpu_energy": 0.010495871452246952,
    "ram_energy": 6.707962444748344e-06,
    "total_energy_kwh": 0.011746446189629191,
    "total_energy_joules": 42287.20628266509,
    "final_emissions": 0.004474808675939241
  }
}