{
  "process_id": 2760925,
  "local_process_index": 3,
  "energy_results": {
    "cpu_power": 112.5,
    "gpu_power": 932.6989534376004,
    "ram_power": 0.7338409423828125,
    "cpu_energy": 0.0012236148722586224,
    "gpu_energy": 0.010384376918604943,
    "ram_energy": 6.607030785186631e-06,
    "total_energy_kwh": 0.011614598821648748,
    "total_energy_joules": 41812.55575793549,
    "final_emissions": 0.0044245814211070905
  }
}