{
  "experiment_id": "0543",
  "local_process_results": {
    "cpu_power": {
      "process_1": 112.5,
      "process_3": 112.5,
      "process_0": 112.5,
      "process_2": 112.5
    },
    "gpu_power": {
      "process_1": 148.42847367749246,
      "process_3": 152.7691114932203,
      "process_0": 563.6244964412934,
      "process_2": 88.55683112312293
    },
    "ram_power": {
      "process_1": 0.7044596672058105,
      "process_3": 0.7060089111328125,
      "process_0": 0.6843852996826172,
      "process_2": 0.7215571403503418
    },
    "cpu_energy": {
      "process_1": 0.003454070234502068,
      "process_3": 0.003521012388146119,
      "process_0": 0.0038467065727254535,
      "process_2": 0.0035319954026545026
    },
    "gpu_energy": {
      "process_1": 0.025232659352779407,
      "process_3": 0.025212882948070003,
      "process_0": 0.0268732789986057,
      "process_2": 0.025190390152298292
    },
    "ram_energy": {
      "process_1": 2.1229179880661666e-05,
      "process_3": 2.0972002663213158e-05,
      "process_0": 2.2330036032447582e-05,
      "process_2": 2.1532311096416457e-05
    },
    "total_energy_kwh": {
      "process_1": 0.028707958767162152,
      "process_3": 0.028754867338879324,
      "process_0": 0.03074231560736359,
      "process_2": 0.028743917866049216
    },
    "total_energy_joules": {
      "process_1": 103348.65156178374,
      "process_3": 103517.52241996556,
      "process_0": 110672.33618650892,
      "process_2": 103478.10431777718
    }
  },
  "global_experiment_results": {
    "cpu_power_avg": 112.5,
    "gpu_power_avg": 238.34472818378228,
    "ram_power_avg": 0.7041027545928955,
    "cpu_energy_total": 0.014353784598028144,
    "gpu_energy_total": 0.1025092114517534,
    "ram_energy_total": 8.606352967273886e-05,
    "total_energy_kwh": 0.11694905957945428,
    "total_energy_joules": 421016.6144860354
  },
  "global_derived_quantities": {
    "tokens_per_joule": 0.03891532884040954,
    "joules_per_token": 25.696814849001186,
    "flops_per_joule": 125027327.89565471,
    "joules_per_flop": 7.998251396963229e-09
  },
  "per-process_emissions": [
    0.010936296892350423,
    0.010954166712746079,
    0.01171128513062516,
    0.01094999551107145
  ]
}