{
  "process_id": 3996895,
  "local_process_index": 3,
  "energy_results": {
    "cpu_power": 112.5,
    "gpu_power": 152.7691114932203,
    "ram_power": 0.7060089111328125,
    "cpu_energy": 0.003521012388146119,
    "gpu_energy": 0.025212882948070003,
    "ram_energy": 2.0972002663213158e-05,
    "total_energy_kwh": 0.028754867338879324,
    "total_energy_joules": 103517.52241996556,
    "final_emissions": 0.010954166712746079
  }
}