{
  "process_id": 3996892,
  "local_process_index": 0,
  "energy_results": {
    "cpu_power": 112.5,
    "gpu_power": 563.6244964412934,
    "ram_power": 0.6843852996826172,
    "cpu_energy": 0.0038467065727254535,
    "gpu_energy": 0.0268732789986057,
    "ram_energy": 2.2330036032447582e-05,
    "total_energy_kwh": 0.03074231560736359,
    "total_energy_joules": 110672.33618650892,
    "final_emissions": 0.01171128513062516
  }
}