{
  "process_id": 3996894,
  "local_process_index": 2,
  "energy_results": {
    "cpu_power": 112.5,
    "gpu_power": 88.55683112312293,
    "ram_power": 0.7215571403503418,
    "cpu_energy": 0.0035319954026545026,
    "gpu_energy": 0.025190390152298292,
    "ram_energy": 2.1532311096416457e-05,
    "total_energy_kwh": 0.028743917866049216,
    "total_energy_joules": 103478.10431777718,
    "final_emissions": 0.01094999551107145
  }
}