{
  "process_id": 3996893,
  "local_process_index": 1,
  "energy_results": {
    "cpu_power": 112.5,
    "gpu_power": 148.42847367749246,
    "ram_power": 0.7044596672058105,
    "cpu_energy": 0.003454070234502068,
    "gpu_energy": 0.025232659352779407,
    "ram_energy": 2.1229179880661666e-05,
    "total_energy_kwh": 0.028707958767162152,
    "total_energy_joules": 103348.65156178374,
    "final_emissions": 0.010936296892350423
  }
}