{
  "process_id": 3169816,
  "local_process_index": 2,
  "energy_results": {
    "cpu_power": 112.5,
    "gpu_power": 946.4620585728035,
    "ram_power": 0.7319269180297852,
    "cpu_energy": 0.0011569027661844302,
    "gpu_energy": 0.010139583389435103,
    "ram_energy": 6.484654777648333e-06,
    "total_energy_kwh": 0.011302970810397188,
    "total_energy_joules": 40690.69491742988,
    "final_emissions": 0.0043058667302208085
  }
}