{
  "experiment_id": "0199",
  "local_process_results": {
    "cpu_power": {
      "process_2": 112.5,
      "process_1": 112.5,
      "process_0": 112.5,
      "process_3": 112.5
    },
    "gpu_power": {
      "process_2": 946.4620585728035,
      "process_1": 913.8824224793278,
      "process_0": 993.1572491467037,
      "process_3": 825.90581526252
    },
    "ram_power": {
      "process_2": 0.7319269180297852,
      "process_1": 0.7248573303222656,
      "process_0": 0.6893849372863771,
      "process_3": 0.7320828437805176
    },
    "cpu_energy": {
      "process_2": 0.0011569027661844302,
      "process_1": 0.0011647819376212284,
      "process_0": 0.0011585333642160545,
      "process_3": 0.001166242992127082
    },
    "gpu_energy": {
      "process_2": 0.010139583389435103,
      "process_1": 0.010185200092595714,
      "process_0": 0.010150826453982909,
      "process_3": 0.010191540375445562
    },
    "ram_energy": {
      "process_2": 6.484654777648333e-06,
      "process_1": 6.495999077472797e-06,
      "process_0": 6.136182254039075e-06,
      "process_3": 6.56115025369873e-06
    },
    "total_energy_kwh": {
      "process_2": 0.011302970810397188,
      "process_1": 0.01135647802929441,
      "process_0": 0.011315496000452998,
      "process_3": 0.011364344517826344
    },
    "total_energy_joules": {
      "process_2": 40690.69491742988,
      "process_1": 40883.32090545988,
      "process_0": 40735.78560163079,
      "process_3": 40911.64026417484
    }
  },
  "global_experiment_results": {
    "cpu_power_avg": 112.5,
    "gpu_power_avg": 919.8518863653387,
    "ram_power_avg": 0.7195630073547363,
    "cpu_energy_total": 0.004646461060148795,
    "gpu_energy_total": 0.04066715031145929,
    "ram_energy_total": 2.5677986362858935e-05,
    "total_energy_kwh": 0.04533928935797094,
    "total_energy_joules": 163221.4416886954
  },
  "global_derived_quantities": {
    "tokens_per_joule": 0.10037896878308694,
    "joules_per_token": 9.962246196819788,
    "flops_per_joule": 322497962.05855787,
    "joules_per_flop": 3.1007947883355125e-09
  },
  "per-process_emissions": [
    0.0043058667302208085,
    0.004326250305259706,
    0.00431063820137257,
    0.004329247044065946
  ]
}