{
  "process_id": 3169814,
  "local_process_index": 0,
  "energy_results": {
    "cpu_power": 112.5,
    "gpu_power": 993.1572491467037,
    "ram_power": 0.6893849372863771,
    "cpu_energy": 0.0011585333642160545,
    "gpu_energy": 0.010150826453982909,
    "ram_energy": 6.136182254039075e-06,
    "total_energy_kwh": 0.011315496000452998,
    "total_energy_joules": 40735.78560163079,
    "final_emissions": 0.00431063820137257
  }
}