{
  "process_id": 3169815,
  "local_process_index": 1,
  "energy_results": {
    "cpu_power": 112.5,
    "gpu_power": 913.8824224793278,
    "ram_power": 0.7248573303222656,
    "cpu_energy": 0.0011647819376212284,
    "gpu_energy": 0.010185200092595714,
    "ram_energy": 6.495999077472797e-06,
    "total_energy_kwh": 0.01135647802929441,
    "total_energy_joules": 40883.32090545988,
    "final_emissions": 0.004326250305259706
  }
}