{
  "process_id": 3169817,
  "local_process_index": 3,
  "energy_results": {
    "cpu_power": 112.5,
    "gpu_power": 825.90581526252,
    "ram_power": 0.7320828437805176,
    "cpu_energy": 0.001166242992127082,
    "gpu_energy": 0.010191540375445562,
    "ram_energy": 6.56115025369873e-06,
    "total_energy_kwh": 0.011364344517826344,
    "total_energy_joules": 40911.64026417484,
    "final_emissions": 0.004329247044065946
  }
}