{
  "process_id": 2839777,
  "local_process_index": 3,
  "energy_results": {
    "cpu_power": 112.5,
    "gpu_power": 398.7819749491333,
    "ram_power": 0.7258100509643555,
    "cpu_energy": 0.0012797413013995538,
    "gpu_energy": 0.010603210427005294,
    "ram_energy": 6.909548077650326e-06,
    "total_energy_kwh": 0.011889861276482491,
    "total_energy_joules": 42803.50059533697,
    "final_emissions": 0.004529442653276005
  }
}