{
  "process_id": 2839774,
  "local_process_index": 0,
  "energy_results": {
    "cpu_power": 112.5,
    "gpu_power": 834.8290270970127,
    "ram_power": 0.6889557838439941,
    "cpu_energy": 0.0012483856700673643,
    "gpu_energy": 0.01044770946927187,
    "ram_energy": 6.301817339784736e-06,
    "total_energy_kwh": 0.011702396956679016,
    "total_energy_joules": 42128.62904404446,
    "final_emissions": 0.004458028120646871
  }
}