{
  "experiment_id": "0068",
  "local_process_results": {
    "cpu_power": {
      "process_0": 112.5,
      "process_1": 112.5,
      "process_3": 112.5,
      "process_2": 112.5
    },
    "gpu_power": {
      "process_0": 834.8290270970127,
      "process_1": 760.9058306651434,
      "process_3": 398.7819749491333,
      "process_2": 834.7378061406042
    },
    "ram_power": {
      "process_0": 0.6889557838439941,
      "process_1": 0.7335205078125,
      "process_3": 0.7258100509643555,
      "process_2": 0.7087311744689941
    },
    "cpu_energy": {
      "process_0": 0.0012483856700673643,
      "process_1": 0.0012678711017706516,
      "process_3": 0.0012797413013995538,
      "process_2": 0.0012559857118776565
    },
    "gpu_energy": {
      "process_0": 0.01044770946927187,
      "process_1": 0.010575140960106033,
      "process_3": 0.010603210427005294,
      "process_2": 0.01049565367429306
    },
    "ram_energy": {
      "process_0": 6.301817339784736e-06,
      "process_1": 6.828529691834051e-06,
      "process_3": 6.909548077650326e-06,
      "process_2": 6.68758543553913e-06
    },
    "total_energy_kwh": {
      "process_0": 0.011702396956679016,
      "process_1": 0.011849840591568517,
      "process_3": 0.011889861276482491,
      "process_2": 0.01175832697160625
    },
    "total_energy_joules": {
      "process_0": 42128.62904404446,
      "process_1": 42659.42612964666,
      "process_3": 42803.50059533697,
      "process_2": 42329.9770977825
    }
  },
  "global_experiment_results": {
    "cpu_power_avg": 112.5,
    "gpu_power_avg": 707.3136597129734,
    "ram_power_avg": 0.7142543792724609,
    "cpu_energy_total": 0.005051983785115226,
    "gpu_energy_total": 0.04212171453067626,
    "ram_energy_total": 2.672748054480824e-05,
    "total_energy_kwh": 0.04720042579633628,
    "total_energy_joules": 169921.5328668106
  },
  "global_derived_quantities": {
    "tokens_per_joule": 0.09642097575027322,
    "joules_per_token": 10.371187308765295,
    "flops_per_joule": 309781705.8307945,
    "joules_per_flop": 3.228079583712438e-09
  },
  "per-process_emissions": [
    0.004458028120646871,
    0.004514196773358027,
    0.004529442653276005,
    0.004479334659833401
  ]
}