{
  "process_id": 2839776,
  "local_process_index": 2,
  "energy_results": {
    "cpu_power": 112.5,
    "gpu_power": 834.7378061406042,
    "ram_power": 0.7087311744689941,
    "cpu_energy": 0.0012559857118776565,
    "gpu_energy": 0.01049565367429306,
    "ram_energy": 6.68758543553913e-06,
    "total_energy_kwh": 0.01175832697160625,
    "total_energy_joules": 42329.9770977825,
    "final_emissions": 0.004479334659833401
  }
}