{
  "process_id": 2839775,
  "local_process_index": 1,
  "energy_results": {
    "cpu_power": 112.5,
    "gpu_power": 760.9058306651434,
    "ram_power": 0.7335205078125,
    "cpu_energy": 0.0012678711017706516,
    "gpu_energy": 0.010575140960106033,
    "ram_energy": 6.828529691834051e-06,
    "total_energy_kwh": 0.011849840591568517,
    "total_energy_joules": 42659.42612964666,
    "final_emissions": 0.004514196773358027
  }
}