{
  "experiment_id": "0153",
  "local_process_results": {
    "cpu_power": {
      "process_2": 112.5,
      "process_3": 112.5,
      "process_0": 112.5,
      "process_1": 112.5
    },
    "gpu_power": {
      "process_2": 604.7145369760443,
      "process_3": 549.9112100539638,
      "process_0": 499.82055176787975,
      "process_1": 584.2760673700383
    },
    "ram_power": {
      "process_2": 0.8346662521362305,
      "process_3": 0.8350896835327148,
      "process_0": 0.810124397277832,
      "process_1": 0.8210406303405762
    },
    "cpu_energy": {
      "process_2": 0.001693672018756842,
      "process_3": 0.001718980622437812,
      "process_0": 0.0017184764202520452,
      "process_1": 0.0017118608085002053
    },
    "gpu_energy": {
      "process_2": 0.009027337221864329,
      "process_3": 0.009127945635683865,
      "process_0": 0.009130657304520007,
      "process_1": 0.009112706456824604
    },
    "ram_energy": {
      "process_2": 9.587729243318888e-06,
      "process_3": 9.734184239782517e-06,
      "process_0": 9.432190020165627e-06,
      "process_1": 9.59172024615467e-06
    },
    "total_energy_kwh": {
      "process_2": 0.01073059696986449,
      "process_3": 0.010856660442361462,
      "process_0": 0.010858565914792218,
      "process_1": 0.010834158985570969
    },
    "total_energy_joules": {
      "process_2": 38630.14909151216,
      "process_3": 39083.977592501265,
      "process_0": 39090.837293251985,
      "process_1": 39002.97234805549
    }
  },
  "global_experiment_results": {
    "cpu_power_avg": 112.5,
    "gpu_power_avg": 559.6805915419816,
    "ram_power_avg": 0.8252302408218384,
    "cpu_energy_total": 0.006842989869946904,
    "gpu_energy_total": 0.036398646618892805,
    "ram_energy_total": 3.83458237494217e-05,
    "total_energy_kwh": 0.043279982312589144,
    "total_energy_joules": 155807.93632532092
  },
  "global_derived_quantities": {
    "tokens_per_joule": 0.10515510561535739,
    "joules_per_token": 9.509761738606013,
    "flops_per_joule": 337842754.03633285,
    "joules_per_flop": 2.9599569268620642e-09
  },
  "per-process_emissions": [
    0.004087820915669877,
    0.004135844795517599,
    0.004136570685240096,
    0.0041272728655532605
  ]
}