{
  "process_id": 3087637,
  "local_process_index": 3,
  "energy_results": {
    "cpu_power": 112.5,
    "gpu_power": 549.9112100539638,
    "ram_power": 0.8350896835327148,
    "cpu_energy": 0.001718980622437812,
    "gpu_energy": 0.009127945635683865,
    "ram_energy": 9.734184239782517e-06,
    "total_energy_kwh": 0.010856660442361462,
    "total_energy_joules": 39083.977592501265,
    "final_emissions": 0.004135844795517599
  }
}