{
  "process_id": 3087634,
  "local_process_index": 0,
  "energy_results": {
    "cpu_power": 112.5,
    "gpu_power": 499.82055176787975,
    "ram_power": 0.810124397277832,
    "cpu_energy": 0.0017184764202520452,
    "gpu_energy": 0.009130657304520007,
    "ram_energy": 9.432190020165627e-06,
    "total_energy_kwh": 0.010858565914792218,
    "total_energy_joules": 39090.837293251985,
    "final_emissions": 0.004136570685240096
  }
}