{
  "process_id": 3087636,
  "local_process_index": 2,
  "energy_results": {
    "cpu_power": 112.5,
    "gpu_power": 604.7145369760443,
    "ram_power": 0.8346662521362305,
    "cpu_energy": 0.001693672018756842,
    "gpu_energy": 0.009027337221864329,
    "ram_energy": 9.587729243318888e-06,
    "total_energy_kwh": 0.01073059696986449,
    "total_energy_joules": 38630.14909151216,
    "final_emissions": 0.004087820915669877
  }
}