{
  "process_id": 3087635,
  "local_process_index": 1,
  "energy_results": {
    "cpu_power": 112.5,
    "gpu_power": 584.2760673700383,
    "ram_power": 0.8210406303405762,
    "cpu_energy": 0.0017118608085002053,
    "gpu_energy": 0.009112706456824604,
    "ram_energy": 9.59172024615467e-06,
    "total_energy_kwh": 0.010834158985570969,
    "total_energy_joules": 39002.97234805549,
    "final_emissions": 0.0041272728655532605
  }
}