{
  "process_id": 3091127,
  "local_process_index": 3,
  "energy_results": {
    "cpu_power": 112.5,
    "gpu_power": 992.9340757156557,
    "ram_power": 0.7255511283874513,
    "cpu_energy": 0.0012689647307870474,
    "gpu_energy": 0.010526643976862537,
    "ram_energy": 6.786651842529864e-06,
    "total_energy_kwh": 0.011802395359492115,
    "total_energy_joules": 42488.623294171615,
    "final_emissions": 0.004496122512198521
  }
}