{
  "process_id": 3091124,
  "local_process_index": 0,
  "energy_results": {
    "cpu_power": 112.5,
    "gpu_power": 677.5908008106265,
    "ram_power": 0.6817131042480469,
    "cpu_energy": 0.0012828781359385173,
    "gpu_energy": 0.010620272107319195,
    "ram_energy": 6.429962148144774e-06,
    "total_energy_kwh": 0.01190958020540586,
    "total_energy_joules": 42874.4887394611,
    "final_emissions": 0.004536954579249362
  }
}