{
  "process_id": 3091125,
  "local_process_index": 1,
  "energy_results": {
    "cpu_power": 112.5,
    "gpu_power": 524.613754427853,
    "ram_power": 0.7180294990539551,
    "cpu_energy": 0.0012906282126878069,
    "gpu_energy": 0.01064293156989482,
    "ram_energy": 6.7738761820049414e-06,
    "total_energy_kwh": 0.011940333658764632,
    "total_energy_joules": 42985.201171552675,
    "final_emissions": 0.004548670107306387
  }
}