{
  "process_id": 3091126,
  "local_process_index": 2,
  "energy_results": {
    "cpu_power": 112.5,
    "gpu_power": 1168.4111653848415,
    "ram_power": 0.7254695892333984,
    "cpu_energy": 0.0012737904971563694,
    "gpu_energy": 0.010568442621412544,
    "ram_energy": 6.891145551407657e-06,
    "total_energy_kwh": 0.011849124264120322,
    "total_energy_joules": 42656.84735083316,
    "final_emissions": 0.004513923888416637
  }
}