{
  "experiment_id": "0155",
  "local_process_results": {
    "cpu_power": {
      "process_0": 112.5,
      "process_2": 112.5,
      "process_3": 112.5,
      "process_1": 112.5
    },
    "gpu_power": {
      "process_0": 677.5908008106265,
      "process_2": 1168.4111653848415,
      "process_3": 992.9340757156557,
      "process_1": 524.613754427853
    },
    "ram_power": {
      "process_0": 0.6817131042480469,
      "process_2": 0.7254695892333984,
      "process_3": 0.7255511283874513,
      "process_1": 0.7180294990539551
    },
    "cpu_energy": {
      "process_0": 0.0012828781359385173,
      "process_2": 0.0012737904971563694,
      "process_3": 0.0012689647307870474,
      "process_1": 0.0012906282126878069
    },
    "gpu_energy": {
      "process_0": 0.010620272107319195,
      "process_2": 0.010568442621412544,
      "process_3": 0.010526643976862537,
      "process_1": 0.01064293156989482
    },
    "ram_energy": {
      "process_0": 6.429962148144774e-06,
      "process_2": 6.891145551407657e-06,
      "process_3": 6.786651842529864e-06,
      "process_1": 6.7738761820049414e-06
    },
    "total_energy_kwh": {
      "process_0": 0.01190958020540586,
      "process_2": 0.011849124264120322,
      "process_3": 0.011802395359492115,
      "process_1": 0.011940333658764632
    },
    "total_energy_joules": {
      "process_0": 42874.4887394611,
      "process_2": 42656.84735083316,
      "process_3": 42488.623294171615,
      "process_1": 42985.201171552675
    }
  },
  "global_experiment_results": {
    "cpu_power_avg": 112.5,
    "gpu_power_avg": 840.8874490847442,
    "ram_power_avg": 0.7126908302307129,
    "cpu_energy_total": 0.005116261576569741,
    "gpu_energy_total": 0.0423582902754891,
    "ram_energy_total": 2.6881635724087236e-05,
    "total_energy_kwh": 0.04750143348778293,
    "total_energy_joules": 171005.16055601856
  },
  "global_derived_quantities": {
    "tokens_per_joule": 0.09580997407755343,
    "joules_per_token": 10.43732669409293,
    "flops_per_joule": 307818677.1540175,
    "joules_per_flop": 3.2486657705297352e-09
  },
  "per-process_emissions": [
    0.004536954579249362,
    0.004513923888416637,
    0.004496122512198521,
    0.004548670107306387
  ]
}