{
  "process_id": 4102827,
  "local_process_index": 2,
  "energy_results": {
    "cpu_power": 112.5,
    "gpu_power": 30.65988589385081,
    "ram_power": 0.7066082954406738,
    "cpu_energy": 0.0014742257091111242,
    "gpu_energy": 0.010849372290602233,
    "ram_energy": 8.47379629184722e-06,
    "total_energy_kwh": 0.012332071796005203,
    "total_energy_joules": 44395.45846561873,
    "final_emissions": 0.004697902750688182
  }
}