{
  "experiment_id": "0590",
  "local_process_results": {
    "cpu_power": {
      "process_3": 112.5,
      "process_1": 112.5,
      "process_0": 112.5,
      "process_2": 112.5
    },
    "gpu_power": {
      "process_3": 95.74807119781538,
      "process_1": 51.56806197184582,
      "process_0": 94.48017675479906,
      "process_2": 30.65988589385081
    },
    "ram_power": {
      "process_3": 0.7310571670532227,
      "process_1": 0.7077469825744629,
      "process_0": 0.687769889831543,
      "process_2": 0.7066082954406738
    },
    "cpu_energy": {
      "process_3": 0.001504847377178521,
      "process_1": 0.0014840955762501834,
      "process_0": 0.0015315877924422239,
      "process_2": 0.0014742257091111242
    },
    "gpu_energy": {
      "process_3": 0.010877888980081352,
      "process_1": 0.010849372290602233,
      "process_0": 0.010866659248877752,
      "process_2": 0.010849372290602233
    },
    "ram_energy": {
      "process_3": 9.323819598533822e-06,
      "process_1": 8.940542810883074e-06,
      "process_0": 8.952122511076126e-06,
      "process_2": 8.47379629184722e-06
    },
    "total_energy_kwh": {
      "process_3": 0.012392060176858405,
      "process_1": 0.0123424084096633,
      "process_0": 0.012407199163831054,
      "process_2": 0.012332071796005203
    },
    "total_energy_joules": {
      "process_3": 44611.41663669026,
      "process_1": 44432.67027478788,
      "process_0": 44665.9169897918,
      "process_2": 44395.45846561873
    }
  },
  "global_experiment_results": {
    "cpu_power_avg": 112.5,
    "gpu_power_avg": 68.11404895457777,
    "ram_power_avg": 0.7082955837249756,
    "cpu_energy_total": 0.005994756454982052,
    "gpu_energy_total": 0.04344329281016357,
    "ram_energy_total": 3.5690281212340244e-05,
    "total_energy_kwh": 0.04947373954635796,
    "total_energy_joules": 178105.46236688865
  },
  "global_derived_quantities": {
    "tokens_per_joule": 0.09199044084481671,
    "joules_per_token": 10.870694724541544,
    "flops_per_joule": 295547265.13907284,
    "joules_per_flop": 3.3835535562456974e-09
  },
  "per-process_emissions": [
    0.004720755324374209,
    0.004701840483661235,
    0.00472652252146144,
    0.004697902750688182
  ]
}