{
  "process_id": 4102825,
  "local_process_index": 0,
  "energy_results": {
    "cpu_power": 112.5,
    "gpu_power": 94.48017675479906,
    "ram_power": 0.687769889831543,
    "cpu_energy": 0.0015315877924422239,
    "gpu_energy": 0.010866659248877752,
    "ram_energy": 8.952122511076126e-06,
    "total_energy_kwh": 0.012407199163831054,
    "total_energy_joules": 44665.9169897918,
    "final_emissions": 0.00472652252146144
  }
}