{
  "process_id": 4102826,
  "local_process_index": 1,
  "energy_results": {
    "cpu_power": 112.5,
    "gpu_power": 51.56806197184582,
    "ram_power": 0.7077469825744629,
    "cpu_energy": 0.0014840955762501834,
    "gpu_energy": 0.010849372290602233,
    "ram_energy": 8.940542810883074e-06,
    "total_energy_kwh": 0.0123424084096633,
    "total_energy_joules": 44432.67027478788,
    "final_emissions": 0.004701840483661235
  }
}