{
  "process_id": 4102828,
  "local_process_index": 3,
  "energy_results": {
    "cpu_power": 112.5,
    "gpu_power": 95.74807119781538,
    "ram_power": 0.7310571670532227,
    "cpu_energy": 0.001504847377178521,
    "gpu_energy": 0.010877888980081352,
    "ram_energy": 9.323819598533822e-06,
    "total_energy_kwh": 0.012392060176858405,
    "total_energy_joules": 44611.41663669026,
    "final_emissions": 0.004720755324374209
  }
}