{
  "experiment_id": "0484",
  "local_process_results": {
    "cpu_power": {
      "process_3": 112.5,
      "process_1": 112.5,
      "process_0": 112.5,
      "process_2": 112.5
    },
    "gpu_power": {
      "process_3": 145.7727927336311,
      "process_1": 145.56463103820187,
      "process_0": 152.13594107154057,
      "process_2": 115.1617384464482
    },
    "ram_power": {
      "process_3": 0.9642992019653321,
      "process_1": 0.9574828147888184,
      "process_0": 0.928919792175293,
      "process_2": 0.9649715423583984
    },
    "cpu_energy": {
      "process_3": 0.00048765023000123616,
      "process_1": 0.0004916589078766264,
      "process_0": 0.0005134442350008612,
      "process_2": 0.0004931631354011188
    },
    "gpu_energy": {
      "process_3": 0.0030714394015962654,
      "process_1": 0.00307316690297732,
      "process_0": 0.00307316690297732,
      "process_2": 0.0030714394015962654
    },
    "ram_energy": {
      "process_3": 4.059633067503022e-06,
      "process_1": 4.089752158442609e-06,
      "process_0": 3.6549100919729438e-06,
      "process_2": 4.129408690046399e-06
    },
    "total_energy_kwh": {
      "process_3": 0.003563149264665004,
      "process_1": 0.00356891556301239,
      "process_0": 0.003590266048070154,
      "process_2": 0.00356873194568743
    },
    "total_energy_joules": {
      "process_3": 12827.337352794015,
      "process_1": 12848.096026844603,
      "process_0": 12924.957773052554,
      "process_2": 12847.435004474748
    }
  },
  "global_experiment_results": {
    "cpu_power_avg": 112.5,
    "gpu_power_avg": 139.65877582245542,
    "ram_power_avg": 0.9539183378219604,
    "cpu_energy_total": 0.0019859165082798426,
    "gpu_energy_total": 0.012289212609147171,
    "ram_energy_total": 1.5933704007964973e-05,
    "total_energy_kwh": 0.014291062821434978,
    "total_energy_joules": 51447.826157165924
  },
  "global_derived_quantities": {
    "tokens_per_joule": 0.31845854769352483,
    "joules_per_token": 3.1401261082254597,
    "flops_per_joule": 1023144926.435968,
    "joules_per_flop": 9.773786432029808e-10
  },
  "per-process_emissions": [
    0.0013573817123741334,
    0.00135957838372957,
    0.0013677118510123252,
    0.0013595084347096265
  ]
}