{
  "process_id": 3865738,
  "local_process_index": 0,
  "energy_results": {
    "cpu_power": 112.5,
    "gpu_power": 152.13594107154057,
    "ram_power": 0.928919792175293,
    "cpu_energy": 0.0005134442350008612,
    "gpu_energy": 0.00307316690297732,
    "ram_energy": 3.6549100919729438e-06,
    "total_energy_kwh": 0.003590266048070154,
    "total_energy_joules": 12924.957773052554,
    "final_emissions": 0.0013677118510123252
  }
}