{
  "process_id": 3865739,
  "local_process_index": 1,
  "energy_results": {
    "cpu_power": 112.5,
    "gpu_power": 145.56463103820187,
    "ram_power": 0.9574828147888184,
    "cpu_energy": 0.0004916589078766264,
    "gpu_energy": 0.00307316690297732,
    "ram_energy": 4.089752158442609e-06,
    "total_energy_kwh": 0.00356891556301239,
    "total_energy_joules": 12848.096026844603,
    "final_emissions": 0.00135957838372957
  }
}