{
  "process_id": 3865741,
  "local_process_index": 3,
  "energy_results": {
    "cpu_power": 112.5,
    "gpu_power": 145.7727927336311,
    "ram_power": 0.9642992019653321,
    "cpu_energy": 0.00048765023000123616,
    "gpu_energy": 0.0030714394015962654,
    "ram_energy": 4.059633067503022e-06,
    "total_energy_kwh": 0.003563149264665004,
    "total_energy_joules": 12827.337352794015,
    "final_emissions": 0.0013573817123741334
  }
}