{
  "process_id": 3865740,
  "local_process_index": 2,
  "energy_results": {
    "cpu_power": 112.5,
    "gpu_power": 115.1617384464482,
    "ram_power": 0.9649715423583984,
    "cpu_energy": 0.0004931631354011188,
    "gpu_energy": 0.0030714394015962654,
    "ram_energy": 4.129408690046399e-06,
    "total_energy_kwh": 0.00356873194568743,
    "total_energy_joules": 12847.435004474748,
    "final_emissions": 0.0013595084347096265
  }
}