{
  "process_id": 2804271,
  "local_process_index": 2,
  "energy_results": {
    "cpu_power": 112.5,
    "gpu_power": 909.8336328972684,
    "ram_power": 0.7061762809753418,
    "cpu_energy": 0.00135947184097131,
    "gpu_energy": 0.010528915367570058,
    "ram_energy": 7.100411588099785e-06,
    "total_energy_kwh": 0.011895487620129465,
    "total_energy_joules": 42823.755432466074,
    "final_emissions": 0.0045315860088883195
  }
}