{
  "process_id": 2804272,
  "local_process_index": 3,
  "energy_results": {
    "cpu_power": 112.5,
    "gpu_power": 407.53972637462476,
    "ram_power": 0.7309055328369141,
    "cpu_energy": 0.0013697200660863016,
    "gpu_energy": 0.010580242908631021,
    "ram_energy": 7.446622262653466e-06,
    "total_energy_kwh": 0.011957409596979976,
    "total_energy_joules": 43046.674549127914,
    "final_emissions": 0.004555175185969522
  }
}