{
  "process_id": 2804270,
  "local_process_index": 1,
  "energy_results": {
    "cpu_power": 112.5,
    "gpu_power": 1049.8873830033756,
    "ram_power": 0.7313933372497559,
    "cpu_energy": 0.0013556641048417081,
    "gpu_energy": 0.010519035359666695,
    "ram_energy": 7.245498489570757e-06,
    "total_energy_kwh": 0.011881944962997975,
    "total_energy_joules": 42775.00186679271,
    "final_emissions": 0.004526426933654079
  }
}