{
  "process_id": 2804269,
  "local_process_index": 0,
  "energy_results": {
    "cpu_power": 112.5,
    "gpu_power": 998.8143997401024,
    "ram_power": 0.6867871284484863,
    "cpu_energy": 0.0013530830832514768,
    "gpu_energy": 0.010504117014399128,
    "ram_energy": 6.8371435970571965e-06,
    "total_energy_kwh": 0.01186403724124766,
    "total_energy_joules": 42710.53406849158,
    "final_emissions": 0.004519604987053296
  }
}