{
  "experiment_id": "0047",
  "local_process_results": {
    "cpu_power": {
      "process_0": 112.5,
      "process_3": 112.5,
      "process_1": 112.5,
      "process_2": 112.5
    },
    "gpu_power": {
      "process_0": 998.8143997401024,
      "process_3": 407.53972637462476,
      "process_1": 1049.8873830033756,
      "process_2": 909.8336328972684
    },
    "ram_power": {
      "process_0": 0.6867871284484863,
      "process_3": 0.7309055328369141,
      "process_1": 0.7313933372497559,
      "process_2": 0.7061762809753418
    },
    "cpu_energy": {
      "process_0": 0.0013530830832514768,
      "process_3": 0.0013697200660863016,
      "process_1": 0.0013556641048417081,
      "process_2": 0.00135947184097131
    },
    "gpu_energy": {
      "process_0": 0.010504117014399128,
      "process_3": 0.010580242908631021,
      "process_1": 0.010519035359666695,
      "process_2": 0.010528915367570058
    },
    "ram_energy": {
      "process_0": 6.8371435970571965e-06,
      "process_3": 7.446622262653466e-06,
      "process_1": 7.245498489570757e-06,
      "process_2": 7.100411588099785e-06
    },
    "total_energy_kwh": {
      "process_0": 0.01186403724124766,
      "process_3": 0.011957409596979976,
      "process_1": 0.011881944962997975,
      "process_2": 0.011895487620129465
    },
    "total_energy_joules": {
      "process_0": 42710.53406849158,
      "process_3": 43046.674549127914,
      "process_1": 42775.00186679271,
      "process_2": 42823.755432466074
    }
  },
  "global_experiment_results": {
    "cpu_power_avg": 112.5,
    "gpu_power_avg": 841.5187855038428,
    "ram_power_avg": 0.7138155698776245,
    "cpu_energy_total": 0.005437939095150797,
    "gpu_energy_total": 0.0421323106502669,
    "ram_energy_total": 2.8629675937381205e-05,
    "total_energy_kwh": 0.04759887942135508,
    "total_energy_joules": 171355.96591687828
  },
  "global_derived_quantities": {
    "tokens_per_joule": 0.09561382886398939,
    "joules_per_token": 10.45873815410634,
    "flops_per_joule": 307188501.00846815,
    "joules_per_flop": 3.255330185593221e-09
  },
  "per-process_emissions": [
    0.004519604987053296,
    0.004555175185969522,
    0.004526426933654079,
    0.0045315860088883195
  ]
}