{
  "process_id": 2832111,
  "local_process_index": 1,
  "energy_results": {
    "cpu_power": 112.5,
    "gpu_power": 732.9662266038346,
    "ram_power": 0.7211480140686035,
    "cpu_energy": 0.004090865211412164,
    "gpu_energy": 0.026344798298043592,
    "ram_energy": 2.151303765091485e-05,
    "total_energy_kwh": 0.030457176547106682,
    "total_energy_joules": 109645.83556958406,
    "final_emissions": 0.011602661405620291
  }
}