{
  "experiment_id": "0064",
  "local_process_results": {
    "cpu_power": {
      "process_0": 112.5,
      "process_1": 112.5,
      "process_3": 112.5,
      "process_2": 112.5
    },
    "gpu_power": {
      "process_0": 312.07204813193295,
      "process_1": 732.9662266038346,
      "process_3": 312.4507798922386,
      "process_2": 745.5060314764615
    },
    "ram_power": {
      "process_0": 0.6796145439147949,
      "process_1": 0.7211480140686035,
      "process_3": 0.7214183807373047,
      "process_2": 0.7277870178222656
    },
    "cpu_energy": {
      "process_0": 0.0041191444931719156,
      "process_1": 0.004090865211412164,
      "process_3": 0.004177079325841988,
      "process_2": 0.0040919278925612155
    },
    "gpu_energy": {
      "process_0": 0.026457306721384022,
      "process_1": 0.026344798298043592,
      "process_3": 0.02668140412288178,
      "process_2": 0.026348664967804858
    },
    "ram_energy": {
      "process_0": 2.0309214915534037e-05,
      "process_1": 2.151303765091485e-05,
      "process_3": 2.2020702819750534e-05,
      "process_2": 2.1718497076352364e-05
    },
    "total_energy_kwh": {
      "process_0": 0.03059676042947146,
      "process_1": 0.030457176547106682,
      "process_3": 0.030880504151543513,
      "process_2": 0.03046231135744243
    },
    "total_energy_joules": {
      "process_0": 110148.33754609725,
      "process_1": 109645.83556958406,
      "process_3": 111169.81494555665,
      "process_2": 109664.32088679275
    }
  },
  "global_experiment_results": {
    "cpu_power_avg": 112.5,
    "gpu_power_avg": 525.7487715261169,
    "ram_power_avg": 0.7124919891357422,
    "cpu_energy_total": 0.016479016922987283,
    "gpu_energy_total": 0.10583217411011425,
    "ram_energy_total": 8.556145246255179e-05,
    "total_energy_kwh": 0.12239675248556409,
    "total_energy_joules": 440628.3089480307
  },
  "global_derived_quantities": {
    "tokens_per_joule": 0.03718326686525352,
    "joules_per_token": 26.893817684816323,
    "flops_per_joule": 119462552.08734758,
    "joules_per_flop": 8.370824015787213e-09
  },
  "per-process_emissions": [
    0.011655835885607153,
    0.011602661405620291,
    0.011763928056530502,
    0.011604617511617694
  ]
}