{
  "process_id": 2832112,
  "local_process_index": 2,
  "energy_results": {
    "cpu_power": 112.5,
    "gpu_power": 745.5060314764615,
    "ram_power": 0.7277870178222656,
    "cpu_energy": 0.0040919278925612155,
    "gpu_energy": 0.026348664967804858,
    "ram_energy": 2.1718497076352364e-05,
    "total_energy_kwh": 0.03046231135744243,
    "total_energy_joules": 109664.32088679275,
    "final_emissions": 0.011604617511617694
  }
}