{
  "process_id": 2832110,
  "local_process_index": 0,
  "energy_results": {
    "cpu_power": 112.5,
    "gpu_power": 312.07204813193295,
    "ram_power": 0.6796145439147949,
    "cpu_energy": 0.0041191444931719156,
    "gpu_energy": 0.026457306721384022,
    "ram_energy": 2.0309214915534037e-05,
    "total_energy_kwh": 0.03059676042947146,
    "total_energy_joules": 110148.33754609725,
    "final_emissions": 0.011655835885607153
  }
}