{
  "process_id": 2832113,
  "local_process_index": 3,
  "energy_results": {
    "cpu_power": 112.5,
    "gpu_power": 312.4507798922386,
    "ram_power": 0.7214183807373047,
    "cpu_energy": 0.004177079325841988,
    "gpu_energy": 0.02668140412288178,
    "ram_energy": 2.2020702819750534e-05,
    "total_energy_kwh": 0.030880504151543513,
    "total_energy_joules": 111169.81494555665,
    "final_emissions": 0.011763928056530502
  }
}