{
  "process_id": 3611159,
  "local_process_index": 2,
  "energy_results": {
    "cpu_power": 112.5,
    "gpu_power": 956.3880464742771,
    "ram_power": 0.7243123054504395,
    "cpu_energy": 0.0011608601574353088,
    "gpu_energy": 0.010144692837972258,
    "ram_energy": 6.3603625808555375e-06,
    "total_energy_kwh": 0.011311913357988418,
    "total_energy_joules": 40722.88808875831,
    "final_emissions": 0.004309273393725688
  }
}