{
  "experiment_id": "0455",
  "local_process_results": {
    "cpu_power": {
      "process_0": 112.5,
      "process_1": 112.5,
      "process_3": 112.5,
      "process_2": 112.5
    },
    "gpu_power": {
      "process_0": 913.8715836355339,
      "process_1": 974.7668423670831,
      "process_3": 704.9252476302784,
      "process_2": 956.3880464742771
    },
    "ram_power": {
      "process_0": 0.6885709762573242,
      "process_1": 0.7322402000427247,
      "process_3": 0.7244153022766113,
      "process_2": 0.7243123054504395
    },
    "cpu_energy": {
      "process_0": 0.0011651786193706357,
      "process_1": 0.0011639682461845953,
      "process_3": 0.0011753021366548639,
      "process_2": 0.0011608601574353088
    },
    "gpu_energy": {
      "process_0": 0.01018109786709509,
      "process_1": 0.01017327341638996,
      "process_3": 0.010212884559187785,
      "process_2": 0.010144692837972258
    },
    "ram_energy": {
      "process_0": 6.061333250690522e-06,
      "process_1": 6.457551635881391e-06,
      "process_3": 6.609149957080699e-06,
      "process_2": 6.3603625808555375e-06
    },
    "total_energy_kwh": {
      "process_0": 0.011352337819716415,
      "process_1": 0.011343699214210438,
      "process_3": 0.011394795845799728,
      "process_2": 0.011311913357988418
    },
    "total_energy_joules": {
      "process_0": 40868.416150979094,
      "process_1": 40837.31717115758,
      "process_3": 41021.26504487902,
      "process_2": 40722.88808875831
    }
  },
  "global_experiment_results": {
    "cpu_power_avg": 112.5,
    "gpu_power_avg": 887.487930026793,
    "ram_power_avg": 0.7173846960067749,
    "cpu_energy_total": 0.004665309159645404,
    "gpu_energy_total": 0.040711948680645094,
    "ram_energy_total": 2.548839742450815e-05,
    "total_energy_kwh": 0.045402746237715,
    "total_energy_joules": 163449.88645577402
  },
  "global_derived_quantities": {
    "tokens_per_joule": 0.10023867471105986,
    "joules_per_token": 9.976189358872926,
    "flops_per_joule": 322047224.6893047,
    "joules_per_flop": 3.105134661429704e-09
  },
  "per-process_emissions": [
    0.004324673092420969,
    0.004321382215653467,
    0.004340847477457406,
    0.004309273393725688
  ]
}