{
  "process_id": 3611160,
  "local_process_index": 3,
  "energy_results": {
    "cpu_power": 112.5,
    "gpu_power": 704.9252476302784,
    "ram_power": 0.7244153022766113,
    "cpu_energy": 0.0011753021366548639,
    "gpu_energy": 0.010212884559187785,
    "ram_energy": 6.609149957080699e-06,
    "total_energy_kwh": 0.011394795845799728,
    "total_energy_joules": 41021.26504487902,
    "final_emissions": 0.004340847477457406
  }
}