{
  "process_id": 3611158,
  "local_process_index": 1,
  "energy_results": {
    "cpu_power": 112.5,
    "gpu_power": 974.7668423670831,
    "ram_power": 0.7322402000427247,
    "cpu_energy": 0.0011639682461845953,
    "gpu_energy": 0.01017327341638996,
    "ram_energy": 6.457551635881391e-06,
    "total_energy_kwh": 0.011343699214210438,
    "total_energy_joules": 40837.31717115758,
    "final_emissions": 0.004321382215653467
  }
}