{
  "process_id": 3611157,
  "local_process_index": 0,
  "energy_results": {
    "cpu_power": 112.5,
    "gpu_power": 913.8715836355339,
    "ram_power": 0.6885709762573242,
    "cpu_energy": 0.0011651786193706357,
    "gpu_energy": 0.01018109786709509,
    "ram_energy": 6.061333250690522e-06,
    "total_energy_kwh": 0.011352337819716415,
    "total_energy_joules": 40868.416150979094,
    "final_emissions": 0.004324673092420969
  }
}