{
  "process_id": 2964773,
  "local_process_index": 1,
  "energy_results": {
    "cpu_power": 112.5,
    "gpu_power": 573.9910691641293,
    "ram_power": 0.723391056060791,
    "cpu_energy": 0.001253105510309979,
    "gpu_energy": 0.01045989503457978,
    "ram_energy": 6.677443639470896e-06,
    "total_energy_kwh": 0.011719677988529232,
    "total_energy_joules": 42190.840758705235,
    "final_emissions": 0.004464611329730211
  }
}