{
  "process_id": 2964775,
  "local_process_index": 3,
  "energy_results": {
    "cpu_power": 112.5,
    "gpu_power": 798.3216319433924,
    "ram_power": 0.7228145599365234,
    "cpu_energy": 0.0012438830281917038,
    "gpu_energy": 0.010403402211607293,
    "ram_energy": 6.739816418332419e-06,
    "total_energy_kwh": 0.011654025056217335,
    "total_energy_joules": 41954.4902023824,
    "final_emissions": 0.004439600845165994
  }
}