{
  "process_id": 2964774,
  "local_process_index": 2,
  "energy_results": {
    "cpu_power": 112.5,
    "gpu_power": 630.8201781663425,
    "ram_power": 0.7305021286010742,
    "cpu_energy": 0.0012510324415325159,
    "gpu_energy": 0.010451976139354002,
    "ram_energy": 6.629510803923026e-06,
    "total_energy_kwh": 0.011709638091690443,
    "total_energy_joules": 42154.697130085595,
    "final_emissions": 0.004460786631029475
  }
}