{
  "experiment_id": "0078",
  "local_process_results": {
    "cpu_power": {
      "process_2": 112.5,
      "process_3": 112.5,
      "process_0": 112.5,
      "process_1": 112.5
    },
    "gpu_power": {
      "process_2": 630.8201781663425,
      "process_3": 798.3216319433924,
      "process_0": 926.0513401250907,
      "process_1": 573.9910691641293
    },
    "ram_power": {
      "process_2": 0.7305021286010742,
      "process_3": 0.7228145599365234,
      "process_0": 0.6873021125793457,
      "process_1": 0.723391056060791
    },
    "cpu_energy": {
      "process_2": 0.0012510324415325159,
      "process_3": 0.0012438830281917038,
      "process_0": 0.0012470397280594625,
      "process_1": 0.001253105510309979
    },
    "gpu_energy": {
      "process_2": 0.010451976139354002,
      "process_3": 0.010403402211607293,
      "process_0": 0.010415873610471138,
      "process_1": 0.01045989503457978
    },
    "ram_energy": {
      "process_2": 6.629510803923026e-06,
      "process_3": 6.739816418332419e-06,
      "process_0": 6.272343774083214e-06,
      "process_1": 6.677443639470896e-06
    },
    "total_energy_kwh": {
      "process_2": 0.011709638091690443,
      "process_3": 0.011654025056217335,
      "process_0": 0.011669185682304685,
      "process_1": 0.011719677988529232
    },
    "total_energy_joules": {
      "process_2": 42154.697130085595,
      "process_3": 41954.4902023824,
      "process_0": 42009.06845629687,
      "process_1": 42190.840758705235
    }
  },
  "global_experiment_results": {
    "cpu_power_avg": 112.5,
    "gpu_power_avg": 732.2960548497388,
    "ram_power_avg": 0.7160024642944336,
    "cpu_energy_total": 0.004995060708093662,
    "gpu_energy_total": 0.041731146996012214,
    "ram_energy_total": 2.631911463580956e-05,
    "total_energy_kwh": 0.04675252681874169,
    "total_energy_joules": 168309.09654747008
  },
  "global_derived_quantities": {
    "tokens_per_joule": 0.0973447088486928,
    "joules_per_token": 10.272772006071172,
    "flops_per_joule": 312749479.31300765,
    "joules_per_flop": 3.1974473696858645e-09
  },
  "per-process_emissions": [
    0.004460786631029475,
    0.004439600845165994,
    0.00444537628567397,
    0.004464611329730211
  ]
}