{
  "process_id": 2964772,
  "local_process_index": 0,
  "energy_results": {
    "cpu_power": 112.5,
    "gpu_power": 926.0513401250907,
    "ram_power": 0.6873021125793457,
    "cpu_energy": 0.0012470397280594625,
    "gpu_energy": 0.010415873610471138,
    "ram_energy": 6.272343774083214e-06,
    "total_energy_kwh": 0.011669185682304685,
    "total_energy_joules": 42009.06845629687,
    "final_emissions": 0.00444537628567397
  }
}