{
  "process_id": 3006007,
  "local_process_index": 1,
  "energy_results": {
    "cpu_power": 112.5,
    "gpu_power": 884.0550178806907,
    "ram_power": 0.7235069274902344,
    "cpu_energy": 0.0014357020945299159,
    "gpu_energy": 0.010651216576520461,
    "ram_energy": 7.805638549575789e-06,
    "total_energy_kwh": 0.012094724309599948,
    "total_energy_joules": 43541.00751455981,
    "final_emissions": 0.0046074852257421
  }
}