{
  "experiment_id": "0103",
  "local_process_results": {
    "cpu_power": {
      "process_2": 112.5,
      "process_3": 112.5,
      "process_1": 112.5,
      "process_0": 112.5
    },
    "gpu_power": {
      "process_2": 948.6009050695699,
      "process_3": 462.180815588759,
      "process_1": 884.0550178806907,
      "process_0": 781.0015845256402
    },
    "ram_power": {
      "process_2": 0.7226357460021973,
      "process_3": 0.722160816192627,
      "process_1": 0.7235069274902344,
      "process_0": 0.6871047019958496
    },
    "cpu_energy": {
      "process_2": 0.0014299346919706293,
      "process_3": 0.0014540795404118397,
      "process_1": 0.0014357020945299159,
      "process_0": 0.001445511968537176
    },
    "gpu_energy": {
      "process_2": 0.010606607929724454,
      "process_3": 0.010746918319750165,
      "process_1": 0.010651216576520461,
      "process_0": 0.010703773285231755
    },
    "ram_energy": {
      "process_2": 7.680089820251469e-06,
      "process_3": 7.898853766918887e-06,
      "process_1": 7.805638549575789e-06,
      "process_0": 7.443136923991107e-06
    },
    "total_energy_kwh": {
      "process_2": 0.012044222711515343,
      "process_3": 0.012208896713928925,
      "process_1": 0.012094724309599948,
      "process_0": 0.01215672839069292
    },
    "total_energy_joules": {
      "process_2": 43359.20176145524,
      "process_3": 43952.02817014413,
      "process_1": 43541.00751455981,
      "process_0": 43764.22220649451
    }
  },
  "global_experiment_results": {
    "cpu_power_avg": 112.5,
    "gpu_power_avg": 768.9595807661649,
    "ram_power_avg": 0.713852047920227,
    "cpu_energy_total": 0.0057652282954495605,
    "gpu_energy_total": 0.042708516111226835,
    "ram_energy_total": 3.082771906073725e-05,
    "total_energy_kwh": 0.04850457212573713,
    "total_energy_joules": 174616.4596526537
  },
  "global_derived_quantities": {
    "tokens_per_joule": 0.09382849722523857,
    "joules_per_token": 10.657742898721539,
    "flops_per_joule": 301452580.20677114,
    "joules_per_flop": 3.317271324445404e-09
  },
  "per-process_emissions": [
    0.00458824664195177,
    0.004650979203171224,
    0.0046074852257421,
    0.004631105680434467
  ]
}