{
  "process_id": 3006008,
  "local_process_index": 2,
  "energy_results": {
    "cpu_power": 112.5,
    "gpu_power": 948.6009050695699,
    "ram_power": 0.7226357460021973,
    "cpu_energy": 0.0014299346919706293,
    "gpu_energy": 0.010606607929724454,
    "ram_energy": 7.680089820251469e-06,
    "total_energy_kwh": 0.012044222711515343,
    "total_energy_joules": 43359.20176145524,
    "final_emissions": 0.00458824664195177
  }
}