{
  "process_id": 3006009,
  "local_process_index": 3,
  "energy_results": {
    "cpu_power": 112.5,
    "gpu_power": 462.180815588759,
    "ram_power": 0.722160816192627,
    "cpu_energy": 0.0014540795404118397,
    "gpu_energy": 0.010746918319750165,
    "ram_energy": 7.898853766918887e-06,
    "total_energy_kwh": 0.012208896713928925,
    "total_energy_joules": 43952.02817014413,
    "final_emissions": 0.004650979203171224
  }
}