{
  "process_id": 3006006,
  "local_process_index": 0,
  "energy_results": {
    "cpu_power": 112.5,
    "gpu_power": 781.0015845256402,
    "ram_power": 0.6871047019958496,
    "cpu_energy": 0.001445511968537176,
    "gpu_energy": 0.010703773285231755,
    "ram_energy": 7.443136923991107e-06,
    "total_energy_kwh": 0.01215672839069292,
    "total_energy_joules": 43764.22220649451,
    "final_emissions": 0.004631105680434467
  }
}