{
  "process_id": 3953229,
  "local_process_index": 0,
  "energy_results": {
    "cpu_power": 112.5,
    "gpu_power": 38.80088655989886,
    "ram_power": 0.6888928413391113,
    "cpu_energy": 0.001336691696185881,
    "gpu_energy": 0.010227145959490258,
    "ram_energy": 7.172303998073439e-06,
    "total_energy_kwh": 0.011571009959674212,
    "total_energy_joules": 41655.63585482716,
    "final_emissions": 0.004407976244137891
  }
}