{
  "process_id": 3953232,
  "local_process_index": 3,
  "energy_results": {
    "cpu_power": 112.5,
    "gpu_power": 1070.7472914798682,
    "ram_power": 0.7087368965148926,
    "cpu_energy": 0.0012595126455307761,
    "gpu_energy": 0.010249070977026875,
    "ram_energy": 6.909538635886782e-06,
    "total_energy_kwh": 0.01151549316119354,
    "total_energy_joules": 41455.77538029674,
    "final_emissions": 0.004386827119756679
  }
}