{
  "process_id": 3953231,
  "local_process_index": 2,
  "energy_results": {
    "cpu_power": 112.5,
    "gpu_power": 39.37683684691875,
    "ram_power": 0.7342300415039064,
    "cpu_energy": 0.001280069821588768,
    "gpu_energy": 0.010227145959490258,
    "ram_energy": 7.27646855991281e-06,
    "total_energy_kwh": 0.011514492249638943,
    "total_energy_joules": 41452.17209870019,
    "final_emissions": 0.004386445822499955
  }
}