{
  "experiment_id": "0519",
  "local_process_results": {
    "cpu_power": {
      "process_1": 112.5,
      "process_0": 112.5,
      "process_2": 112.5,
      "process_3": 112.5
    },
    "gpu_power": {
      "process_1": 39.918203102313555,
      "process_0": 38.80088655989886,
      "process_2": 39.37683684691875,
      "process_3": 1070.7472914798682
    },
    "ram_power": {
      "process_1": 0.7178964614868164,
      "process_0": 0.6888928413391113,
      "process_2": 0.7342300415039064,
      "process_3": 0.7087368965148926
    },
    "cpu_energy": {
      "process_1": 0.0012984812338108895,
      "process_0": 0.001336691696185881,
      "process_2": 0.001280069821588768,
      "process_3": 0.0012595126455307761
    },
    "gpu_energy": {
      "process_1": 0.010227145959490258,
      "process_0": 0.010227145959490258,
      "process_2": 0.010227145959490258,
      "process_3": 0.010249070977026875
    },
    "ram_energy": {
      "process_1": 7.23548839077615e-06,
      "process_0": 7.172303998073439e-06,
      "process_2": 7.27646855991281e-06,
      "process_3": 6.909538635886782e-06
    },
    "total_energy_kwh": {
      "process_1": 0.011532862681691921,
      "process_0": 0.011571009959674212,
      "process_2": 0.011514492249638943,
      "process_3": 0.01151549316119354
    },
    "total_energy_joules": {
      "process_1": 41518.30565409092,
      "process_0": 41655.63585482716,
      "process_2": 41452.17209870019,
      "process_3": 41455.77538029674
    }
  },
  "global_experiment_results": {
    "cpu_power_avg": 112.5,
    "gpu_power_avg": 297.21080449724985,
    "ram_power_avg": 0.7124390602111816,
    "cpu_energy_total": 0.005174755397116314,
    "gpu_energy_total": 0.04093050885549765,
    "ram_energy_total": 2.8593799584649182e-05,
    "total_energy_kwh": 0.04613385805219861,
    "total_energy_joules": 166081.888987915
  },
  "global_derived_quantities": {
    "tokens_per_joule": 0.09865013036546198,
    "joules_per_token": 10.136834044672547,
    "flops_per_joule": 316943542.9090902,
    "joules_per_flop": 3.1551360561613734e-09
  },
  "per-process_emissions": [
    0.004393444038590538,
    0.004407976244137891,
    0.004386445822499955,
    0.004386827119756679
  ]
}