{
  "process_id": 3953230,
  "local_process_index": 1,
  "energy_results": {
    "cpu_power": 112.5,
    "gpu_power": 39.918203102313555,
    "ram_power": 0.7178964614868164,
    "cpu_energy": 0.0012984812338108895,
    "gpu_energy": 0.010227145959490258,
    "ram_energy": 7.23548839077615e-06,
    "total_energy_kwh": 0.011532862681691921,
    "total_energy_joules": 41518.30565409092,
    "final_emissions": 0.004393444038590538
  }
}