{
  "process_id": 2773702,
  "local_process_index": 1,
  "energy_results": {
    "cpu_power": 112.5,
    "gpu_power": 849.0164049930462,
    "ram_power": 0.7224569320678711,
    "cpu_energy": 0.0017728208314274525,
    "gpu_energy": 0.014220713043229694,
    "ram_energy": 9.437008420671344e-06,
    "total_energy_kwh": 0.01600297088307782,
    "total_energy_joules": 57610.695179080154,
    "final_emissions": 0.006096331757908496
  }
}