{
  "process_id": 2773701,
  "local_process_index": 0,
  "energy_results": {
    "cpu_power": 112.5,
    "gpu_power": 669.3181873042545,
    "ram_power": 0.6852922439575195,
    "cpu_energy": 0.0017783463922423832,
    "gpu_energy": 0.014252895846751379,
    "ram_energy": 8.987901340891046e-06,
    "total_energy_kwh": 0.016040230140334646,
    "total_energy_joules": 57744.82850520472,
    "final_emissions": 0.006110525671960483
  }
}