{
  "experiment_id": "0028",
  "local_process_results": {
    "cpu_power": {
      "process_2": 112.5,
      "process_1": 112.5,
      "process_3": 112.5,
      "process_0": 112.5
    },
    "gpu_power": {
      "process_2": 467.80432511845703,
      "process_1": 849.0164049930462,
      "process_3": 579.5317347367151,
      "process_0": 669.3181873042545
    },
    "ram_power": {
      "process_2": 0.72879695892334,
      "process_1": 0.7224569320678711,
      "process_3": 0.7139010429382324,
      "process_0": 0.6852922439575195
    },
    "cpu_energy": {
      "process_2": 0.001833381166909021,
      "process_1": 0.0017728208314274525,
      "process_3": 0.0018242704973781662,
      "process_0": 0.0017783463922423832
    },
    "gpu_energy": {
      "process_2": 0.014524616619683961,
      "process_1": 0.014220713043229694,
      "process_3": 0.014485463255027753,
      "process_0": 0.014252895846751379
    },
    "ram_energy": {
      "process_2": 9.847917539328855e-06,
      "process_1": 9.437008420671344e-06,
      "process_3": 9.669412201223238e-06,
      "process_0": 8.987901340891046e-06
    },
    "total_energy_kwh": {
      "process_2": 0.016367845704132314,
      "process_1": 0.01600297088307782,
      "process_3": 0.016319403164607147,
      "process_0": 0.016040230140334646
    },
    "total_energy_joules": {
      "process_2": 58924.24453487633,
      "process_1": 57610.695179080154,
      "process_3": 58749.851392585726,
      "process_0": 57744.82850520472
    }
  },
  "global_experiment_results": {
    "cpu_power_avg": 112.5,
    "gpu_power_avg": 641.4176630381182,
    "ram_power_avg": 0.7126117944717407,
    "cpu_energy_total": 0.007208818887957023,
    "gpu_energy_total": 0.057483688764692786,
    "ram_energy_total": 3.794223950211448e-05,
    "total_energy_kwh": 0.06473044989215193,
    "total_energy_joules": 233029.61961174695
  },
  "global_derived_quantities": {
    "tokens_per_joule": 0.07030865873315827,
    "joules_per_token": 14.222999243881038,
    "flops_per_joule": 225887946.76215702,
    "joules_per_flop": 4.4269737023769775e-09
  },
  "per-process_emissions": [
    0.006235330820989205,
    0.006096331757908496,
    0.006216876635557093,
    0.006110525671960483
  ]
}