{
  "process_id": 2773704,
  "local_process_index": 3,
  "energy_results": {
    "cpu_power": 112.5,
    "gpu_power": 579.5317347367151,
    "ram_power": 0.7139010429382324,
    "cpu_energy": 0.0018242704973781662,
    "gpu_energy": 0.014485463255027753,
    "ram_energy": 9.669412201223238e-06,
    "total_energy_kwh": 0.016319403164607147,
    "total_energy_joules": 58749.851392585726,
    "final_emissions": 0.006216876635557093
  }
}