{
  "process_id": 2773703,
  "local_process_index": 2,
  "energy_results": {
    "cpu_power": 112.5,
    "gpu_power": 467.80432511845703,
    "ram_power": 0.72879695892334,
    "cpu_energy": 0.001833381166909021,
    "gpu_energy": 0.014524616619683961,
    "ram_energy": 9.847917539328855e-06,
    "total_energy_kwh": 0.016367845704132314,
    "total_energy_joules": 58924.24453487633,
    "final_emissions": 0.006235330820989205
  }
}