{
  "process_id": 3967474,
  "local_process_index": 2,
  "energy_results": {
    "cpu_power": 112.5,
    "gpu_power": 14.107236271696477,
    "ram_power": 0.7313976287841797,
    "cpu_energy": 0.0012205892963738736,
    "gpu_energy": 0.010250874034028357,
    "ram_energy": 7.673323799461233e-06,
    "total_energy_kwh": 0.011479136654201697,
    "total_energy_joules": 41324.89195512611,
    "final_emissions": 0.0043729771084181366
  }
}