{
  "experiment_id": "0527",
  "local_process_results": {
    "cpu_power": {
      "process_2": 112.5,
      "process_0": 112.5,
      "process_3": 112.5,
      "process_1": 112.5
    },
    "gpu_power": {
      "process_2": 14.107236271696477,
      "process_0": 213.0384915412664,
      "process_3": 4772.997539799029,
      "process_1": 338.433339593703
    },
    "ram_power": {
      "process_2": 0.7313976287841797,
      "process_0": 0.6824154853820802,
      "process_3": 0.7326078414916992,
      "process_1": 0.7327365875244141
    },
    "cpu_energy": {
      "process_2": 0.0012205892963738736,
      "process_0": 0.0012678003737783003,
      "process_3": 0.0011072021729032714,
      "process_1": 0.001131149635912152
    },
    "gpu_energy": {
      "process_2": 0.010250874034028357,
      "process_0": 0.010251446534486064,
      "process_3": 0.010250874034028357,
      "process_1": 0.010243542639273073
    },
    "ram_energy": {
      "process_2": 7.673323799461233e-06,
      "process_0": 6.7155470994111474e-06,
      "process_3": 7.312395313370652e-06,
      "process_1": 7.109971947752844e-06
    },
    "total_energy_kwh": {
      "process_2": 0.011479136654201697,
      "process_0": 0.011525962455363775,
      "process_3": 0.011365388602245,
      "process_1": 0.011381802247132977
    },
    "total_energy_joules": {
      "process_2": 41324.89195512611,
      "process_0": 41493.46483930959,
      "process_3": 40915.398968081994,
      "process_1": 40974.488089678714
    }
  },
  "global_experiment_results": {
    "cpu_power_avg": 112.5,
    "gpu_power_avg": 1334.6441518014237,
    "ram_power_avg": 0.7197893857955933,
    "cpu_energy_total": 0.004726741478967598,
    "gpu_energy_total": 0.04099673724181585,
    "ram_energy_total": 2.8811238159995877e-05,
    "total_energy_kwh": 0.04575228995894345,
    "total_energy_joules": 164708.2438521964
  },
  "global_derived_quantities": {
    "tokens_per_joule": 0.09947285950484935,
    "joules_per_token": 10.05299339918191,
    "flops_per_joule": 319586810.4580125,
    "joules_per_flop": 3.1290402709888443e-09
  },
  "per-process_emissions": [
    0.0043729771084181366,
    0.00439081539737083,
    0.004329644788025232,
    0.004335897566045308
  ]
}