{
  "process_id": 3967473,
  "local_process_index": 1,
  "energy_results": {
    "cpu_power": 112.5,
    "gpu_power": 338.433339593703,
    "ram_power": 0.7327365875244141,
    "cpu_energy": 0.001131149635912152,
    "gpu_energy": 0.010243542639273073,
    "ram_energy": 7.109971947752844e-06,
    "total_energy_kwh": 0.011381802247132977,
    "total_energy_joules": 40974.488089678714,
    "final_emissions": 0.004335897566045308
  }
}