{
  "process_id": 3967475,
  "local_process_index": 3,
  "energy_results": {
    "cpu_power": 112.5,
    "gpu_power": 4772.997539799029,
    "ram_power": 0.7326078414916992,
    "cpu_energy": 0.0011072021729032714,
    "gpu_energy": 0.010250874034028357,
    "ram_energy": 7.312395313370652e-06,
    "total_energy_kwh": 0.011365388602245,
    "total_energy_joules": 40915.398968081994,
    "final_emissions": 0.004329644788025232
  }
}