{
  "process_id": 3967472,
  "local_process_index": 0,
  "energy_results": {
    "cpu_power": 112.5,
    "gpu_power": 213.0384915412664,
    "ram_power": 0.6824154853820802,
    "cpu_energy": 0.0012678003737783003,
    "gpu_energy": 0.010251446534486064,
    "ram_energy": 6.7155470994111474e-06,
    "total_energy_kwh": 0.011525962455363775,
    "total_energy_joules": 41493.46483930959,
    "final_emissions": 0.00439081539737083
  }
}