{
  "process_id": 3591496,
  "local_process_index": 1,
  "energy_results": {
    "cpu_power": 112.5,
    "gpu_power": 920.8564872831948,
    "ram_power": 0.7056527137756348,
    "cpu_energy": 0.001271607110460536,
    "gpu_energy": 0.0103988244301636,
    "ram_energy": 6.877239347259957e-06,
    "total_energy_kwh": 0.011677308779971399,
    "total_energy_joules": 42038.311607897034,
    "final_emissions": 0.004448470779730105
  }
}