{
  "process_id": 3591498,
  "local_process_index": 3,
  "energy_results": {
    "cpu_power": 112.5,
    "gpu_power": 943.3132156143765,
    "ram_power": 0.7231378555297852,
    "cpu_energy": 0.0012700235262509522,
    "gpu_energy": 0.010399859708769554,
    "ram_energy": 6.974412377223289e-06,
    "total_energy_kwh": 0.011676857647397728,
    "total_energy_joules": 42036.68753063182,
    "final_emissions": 0.004448298920776164
  }
}