{
  "process_id": 3591495,
  "local_process_index": 0,
  "energy_results": {
    "cpu_power": 112.5,
    "gpu_power": 421.1560966742196,
    "ram_power": 0.6859374046325684,
    "cpu_energy": 0.0012814457997865247,
    "gpu_energy": 0.010435384459412944,
    "ram_energy": 6.565381751538649e-06,
    "total_energy_kwh": 0.01172339564095101,
    "total_energy_joules": 42204.22430742364,
    "final_emissions": 0.004466027569420288
  }
}