{
  "experiment_id": "0443",
  "local_process_results": {
    "cpu_power": {
      "process_1": 112.5,
      "process_0": 112.5,
      "process_2": 112.5,
      "process_3": 112.5
    },
    "gpu_power": {
      "process_1": 920.8564872831948,
      "process_0": 421.1560966742196,
      "process_2": 980.0408783651495,
      "process_3": 943.3132156143765
    },
    "ram_power": {
      "process_1": 0.7056527137756348,
      "process_0": 0.6859374046325684,
      "process_2": 0.7295322418212891,
      "process_3": 0.7231378555297852
    },
    "cpu_energy": {
      "process_1": 0.001271607110460536,
      "process_0": 0.0012814457997865247,
      "process_2": 0.0012689673760669393,
      "process_3": 0.0012700235262509522
    },
    "gpu_energy": {
      "process_1": 0.0103988244301636,
      "process_0": 0.010435384459412944,
      "process_2": 0.010388313032866137,
      "process_3": 0.010399859708769554
    },
    "ram_energy": {
      "process_1": 6.877239347259957e-06,
      "process_0": 6.565381751538649e-06,
      "process_2": 6.909595461339359e-06,
      "process_3": 6.974412377223289e-06
    },
    "total_energy_kwh": {
      "process_1": 0.011677308779971399,
      "process_0": 0.01172339564095101,
      "process_2": 0.011664190004394415,
      "process_3": 0.011676857647397728
    },
    "total_energy_joules": {
      "process_1": 42038.311607897034,
      "process_0": 42204.22430742364,
      "process_2": 41991.08401581989,
      "process_3": 42036.68753063182
    }
  },
  "global_experiment_results": {
    "cpu_power_avg": 112.5,
    "gpu_power_avg": 816.3416694842351,
    "ram_power_avg": 0.7110650539398193,
    "cpu_energy_total": 0.005092043812564952,
    "gpu_energy_total": 0.041622381631212235,
    "ram_energy_total": 2.7326628937361252e-05,
    "total_energy_kwh": 0.046741752072714554,
    "total_energy_joules": 168270.30746177238
  },
  "global_derived_quantities": {
    "tokens_per_joule": 0.09736714841221833,
    "joules_per_token": 10.270404508164818,
    "flops_per_joule": 312821573.23461497,
    "joules_per_flop": 3.1967104751116507e-09
  },
  "per-process_emissions": [
    0.004448470779730105,
    0.004466027569420288,
    0.004443473182174053,
    0.004448298920776164
  ]
}