{
  "process_id": 3591497,
  "local_process_index": 2,
  "energy_results": {
    "cpu_power": 112.5,
    "gpu_power": 980.0408783651495,
    "ram_power": 0.7295322418212891,
    "cpu_energy": 0.0012689673760669393,
    "gpu_energy": 0.010388313032866137,
    "ram_energy": 6.909595461339359e-06,
    "total_energy_kwh": 0.011664190004394415,
    "total_energy_joules": 41991.08401581989,
    "final_emissions": 0.004443473182174053
  }
}