{
  "process_id": 2830490,
  "local_process_index": 2,
  "energy_results": {
    "cpu_power": 112.5,
    "gpu_power": 1162.3478141470043,
    "ram_power": 0.7296323776245117,
    "cpu_energy": 0.0012757522919382602,
    "gpu_energy": 0.010426925563756129,
    "ram_energy": 6.893405499539096e-06,
    "total_energy_kwh": 0.011709571261193926,
    "total_energy_joules": 42154.45654029813,
    "final_emissions": 0.004460761171951827
  }
}