{
  "process_id": 2830491,
  "local_process_index": 3,
  "energy_results": {
    "cpu_power": 112.5,
    "gpu_power": 930.7981550346312,
    "ram_power": 0.7083377838134766,
    "cpu_energy": 0.0012797231182776162,
    "gpu_energy": 0.010456335031728159,
    "ram_energy": 6.680887031929396e-06,
    "total_energy_kwh": 0.011742739037037707,
    "total_energy_joules": 42273.86053333574,
    "final_emissions": 0.004473396436159514
  }
}