{
  "experiment_id": "0063",
  "local_process_results": {
    "cpu_power": {
      "process_0": 112.5,
      "process_1": 112.5,
      "process_2": 112.5,
      "process_3": 112.5
    },
    "gpu_power": {
      "process_0": 625.6680177553241,
      "process_1": 853.2594372064721,
      "process_2": 1162.3478141470043,
      "process_3": 930.7981550346312
    },
    "ram_power": {
      "process_0": 0.679720401763916,
      "process_1": 0.7292547225952148,
      "process_2": 0.7296323776245117,
      "process_3": 0.7083377838134766
    },
    "cpu_energy": {
      "process_0": 0.0012901310356864997,
      "process_1": 0.0012803270790318496,
      "process_2": 0.0012757522919382602,
      "process_3": 0.0012797231182776162
    },
    "gpu_energy": {
      "process_0": 0.010501929790426523,
      "process_1": 0.010458150310958203,
      "process_2": 0.010426925563756129,
      "process_3": 0.010456335031728159
    },
    "ram_energy": {
      "process_0": 6.469577661454435e-06,
      "process_1": 6.874610884017292e-06,
      "process_2": 6.893405499539096e-06,
      "process_3": 6.680887031929396e-06
    },
    "total_energy_kwh": {
      "process_0": 0.011798530403774479,
      "process_1": 0.011745352000874058,
      "process_2": 0.011709571261193926,
      "process_3": 0.011742739037037707
    },
    "total_energy_joules": {
      "process_0": 42474.709453588126,
      "process_1": 42283.26720314661,
      "process_2": 42154.45654029813,
      "process_3": 42273.86053333574
    }
  },
  "global_experiment_results": {
    "cpu_power_avg": 112.5,
    "gpu_power_avg": 893.018356035858,
    "ram_power_avg": 0.7117363214492798,
    "cpu_energy_total": 0.0051259335249342255,
    "gpu_energy_total": 0.041843340696869014,
    "ram_energy_total": 2.691848107694022e-05,
    "total_energy_kwh": 0.04699619270288018,
    "total_energy_joules": 169186.2937303686
  },
  "global_derived_quantities": {
    "tokens_per_joule": 0.09683999595210178,
    "joules_per_token": 10.326311873191443,
    "flops_per_joule": 311127935.65153605,
    "joules_per_flop": 3.2141118987142387e-09
  },
  "per-process_emissions": [
    0.004494650157317888,
    0.004474391844732972,
    0.004460761171951827,
    0.004473396436159514
  ]
}