{
  "process_id": 2830489,
  "local_process_index": 1,
  "energy_results": {
    "cpu_power": 112.5,
    "gpu_power": 853.2594372064721,
    "ram_power": 0.7292547225952148,
    "cpu_energy": 0.0012803270790318496,
    "gpu_energy": 0.010458150310958203,
    "ram_energy": 6.874610884017292e-06,
    "total_energy_kwh": 0.011745352000874058,
    "total_energy_joules": 42283.26720314661,
    "final_emissions": 0.004474391844732972
  }
}