{
  "process_id": 2830488,
  "local_process_index": 0,
  "energy_results": {
    "cpu_power": 112.5,
    "gpu_power": 625.6680177553241,
    "ram_power": 0.679720401763916,
    "cpu_energy": 0.0012901310356864997,
    "gpu_energy": 0.010501929790426523,
    "ram_energy": 6.469577661454435e-06,
    "total_energy_kwh": 0.011798530403774479,
    "total_energy_joules": 42474.709453588126,
    "final_emissions": 0.004494650157317888
  }
}