{
  "process_id": 3068774,
  "local_process_index": 0,
  "energy_results": {
    "cpu_power": 112.5,
    "gpu_power": 972.0188882953925,
    "ram_power": 0.6869401931762695,
    "cpu_energy": 0.0013880499199349292,
    "gpu_energy": 0.010622984887270981,
    "ram_energy": 7.269077778551156e-06,
    "total_energy_kwh": 0.012018303884984463,
    "total_energy_joules": 43265.893985944065,
    "final_emissions": 0.004578372864984832
  }
}