{
  "process_id": 3068776,
  "local_process_index": 2,
  "energy_results": {
    "cpu_power": 112.5,
    "gpu_power": 786.779541687314,
    "ram_power": 0.7222251892089844,
    "cpu_energy": 0.001398264622897841,
    "gpu_energy": 0.010673459927647677,
    "ram_energy": 7.712251739379081e-06,
    "total_energy_kwh": 0.012079436802284899,
    "total_energy_joules": 43485.972488225634,
    "final_emissions": 0.004601661449830432
  }
}