{
  "process_id": 3068775,
  "local_process_index": 1,
  "energy_results": {
    "cpu_power": 112.5,
    "gpu_power": 966.845435759825,
    "ram_power": 0.7226729393005371,
    "cpu_energy": 0.001388790458218864,
    "gpu_energy": 0.01063651739809579,
    "ram_energy": 7.561521167538017e-06,
    "total_energy_kwh": 0.012032869377482188,
    "total_energy_joules": 43318.32975893588,
    "final_emissions": 0.004583921589351839
  }
}