{
  "experiment_id": "0141",
  "local_process_results": {
    "cpu_power": {
      "process_1": 112.5,
      "process_2": 112.5,
      "process_0": 112.5,
      "process_3": 112.5
    },
    "gpu_power": {
      "process_1": 966.845435759825,
      "process_2": 786.779541687314,
      "process_0": 972.0188882953925,
      "process_3": 0.0
    },
    "ram_power": {
      "process_1": 0.7226729393005371,
      "process_2": 0.7222251892089844,
      "process_0": 0.6869401931762695,
      "process_3": 0.728569507598877
    },
    "cpu_energy": {
      "process_1": 0.001388790458218864,
      "process_2": 0.001398264622897841,
      "process_0": 0.0013880499199349292,
      "process_3": 0.0013978088642816145
    },
    "gpu_energy": {
      "process_1": 0.01063651739809579,
      "process_2": 0.010673459927647677,
      "process_0": 0.010622984887270981,
      "process_3": 0.01066722936711173
    },
    "ram_energy": {
      "process_1": 7.561521167538017e-06,
      "process_2": 7.712251739379081e-06,
      "process_0": 7.269077778551156e-06,
      "process_3": 7.796565908080658e-06
    },
    "total_energy_kwh": {
      "process_1": 0.012032869377482188,
      "process_2": 0.012079436802284899,
      "process_0": 0.012018303884984463,
      "process_3": 0.012072834797301427
    },
    "total_energy_joules": {
      "process_1": 43318.32975893588,
      "process_2": 43485.972488225634,
      "process_0": 43265.893985944065,
      "process_3": 43462.205270285136
    }
  },
  "global_experiment_results": {
    "cpu_power_avg": 112.5,
    "gpu_power_avg": 681.4109664356329,
    "ram_power_avg": 0.715101957321167,
    "cpu_energy_total": 0.005572913865333249,
    "gpu_energy_total": 0.04260019158012618,
    "ram_energy_total": 3.0339416593548912e-05,
    "total_energy_kwh": 0.04820344486205298,
    "total_energy_joules": 173532.40150339072
  },
  "global_derived_quantities": {
    "tokens_per_joule": 0.09441464451628571,
    "joules_per_token": 10.591577240197187,
    "flops_per_joule": 303335756.6243067,
    "joules_per_flop": 3.2966769599752114e-09
  },
  "per-process_emissions": [
    0.004583921589351839,
    0.004601661449830432,
    0.004578372864984832,
    0.004599146416031979
  ]
}