{
  "process_id": 3068777,
  "local_process_index": 3,
  "energy_results": {
    "cpu_power": 112.5,
    "gpu_power": 0.0,
    "ram_power": 0.728569507598877,
    "cpu_energy": 0.0013978088642816145,
    "gpu_energy": 0.01066722936711173,
    "ram_energy": 7.796565908080658e-06,
    "total_energy_kwh": 0.012072834797301427,
    "total_energy_joules": 43462.205270285136,
    "final_emissions": 0.004599146416031979
  }
}