{
  "process_id": 3985564,
  "local_process_index": 2,
  "energy_results": {
    "cpu_power": 112.5,
    "gpu_power": 0.0,
    "ram_power": 0.7232279777526855,
    "cpu_energy": 0.0013523521335573607,
    "gpu_energy": 0.010590190694365731,
    "ram_energy": 7.581089962580658e-06,
    "total_energy_kwh": 0.011950123917885674,
    "total_energy_joules": 43020.44610438842,
    "final_emissions": 0.004552399706518547
  }
}