{
  "process_id": 3985565,
  "local_process_index": 3,
  "energy_results": {
    "cpu_power": 112.5,
    "gpu_power": 250.15110871201085,
    "ram_power": 0.706629753112793,
    "cpu_energy": 0.0013866633107154484,
    "gpu_energy": 0.010396073316851329,
    "ram_energy": 7.3841885154649376e-06,
    "total_energy_kwh": 0.011790120816082243,
    "total_energy_joules": 42444.434937896076,
    "final_emissions": 0.004491446524886531
  }
}