{
  "process_id": 3985562,
  "local_process_index": 0,
  "energy_results": {
    "cpu_power": 112.5,
    "gpu_power": 718.4955827025641,
    "ram_power": 0.6880903244018555,
    "cpu_energy": 0.0013159106488656108,
    "gpu_energy": 0.010662745752409108,
    "ram_energy": 7.34179718231925e-06,
    "total_energy_kwh": 0.011985998198457038,
    "total_energy_joules": 43149.59351444534,
    "final_emissions": 0.004566066013702209
  }
}