{
  "experiment_id": "0537",
  "local_process_results": {
    "cpu_power": {
      "process_0": 112.5,
      "process_3": 112.5,
      "process_2": 112.5,
      "process_1": 112.5
    },
    "gpu_power": {
      "process_0": 718.4955827025641,
      "process_3": 250.15110871201085,
      "process_2": 0.0,
      "process_1": 817.149400206322
    },
    "ram_power": {
      "process_0": 0.6880903244018555,
      "process_3": 0.706629753112793,
      "process_2": 0.7232279777526855,
      "process_1": 0.7309226989746094
    },
    "cpu_energy": {
      "process_0": 0.0013159106488656108,
      "process_3": 0.0013866633107154484,
      "process_2": 0.0013523521335573607,
      "process_1": 0.0012903359908505085
    },
    "gpu_energy": {
      "process_0": 0.010662745752409108,
      "process_3": 0.010396073316851329,
      "process_2": 0.010590190694365731,
      "process_1": 0.010477956437913605
    },
    "ram_energy": {
      "process_0": 7.34179718231925e-06,
      "process_3": 7.3841885154649376e-06,
      "process_2": 7.581089962580658e-06,
      "process_1": 7.724575039457479e-06
    },
    "total_energy_kwh": {
      "process_0": 0.011985998198457038,
      "process_3": 0.011790120816082243,
      "process_2": 0.011950123917885674,
      "process_1": 0.01177601700380357
    },
    "total_energy_joules": {
      "process_0": 43149.59351444534,
      "process_3": 42444.434937896076,
      "process_2": 43020.44610438842,
      "process_1": 42393.66121369285
    }
  },
  "global_experiment_results": {
    "cpu_power_avg": 112.5,
    "gpu_power_avg": 446.4490229052242,
    "ram_power_avg": 0.7122176885604858,
    "cpu_energy_total": 0.005345262083988929,
    "gpu_energy_total": 0.04212696620153977,
    "ram_energy_total": 3.0031650699822323e-05,
    "total_energy_kwh": 0.04750225993622852,
    "total_energy_joules": 171008.1357704227
  },
  "global_derived_quantities": {
    "tokens_per_joule": 0.0958083071673,
    "joules_per_token": 10.437508286768963,
    "flops_per_joule": 307813321.6979276,
    "joules_per_flop": 3.2487222920824375e-09
  },
  "per-process_emissions": [
    0.004566066013702209,
    0.004491446524886531,
    0.004552399706518547,
    0.00448607367759897
  ]
}