{
  "process_id": 3985563,
  "local_process_index": 1,
  "energy_results": {
    "cpu_power": 112.5,
    "gpu_power": 817.149400206322,
    "ram_power": 0.7309226989746094,
    "cpu_energy": 0.0012903359908505085,
    "gpu_energy": 0.010477956437913605,
    "ram_energy": 7.724575039457479e-06,
    "total_energy_kwh": 0.01177601700380357,
    "total_energy_joules": 42393.66121369285,
    "final_emissions": 0.00448607367759897
  }
}