{
  "process_id": 4049008,
  "local_process_index": 2,
  "energy_results": {
    "cpu_power": 112.5,
    "gpu_power": 582.1554816070031,
    "ram_power": 0.7061119079589844,
    "cpu_energy": 0.0014329238842801712,
    "gpu_energy": 0.011190031729794825,
    "ram_energy": 9.207339859696077e-06,
    "total_energy_kwh": 0.012632162953934694,
    "total_energy_joules": 45475.7866341649,
    "final_emissions": 0.004812222477301422
  }
}