{
  "process_id": 4049006,
  "local_process_index": 0,
  "energy_results": {
    "cpu_power": 112.5,
    "gpu_power": 173.15917474895988,
    "ram_power": 0.6859459877014161,
    "cpu_energy": 0.0014945601086565146,
    "gpu_energy": 0.011160915595395338,
    "ram_energy": 8.995445663456007e-06,
    "total_energy_kwh": 0.012664471149715311,
    "total_energy_joules": 45592.096138975125,
    "final_emissions": 0.004824530284484048
  }
}