{
  "process_id": 4049007,
  "local_process_index": 1,
  "energy_results": {
    "cpu_power": 112.5,
    "gpu_power": 184.26161166125118,
    "ram_power": 0.7297968864440919,
    "cpu_energy": 0.0015030036589050726,
    "gpu_energy": 0.011159528094285776,
    "ram_energy": 8.871102711692603e-06,
    "total_energy_kwh": 0.012671402855902542,
    "total_energy_joules": 45617.05028124915,
    "final_emissions": 0.0048271709179560736
  }
}