{
  "process_id": 4049009,
  "local_process_index": 3,
  "energy_results": {
    "cpu_power": 112.5,
    "gpu_power": 450.94959556233835,
    "ram_power": 0.7236299514770509,
    "cpu_energy": 0.0014235401572113915,
    "gpu_energy": 0.011197860347168742,
    "ram_energy": 9.340914398037306e-06,
    "total_energy_kwh": 0.012630741418778173,
    "total_energy_joules": 45470.669107601425,
    "final_emissions": 0.004811680943483545
  }
}