{
  "experiment_id": "0561",
  "local_process_results": {
    "cpu_power": {
      "process_3": 112.5,
      "process_1": 112.5,
      "process_2": 112.5,
      "process_0": 112.5
    },
    "gpu_power": {
      "process_3": 450.94959556233835,
      "process_1": 184.26161166125118,
      "process_2": 582.1554816070031,
      "process_0": 173.15917474895988
    },
    "ram_power": {
      "process_3": 0.7236299514770509,
      "process_1": 0.7297968864440919,
      "process_2": 0.7061119079589844,
      "process_0": 0.6859459877014161
    },
    "cpu_energy": {
      "process_3": 0.0014235401572113915,
      "process_1": 0.0015030036589050726,
      "process_2": 0.0014329238842801712,
      "process_0": 0.0014945601086565146
    },
    "gpu_energy": {
      "process_3": 0.011197860347168742,
      "process_1": 0.011159528094285776,
      "process_2": 0.011190031729794825,
      "process_0": 0.011160915595395338
    },
    "ram_energy": {
      "process_3": 9.340914398037306e-06,
      "process_1": 8.871102711692603e-06,
      "process_2": 9.207339859696077e-06,
      "process_0": 8.995445663456007e-06
    },
    "total_energy_kwh": {
      "process_3": 0.012630741418778173,
      "process_1": 0.012671402855902542,
      "process_2": 0.012632162953934694,
      "process_0": 0.012664471149715311
    },
    "total_energy_joules": {
      "process_3": 45470.669107601425,
      "process_1": 45617.05028124915,
      "process_2": 45475.7866341649,
      "process_0": 45592.096138975125
    }
  },
  "global_experiment_results": {
    "cpu_power_avg": 112.5,
    "gpu_power_avg": 347.63146589488815,
    "ram_power_avg": 0.7113711833953857,
    "cpu_energy_total": 0.00585402780905315,
    "gpu_energy_total": 0.04470833576664468,
    "ram_energy_total": 3.641480263288199e-05,
    "total_energy_kwh": 0.05059877837833072,
    "total_energy_joules": 182155.6021619906
  },
  "global_derived_quantities": {
    "tokens_per_joule": 0.08994507885313208,
    "joules_per_token": 11.117895639769934,
    "flops_per_joule": 288975917.7543857,
    "joules_per_flop": 3.46049597409687e-09
  },
  "per-process_emissions": [
    0.004811680943483545,
    0.0048271709179560736,
    0.004812222477301422,
    0.004824530284484048
  ]
}