{
  "process_id": 3958547,
  "local_process_index": 2,
  "energy_results": {
    "cpu_power": 112.5,
    "gpu_power": 1445.5368399922845,
    "ram_power": 0.7109813690185547,
    "cpu_energy": 0.0012807281557415994,
    "gpu_energy": 0.01033685104725457,
    "ram_energy": 7.091247759015206e-06,
    "total_energy_kwh": 0.011624670450755182,
    "total_energy_joules": 41848.813622718655,
    "final_emissions": 0.004428418208215186
  }
}