{
  "process_id": 3958545,
  "local_process_index": 0,
  "energy_results": {
    "cpu_power": 112.5,
    "gpu_power": 0.0,
    "ram_power": 0.6910886764526367,
    "cpu_energy": 0.0011266321541133946,
    "gpu_energy": 0.010375563855999914,
    "ram_energy": 7.0482893236568e-06,
    "total_energy_kwh": 0.011509244299436967,
    "total_energy_joules": 41433.27947797308,
    "final_emissions": 0.004384446615870513
  }
}