{
  "process_id": 3958548,
  "local_process_index": 3,
  "energy_results": {
    "cpu_power": 112.5,
    "gpu_power": 452.65213693235495,
    "ram_power": 0.7096452713012695,
    "cpu_energy": 0.0011629515184140471,
    "gpu_energy": 0.01039435220436502,
    "ram_energy": 7.4634447032574095e-06,
    "total_energy_kwh": 0.01156476716748232,
    "total_energy_joules": 41633.16180293635,
    "final_emissions": 0.00440559805245239
  }
}