{
  "process_id": 3958546,
  "local_process_index": 1,
  "energy_results": {
    "cpu_power": 112.5,
    "gpu_power": 755.5692636594393,
    "ram_power": 0.7262520790100098,
    "cpu_energy": 0.0012327495476256445,
    "gpu_energy": 0.010375341078043832,
    "ram_energy": 7.403756884969334e-06,
    "total_energy_kwh": 0.011615494382554443,
    "total_energy_joules": 41815.779777195996,
    "final_emissions": 0.004424922585034115
  }
}