{
  "experiment_id": "0522",
  "local_process_results": {
    "cpu_power": {
      "process_1": 112.5,
      "process_0": 112.5,
      "process_3": 112.5,
      "process_2": 112.5
    },
    "gpu_power": {
      "process_1": 755.5692636594393,
      "process_0": 0.0,
      "process_3": 452.65213693235495,
      "process_2": 1445.5368399922845
    },
    "ram_power": {
      "process_1": 0.7262520790100098,
      "process_0": 0.6910886764526367,
      "process_3": 0.7096452713012695,
      "process_2": 0.7109813690185547
    },
    "cpu_energy": {
      "process_1": 0.0012327495476256445,
      "process_0": 0.0011266321541133946,
      "process_3": 0.0011629515184140471,
      "process_2": 0.0012807281557415994
    },
    "gpu_energy": {
      "process_1": 0.010375341078043832,
      "process_0": 0.010375563855999914,
      "process_3": 0.01039435220436502,
      "process_2": 0.01033685104725457
    },
    "ram_energy": {
      "process_1": 7.403756884969334e-06,
      "process_0": 7.0482893236568e-06,
      "process_3": 7.4634447032574095e-06,
      "process_2": 7.091247759015206e-06
    },
    "total_energy_kwh": {
      "process_1": 0.011615494382554443,
      "process_0": 0.011509244299436967,
      "process_3": 0.01156476716748232,
      "process_2": 0.011624670450755182
    },
    "total_energy_joules": {
      "process_1": 41815.779777195996,
      "process_0": 41433.27947797308,
      "process_3": 41633.16180293635,
      "process_2": 41848.813622718655
    }
  },
  "global_experiment_results": {
    "cpu_power_avg": 112.5,
    "gpu_power_avg": 663.4395601460196,
    "ram_power_avg": 0.7094918489456177,
    "cpu_energy_total": 0.004803061375894686,
    "gpu_energy_total": 0.041482108185663336,
    "ram_energy_total": 2.900673867089875e-05,
    "total_energy_kwh": 0.04631417630022891,
    "total_energy_joules": 166731.0346808241
  },
  "global_derived_quantities": {
    "tokens_per_joule": 0.0982660488574557,
    "joules_per_token": 10.176454753468267,
    "flops_per_joule": 315709564.2669698,
    "joules_per_flop": 3.1674681833660942e-09
  },
  "per-process_emissions": [
    0.004424922585034115,
    0.004384446615870513,
    0.00440559805245239,
    0.004428418208215186
  ]
}