{
  "experiment_id": "0143",
  "local_process_results": {
    "cpu_power": {
      "process_0": 112.5,
      "process_3": 112.5,
      "process_2": 112.5,
      "process_1": 112.5
    },
    "gpu_power": {
      "process_0": 835.042119537892,
      "process_3": 472.7529245164528,
      "process_2": 6.382279005584102,
      "process_1": 0.0
    },
    "ram_power": {
      "process_0": 0.6797690391540527,
      "process_3": 0.729825496673584,
      "process_2": 0.7226572036743164,
      "process_1": 0.7308325767517091
    },
    "cpu_energy": {
      "process_0": 0.0011064170111312708,
      "process_3": 0.0011237859271495836,
      "process_2": 0.001151328604812079,
      "process_1": 0.0011514560533723852
    },
    "gpu_energy": {
      "process_0": 0.009408957249381622,
      "process_3": 0.009498528987705868,
      "process_2": 0.0094800975840732,
      "process_1": 0.009479601194783527
    },
    "ram_energy": {
      "process_0": 5.5956782909764506e-06,
      "process_3": 6.108135307249355e-06,
      "process_2": 6.0787701400090936e-06,
      "process_1": 6.259298295172933e-06
    },
    "total_energy_kwh": {
      "process_0": 0.01052096993880387,
      "process_3": 0.010628423050162704,
      "process_2": 0.010637504959025289,
      "process_1": 0.01063731654645108
    },
    "total_energy_joules": {
      "process_0": 37875.49177969393,
      "process_3": 38262.32298058573,
      "process_2": 38295.01785249104,
      "process_1": 38294.339567223884
    }
  },
  "global_experiment_results": {
    "cpu_power_avg": 112.5,
    "gpu_power_avg": 328.5443307649822,
    "ram_power_avg": 0.7157710790634155,
    "cpu_energy_total": 0.004532987596465319,
    "gpu_energy_total": 0.037867185015944216,
    "ram_energy_total": 2.4041882033407828e-05,
    "total_energy_kwh": 0.04242421449444294,
    "total_energy_joules": 152727.17217999458
  },
  "global_derived_quantities": {
    "tokens_per_joule": 0.10727626110100993,
    "joules_per_token": 9.321726817626622,
    "flops_per_joule": 344657611.0688902,
    "joules_per_flop": 2.901430195894092e-09
  },
  "per-process_emissions": [
    0.004007963498187334,
    0.004048897760959482,
    0.0040523575141406835,
    0.004052285738370539
  ]
}