{
  "process_id": 3072089,
  "local_process_index": 3,
  "energy_results": {
    "cpu_power": 112.5,
    "gpu_power": 472.7529245164528,
    "ram_power": 0.729825496673584,
    "cpu_energy": 0.0011237859271495836,
    "gpu_energy": 0.009498528987705868,
    "ram_energy": 6.108135307249355e-06,
    "total_energy_kwh": 0.010628423050162704,
    "total_energy_joules": 38262.32298058573,
    "final_emissions": 0.004048897760959482
  }
}