{
  "process_id": 3072087,
  "local_process_index": 1,
  "energy_results": {
    "cpu_power": 112.5,
    "gpu_power": 0.0,
    "ram_power": 0.7308325767517091,
    "cpu_energy": 0.0011514560533723852,
    "gpu_energy": 0.009479601194783527,
    "ram_energy": 6.259298295172933e-06,
    "total_energy_kwh": 0.01063731654645108,
    "total_energy_joules": 38294.339567223884,
    "final_emissions": 0.004052285738370539
  }
}