{
  "process_id": 3072086,
  "local_process_index": 0,
  "energy_results": {
    "cpu_power": 112.5,
    "gpu_power": 835.042119537892,
    "ram_power": 0.6797690391540527,
    "cpu_energy": 0.0011064170111312708,
    "gpu_energy": 0.009408957249381622,
    "ram_energy": 5.5956782909764506e-06,
    "total_energy_kwh": 0.01052096993880387,
    "total_energy_joules": 37875.49177969393,
    "final_emissions": 0.004007963498187334
  }
}