{
  "process_id": 3072088,
  "local_process_index": 2,
  "energy_results": {
    "cpu_power": 112.5,
    "gpu_power": 6.382279005584102,
    "ram_power": 0.7226572036743164,
    "cpu_energy": 0.001151328604812079,
    "gpu_energy": 0.0094800975840732,
    "ram_energy": 6.0787701400090936e-06,
    "total_energy_kwh": 0.010637504959025289,
    "total_energy_joules": 38295.01785249104,
    "final_emissions": 0.0040523575141406835
  }
}