{
  "process_id": 3089455,
  "local_process_index": 1,
  "energy_results": {
    "cpu_power": 112.5,
    "gpu_power": 682.5017122936079,
    "ram_power": 0.7336235046386719,
    "cpu_energy": 0.0012531857974681772,
    "gpu_energy": 0.010428013897961108,
    "ram_energy": 6.699803661300415e-06,
    "total_energy_kwh": 0.011687899499090586,
    "total_energy_joules": 42076.438196726114,
    "final_emissions": 0.004452505314178559
  }
}