{
  "process_id": 3089458,
  "local_process_index": 3,
  "energy_results": {
    "cpu_power": 112.5,
    "gpu_power": 780.4525301368816,
    "ram_power": 0.7172269821166992,
    "cpu_energy": 0.0012516409229338023,
    "gpu_energy": 0.010424024172546176,
    "ram_energy": 6.574803270692656e-06,
    "total_energy_kwh": 0.011682239898750679,
    "total_energy_joules": 42056.06363550244,
    "final_emissions": 0.004450349289429071
  }
}