{
  "process_id": 3089457,
  "local_process_index": 2,
  "energy_results": {
    "cpu_power": 112.5,
    "gpu_power": 811.9095932329798,
    "ram_power": 0.7326278686523438,
    "cpu_energy": 0.0012431954155727,
    "gpu_energy": 0.010366716904479212,
    "ram_energy": 6.784702599153821e-06,
    "total_energy_kwh": 0.011616697022651062,
    "total_energy_joules": 41820.109281543824,
    "final_emissions": 0.004425380730778922
  }
}