{
  "process_id": 3089454,
  "local_process_index": 0,
  "energy_results": {
    "cpu_power": 112.5,
    "gpu_power": 805.2463200225388,
    "ram_power": 0.688751220703125,
    "cpu_energy": 0.0012472975900345775,
    "gpu_energy": 0.010406571658584163,
    "ram_energy": 6.310808991373855e-06,
    "total_energy_kwh": 0.011660180057610112,
    "total_energy_joules": 41976.6482073964,
    "final_emissions": 0.004441945592946572
  }
}