{
  "experiment_id": "0154",
  "local_process_results": {
    "cpu_power": {
      "process_0": 112.5,
      "process_1": 112.5,
      "process_2": 112.5,
      "process_3": 112.5
    },
    "gpu_power": {
      "process_0": 805.2463200225388,
      "process_1": 682.5017122936079,
      "process_2": 811.9095932329798,
      "process_3": 780.4525301368816
    },
    "ram_power": {
      "process_0": 0.688751220703125,
      "process_1": 0.7336235046386719,
      "process_2": 0.7326278686523438,
      "process_3": 0.7172269821166992
    },
    "cpu_energy": {
      "process_0": 0.0012472975900345775,
      "process_1": 0.0012531857974681772,
      "process_2": 0.0012431954155727,
      "process_3": 0.0012516409229338023
    },
    "gpu_energy": {
      "process_0": 0.010406571658584163,
      "process_1": 0.010428013897961108,
      "process_2": 0.010366716904479212,
      "process_3": 0.010424024172546176
    },
    "ram_energy": {
      "process_0": 6.310808991373855e-06,
      "process_1": 6.699803661300415e-06,
      "process_2": 6.784702599153821e-06,
      "process_3": 6.574803270692656e-06
    },
    "total_energy_kwh": {
      "process_0": 0.011660180057610112,
      "process_1": 0.011687899499090586,
      "process_2": 0.011616697022651062,
      "process_3": 0.011682239898750679
    },
    "total_energy_joules": {
      "process_0": 41976.6482073964,
      "process_1": 42076.438196726114,
      "process_2": 41820.109281543824,
      "process_3": 42056.06363550244
    }
  },
  "global_experiment_results": {
    "cpu_power_avg": 112.5,
    "gpu_power_avg": 770.027538921502,
    "ram_power_avg": 0.71805739402771,
    "cpu_energy_total": 0.004995319726009257,
    "gpu_energy_total": 0.04162532663357066,
    "ram_energy_total": 2.6370118522520747e-05,
    "total_energy_kwh": 0.046647016478102446,
    "total_energy_joules": 167929.2593211688
  },
  "global_derived_quantities": {
    "tokens_per_joule": 0.09756489170636548,
    "joules_per_token": 10.249588581614306,
    "flops_per_joule": 313456883.70000744,
    "joules_per_flop": 3.190231422567978e-09
  },
  "per-process_emissions": [
    0.004441945592946572,
    0.004452505314178559,
    0.004425380730778922,
    0.004450349289429071
  ]
}