{
  "process_id": 4068966,
  "local_process_index": 2,
  "energy_results": {
    "cpu_power": 112.5,
    "gpu_power": 136.58191466537937,
    "ram_power": 0.7297282218933105,
    "cpu_energy": 0.0012527939679675912,
    "gpu_energy": 0.008105390650973376,
    "ram_energy": 6.996532390908187e-06,
    "total_energy_kwh": 0.009365181151331874,
    "total_energy_joules": 33714.652144794745,
    "final_emissions": 0.0035676657595998776
  }
}