{
  "process_id": 4068964,
  "local_process_index": 0,
  "energy_results": {
    "cpu_power": 112.5,
    "gpu_power": 0.0,
    "ram_power": 0.6873478889465332,
    "cpu_energy": 0.00120903483830989,
    "gpu_energy": 0.008125294000228322,
    "ram_energy": 7.021122826067474e-06,
    "total_energy_kwh": 0.009341349961364279,
    "total_energy_joules": 33628.859860911405,
    "final_emissions": 0.003558587267781722
  }
}