{
  "experiment_id": "0572",
  "local_process_results": {
    "cpu_power": {
      "process_1": 112.5,
      "process_2": 112.5,
      "process_0": 112.5
    },
    "gpu_power": {
      "process_1": 148.1277429781141,
      "process_2": 136.58191466537937,
      "process_0": 0.0
    },
    "ram_power": {
      "process_1": 0.7299814224243164,
      "process_2": 0.7297282218933105,
      "process_0": 0.6873478889465332
    },
    "cpu_energy": {
      "process_1": 0.0011907205650550166,
      "process_2": 0.0012527939679675912,
      "process_0": 0.00120903483830989
    },
    "gpu_energy": {
      "process_1": 0.008105390650973376,
      "process_2": 0.008105390650973376,
      "process_0": 0.008125294000228322
    },
    "ram_energy": {
      "process_1": 7.01494535205011e-06,
      "process_2": 6.996532390908187e-06,
      "process_0": 7.021122826067474e-06
    },
    "total_energy_kwh": {
      "process_1": 0.009303126161380442,
      "process_2": 0.009365181151331874,
      "process_0": 0.009341349961364279
    },
    "total_energy_joules": {
      "process_1": 33491.25418096959,
      "process_2": 33714.652144794745,
      "process_0": 33628.859860911405
    }
  },
  "global_experiment_results": {
    "cpu_power_avg": 112.5,
    "gpu_power_avg": 94.90321921449782,
    "ram_power_avg": 0.7156858444213867,
    "cpu_energy_total": 0.0036525493713324975,
    "gpu_energy_total": 0.024336075302175075,
    "ram_energy_total": 2.103260056902577e-05,
    "total_energy_kwh": 0.028009657274076595,
    "total_energy_joules": 100834.76618667576
  },
  "global_derived_quantities": {
    "tokens_per_joule": 0.16248364150186298,
    "joules_per_token": 6.154465709635972,
    "flops_per_joule": 522028108.950181,
    "joules_per_flop": 1.915605659647407e-09
  },
  "per-process_emissions": [
    0.0035440259111778794,
    0.0035676657595998776,
    0.003558587267781722
  ]
}