{
  "process_id": 4068965,
  "local_process_index": 1,
  "energy_results": {
    "cpu_power": 112.5,
    "gpu_power": 148.1277429781141,
    "ram_power": 0.7299814224243164,
    "cpu_energy": 0.0011907205650550166,
    "gpu_energy": 0.008105390650973376,
    "ram_energy": 7.01494535205011e-06,
    "total_energy_kwh": 0.009303126161380442,
    "total_energy_joules": 33491.25418096959,
    "final_emissions": 0.0035440259111778794
  }
}