{
  "experiment_id": "0118",
  "local_process_results": {
    "cpu_power": {
      "process_2": 112.5,
      "process_0": 112.5,
      "process_1": 112.5,
      "process_3": 112.5
    },
    "gpu_power": {
      "process_2": 866.5132986357105,
      "process_0": 760.3991919744476,
      "process_1": 583.4032520436513,
      "process_3": 938.4718398766427
    },
    "ram_power": {
      "process_2": 0.7247414588928223,
      "process_0": 0.6810908317565918,
      "process_1": 0.7244939804077148,
      "process_3": 0.7248215675354004
    },
    "cpu_energy": {
      "process_2": 0.0012425359631306491,
      "process_0": 0.0012428645038689865,
      "process_1": 0.001251011481308524,
      "process_3": 0.001244337821037334
    },
    "gpu_energy": {
      "process_2": 0.010450390860307301,
      "process_0": 0.010449359748370135,
      "process_1": 0.010480279495327594,
      "process_3": 0.010461178091158985
    },
    "ram_energy": {
      "process_2": 6.6213092013292445e-06,
      "process_0": 6.0745713559555995e-06,
      "process_1": 6.6027623819863185e-06,
      "process_3": 6.567268168800298e-06
    },
    "total_energy_kwh": {
      "process_2": 0.011699548132639284,
      "process_0": 0.011698298823595077,
      "process_1": 0.011737893739018103,
      "process_3": 0.01171208318036512
    },
    "total_energy_joules": {
      "process_2": 42118.37327750142,
      "process_0": 42113.87576494228,
      "process_1": 42256.41746046517,
      "process_3": 42163.49944931443
    }
  },
  "global_experiment_results": {
    "cpu_power_avg": 112.5,
    "gpu_power_avg": 787.196895632613,
    "ram_power_avg": 0.7137869596481323,
    "cpu_energy_total": 0.004980749769345493,
    "gpu_energy_total": 0.041841208195164015,
    "ram_energy_total": 2.586591110807146e-05,
    "total_energy_kwh": 0.04684782387561759,
    "total_energy_joules": 168652.1659522233
  },
  "global_derived_quantities": {
    "tokens_per_joule": 0.0971466918761147,
    "joules_per_token": 10.293711300794879,
    "flops_per_joule": 312113289.57243127,
    "joules_per_flop": 3.203964821138873e-09
  },
  "per-process_emissions": [
    0.004456942861128936,
    0.004456466936848545,
    0.004471550619878946,
    0.004461718087560093
  ]
}