{
  "process_id": 3030714,
  "local_process_index": 2,
  "energy_results": {
    "cpu_power": 112.5,
    "gpu_power": 866.5132986357105,
    "ram_power": 0.7247414588928223,
    "cpu_energy": 0.0012425359631306491,
    "gpu_energy": 0.010450390860307301,
    "ram_energy": 6.6213092013292445e-06,
    "total_energy_kwh": 0.011699548132639284,
    "total_energy_joules": 42118.37327750142,
    "final_emissions": 0.004456942861128936
  }
}