{
  "process_id": 3030712,
  "local_process_index": 0,
  "energy_results": {
    "cpu_power": 112.5,
    "gpu_power": 760.3991919744476,
    "ram_power": 0.6810908317565918,
    "cpu_energy": 0.0012428645038689865,
    "gpu_energy": 0.010449359748370135,
    "ram_energy": 6.0745713559555995e-06,
    "total_energy_kwh": 0.011698298823595077,
    "total_energy_joules": 42113.87576494228,
    "final_emissions": 0.004456466936848545
  }
}