{
  "process_id": 3030715,
  "local_process_index": 3,
  "energy_results": {
    "cpu_power": 112.5,
    "gpu_power": 938.4718398766427,
    "ram_power": 0.7248215675354004,
    "cpu_energy": 0.001244337821037334,
    "gpu_energy": 0.010461178091158985,
    "ram_energy": 6.567268168800298e-06,
    "total_energy_kwh": 0.01171208318036512,
    "total_energy_joules": 42163.49944931443,
    "final_emissions": 0.004461718087560093
  }
}