{
  "process_id": 3030713,
  "local_process_index": 1,
  "energy_results": {
    "cpu_power": 112.5,
    "gpu_power": 583.4032520436513,
    "ram_power": 0.7244939804077148,
    "cpu_energy": 0.001251011481308524,
    "gpu_energy": 0.010480279495327594,
    "ram_energy": 6.6027623819863185e-06,
    "total_energy_kwh": 0.011737893739018103,
    "total_energy_joules": 42256.41746046517,
    "final_emissions": 0.004471550619878946
  }
}