{
  "process_id": 2812429,
  "local_process_index": 3,
  "energy_results": {
    "cpu_power": 112.5,
    "gpu_power": 555.1880079837925,
    "ram_power": 0.7261447906494141,
    "cpu_energy": 0.0012505185474619796,
    "gpu_energy": 0.010527118143909497,
    "ram_energy": 6.680721361925358e-06,
    "total_energy_kwh": 0.011784317412733405,
    "total_energy_joules": 42423.54268584026,
    "final_emissions": 0.004489235718380791
  }
}