{
  "experiment_id": "0052",
  "local_process_results": {
    "cpu_power": {
      "process_1": 112.5,
      "process_3": 112.5,
      "process_0": 112.5,
      "process_2": 112.5
    },
    "gpu_power": {
      "process_1": 338.37827055189223,
      "process_3": 555.1880079837925,
      "process_0": 803.5310700473931,
      "process_2": 832.9483909075492
    },
    "ram_power": {
      "process_1": 0.7326335906982422,
      "process_3": 0.7261447906494141,
      "process_0": 0.682518482208252,
      "process_2": 0.7104477882385255
    },
    "cpu_energy": {
      "process_1": 0.0012465358914942044,
      "process_3": 0.0012505185474619796,
      "process_0": 0.0012464943792820124,
      "process_2": 0.0012460166660221148
    },
    "gpu_energy": {
      "process_1": 0.010508431184513611,
      "process_3": 0.010527118143909497,
      "process_0": 0.010508435351184175,
      "process_2": 0.010506721738702929
    },
    "ram_energy": {
      "process_1": 6.769840436901047e-06,
      "process_3": 6.680721361925358e-06,
      "process_0": 6.274113917950939e-06,
      "process_2": 6.660749724388705e-06
    },
    "total_energy_kwh": {
      "process_1": 0.011761736916444717,
      "process_3": 0.011784317412733405,
      "process_0": 0.011761203844384139,
      "process_2": 0.011759399154449433
    },
    "total_energy_joules": {
      "process_1": 42342.25289920098,
      "process_3": 42423.54268584026,
      "process_0": 42340.3338397829,
      "process_2": 42333.836956017956
    }
  },
  "global_experiment_results": {
    "cpu_power_avg": 112.5,
    "gpu_power_avg": 632.5114348726568,
    "ram_power_avg": 0.7129361629486084,
    "cpu_energy_total": 0.004989565484260311,
    "gpu_energy_total": 0.04205070641831021,
    "ram_energy_total": 2.6385425441166047e-05,
    "total_energy_kwh": 0.0470666573280117,
    "total_energy_joules": 169439.9663808421
  },
  "global_derived_quantities": {
    "tokens_per_joule": 0.09669501446414637,
    "joules_per_token": 10.341794823049444,
    "flops_per_joule": 310662138.5331887,
    "joules_per_flop": 3.218931037819943e-09
  },
  "per-process_emissions": [
    0.004480633678319615,
    0.004489235718380791,
    0.0044804306045181375,
    0.004479743107887512
  ]
}