{
  "process_id": 2812426,
  "local_process_index": 0,
  "energy_results": {
    "cpu_power": 112.5,
    "gpu_power": 803.5310700473931,
    "ram_power": 0.682518482208252,
    "cpu_energy": 0.0012464943792820124,
    "gpu_energy": 0.010508435351184175,
    "ram_energy": 6.274113917950939e-06,
    "total_energy_kwh": 0.011761203844384139,
    "total_energy_joules": 42340.3338397829,
    "final_emissions": 0.0044804306045181375
  }
}