{
  "process_id": 2812427,
  "local_process_index": 1,
  "energy_results": {
    "cpu_power": 112.5,
    "gpu_power": 338.37827055189223,
    "ram_power": 0.7326335906982422,
    "cpu_energy": 0.0012465358914942044,
    "gpu_energy": 0.010508431184513611,
    "ram_energy": 6.769840436901047e-06,
    "total_energy_kwh": 0.011761736916444717,
    "total_energy_joules": 42342.25289920098,
    "final_emissions": 0.004480633678319615
  }
}