{
  "process_id": 2812428,
  "local_process_index": 2,
  "energy_results": {
    "cpu_power": 112.5,
    "gpu_power": 832.9483909075492,
    "ram_power": 0.7104477882385255,
    "cpu_energy": 0.0012460166660221148,
    "gpu_energy": 0.010506721738702929,
    "ram_energy": 6.660749724388705e-06,
    "total_energy_kwh": 0.011759399154449433,
    "total_energy_joules": 42333.836956017956,
    "final_emissions": 0.004479743107887512
  }
}