{
  "process_id": 3084329,
  "local_process_index": 1,
  "energy_results": {
    "cpu_power": 112.5,
    "gpu_power": 816.2688886653325,
    "ram_power": 0.7077469825744629,
    "cpu_energy": 0.00135613279941208,
    "gpu_energy": 0.010645372405181597,
    "ram_energy": 7.085389179284794e-06,
    "total_energy_kwh": 0.012008590593772964,
    "total_energy_joules": 43230.92613758267,
    "final_emissions": 0.004574672586697811
  }
}