{
  "process_id": 3084330,
  "local_process_index": 2,
  "energy_results": {
    "cpu_power": 112.5,
    "gpu_power": 687.4956260234042,
    "ram_power": 0.7291131019592285,
    "cpu_energy": 0.001365723301310936,
    "gpu_energy": 0.010671376870428517,
    "ram_energy": 7.578476847983519e-06,
    "total_energy_kwh": 0.012044678648587433,
    "total_energy_joules": 43360.84313491476,
    "final_emissions": 0.004588420331179383
  }
}