{
  "experiment_id": "0151",
  "local_process_results": {
    "cpu_power": {
      "process_3": 112.5,
      "process_0": 112.5,
      "process_2": 112.5,
      "process_1": 112.5
    },
    "gpu_power": {
      "process_3": 993.2189220352236,
      "process_0": 1034.9757781362266,
      "process_2": 687.4956260234042,
      "process_1": 816.2688886653325
    },
    "ram_power": {
      "process_3": 0.7226128578186035,
      "process_0": 0.6860432624816895,
      "process_2": 0.7291131019592285,
      "process_1": 0.7077469825744629
    },
    "cpu_energy": {
      "process_3": 0.0013449665893076597,
      "process_0": 0.0013465251521338365,
      "process_2": 0.001365723301310936,
      "process_1": 0.00135613279941208
    },
    "gpu_energy": {
      "process_3": 0.01059278875200409,
      "process_0": 0.01059181180677804,
      "process_2": 0.010671376870428517,
      "process_1": 0.010645372405181597
    },
    "ram_energy": {
      "process_3": 7.231533082194189e-06,
      "process_0": 6.8614595074357045e-06,
      "process_2": 7.578476847983519e-06,
      "process_1": 7.085389179284794e-06
    },
    "total_energy_kwh": {
      "process_3": 0.011944986874393947,
      "process_0": 0.01194519841841931,
      "process_2": 0.012044678648587433,
      "process_1": 0.012008590593772964
    },
    "total_energy_joules": {
      "process_3": 43001.95274781821,
      "process_0": 43002.71430630951,
      "process_2": 43360.84313491476,
      "process_1": 43230.92613758267
    }
  },
  "global_experiment_results": {
    "cpu_power_avg": 112.5,
    "gpu_power_avg": 882.9898037150467,
    "ram_power_avg": 0.7113790512084961,
    "cpu_energy_total": 0.005413347842164512,
    "gpu_energy_total": 0.042501349834392244,
    "ram_energy_total": 2.8756858616898206e-05,
    "total_energy_kwh": 0.04794345453517365,
    "total_energy_joules": 172596.43632662515
  },
  "global_derived_quantities": {
    "tokens_per_joule": 0.0949266412951573,
    "joules_per_token": 10.534450459388742,
    "flops_per_joule": 304980701.9726041,
    "joules_per_flop": 3.278895987621631e-09
  },
  "per-process_emissions": [
    0.004550442749800375,
    0.004550523337496837,
    0.004588420331179383,
    0.004574672586697811
  ]
}