{
  "process_id": 3084331,
  "local_process_index": 3,
  "energy_results": {
    "cpu_power": 112.5,
    "gpu_power": 993.2189220352236,
    "ram_power": 0.7226128578186035,
    "cpu_energy": 0.0013449665893076597,
    "gpu_energy": 0.01059278875200409,
    "ram_energy": 7.231533082194189e-06,
    "total_energy_kwh": 0.011944986874393947,
    "total_energy_joules": 43001.95274781821,
    "final_emissions": 0.004550442749800375
  }
}