{
  "process_id": 3084328,
  "local_process_index": 0,
  "energy_results": {
    "cpu_power": 112.5,
    "gpu_power": 1034.9757781362266,
    "ram_power": 0.6860432624816895,
    "cpu_energy": 0.0013465251521338365,
    "gpu_energy": 0.01059181180677804,
    "ram_energy": 6.8614595074357045e-06,
    "total_energy_kwh": 0.01194519841841931,
    "total_energy_joules": 43002.71430630951,
    "final_emissions": 0.004550523337496837
  }
}