{
  "process_id": 2997730,
  "local_process_index": 3,
  "energy_results": {
    "cpu_power": 112.5,
    "gpu_power": 806.695598255317,
    "ram_power": 0.7246956825256348,
    "cpu_energy": 0.0012574780218747037,
    "gpu_energy": 0.010448017247295383,
    "ram_energy": 6.693962286778178e-06,
    "total_energy_kwh": 0.011712189231456865,
    "total_energy_joules": 42163.88123324471,
    "final_emissions": 0.004461758487723493
  }
}