{
  "process_id": 2997729,
  "local_process_index": 2,
  "energy_results": {
    "cpu_power": 112.5,
    "gpu_power": 660.9216076078228,
    "ram_power": 0.7229704856872559,
    "cpu_energy": 0.0012598172748075741,
    "gpu_energy": 0.01045695781000422,
    "ram_energy": 6.655697503710651e-06,
    "total_energy_kwh": 0.0117234307823155,
    "total_energy_joules": 42204.3508163358,
    "final_emissions": 0.00446604095652309
  }
}