{
  "process_id": 2997727,
  "local_process_index": 1,
  "energy_results": {
    "cpu_power": 112.5,
    "gpu_power": 936.1565125079474,
    "ram_power": 0.7304806709289551,
    "cpu_energy": 0.0012455740271470857,
    "gpu_energy": 0.010392574425162948,
    "ram_energy": 6.741253702886561e-06,
    "total_energy_kwh": 0.011644889706012917,
    "total_energy_joules": 41921.6029416465,
    "final_emissions": 0.004436120733505621
  }
}