{
  "process_id": 2997726,
  "local_process_index": 0,
  "energy_results": {
    "cpu_power": 112.5,
    "gpu_power": 989.658604853546,
    "ram_power": 0.6859316825866699,
    "cpu_energy": 0.001246665485965423,
    "gpu_energy": 0.010397176095511718,
    "ram_energy": 6.2308299348051345e-06,
    "total_energy_kwh": 0.01165007241141195,
    "total_energy_joules": 41940.26068108302,
    "final_emissions": 0.004438095085127383
  }
}