{
  "experiment_id": "0098",
  "local_process_results": {
    "cpu_power": {
      "process_2": 112.5,
      "process_0": 112.5,
      "process_3": 112.5,
      "process_1": 112.5
    },
    "gpu_power": {
      "process_2": 660.9216076078228,
      "process_0": 989.658604853546,
      "process_3": 806.695598255317,
      "process_1": 936.1565125079474
    },
    "ram_power": {
      "process_2": 0.7229704856872559,
      "process_0": 0.6859316825866699,
      "process_3": 0.7246956825256348,
      "process_1": 0.7304806709289551
    },
    "cpu_energy": {
      "process_2": 0.0012598172748075741,
      "process_0": 0.001246665485965423,
      "process_3": 0.0012574780218747037,
      "process_1": 0.0012455740271470857
    },
    "gpu_energy": {
      "process_2": 0.01045695781000422,
      "process_0": 0.010397176095511718,
      "process_3": 0.010448017247295383,
      "process_1": 0.010392574425162948
    },
    "ram_energy": {
      "process_2": 6.655697503710651e-06,
      "process_0": 6.2308299348051345e-06,
      "process_3": 6.693962286778178e-06,
      "process_1": 6.741253702886561e-06
    },
    "total_energy_kwh": {
      "process_2": 0.0117234307823155,
      "process_0": 0.01165007241141195,
      "process_3": 0.011712189231456865,
      "process_1": 0.011644889706012917
    },
    "total_energy_joules": {
      "process_2": 42204.3508163358,
      "process_0": 41940.26068108302,
      "process_3": 42163.88123324471,
      "process_1": 41921.6029416465
    }
  },
  "global_experiment_results": {
    "cpu_power_avg": 112.5,
    "gpu_power_avg": 848.3580808061582,
    "ram_power_avg": 0.7160196304321289,
    "cpu_energy_total": 0.005009534809794786,
    "gpu_energy_total": 0.04169472557797427,
    "ram_energy_total": 2.6321743428180525e-05,
    "total_energy_kwh": 0.04673058213119724,
    "total_energy_joules": 168230.09567231004
  },
  "global_derived_quantities": {
    "tokens_per_joule": 0.09739042193683266,
    "joules_per_token": 10.267950175311892,
    "flops_per_joule": 312896346.5098242,
    "joules_per_flop": 3.1959465527623296e-09
  },
  "per-process_emissions": [
    0.00446604095652309,
    0.004438095085127383,
    0.004461758487723493,
    0.004436120733505621
  ]
}