{
  "process_id": 3177589,
  "local_process_index": 0,
  "energy_results": {
    "cpu_power": 112.5,
    "gpu_power": 832.1016036928037,
    "ram_power": 0.6876196861267091,
    "cpu_energy": 0.001191782371686713,
    "gpu_energy": 0.010200808993973354,
    "ram_energy": 6.311196362858589e-06,
    "total_energy_kwh": 0.011398902562022929,
    "total_energy_joules": 41036.04922328254,
    "final_emissions": 0.004342411931002635
  }
}