{
  "process_id": 3177590,
  "local_process_index": 1,
  "energy_results": {
    "cpu_power": 112.5,
    "gpu_power": 809.8677615241129,
    "ram_power": 0.7231264114379883,
    "cpu_energy": 0.0011991436271546261,
    "gpu_energy": 0.010240151525445107,
    "ram_energy": 6.677997229075166e-06,
    "total_energy_kwh": 0.011445973149828806,
    "total_energy_joules": 41205.5033393837,
    "final_emissions": 0.0043603434714272835
  }
}