{
  "process_id": 3177591,
  "local_process_index": 2,
  "energy_results": {
    "cpu_power": 112.5,
    "gpu_power": 1047.396171188412,
    "ram_power": 0.7076783180236816,
    "cpu_energy": 0.0011797019047535282,
    "gpu_energy": 0.010117810038684283,
    "ram_energy": 6.436412916069346e-06,
    "total_energy_kwh": 0.011303948356353883,
    "total_energy_joules": 40694.21408287398,
    "final_emissions": 0.004306239126353012
  }
}