{
  "experiment_id": "0204",
  "local_process_results": {
    "cpu_power": {
      "process_2": 112.5,
      "process_3": 112.5,
      "process_1": 112.5,
      "process_0": 112.5
    },
    "gpu_power": {
      "process_2": 1047.396171188412,
      "process_3": 2388.5133531568163,
      "process_1": 809.8677615241129,
      "process_0": 832.1016036928037
    },
    "ram_power": {
      "process_2": 0.7076783180236816,
      "process_3": 0.7071719169616699,
      "process_1": 0.7231264114379883,
      "process_0": 0.6876196861267091
    },
    "cpu_energy": {
      "process_2": 0.0011797019047535282,
      "process_3": 0.0012069441141593414,
      "process_1": 0.0011991436271546261,
      "process_0": 0.001191782371686713
    },
    "gpu_energy": {
      "process_2": 0.010117810038684283,
      "process_3": 0.010265465712365085,
      "process_1": 0.010240151525445107,
      "process_0": 0.010200808993973354
    },
    "ram_energy": {
      "process_2": 6.436412916069346e-06,
      "process_3": 6.719892055718884e-06,
      "process_1": 6.677997229075166e-06,
      "process_0": 6.311196362858589e-06
    },
    "total_energy_kwh": {
      "process_2": 0.011303948356353883,
      "process_3": 0.01147912971858015,
      "process_1": 0.011445973149828806,
      "process_0": 0.011398902562022929
    },
    "total_energy_joules": {
      "process_2": 40694.21408287398,
      "process_3": 41324.86698688854,
      "process_1": 41205.5033393837,
      "process_0": 41036.04922328254
    }
  },
  "global_experiment_results": {
    "cpu_power_avg": 112.5,
    "gpu_power_avg": 1269.4697223905364,
    "ram_power_avg": 0.7063990831375122,
    "cpu_energy_total": 0.004777572017754209,
    "gpu_energy_total": 0.04082423627046783,
    "ram_energy_total": 2.6145498563721985e-05,
    "total_energy_kwh": 0.04562795378678577,
    "total_energy_joules": 164260.63363242877
  },
  "global_derived_quantities": {
    "tokens_per_joule": 0.09974392304283324,
    "joules_per_token": 10.025673439479295,
    "flops_per_joule": 320457684.5031234,
    "joules_per_flop": 3.1205368083168973e-09
  },
  "per-process_emissions": [
    0.004306239126353012,
    0.004372974466293108,
    0.0043603434714272835,
    0.004342411931002635
  ]
}