{
  "process_id": 3177592,
  "local_process_index": 3,
  "energy_results": {
    "cpu_power": 112.5,
    "gpu_power": 2388.5133531568163,
    "ram_power": 0.7071719169616699,
    "cpu_energy": 0.0012069441141593414,
    "gpu_energy": 0.010265465712365085,
    "ram_energy": 6.719892055718884e-06,
    "total_energy_kwh": 0.01147912971858015,
    "total_energy_joules": 41324.86698688854,
    "final_emissions": 0.004372974466293108
  }
}