{
  "process_id": 3619041,
  "local_process_index": 0,
  "energy_results": {
    "cpu_power": 112.5,
    "gpu_power": 988.3904976800633,
    "ram_power": 0.6793441772460938,
    "cpu_energy": 0.0012892224867227923,
    "gpu_energy": 0.01035667356311265,
    "ram_energy": 6.691368945728659e-06,
    "total_energy_kwh": 0.011652587418781175,
    "total_energy_joules": 41949.31470761223,
    "final_emissions": 0.004439053177184689
  }
}