{
  "process_id": 3619044,
  "local_process_index": 3,
  "energy_results": {
    "cpu_power": 112.5,
    "gpu_power": 456.01138472210425,
    "ram_power": 0.7303805351257324,
    "cpu_energy": 0.0013022051663738245,
    "gpu_energy": 0.010424366395040963,
    "ram_energy": 7.224551551241308e-06,
    "total_energy_kwh": 0.011733796112966028,
    "total_energy_joules": 42241.666006677704,
    "final_emissions": 0.004469989629234408
  }
}