{
  "process_id": 3619042,
  "local_process_index": 1,
  "energy_results": {
    "cpu_power": 112.5,
    "gpu_power": 30.037936432035703,
    "ram_power": 0.7308382987976074,
    "cpu_energy": 0.0013301918193646999,
    "gpu_energy": 0.010410838328665406,
    "ram_energy": 7.43224235092786e-06,
    "total_energy_kwh": 0.011748462390381038,
    "total_energy_joules": 42294.46460537174,
    "final_emissions": 0.004475576747615656
  }
}