{
  "experiment_id": "0460",
  "local_process_results": {
    "cpu_power": {
      "process_3": 112.5,
      "process_1": 112.5,
      "process_0": 112.5,
      "process_2": 112.5
    },
    "gpu_power": {
      "process_3": 456.01138472210425,
      "process_1": 30.037936432035703,
      "process_0": 988.3904976800633,
      "process_2": 995.9307058537775
    },
    "ram_power": {
      "process_3": 0.7303805351257324,
      "process_1": 0.7308382987976074,
      "process_0": 0.6793441772460938,
      "process_2": 0.7291574478149414
    },
    "cpu_energy": {
      "process_3": 0.0013022051663738245,
      "process_1": 0.0013301918193646999,
      "process_0": 0.0012892224867227923,
      "process_2": 0.001286122230152614
    },
    "gpu_energy": {
      "process_3": 0.010424366395040963,
      "process_1": 0.010410838328665406,
      "process_0": 0.01035667356311265,
      "process_2": 0.01034756633360523
    },
    "ram_energy": {
      "process_3": 7.224551551241308e-06,
      "process_1": 7.43224235092786e-06,
      "process_0": 6.691368945728659e-06,
      "process_2": 7.156687943979782e-06
    },
    "total_energy_kwh": {
      "process_3": 0.011733796112966028,
      "process_1": 0.011748462390381038,
      "process_0": 0.011652587418781175,
      "process_2": 0.011640845251701821
    },
    "total_energy_joules": {
      "process_3": 42241.666006677704,
      "process_1": 42294.46460537174,
      "process_0": 41949.31470761223,
      "process_2": 41907.04290612655
    }
  },
  "global_experiment_results": {
    "cpu_power_avg": 112.5,
    "gpu_power_avg": 617.5926311719952,
    "ram_power_avg": 0.7174301147460938,
    "cpu_energy_total": 0.00520774170261393,
    "gpu_energy_total": 0.04153944462042425,
    "ram_energy_total": 2.8504850791877606e-05,
    "total_energy_kwh": 0.04677569117383006,
    "total_energy_joules": 168392.48822578823
  },
  "global_derived_quantities": {
    "tokens_per_joule": 0.09729650159947512,
    "joules_per_token": 10.27786183018727,
    "flops_per_joule": 312594598.86526424,
    "joules_per_flop": 3.199031600769993e-09
  },
  "per-process_emissions": [
    0.004469989629234408,
    0.004475576747615656,
    0.004439053177184689,
    0.004434579998635809
  ]
}