{
  "process_id": 3619043,
  "local_process_index": 2,
  "energy_results": {
    "cpu_power": 112.5,
    "gpu_power": 995.9307058537775,
    "ram_power": 0.7291574478149414,
    "cpu_energy": 0.001286122230152614,
    "gpu_energy": 0.01034756633360523,
    "ram_energy": 7.156687943979782e-06,
    "total_energy_kwh": 0.011640845251701821,
    "total_energy_joules": 41907.04290612655,
    "final_emissions": 0.004434579998635809
  }
}