{
  "process_id": 3009254,
  "local_process_index": 2,
  "energy_results": {
    "cpu_power": 112.5,
    "gpu_power": 1066.4099585164495,
    "ram_power": 0.721355438232422,
    "cpu_energy": 0.0012203426030628181,
    "gpu_energy": 0.010310639081837714,
    "ram_energy": 6.4953465331461915e-06,
    "total_energy_kwh": 0.011537477031433674,
    "total_energy_joules": 41534.917313161226,
    "final_emissions": 0.004395201875124658
  }
}