{
  "experiment_id": "0105",
  "local_process_results": {
    "cpu_power": {
      "process_1": 112.5,
      "process_2": 112.5,
      "process_3": 112.5,
      "process_0": 112.5
    },
    "gpu_power": {
      "process_1": 635.5085372785305,
      "process_2": 1066.4099585164495,
      "process_3": 776.7766165164469,
      "process_0": 1056.363980249363
    },
    "ram_power": {
      "process_1": 0.7278313636779785,
      "process_2": 0.721355438232422,
      "process_3": 0.7038216590881348,
      "process_0": 0.6774559020996094
    },
    "cpu_energy": {
      "process_1": 0.0012290964922831336,
      "process_2": 0.0012203426030628181,
      "process_3": 0.0012252872742246834,
      "process_0": 0.0012182076128810881
    },
    "gpu_energy": {
      "process_1": 0.010361318566825872,
      "process_2": 0.010310639081837714,
      "process_3": 0.01034423799760642,
      "process_0": 0.010305894633596324
    },
    "ram_energy": {
      "process_1": 6.562359765210435e-06,
      "process_2": 6.4953465331461915e-06,
      "process_3": 6.381175958532412e-06,
      "process_0": 6.064042794360028e-06
    },
    "total_energy_kwh": {
      "process_1": 0.011596977418874216,
      "process_2": 0.011537477031433674,
      "process_3": 0.011575906447789636,
      "process_0": 0.011530166289271773
    },
    "total_energy_joules": {
      "process_1": 41749.11870794718,
      "process_2": 41534.917313161226,
      "process_3": 41673.263212042686,
      "process_0": 41508.59864137838
    }
  },
  "global_experiment_results": {
    "cpu_power_avg": 112.5,
    "gpu_power_avg": 883.7647731401975,
    "ram_power_avg": 0.7076160907745361,
    "cpu_energy_total": 0.004892933982451723,
    "gpu_energy_total": 0.04132209027986633,
    "ram_energy_total": 2.5502925051249066e-05,
    "total_energy_kwh": 0.0462405271873693,
    "total_energy_joules": 166465.89787452947
  },
  "global_derived_quantities": {
    "tokens_per_joule": 0.09842256107223313,
    "joules_per_token": 10.16027208706845,
    "flops_per_joule": 316212407.35168076,
    "joules_per_flop": 3.1624312542797657e-09
  },
  "per-process_emissions": [
    0.004417868547720132,
    0.004395201875124658,
    0.004409841561285462,
    0.004392416847898082
  ]
}