{
  "process_id": 3009253,
  "local_process_index": 1,
  "energy_results": {
    "cpu_power": 112.5,
    "gpu_power": 635.5085372785305,
    "ram_power": 0.7278313636779785,
    "cpu_energy": 0.0012290964922831336,
    "gpu_energy": 0.010361318566825872,
    "ram_energy": 6.562359765210435e-06,
    "total_energy_kwh": 0.011596977418874216,
    "total_energy_joules": 41749.11870794718,
    "final_emissions": 0.004417868547720132
  }
}