{
  "process_id": 3009255,
  "local_process_index": 3,
  "energy_results": {
    "cpu_power": 112.5,
    "gpu_power": 776.7766165164469,
    "ram_power": 0.7038216590881348,
    "cpu_energy": 0.0012252872742246834,
    "gpu_energy": 0.01034423799760642,
    "ram_energy": 6.381175958532412e-06,
    "total_energy_kwh": 0.011575906447789636,
    "total_energy_joules": 41673.263212042686,
    "final_emissions": 0.004409841561285462
  }
}