{
  "process_id": 3009252,
  "local_process_index": 0,
  "energy_results": {
    "cpu_power": 112.5,
    "gpu_power": 1056.363980249363,
    "ram_power": 0.6774559020996094,
    "cpu_energy": 0.0012182076128810881,
    "gpu_energy": 0.010305894633596324,
    "ram_energy": 6.064042794360028e-06,
    "total_energy_kwh": 0.011530166289271773,
    "total_energy_joules": 41508.59864137838,
    "final_emissions": 0.004392416847898082
  }
}