{
  "process_id": 3182264,
  "local_process_index": 1,
  "energy_results": {
    "cpu_power": 112.5,
    "gpu_power": 1003.9418989787921,
    "ram_power": 0.7317380905151367,
    "cpu_energy": 0.0011640490821027926,
    "gpu_energy": 0.010185757870819323,
    "ram_energy": 6.55414608709717e-06,
    "total_energy_kwh": 0.011356361099009208,
    "total_energy_joules": 40882.899956433146,
    "final_emissions": 0.004326205760667558
  }
}