{
  "process_id": 3182266,
  "local_process_index": 3,
  "energy_results": {
    "cpu_power": 112.5,
    "gpu_power": 836.3411000360111,
    "ram_power": 0.7239961624145508,
    "cpu_energy": 0.0011685811999632278,
    "gpu_energy": 0.010199992882212072,
    "ram_energy": 6.499416684830524e-06,
    "total_energy_kwh": 0.011375073498860135,
    "total_energy_joules": 40950.264595896486,
    "final_emissions": 0.004333334249390769
  }
}