{
  "process_id": 3182265,
  "local_process_index": 2,
  "energy_results": {
    "cpu_power": 112.5,
    "gpu_power": 960.7665496942548,
    "ram_power": 0.7245125770568848,
    "cpu_energy": 0.0011628907399026504,
    "gpu_energy": 0.010169187857567152,
    "ram_energy": 6.43290510676293e-06,
    "total_energy_kwh": 0.011338511502576566,
    "total_energy_joules": 40818.64140927564,
    "final_emissions": 0.004319405956906543
  }
}