{
  "process_id": 3182263,
  "local_process_index": 0,
  "energy_results": {
    "cpu_power": 112.5,
    "gpu_power": 1048.6304390126797,
    "ram_power": 0.6816916465759277,
    "cpu_energy": 0.0011595309608401297,
    "gpu_energy": 0.010165791465959195,
    "ram_energy": 6.063940871797981e-06,
    "total_energy_kwh": 0.011331386367671118,
    "total_energy_joules": 40792.990923616024,
    "final_emissions": 0.004316691636764312
  }
}