{
  "experiment_id": "0207",
  "local_process_results": {
    "cpu_power": {
      "process_3": 112.5,
      "process_0": 112.5,
      "process_2": 112.5,
      "process_1": 112.5
    },
    "gpu_power": {
      "process_3": 836.3411000360111,
      "process_0": 1048.6304390126797,
      "process_2": 960.7665496942548,
      "process_1": 1003.9418989787921
    },
    "ram_power": {
      "process_3": 0.7239961624145508,
      "process_0": 0.6816916465759277,
      "process_2": 0.7245125770568848,
      "process_1": 0.7317380905151367
    },
    "cpu_energy": {
      "process_3": 0.0011685811999632278,
      "process_0": 0.0011595309608401297,
      "process_2": 0.0011628907399026504,
      "process_1": 0.0011640490821027926
    },
    "gpu_energy": {
      "process_3": 0.010199992882212072,
      "process_0": 0.010165791465959195,
      "process_2": 0.010169187857567152,
      "process_1": 0.010185757870819323
    },
    "ram_energy": {
      "process_3": 6.499416684830524e-06,
      "process_0": 6.063940871797981e-06,
      "process_2": 6.43290510676293e-06,
      "process_1": 6.55414608709717e-06
    },
    "total_energy_kwh": {
      "process_3": 0.011375073498860135,
      "process_0": 0.011331386367671118,
      "process_2": 0.011338511502576566,
      "process_1": 0.011356361099009208
    },
    "total_energy_joules": {
      "process_3": 40950.264595896486,
      "process_0": 40792.990923616024,
      "process_2": 40818.64140927564,
      "process_1": 40882.899956433146
    }
  },
  "global_experiment_results": {
    "cpu_power_avg": 112.5,
    "gpu_power_avg": 962.4199969304343,
    "ram_power_avg": 0.715484619140625,
    "cpu_energy_total": 0.004655051982808801,
    "gpu_energy_total": 0.04072073007655774,
    "ram_energy_total": 2.5550408750488607e-05,
    "total_energy_kwh": 0.04540133246811703,
    "total_energy_joules": 163444.79688522132
  },
  "global_derived_quantities": {
    "tokens_per_joule": 0.1002417960818026,
    "joules_per_token": 9.975878716138997,
    "flops_per_joule": 322057253.04201216,
    "joules_per_flop": 3.105037972455012e-09
  },
  "per-process_emissions": [
    0.004333334249390769,
    0.004316691636764312,
    0.004319405956906543,
    0.004326205760667558
  ]
}