{
  "process_id": 3096617,
  "local_process_index": 1,
  "energy_results": {
    "cpu_power": 112.5,
    "gpu_power": 764.0903466318543,
    "ram_power": 0.7228217124938965,
    "cpu_energy": 0.0012945934019371636,
    "gpu_energy": 0.01051759285851439,
    "ram_energy": 6.823075248682098e-06,
    "total_energy_kwh": 0.011819009335700235,
    "total_energy_joules": 42548.43360852085,
    "final_emissions": 0.004502451606435005
  }
}