{
  "process_id": 3096616,
  "local_process_index": 0,
  "energy_results": {
    "cpu_power": 112.5,
    "gpu_power": 775.3124257112423,
    "ram_power": 0.6882205009460449,
    "cpu_energy": 0.001296283162682812,
    "gpu_energy": 0.010528504533910521,
    "ram_energy": 6.597472785632816e-06,
    "total_energy_kwh": 0.011831385169378966,
    "total_energy_joules": 42592.98660976427,
    "final_emissions": 0.004507166180274917
  }
}