{
  "process_id": 3096618,
  "local_process_index": 2,
  "energy_results": {
    "cpu_power": 112.5,
    "gpu_power": 1005.7596947643715,
    "ram_power": 0.7226471900939941,
    "cpu_energy": 0.0012674358218446287,
    "gpu_energy": 0.010340611883596473,
    "ram_energy": 6.710123498556661e-06,
    "total_energy_kwh": 0.011614757828939662,
    "total_energy_joules": 41813.12818418278,
    "final_emissions": 0.004424641994934564
  }
}