{
  "process_id": 3096619,
  "local_process_index": 3,
  "energy_results": {
    "cpu_power": 112.5,
    "gpu_power": 619.9593388454232,
    "ram_power": 0.7219977378845216,
    "cpu_energy": 0.0013014605191601733,
    "gpu_energy": 0.01054747121574895,
    "ram_energy": 7.0681206799327945e-06,
    "total_energy_kwh": 0.011855999855589053,
    "total_energy_joules": 42681.599480120596,
    "final_emissions": 0.00451654314498665
  }
}