{
  "experiment_id": "0158",
  "local_process_results": {
    "cpu_power": {
      "process_2": 112.5,
      "process_1": 112.5,
      "process_3": 112.5,
      "process_0": 112.5
    },
    "gpu_power": {
      "process_2": 1005.7596947643715,
      "process_1": 764.0903466318543,
      "process_3": 619.9593388454232,
      "process_0": 775.3124257112423
    },
    "ram_power": {
      "process_2": 0.7226471900939941,
      "process_1": 0.7228217124938965,
      "process_3": 0.7219977378845216,
      "process_0": 0.6882205009460449
    },
    "cpu_energy": {
      "process_2": 0.0012674358218446287,
      "process_1": 0.0012945934019371636,
      "process_3": 0.0013014605191601733,
      "process_0": 0.001296283162682812
    },
    "gpu_energy": {
      "process_2": 0.010340611883596473,
      "process_1": 0.01051759285851439,
      "process_3": 0.01054747121574895,
      "process_0": 0.010528504533910521
    },
    "ram_energy": {
      "process_2": 6.710123498556661e-06,
      "process_1": 6.823075248682098e-06,
      "process_3": 7.0681206799327945e-06,
      "process_0": 6.597472785632816e-06
    },
    "total_energy_kwh": {
      "process_2": 0.011614757828939662,
      "process_1": 0.011819009335700235,
      "process_3": 0.011855999855589053,
      "process_0": 0.011831385169378966
    },
    "total_energy_joules": {
      "process_2": 41813.12818418278,
      "process_1": 42548.43360852085,
      "process_3": 42681.599480120596,
      "process_0": 42592.98660976427
    }
  },
  "global_experiment_results": {
    "cpu_power_avg": 112.5,
    "gpu_power_avg": 791.2804514882228,
    "ram_power_avg": 0.7139217853546143,
    "cpu_energy_total": 0.005159772905624777,
    "gpu_energy_total": 0.041934180491770334,
    "ram_energy_total": 2.719879221280437e-05,
    "total_energy_kwh": 0.04712115218960791,
    "total_energy_joules": 169636.1478825885
  },
  "global_derived_quantities": {
    "tokens_per_joule": 0.09658318822082648,
    "joules_per_token": 10.353768791661896,
    "flops_per_joule": 310302862.72061026,
    "joules_per_flop": 3.222657990430393e-09
  },
  "per-process_emissions": [
    0.004424641994934564,
    0.004502451606435005,
    0.00451654314498665,
    0.004507166180274917
  ]
}