{
  "process_id": 3051925,
  "local_process_index": 2,
  "energy_results": {
    "cpu_power": 112.5,
    "gpu_power": 954.540030031521,
    "ram_power": 0.7257599830627441,
    "cpu_energy": 0.0012602317313721867,
    "gpu_energy": 0.010590333472262792,
    "ram_energy": 6.691928552856861e-06,
    "total_energy_kwh": 0.011857257132187835,
    "total_energy_joules": 42686.1256758762,
    "final_emissions": 0.004517022104506956
  }
}