{
  "experiment_id": "0131",
  "local_process_results": {
    "cpu_power": {
      "process_2": 112.5,
      "process_3": 112.5,
      "process_1": 112.5,
      "process_0": 112.5
    },
    "gpu_power": {
      "process_2": 954.540030031521,
      "process_3": 462.8369732413837,
      "process_1": 1012.2729141117204,
      "process_0": 1019.8468155075559
    },
    "ram_power": {
      "process_2": 0.7257599830627441,
      "process_3": 0.726405143737793,
      "process_1": 0.7193412780761719,
      "process_0": 0.6893563270568848
    },
    "cpu_energy": {
      "process_2": 0.0012602317313721867,
      "process_3": 0.001270104547496885,
      "process_1": 0.0012605137911268682,
      "process_0": 0.0012599027284959446
    },
    "gpu_energy": {
      "process_2": 0.010590333472262792,
      "process_3": 0.010624184332674425,
      "process_1": 0.010581093464870683,
      "process_0": 0.01058813291494598
    },
    "ram_energy": {
      "process_2": 6.691928552856861e-06,
      "process_3": 7.017517365306409e-06,
      "process_1": 6.592119616427598e-06,
      "process_0": 6.405463724924489e-06
    },
    "total_energy_kwh": {
      "process_2": 0.011857257132187835,
      "process_3": 0.011901306397536613,
      "process_1": 0.011848199375613981,
      "process_0": 0.011854441107166852
    },
    "total_energy_joules": {
      "process_2": 42686.1256758762,
      "process_3": 42844.70303113181,
      "process_1": 42653.51775221033,
      "process_0": 42675.98798580067
    }
  },
  "global_experiment_results": {
    "cpu_power_avg": 112.5,
    "gpu_power_avg": 862.3741832230453,
    "ram_power_avg": 0.7152156829833984,
    "cpu_energy_total": 0.005050752798491884,
    "gpu_energy_total": 0.04238374418475388,
    "ram_energy_total": 2.6707029259515353e-05,
    "total_energy_kwh": 0.04746120401250528,
    "total_energy_joules": 170860.33444501902
  },
  "global_derived_quantities": {
    "tokens_per_joule": 0.0958911853545048,
    "joules_per_token": 10.428487209778993,
    "flops_per_joule": 308079593.0772482,
    "joules_per_flop": 3.245914440523358e-09
  },
  "per-process_emissions": [
    0.004517022104506956,
    0.004533802672141573,
    0.004513571552140146,
    0.004515949339775212
  ]
}