{
  "process_id": 3051923,
  "local_process_index": 0,
  "energy_results": {
    "cpu_power": 112.5,
    "gpu_power": 1019.8468155075559,
    "ram_power": 0.6893563270568848,
    "cpu_energy": 0.0012599027284959446,
    "gpu_energy": 0.01058813291494598,
    "ram_energy": 6.405463724924489e-06,
    "total_energy_kwh": 0.011854441107166852,
    "total_energy_joules": 42675.98798580067,
    "final_emissions": 0.004515949339775212
  }
}