{
  "process_id": 3051926,
  "local_process_index": 3,
  "energy_results": {
    "cpu_power": 112.5,
    "gpu_power": 462.8369732413837,
    "ram_power": 0.726405143737793,
    "cpu_energy": 0.001270104547496885,
    "gpu_energy": 0.010624184332674425,
    "ram_energy": 7.017517365306409e-06,
    "total_energy_kwh": 0.011901306397536613,
    "total_energy_joules": 42844.70303113181,
    "final_emissions": 0.004533802672141573
  }
}