{
  "process_id": 3051924,
  "local_process_index": 1,
  "energy_results": {
    "cpu_power": 112.5,
    "gpu_power": 1012.2729141117204,
    "ram_power": 0.7193412780761719,
    "cpu_energy": 0.0012605137911268682,
    "gpu_energy": 0.010581093464870683,
    "ram_energy": 6.592119616427598e-06,
    "total_energy_kwh": 0.011848199375613981,
    "total_energy_joules": 42653.51775221033,
    "final_emissions": 0.004513571552140146
  }
}