{
  "process_id": 3867820,
  "local_process_index": 1,
  "energy_results": {
    "cpu_power": 112.5,
    "gpu_power": 50.461161538897144,
    "ram_power": 0.8392767906188966,
    "cpu_energy": 0.0004735232800394442,
    "gpu_energy": 0.0014491936593543642,
    "ram_energy": 3.4710922034873737e-06,
    "total_energy_kwh": 0.0019261880315972959,
    "total_energy_joules": 6934.2769137502655,
    "final_emissions": 0.0007337813306369899
  }
}