{
  "experiment_id": "0486",
  "local_process_results": {
    "cpu_power": {
      "process_0": 112.5,
      "process_1": 112.5
    },
    "gpu_power": {
      "process_0": 56.201548087841196,
      "process_1": 50.461161538897144
    },
    "ram_power": {
      "process_0": 0.7966032028198242,
      "process_1": 0.8392767906188966
    },
    "cpu_energy": {
      "process_0": 0.0004734911653158634,
      "process_1": 0.0004735232800394442
    },
    "gpu_energy": {
      "process_0": 0.0014507850495153463,
      "process_1": 0.0014491936593543642
    },
    "ram_energy": {
      "process_0": 3.2907411442606535e-06,
      "process_1": 3.4710922034873737e-06
    },
    "total_energy_kwh": {
      "process_0": 0.00192756695597547,
      "process_1": 0.0019261880315972959
    },
    "total_energy_joules": {
      "process_0": 6939.241041511692,
      "process_1": 6934.2769137502655
    }
  },
  "global_experiment_results": {
    "cpu_power_avg": 112.5,
    "gpu_power_avg": 53.331354813369174,
    "ram_power_avg": 0.8179399967193604,
    "cpu_energy_total": 0.0009470144453553077,
    "gpu_energy_total": 0.0028999787088697104,
    "ram_energy_total": 6.761833347748027e-06,
    "total_energy_kwh": 0.003853754987572766,
    "total_energy_joules": 13873.517955261957
  },
  "global_derived_quantities": {
    "tokens_per_joule": 1.1809549713946825,
    "joules_per_token": 0.8467723361365941,
    "flops_per_joule": 3794176969.288399,
    "joules_per_flop": 2.635617706012144e-10
  },
  "per-process_emissions": [
    0.0007343066318788553,
    0.0007337813306369899
  ]
}