{
  "process_id": 3867819,
  "local_process_index": 0,
  "energy_results": {
    "cpu_power": 112.5,
    "gpu_power": 56.201548087841196,
    "ram_power": 0.7966032028198242,
    "cpu_energy": 0.0004734911653158634,
    "gpu_energy": 0.0014507850495153463,
    "ram_energy": 3.2907411442606535e-06,
    "total_energy_kwh": 0.00192756695597547,
    "total_energy_joules": 6939.241041511692,
    "final_emissions": 0.0007343066318788553
  }
}