{
  "process_id": 2828778,
  "local_process_index": 3,
  "energy_results": {
    "cpu_power": 112.5,
    "gpu_power": 437.66439013391255,
    "ram_power": 0.7227015495300293,
    "cpu_energy": 0.001493506843906289,
    "gpu_energy": 0.01076658639104,
    "ram_energy": 8.038470422532991e-06,
    "total_energy_kwh": 0.012268131705368815,
    "total_energy_joules": 44165.27413932773,
    "final_emissions": 0.00467354477316025
  }
}