{
  "process_id": 2828777,
  "local_process_index": 2,
  "energy_results": {
    "cpu_power": 112.5,
    "gpu_power": 1107.1345132852505,
    "ram_power": 0.7213354110717773,
    "cpu_energy": 0.0014676473517829442,
    "gpu_energy": 0.010652656299897423,
    "ram_energy": 7.971447402054239e-06,
    "total_energy_kwh": 0.01212827509908242,
    "total_energy_joules": 43661.790356696714,
    "final_emissions": 0.004620266398995448
  }
}