{
  "process_id": 2828776,
  "local_process_index": 1,
  "energy_results": {
    "cpu_power": 112.5,
    "gpu_power": 894.9924568402814,
    "ram_power": 0.7217345237731934,
    "cpu_energy": 0.001474237012094818,
    "gpu_energy": 0.010682239379119274,
    "ram_energy": 7.981017171595445e-06,
    "total_energy_kwh": 0.012164457408385692,
    "total_energy_joules": 43792.04667018849,
    "final_emissions": 0.004634050049724529
  }
}