{
  "process_id": 2828775,
  "local_process_index": 0,
  "energy_results": {
    "cpu_power": 112.5,
    "gpu_power": 977.1647736877352,
    "ram_power": 0.6874008178710938,
    "cpu_energy": 0.0014696262812485662,
    "gpu_energy": 0.010675496873724377,
    "ram_energy": 7.591289264889033e-06,
    "total_energy_kwh": 0.012152714444237833,
    "total_energy_joules": 43749.7719992562,
    "final_emissions": 0.004629576567532403
  }
}