{
  "experiment_id": "0062",
  "local_process_results": {
    "cpu_power": {
      "process_0": 112.5,
      "process_1": 112.5,
      "process_3": 112.5,
      "process_2": 112.5
    },
    "gpu_power": {
      "process_0": 977.1647736877352,
      "process_1": 894.9924568402814,
      "process_3": 437.66439013391255,
      "process_2": 1107.1345132852505
    },
    "ram_power": {
      "process_0": 0.6874008178710938,
      "process_1": 0.7217345237731934,
      "process_3": 0.7227015495300293,
      "process_2": 0.7213354110717773
    },
    "cpu_energy": {
      "process_0": 0.0014696262812485662,
      "process_1": 0.001474237012094818,
      "process_3": 0.001493506843906289,
      "process_2": 0.0014676473517829442
    },
    "gpu_energy": {
      "process_0": 0.010675496873724377,
      "process_1": 0.010682239379119274,
      "process_3": 0.01076658639104,
      "process_2": 0.010652656299897423
    },
    "ram_energy": {
      "process_0": 7.591289264889033e-06,
      "process_1": 7.981017171595445e-06,
      "process_3": 8.038470422532991e-06,
      "process_2": 7.971447402054239e-06
    },
    "total_energy_kwh": {
      "process_0": 0.012152714444237833,
      "process_1": 0.012164457408385692,
      "process_3": 0.012268131705368815,
      "process_2": 0.01212827509908242
    },
    "total_energy_joules": {
      "process_0": 43749.7719992562,
      "process_1": 43792.04667018849,
      "process_3": 44165.27413932773,
      "process_2": 43661.790356696714
    }
  },
  "global_experiment_results": {
    "cpu_power_avg": 112.5,
    "gpu_power_avg": 854.2390334867948,
    "ram_power_avg": 0.7132930755615234,
    "cpu_energy_total": 0.005905017489032617,
    "gpu_energy_total": 0.042776978943781074,
    "ram_energy_total": 3.1582224261071705e-05,
    "total_energy_kwh": 0.04871357865707476,
    "total_energy_joules": 175368.8831654691
  },
  "global_derived_quantities": {
    "tokens_per_joule": 0.0934259242817946,
    "joules_per_token": 10.703667185392401,
    "flops_per_joule": 300159192.2051355,
    "joules_per_flop": 3.331565469154706e-09
  },
  "per-process_emissions": [
    0.004629576567532403,
    0.004634050049724529,
    0.00467354477316025,
    0.004620266398995448
  ]
}