{
  "process_id": 3135363,
  "local_process_index": 0,
  "energy_results": {
    "cpu_power": 112.5,
    "gpu_power": 774.1440980660064,
    "ram_power": 0.6792826652526855,
    "cpu_energy": 0.0011745176095009815,
    "gpu_energy": 0.0076772850307111895,
    "ram_energy": 6.305235372505742e-06,
    "total_energy_kwh": 0.008858107875584676,
    "total_energy_joules": 31889.188352104837,
    "final_emissions": 0.0033744961952039826
  }
}