{
  "process_id": 3135366,
  "local_process_index": 3,
  "energy_results": {
    "cpu_power": 112.5,
    "gpu_power": 700.887644177463,
    "ram_power": 0.7310299873352052,
    "cpu_energy": 0.0011831265566252115,
    "gpu_energy": 0.007697804769349226,
    "ram_energy": 6.836771928721302e-06,
    "total_energy_kwh": 0.008887768097903157,
    "total_energy_joules": 31995.965152451365,
    "final_emissions": 0.003385795256896208
  }
}