{
  "experiment_id": "0178",
  "local_process_results": {
    "cpu_power": {
      "process_2": 112.5,
      "process_0": 112.5,
      "process_1": 112.5,
      "process_3": 112.5
    },
    "gpu_power": {
      "process_2": 933.7618079578706,
      "process_0": 774.1440980660064,
      "process_1": 792.1903406375218,
      "process_3": 700.887644177463
    },
    "ram_power": {
      "process_2": 0.7071118354797363,
      "process_0": 0.6792826652526855,
      "process_1": 0.7303361892700195,
      "process_3": 0.7310299873352052
    },
    "cpu_energy": {
      "process_2": 0.00114304134525446,
      "process_0": 0.0011745176095009815,
      "process_1": 0.0011703023658174061,
      "process_3": 0.0011831265566252115
    },
    "gpu_energy": {
      "process_2": 0.007379152569986225,
      "process_0": 0.0076772850307111895,
      "process_1": 0.007662578352277016,
      "process_3": 0.007697804769349226
    },
    "ram_energy": {
      "process_2": 6.351037375824459e-06,
      "process_0": 6.305235372505742e-06,
      "process_1": 6.75427749426118e-06,
      "process_3": 6.836771928721302e-06
    },
    "total_energy_kwh": {
      "process_2": 0.008528544952616507,
      "process_0": 0.008858107875584676,
      "process_1": 0.008839634995588682,
      "process_3": 0.008887768097903157
    },
    "total_energy_joules": {
      "process_2": 30702.761829419425,
      "process_0": 31889.188352104837,
      "process_1": 31822.685984119253,
      "process_3": 31995.965152451365
    }
  },
  "global_experiment_results": {
    "cpu_power_avg": 112.5,
    "gpu_power_avg": 800.2459727097155,
    "ram_power_avg": 0.7119401693344116,
    "cpu_energy_total": 0.004670987877198059,
    "gpu_energy_total": 0.030416820722323656,
    "ram_energy_total": 2.6247322171312683e-05,
    "total_energy_kwh": 0.03511405592169302,
    "total_energy_joules": 126410.60131809488
  },
  "global_derived_quantities": {
    "tokens_per_joule": 0.1296093826717264,
    "joules_per_token": 7.715490803106377,
    "flops_per_joule": 416409555.52775395,
    "joules_per_flop": 2.4014818745756407e-09
  },
  "per-process_emissions": [
    0.0032489491996992585,
    0.0033744961952039826,
    0.0033674589515695083,
    0.003385795256896208
  ]
}