{
  "process_id": 3135364,
  "local_process_index": 1,
  "energy_results": {
    "cpu_power": 112.5,
    "gpu_power": 792.1903406375218,
    "ram_power": 0.7303361892700195,
    "cpu_energy": 0.0011703023658174061,
    "gpu_energy": 0.007662578352277016,
    "ram_energy": 6.75427749426118e-06,
    "total_energy_kwh": 0.008839634995588682,
    "total_energy_joules": 31822.685984119253,
    "final_emissions": 0.0033674589515695083
  }
}