{
  "process_id": 3135365,
  "local_process_index": 2,
  "energy_results": {
    "cpu_power": 112.5,
    "gpu_power": 933.7618079578706,
    "ram_power": 0.7071118354797363,
    "cpu_energy": 0.00114304134525446,
    "gpu_energy": 0.007379152569986225,
    "ram_energy": 6.351037375824459e-06,
    "total_energy_kwh": 0.008528544952616507,
    "total_energy_joules": 30702.761829419425,
    "final_emissions": 0.0032489491996992585
  }
}