{
  "process_id": 3047000,
  "local_process_index": 3,
  "energy_results": {
    "cpu_power": 112.5,
    "gpu_power": 937.0607213751828,
    "ram_power": 0.7339482307434082,
    "cpu_energy": 0.0012692094909743897,
    "gpu_energy": 0.010597994867278082,
    "ram_energy": 6.815743525739769e-06,
    "total_energy_kwh": 0.011874020101778215,
    "total_energy_joules": 42746.47236640158,
    "final_emissions": 0.004523407957772411
  }
}