{
  "experiment_id": "0128",
  "local_process_results": {
    "cpu_power": {
      "process_2": 112.5,
      "process_1": 112.5,
      "process_0": 112.5,
      "process_3": 112.5
    },
    "gpu_power": {
      "process_2": 1885.8419435452288,
      "process_1": 1036.9341641279862,
      "process_0": 12.098813881811283,
      "process_3": 937.0607213751828
    },
    "ram_power": {
      "process_2": 0.7085566520690918,
      "process_1": 0.7262763977050781,
      "process_0": 0.6905207633972168,
      "process_3": 0.7339482307434082
    },
    "cpu_energy": {
      "process_2": 0.0012725068483086944,
      "process_1": 0.0012637133064326918,
      "process_0": 0.0013076112397775433,
      "process_3": 0.0012692094909743897
    },
    "gpu_energy": {
      "process_2": 0.01061029404378555,
      "process_1": 0.010555404555427472,
      "process_0": 0.010613433490740398,
      "process_3": 0.010597994867278082
    },
    "ram_energy": {
      "process_2": 6.765754671985409e-06,
      "process_1": 6.773778515381453e-06,
      "process_0": 6.6183245240223196e-06,
      "process_3": 6.815743525739769e-06
    },
    "total_energy_kwh": {
      "process_2": 0.011889566646766232,
      "process_1": 0.011825891640375546,
      "process_0": 0.011927663055041966,
      "process_3": 0.011874020101778215
    },
    "total_energy_joules": {
      "process_2": 42802.439928358435,
      "process_1": 42573.20990535196,
      "process_0": 42939.58699815108,
      "process_3": 42746.47236640158
    }
  },
  "global_experiment_results": {
    "cpu_power_avg": 112.5,
    "gpu_power_avg": 967.9839107325522,
    "ram_power_avg": 0.7148255109786987,
    "cpu_energy_total": 0.005113040885493319,
    "gpu_energy_total": 0.0423771269572315,
    "ram_energy_total": 2.697360123712895e-05,
    "total_energy_kwh": 0.047517141443961956,
    "total_energy_joules": 171061.70919826307
  },
  "global_derived_quantities": {
    "tokens_per_joule": 0.09577830174145344,
    "joules_per_token": 10.440778149308048,
    "flops_per_joule": 307716920.14286554,
    "joules_per_flop": 3.2497400517843613e-09
  },
  "per-process_emissions": [
    0.004529330414085596,
    0.004505073420401065,
    0.0045438432408182365,
    0.004523407957772411
  ]
}