{
  "process_id": 3046997,
  "local_process_index": 0,
  "energy_results": {
    "cpu_power": 112.5,
    "gpu_power": 12.098813881811283,
    "ram_power": 0.6905207633972168,
    "cpu_energy": 0.0013076112397775433,
    "gpu_energy": 0.010613433490740398,
    "ram_energy": 6.6183245240223196e-06,
    "total_energy_kwh": 0.011927663055041966,
    "total_energy_joules": 42939.58699815108,
    "final_emissions": 0.0045438432408182365
  }
}