{
  "process_id": 3046999,
  "local_process_index": 2,
  "energy_results": {
    "cpu_power": 112.5,
    "gpu_power": 1885.8419435452288,
    "ram_power": 0.7085566520690918,
    "cpu_energy": 0.0012725068483086944,
    "gpu_energy": 0.01061029404378555,
    "ram_energy": 6.765754671985409e-06,
    "total_energy_kwh": 0.011889566646766232,
    "total_energy_joules": 42802.439928358435,
    "final_emissions": 0.004529330414085596
  }
}