{
  "process_id": 3046998,
  "local_process_index": 1,
  "energy_results": {
    "cpu_power": 112.5,
    "gpu_power": 1036.9341641279862,
    "ram_power": 0.7262763977050781,
    "cpu_energy": 0.0012637133064326918,
    "gpu_energy": 0.010555404555427472,
    "ram_energy": 6.773778515381453e-06,
    "total_energy_kwh": 0.011825891640375546,
    "total_energy_joules": 42573.20990535196,
    "final_emissions": 0.004505073420401065
  }
}