{
  "process_id": 2764274,
  "local_process_index": 3,
  "energy_results": {
    "cpu_power": 112.5,
    "gpu_power": 957.9224458770777,
    "ram_power": 0.7324948310852051,
    "cpu_energy": 0.0011988673764681153,
    "gpu_energy": 0.010285412950545414,
    "ram_energy": 6.506056710493249e-06,
    "total_energy_kwh": 0.011490786383724026,
    "total_energy_joules": 41366.83098140649,
    "final_emissions": 0.0043774150728796675
  }
}