{
  "process_id": 2764272,
  "local_process_index": 1,
  "energy_results": {
    "cpu_power": 112.5,
    "gpu_power": 826.4831216689997,
    "ram_power": 0.7322072982788086,
    "cpu_energy": 0.0012038422366331364,
    "gpu_energy": 0.01030460046589532,
    "ram_energy": 6.41910628482664e-06,
    "total_energy_kwh": 0.011514861808813283,
    "total_energy_joules": 41453.50251172782,
    "final_emissions": 0.004386586606067421
  }
}