{
  "process_id": 2764271,
  "local_process_index": 0,
  "energy_results": {
    "cpu_power": 112.5,
    "gpu_power": 1033.1120847330228,
    "ram_power": 0.6807518005371094,
    "cpu_energy": 0.0011950837898166357,
    "gpu_energy": 0.010264185155786087,
    "ram_energy": 6.107946912864736e-06,
    "total_energy_kwh": 0.011465376892515583,
    "total_energy_joules": 41275.3568130561,
    "final_emissions": 0.004367735327203812
  }
}