{
  "experiment_id": "0025",
  "local_process_results": {
    "cpu_power": {
      "process_2": 112.5,
      "process_3": 112.5,
      "process_1": 112.5,
      "process_0": 112.5
    },
    "gpu_power": {
      "process_2": 828.8912900696446,
      "process_3": 957.9224458770777,
      "process_1": 826.4831216689997,
      "process_0": 1033.1120847330228
    },
    "ram_power": {
      "process_2": 0.7323918342590333,
      "process_3": 0.7324948310852051,
      "process_1": 0.7322072982788086,
      "process_0": 0.6807518005371094
    },
    "cpu_energy": {
      "process_2": 0.001202206469060911,
      "process_3": 0.0011988673764681153,
      "process_1": 0.0012038422366331364,
      "process_0": 0.0011950837898166357
    },
    "gpu_energy": {
      "process_2": 0.010313553250834495,
      "process_3": 0.010285412950545414,
      "process_1": 0.01030460046589532,
      "process_0": 0.010264185155786087
    },
    "ram_energy": {
      "process_2": 6.50969431583009e-06,
      "process_3": 6.506056710493249e-06,
      "process_1": 6.41910628482664e-06,
      "process_0": 6.107946912864736e-06
    },
    "total_energy_kwh": {
      "process_2": 0.011522269414211235,
      "process_3": 0.011490786383724026,
      "process_1": 0.011514861808813283,
      "process_0": 0.011465376892515583
    },
    "total_energy_joules": {
      "process_2": 41480.16989116045,
      "process_3": 41366.83098140649,
      "process_1": 41453.50251172782,
      "process_0": 41275.3568130561
    }
  },
  "global_experiment_results": {
    "cpu_power_avg": 112.5,
    "gpu_power_avg": 911.6022355871862,
    "ram_power_avg": 0.7194614410400391,
    "cpu_energy_total": 0.004799999871978798,
    "gpu_energy_total": 0.041167751823061316,
    "ram_energy_total": 2.5542804224014715e-05,
    "total_energy_kwh": 0.04599329449926413,
    "total_energy_joules": 165575.86019735088
  },
  "global_derived_quantities": {
    "tokens_per_joule": 0.09895162241930563,
    "joules_per_token": 10.105948498373467,
    "flops_per_joule": 317912177.8145906,
    "joules_per_flop": 3.1455227883192624e-09
  },
  "per-process_emissions": [
    0.00438940853334377,
    0.0043774150728796675,
    0.004386586606067421,
    0.004367735327203812
  ]
}