{
  "process_id": 2764273,
  "local_process_index": 2,
  "energy_results": {
    "cpu_power": 112.5,
    "gpu_power": 828.8912900696446,
    "ram_power": 0.7323918342590333,
    "cpu_energy": 0.001202206469060911,
    "gpu_energy": 0.010313553250834495,
    "ram_energy": 6.50969431583009e-06,
    "total_energy_kwh": 0.011522269414211235,
    "total_energy_joules": 41480.16989116045,
    "final_emissions": 0.00438940853334377
  }
}