{
  "process_id": 3867120,
  "local_process_index": 0,
  "energy_results": {
    "cpu_power": 112.5,
    "gpu_power": 62.879976123085406,
    "ram_power": 0.9292817115783691,
    "cpu_energy": 0.00054685519506711,
    "gpu_energy": 0.0007851459058958454,
    "ram_energy": 4.425946485010555e-06,
    "total_energy_kwh": 0.0013364270474479655,
    "total_energy_joules": 4811.137370812676,
    "final_emissions": 0.0005091118837253025
  }
}