{
  "experiment_id": "0485",
  "local_process_results": {
    "cpu_power": {
      "process_0": 112.5
    },
    "gpu_power": {
      "process_0": 62.879976123085406
    },
    "ram_power": {
      "process_0": 0.9292817115783691
    },
    "cpu_energy": {
      "process_0": 0.00054685519506711
    },
    "gpu_energy": {
      "process_0": 0.0007851459058958454
    },
    "ram_energy": {
      "process_0": 4.425946485010555e-06
    },
    "total_energy_kwh": {
      "process_0": 0.0013364270474479655
    },
    "total_energy_joules": {
      "process_0": 4811.137370812676
    }
  },
  "global_experiment_results": {
    "cpu_power_avg": 112.5,
    "gpu_power_avg": 62.879976123085406,
    "ram_power_avg": 0.9292817115783691,
    "cpu_energy_total": 0.00054685519506711,
    "gpu_energy_total": 0.0007851459058958454,
    "ram_energy_total": 4.425946485010555e-06,
    "total_energy_kwh": 0.0013364270474479655,
    "total_energy_joules": 4811.137370812676
  },
  "global_derived_quantities": {
    "tokens_per_joule": 3.405431759108655,
    "joules_per_token": 0.29364852116776585,
    "flops_per_joule": 10940985104.312773,
    "joules_per_flop": 9.139944808130805e-11
  },
  "per-process_emissions": [
    0.0005091118837253025
  ]
}