{
  "experiment_id": "0514",
  "local_process_results": {
    "cpu_power": {
      "process_2": 112.5,
      "process_3": 112.5,
      "process_0": 112.5,
      "process_1": 112.5
    },
    "gpu_power": {
      "process_2": 1024.3199424529762,
      "process_3": 434.6291058882344,
      "process_0": 58.92893812194341,
      "process_1": 1103.6968682411107
    },
    "ram_power": {
      "process_2": 0.7324962615966797,
      "process_3": 0.7249903678894043,
      "process_0": 0.6892175674438477,
      "process_1": 0.7337193489074707
    },
    "cpu_energy": {
      "process_2": 0.0011407042144783188,
      "process_3": 0.0011254591720407914,
      "process_0": 0.001224902992744319,
      "process_1": 0.0010725752718699366
    },
    "gpu_energy": {
      "process_2": 0.010275940720744003,
      "process_3": 0.010343178274537124,
      "process_0": 0.010346923555310639,
      "process_1": 0.010300859629571946
    },
    "ram_energy": {
      "process_2": 7.898197105699966e-06,
      "process_3": 6.939974647143249e-06,
      "process_0": 7.582791130396799e-06,
      "process_1": 6.737603223564282e-06
    },
    "total_energy_kwh": {
      "process_2": 0.011424543132328024,
      "process_3": 0.011475577421225059,
      "process_0": 0.01157940933918535,
      "process_1": 0.011380172504665446
    },
    "total_energy_joules": {
      "process_2": 41128.355276380884,
      "process_3": 41312.078716410215,
      "process_0": 41685.873621067265,
      "process_1": 40968.6210167956
    }
  },
  "global_experiment_results": {
    "cpu_power_avg": 112.5,
    "gpu_power_avg": 655.3937136760662,
    "ram_power_avg": 0.7201058864593506,
    "cpu_energy_total": 0.004563641651133365,
    "gpu_energy_total": 0.04126690218016371,
    "ram_energy_total": 2.9158566106804298e-05,
    "total_energy_kwh": 0.045859702397403876,
    "total_energy_joules": 165094.92863065397
  },
  "global_derived_quantities": {
    "tokens_per_joule": 0.09923987451276503,
    "joules_per_token": 10.076594765054564,
    "flops_per_joule": 318838275.3211375,
    "joules_per_flop": 3.13638630428793e-09
  },
  "per-process_emissions": [
    0.004352179706260361,
    0.004371621218615686,
    0.00441117598776266,
    0.004335276715652302
  ]
}