{
  "process_id": 3944313,
  "local_process_index": 0,
  "energy_results": {
    "cpu_power": 112.5,
    "gpu_power": 58.92893812194341,
    "ram_power": 0.6892175674438477,
    "cpu_energy": 0.001224902992744319,
    "gpu_energy": 0.010346923555310639,
    "ram_energy": 7.582791130396799e-06,
    "total_energy_kwh": 0.01157940933918535,
    "total_energy_joules": 41685.873621067265,
    "final_emissions": 0.00441117598776266
  }
}