{
  "process_id": 3944316,
  "local_process_index": 3,
  "energy_results": {
    "cpu_power": 112.5,
    "gpu_power": 434.6291058882344,
    "ram_power": 0.7249903678894043,
    "cpu_energy": 0.0011254591720407914,
    "gpu_energy": 0.010343178274537124,
    "ram_energy": 6.939974647143249e-06,
    "total_energy_kwh": 0.011475577421225059,
    "total_energy_joules": 41312.078716410215,
    "final_emissions": 0.004371621218615686
  }
}