{
  "process_id": 3944314,
  "local_process_index": 1,
  "energy_results": {
    "cpu_power": 112.5,
    "gpu_power": 1103.6968682411107,
    "ram_power": 0.7337193489074707,
    "cpu_energy": 0.0010725752718699366,
    "gpu_energy": 0.010300859629571946,
    "ram_energy": 6.737603223564282e-06,
    "total_energy_kwh": 0.011380172504665446,
    "total_energy_joules": 40968.6210167956,
    "final_emissions": 0.004335276715652302
  }
}