{
  "process_id": 3944315,
  "local_process_index": 2,
  "energy_results": {
    "cpu_power": 112.5,
    "gpu_power": 1024.3199424529762,
    "ram_power": 0.7324962615966797,
    "cpu_energy": 0.0011407042144783188,
    "gpu_energy": 0.010275940720744003,
    "ram_energy": 7.898197105699966e-06,
    "total_energy_kwh": 0.011424543132328024,
    "total_energy_joules": 41128.355276380884,
    "final_emissions": 0.004352179706260361
  }
}