{
  "process_id": 3989406,
  "local_process_index": 0,
  "energy_results": {
    "cpu_power": 112.5,
    "gpu_power": 692.0215090670217,
    "ram_power": 0.6888785362243652,
    "cpu_energy": 0.0013513998140861076,
    "gpu_energy": 0.010624359332815914,
    "ram_energy": 7.568944402013902e-06,
    "total_energy_kwh": 0.011983328091304037,
    "total_energy_joules": 43139.98112869453,
    "final_emissions": 0.004565048836382273
  }
}