{
  "process_id": 3989407,
  "local_process_index": 1,
  "energy_results": {
    "cpu_power": 112.5,
    "gpu_power": 527.0199076185828,
    "ram_power": 0.7245655059814453,
    "cpu_energy": 0.0013291147654417728,
    "gpu_energy": 0.010801280585463147,
    "ram_energy": 8.18040006944602e-06,
    "total_energy_kwh": 0.012138575750974363,
    "total_energy_joules": 43698.87270350771,
    "final_emissions": 0.004624190432333684
  }
}