{
  "process_id": 3989409,
  "local_process_index": 3,
  "energy_results": {
    "cpu_power": 112.5,
    "gpu_power": 1136.8989648923114,
    "ram_power": 0.7321887016296387,
    "cpu_energy": 0.001247359468066861,
    "gpu_energy": 0.010179263698960384,
    "ram_energy": 7.566117882398778e-06,
    "total_energy_kwh": 0.011434189284909645,
    "total_energy_joules": 41163.081425674725,
    "final_emissions": 0.00435585440808633
  }
}