{
  "experiment_id": "0539",
  "local_process_results": {
    "cpu_power": {
      "process_2": 112.5,
      "process_3": 112.5,
      "process_1": 112.5,
      "process_0": 112.5
    },
    "gpu_power": {
      "process_2": 160.46916821177894,
      "process_3": 1136.8989648923114,
      "process_1": 527.0199076185828,
      "process_0": 692.0215090670217
    },
    "ram_power": {
      "process_2": 0.7327408790588379,
      "process_3": 0.7321887016296387,
      "process_1": 0.7245655059814453,
      "process_0": 0.6888785362243652
    },
    "cpu_energy": {
      "process_2": 0.0013367216846818337,
      "process_3": 0.001247359468066861,
      "process_1": 0.0013291147654417728,
      "process_0": 0.0013513998140861076
    },
    "gpu_energy": {
      "process_2": 0.01056181178277349,
      "process_3": 0.010179263698960384,
      "process_1": 0.010801280585463147,
      "process_0": 0.010624359332815914
    },
    "ram_energy": {
      "process_2": 7.989702130439573e-06,
      "process_3": 7.566117882398778e-06,
      "process_1": 8.18040006944602e-06,
      "process_0": 7.568944402013902e-06
    },
    "total_energy_kwh": {
      "process_2": 0.011906523169585757,
      "process_3": 0.011434189284909645,
      "process_1": 0.012138575750974363,
      "process_0": 0.011983328091304037
    },
    "total_energy_joules": {
      "process_2": 42863.48341050873,
      "process_3": 41163.081425674725,
      "process_1": 43698.87270350771,
      "process_0": 43139.98112869453
    }
  },
  "global_experiment_results": {
    "cpu_power_avg": 112.5,
    "gpu_power_avg": 629.1023874474237,
    "ram_power_avg": 0.7195934057235718,
    "cpu_energy_total": 0.005264595732276575,
    "gpu_energy_total": 0.04216671540001293,
    "ram_energy_total": 3.130516448429827e-05,
    "total_energy_kwh": 0.0474626162967738,
    "total_energy_joules": 170865.4186683857
  },
  "global_derived_quantities": {
    "tokens_per_joule": 0.09588833204334893,
    "joules_per_token": 10.428797526146589,
    "flops_per_joule": 308070425.9474795,
    "joules_per_flop": 3.2460110279150332e-09
  },
  "per-process_emissions": [
    0.004535790001453694,
    0.00435585440808633,
    0.004624190432333684,
    0.004565048836382273
  ]
}