{
  "process_id": 3989408,
  "local_process_index": 2,
  "energy_results": {
    "cpu_power": 112.5,
    "gpu_power": 160.46916821177894,
    "ram_power": 0.7327408790588379,
    "cpu_energy": 0.0013367216846818337,
    "gpu_energy": 0.01056181178277349,
    "ram_energy": 7.989702130439573e-06,
    "total_energy_kwh": 0.011906523169585757,
    "total_energy_joules": 42863.48341050873,
    "final_emissions": 0.004535790001453694
  }
}