{
  "process_id": 3962229,
  "local_process_index": 0,
  "energy_results": {
    "cpu_power": 112.5,
    "gpu_power": 0.0,
    "ram_power": 0.6833868026733398,
    "cpu_energy": 0.0011018556644357882,
    "gpu_energy": 0.010397471095744848,
    "ram_energy": 7.1339990661598084e-06,
    "total_energy_kwh": 0.011506460759246792,
    "total_energy_joules": 41423.25873328845,
    "final_emissions": 0.004383386226235066
  }
}