{
  "experiment_id": "0524",
  "local_process_results": {
    "cpu_power": {
      "process_1": 112.5,
      "process_2": 112.5,
      "process_0": 112.5,
      "process_3": 112.5
    },
    "gpu_power": {
      "process_1": 1048.7557154452024,
      "process_2": 0.0,
      "process_0": 0.0,
      "process_3": 540.4381021688247
    },
    "ram_power": {
      "process_1": 0.726222038269043,
      "process_2": 0.7110228538513184,
      "process_0": 0.6833868026733398,
      "process_3": 0.727778434753418
    },
    "cpu_energy": {
      "process_1": 0.0011863566898427966,
      "process_2": 0.0011028107713482312,
      "process_0": 0.0011018556644357882,
      "process_3": 0.001266118599227411
    },
    "gpu_energy": {
      "process_1": 0.010401356932190353,
      "process_2": 0.01039897054138983,
      "process_0": 0.010397471095744848,
      "process_3": 0.010410047772477782
    },
    "ram_energy": {
      "process_1": 7.52168300047546e-06,
      "process_2": 7.401157951722442e-06,
      "process_0": 7.1339990661598084e-06,
      "process_3": 7.5455120985544945e-06
    },
    "total_energy_kwh": {
      "process_1": 0.011595235305033624,
      "process_2": 0.011509182470689782,
      "process_0": 0.011506460759246792,
      "process_3": 0.011683711883803743
    },
    "total_energy_joules": {
      "process_1": 41742.84709812105,
      "process_2": 41433.05689448321,
      "process_0": 41423.25873328845,
      "process_3": 42061.362781693475
    }
  },
  "global_experiment_results": {
    "cpu_power_avg": 112.5,
    "gpu_power_avg": 397.29845440350675,
    "ram_power_avg": 0.7121025323867798,
    "cpu_energy_total": 0.004657141724854227,
    "gpu_energy_total": 0.04160784634180281,
    "ram_energy_total": 2.9602352116912205e-05,
    "total_energy_kwh": 0.04629459041877394,
    "total_energy_joules": 166660.5255075862
  },
  "global_derived_quantities": {
    "tokens_per_joule": 0.09830762233648555,
    "joules_per_token": 10.172151215062634,
    "flops_per_joule": 315843131.71068186,
    "joules_per_flop": 3.166128687313101e-09
  },
  "per-process_emissions": [
    0.0044172048894525594,
    0.004384423062209273,
    0.004383386226235066,
    0.004450910042135036
  ]
}