{
  "process_id": 3962231,
  "local_process_index": 2,
  "energy_results": {
    "cpu_power": 112.5,
    "gpu_power": 0.0,
    "ram_power": 0.7110228538513184,
    "cpu_energy": 0.0011028107713482312,
    "gpu_energy": 0.01039897054138983,
    "ram_energy": 7.401157951722442e-06,
    "total_energy_kwh": 0.011509182470689782,
    "total_energy_joules": 41433.05689448321,
    "final_emissions": 0.004384423062209273
  }
}