{
  "process_id": 3962230,
  "local_process_index": 1,
  "energy_results": {
    "cpu_power": 112.5,
    "gpu_power": 1048.7557154452024,
    "ram_power": 0.726222038269043,
    "cpu_energy": 0.0011863566898427966,
    "gpu_energy": 0.010401356932190353,
    "ram_energy": 7.52168300047546e-06,
    "total_energy_kwh": 0.011595235305033624,
    "total_energy_joules": 41742.84709812105,
    "final_emissions": 0.0044172048894525594
  }
}