{
  "process_id": 3962232,
  "local_process_index": 3,
  "energy_results": {
    "cpu_power": 112.5,
    "gpu_power": 540.4381021688247,
    "ram_power": 0.727778434753418,
    "cpu_energy": 0.001266118599227411,
    "gpu_energy": 0.010410047772477782,
    "ram_energy": 7.5455120985544945e-06,
    "total_energy_kwh": 0.011683711883803743,
    "total_energy_joules": 42061.362781693475,
    "final_emissions": 0.004450910042135036
  }
}