{
  "process_id": 4000366,
  "local_process_index": 3,
  "energy_results": {
    "cpu_power": 112.5,
    "gpu_power": 837.3912362590992,
    "ram_power": 0.7229347229003906,
    "cpu_energy": 0.0011946314909655486,
    "gpu_energy": 0.010016660791096754,
    "ram_energy": 6.965031600717199e-06,
    "total_energy_kwh": 0.011218257313663025,
    "total_energy_joules": 40385.72632918689,
    "final_emissions": 0.00427359512363993
  }
}