{
  "process_id": 4000365,
  "local_process_index": 2,
  "energy_results": {
    "cpu_power": 112.5,
    "gpu_power": 963.0336101289349,
    "ram_power": 0.7309398651123047,
    "cpu_energy": 0.001172462823007663,
    "gpu_energy": 0.009934432669762572,
    "ram_energy": 7.682259572644824e-06,
    "total_energy_kwh": 0.011114577752342886,
    "total_energy_joules": 40012.47990843439,
    "final_emissions": 0.0042340983947550224
  }
}