{
  "experiment_id": "0544",
  "local_process_results": {
    "cpu_power": {
      "process_0": 112.5,
      "process_2": 112.5,
      "process_3": 112.5,
      "process_1": 112.5
    },
    "gpu_power": {
      "process_0": 736.4443213999763,
      "process_2": 963.0336101289349,
      "process_3": 837.3912362590992,
      "process_1": 847.3925372282431
    },
    "ram_power": {
      "process_0": 0.6859216690063477,
      "process_2": 0.7309398651123047,
      "process_3": 0.7229347229003906,
      "process_1": 0.7298240661621095
    },
    "cpu_energy": {
      "process_0": 0.0015149779264720567,
      "process_2": 0.001172462823007663,
      "process_3": 0.0011946314909655486,
      "process_1": 0.0011347437871609143
    },
    "gpu_energy": {
      "process_0": 0.011507629206096937,
      "process_2": 0.009934432669762572,
      "process_3": 0.010016660791096754,
      "process_1": 0.009999849110984727
    },
    "ram_energy": {
      "process_0": 8.764714156277778e-06,
      "process_2": 7.682259572644824e-06,
      "process_3": 6.965031600717199e-06,
      "process_1": 7.399920626769229e-06
    },
    "total_energy_kwh": {
      "process_0": 0.013031371846725277,
      "process_2": 0.011114577752342886,
      "process_3": 0.011218257313663025,
      "process_1": 0.011141992818772407
    },
    "total_energy_joules": {
      "process_0": 46912.938648211,
      "process_2": 40012.47990843439,
      "process_3": 40385.72632918689,
      "process_1": 40111.17414758066
    }
  },
  "global_experiment_results": {
    "cpu_power_avg": 112.5,
    "gpu_power_avg": 846.0654262540634,
    "ram_power_avg": 0.7174050807952881,
    "cpu_energy_total": 0.005016816027606182,
    "gpu_energy_total": 0.04145857177794099,
    "ram_energy_total": 3.081192595640903e-05,
    "total_energy_kwh": 0.0465061997315036,
    "total_energy_joules": 167422.31903341296
  },
  "global_derived_quantities": {
    "tokens_per_joule": 0.09786030975195247,
    "joules_per_token": 10.218647401941709,
    "flops_per_joule": 0.0,
    "joules_per_flop": 0
  },
  "per-process_emissions": [
    0.004964301105009995,
    0.0042340983947550224,
    0.00427359512363993,
    0.004244542164311349
  ]
}