{
  "process_id": 4000364,
  "local_process_index": 1,
  "energy_results": {
    "cpu_power": 112.5,
    "gpu_power": 847.3925372282431,
    "ram_power": 0.7298240661621095,
    "cpu_energy": 0.0011347437871609143,
    "gpu_energy": 0.009999849110984727,
    "ram_energy": 7.399920626769229e-06,
    "total_energy_kwh": 0.011141992818772407,
    "total_energy_joules": 40111.17414758066,
    "final_emissions": 0.004244542164311349
  }
}