{
  "process_id": 4000363,
  "local_process_index": 0,
  "energy_results": {
    "cpu_power": 112.5,
    "gpu_power": 736.4443213999763,
    "ram_power": 0.6859216690063477,
    "cpu_energy": 0.0015149779264720567,
    "gpu_energy": 0.011507629206096937,
    "ram_energy": 8.764714156277778e-06,
    "total_energy_kwh": 0.013031371846725277,
    "total_energy_joules": 46912.938648211,
    "final_emissions": 0.004964301105009995
  }
}