{
  "process_id": 2996090,
  "local_process_index": 0,
  "energy_results": {
    "cpu_power": 112.5,
    "gpu_power": 1048.8572852327209,
    "ram_power": 0.6821107864379883,
    "cpu_energy": 0.0012494070634093077,
    "gpu_energy": 0.010355557173326702,
    "ram_energy": 6.133749639347796e-06,
    "total_energy_kwh": 0.01161109798637536,
    "total_energy_joules": 41799.9527509513,
    "final_emissions": 0.004423247777909694
  }
}