{
  "experiment_id": "0097",
  "local_process_results": {
    "cpu_power": {
      "process_1": 112.5,
      "process_0": 112.5,
      "process_2": 112.5,
      "process_3": 112.5
    },
    "gpu_power": {
      "process_1": 579.1189796306513,
      "process_0": 1048.8572852327209,
      "process_2": 844.1465891527566,
      "process_3": 623.9982830976793
    },
    "ram_power": {
      "process_1": 0.7085366249084473,
      "process_0": 0.6821107864379883,
      "process_2": 0.7251362800598145,
      "process_3": 0.7249574661254883
    },
    "cpu_energy": {
      "process_1": 0.0012783374489081325,
      "process_0": 0.0012494070634093077,
      "process_2": 0.0012495803097244793,
      "process_3": 0.0012812260696300655
    },
    "gpu_energy": {
      "process_1": 0.010524677308623609,
      "process_0": 0.010355557173326702,
      "process_2": 0.010353131615831401,
      "process_3": 0.010524677308623609
    },
    "ram_energy": {
      "process_1": 6.550938446972068e-06,
      "process_0": 6.133749639347796e-06,
      "process_2": 6.592293386035885e-06,
      "process_3": 6.777331526260573e-06
    },
    "total_energy_kwh": {
      "process_1": 0.011809565695978717,
      "process_0": 0.01161109798637536,
      "process_2": 0.011609304218941916,
      "process_3": 0.011812680709779932
    },
    "total_energy_joules": {
      "process_1": 42514.43650552338,
      "process_0": 41799.9527509513,
      "process_2": 41793.4951881909,
      "process_3": 42525.65055520776
    }
  },
  "global_experiment_results": {
    "cpu_power_avg": 112.5,
    "gpu_power_avg": 774.0302842784521,
    "ram_power_avg": 0.7101852893829346,
    "cpu_energy_total": 0.005058550891671985,
    "gpu_energy_total": 0.04175804340640532,
    "ram_energy_total": 2.6054312998616322e-05,
    "total_energy_kwh": 0.04684264861107593,
    "total_energy_joules": 168633.5349998733
  },
  "global_derived_quantities": {
    "tokens_per_joule": 0.09715742482663552,
    "joules_per_token": 10.292574157707111,
    "flops_per_joule": 312147772.43982667,
    "joules_per_flop": 3.203610880140982e-09
  },
  "per-process_emissions": [
    0.0044988540518830925,
    0.004423247777909694,
    0.004422564442205923,
    0.004500040716390665
  ]
}