{
  "process_id": 2996091,
  "local_process_index": 1,
  "energy_results": {
    "cpu_power": 112.5,
    "gpu_power": 579.1189796306513,
    "ram_power": 0.7085366249084473,
    "cpu_energy": 0.0012783374489081325,
    "gpu_energy": 0.010524677308623609,
    "ram_energy": 6.550938446972068e-06,
    "total_energy_kwh": 0.011809565695978717,
    "total_energy_joules": 42514.43650552338,
    "final_emissions": 0.0044988540518830925
  }
}