{
  "process_id": 2996092,
  "local_process_index": 2,
  "energy_results": {
    "cpu_power": 112.5,
    "gpu_power": 844.1465891527566,
    "ram_power": 0.7251362800598145,
    "cpu_energy": 0.0012495803097244793,
    "gpu_energy": 0.010353131615831401,
    "ram_energy": 6.592293386035885e-06,
    "total_energy_kwh": 0.011609304218941916,
    "total_energy_joules": 41793.4951881909,
    "final_emissions": 0.004422564442205923
  }
}