{
  "process_id": 2996093,
  "local_process_index": 3,
  "energy_results": {
    "cpu_power": 112.5,
    "gpu_power": 623.9982830976793,
    "ram_power": 0.7249574661254883,
    "cpu_energy": 0.0012812260696300655,
    "gpu_energy": 0.010524677308623609,
    "ram_energy": 6.777331526260573e-06,
    "total_energy_kwh": 0.011812680709779932,
    "total_energy_joules": 42525.65055520776,
    "final_emissions": 0.004500040716390665
  }
}