{
  "process_id": 2822275,
  "local_process_index": 2,
  "energy_results": {
    "cpu_power": 112.5,
    "gpu_power": 833.2980426809054,
    "ram_power": 0.7228331565856934,
    "cpu_energy": 0.0013585005336608446,
    "gpu_energy": 0.010583440411189748,
    "ram_energy": 7.31350135975133e-06,
    "total_energy_kwh": 0.011949254446210346,
    "total_energy_joules": 43017.31600635724,
    "final_emissions": 0.004552068481283832
  }
}