{
  "process_id": 2822274,
  "local_process_index": 1,
  "energy_results": {
    "cpu_power": 112.5,
    "gpu_power": 1065.2552787415539,
    "ram_power": 0.7228288650512695,
    "cpu_energy": 0.0013482418976454933,
    "gpu_energy": 0.0105210936946456,
    "ram_energy": 7.283244263197174e-06,
    "total_energy_kwh": 0.011876618836554288,
    "total_energy_joules": 42755.82781159544,
    "final_emissions": 0.004524397945785356
  }
}