{
  "process_id": 2822276,
  "local_process_index": 3,
  "energy_results": {
    "cpu_power": 112.5,
    "gpu_power": 887.5562286203633,
    "ram_power": 0.7303948402404785,
    "cpu_energy": 0.0013548043455029984,
    "gpu_energy": 0.010566939842434842,
    "ram_energy": 7.356983736081901e-06,
    "total_energy_kwh": 0.011929101171673924,
    "total_energy_joules": 42944.764218026125,
    "final_emissions": 0.004544391091349182
  }
}