{
  "experiment_id": "0058",
  "local_process_results": {
    "cpu_power": {
      "process_1": 112.5,
      "process_0": 112.5,
      "process_3": 112.5,
      "process_2": 112.5
    },
    "gpu_power": {
      "process_1": 1065.2552787415539,
      "process_0": 18.00980226686562,
      "process_3": 887.5562286203633,
      "process_2": 833.2980426809054
    },
    "ram_power": {
      "process_1": 0.7228288650512695,
      "process_0": 0.679419994354248,
      "process_3": 0.7303948402404785,
      "process_2": 0.7228331565856934
    },
    "cpu_energy": {
      "process_1": 0.0013482418976454933,
      "process_0": 0.0013998028109090232,
      "process_3": 0.0013548043455029984,
      "process_2": 0.0013585005336608446
    },
    "gpu_energy": {
      "process_1": 0.0105210936946456,
      "process_0": 0.010612640156772102,
      "process_3": 0.010566939842434842,
      "process_2": 0.010583440411189748
    },
    "ram_energy": {
      "process_1": 7.283244263197174e-06,
      "process_0": 7.172676868044327e-06,
      "process_3": 7.356983736081901e-06,
      "process_2": 7.31350135975133e-06
    },
    "total_energy_kwh": {
      "process_1": 0.011876618836554288,
      "process_0": 0.012019615644549167,
      "process_3": 0.011929101171673924,
      "process_2": 0.011949254446210346
    },
    "total_energy_joules": {
      "process_1": 42755.82781159544,
      "process_0": 43270.616320377,
      "process_3": 42944.764218026125,
      "process_2": 43017.31600635724
    }
  },
  "global_experiment_results": {
    "cpu_power_avg": 112.5,
    "gpu_power_avg": 701.029838077422,
    "ram_power_avg": 0.7138692140579224,
    "cpu_energy_total": 0.005461349587718359,
    "gpu_energy_total": 0.04228411410504229,
    "ram_energy_total": 2.912640622707473e-05,
    "total_energy_kwh": 0.047774590098987726,
    "total_energy_joules": 171988.52435635583
  },
  "global_derived_quantities": {
    "tokens_per_joule": 0.09526216973670157,
    "joules_per_token": 10.497346457297109,
    "flops_per_joule": 306058689.123922,
    "joules_per_flop": 3.2673471969132815e-09
  },
  "per-process_emissions": [
    0.004524397945785356,
    0.0045788725797910055,
    0.004544391091349182,
    0.004552068481283832
  ]
}