{
  "process_id": 2822273,
  "local_process_index": 0,
  "energy_results": {
    "cpu_power": 112.5,
    "gpu_power": 18.00980226686562,
    "ram_power": 0.679419994354248,
    "cpu_energy": 0.0013998028109090232,
    "gpu_energy": 0.010612640156772102,
    "ram_energy": 7.172676868044327e-06,
    "total_energy_kwh": 0.012019615644549167,
    "total_energy_joules": 43270.616320377,
    "final_emissions": 0.0045788725797910055
  }
}