{
  "process_id": 3118186,
  "local_process_index": 2,
  "energy_results": {
    "cpu_power": 112.5,
    "gpu_power": 976.1669367050345,
    "ram_power": 0.7261762619018555,
    "cpu_energy": 0.0012812100374703732,
    "gpu_energy": 0.01062312877627214,
    "ram_energy": 6.731305277863696e-06,
    "total_energy_kwh": 0.011911070119020376,
    "total_energy_joules": 42879.85242847336,
    "final_emissions": 0.004537522161840812
  }
}