{
  "process_id": 3118187,
  "local_process_index": 3,
  "energy_results": {
    "cpu_power": 112.5,
    "gpu_power": 927.9568436722604,
    "ram_power": 0.7264208793640137,
    "cpu_energy": 0.0012824413647122123,
    "gpu_energy": 0.010615970159434163,
    "ram_energy": 6.818297912922302e-06,
    "total_energy_kwh": 0.011905229822059299,
    "total_energy_joules": 42858.82735941347,
    "final_emissions": 0.00453529730071349
  }
}