{
  "process_id": 3118185,
  "local_process_index": 1,
  "energy_results": {
    "cpu_power": 112.5,
    "gpu_power": 693.9615068356761,
    "ram_power": 0.726189136505127,
    "cpu_energy": 0.0012946022019132216,
    "gpu_energy": 0.010664347698138066,
    "ram_energy": 6.94005311137499e-06,
    "total_energy_kwh": 0.011965889953162667,
    "total_energy_joules": 43077.2038313856,
    "final_emissions": 0.0045584057776573185
  }
}