{
  "process_id": 3118184,
  "local_process_index": 0,
  "energy_results": {
    "cpu_power": 112.5,
    "gpu_power": 904.7414371451245,
    "ram_power": 0.6822538375854492,
    "cpu_energy": 0.0012853826239661431,
    "gpu_energy": 0.01063388378487673,
    "ram_energy": 6.43730146533502e-06,
    "total_energy_kwh": 0.011925703710308209,
    "total_energy_joules": 42932.533357109554,
    "final_emissions": 0.004543096828441912
  }
}