{
  "experiment_id": "0168",
  "local_process_results": {
    "cpu_power": {
      "process_1": 112.5,
      "process_3": 112.5,
      "process_2": 112.5,
      "process_0": 112.5
    },
    "gpu_power": {
      "process_1": 693.9615068356761,
      "process_3": 927.9568436722604,
      "process_2": 976.1669367050345,
      "process_0": 904.7414371451245
    },
    "ram_power": {
      "process_1": 0.726189136505127,
      "process_3": 0.7264208793640137,
      "process_2": 0.7261762619018555,
      "process_0": 0.6822538375854492
    },
    "cpu_energy": {
      "process_1": 0.0012946022019132216,
      "process_3": 0.0012824413647122123,
      "process_2": 0.0012812100374703732,
      "process_0": 0.0012853826239661431
    },
    "gpu_energy": {
      "process_1": 0.010664347698138066,
      "process_3": 0.010615970159434163,
      "process_2": 0.01062312877627214,
      "process_0": 0.01063388378487673
    },
    "ram_energy": {
      "process_1": 6.94005311137499e-06,
      "process_3": 6.818297912922302e-06,
      "process_2": 6.731305277863696e-06,
      "process_0": 6.43730146533502e-06
    },
    "total_energy_kwh": {
      "process_1": 0.011965889953162667,
      "process_3": 0.011905229822059299,
      "process_2": 0.011911070119020376,
      "process_0": 0.011925703710308209
    },
    "total_energy_joules": {
      "process_1": 43077.2038313856,
      "process_3": 42858.82735941347,
      "process_2": 42879.85242847336,
      "process_0": 42932.533357109554
    }
  },
  "global_experiment_results": {
    "cpu_power_avg": 112.5,
    "gpu_power_avg": 875.7066810895238,
    "ram_power_avg": 0.7152600288391113,
    "cpu_energy_total": 0.0051436362280619504,
    "gpu_energy_total": 0.0425373304187211,
    "ram_energy_total": 2.692695776749601e-05,
    "total_energy_kwh": 0.04770789360455055,
    "total_energy_joules": 171748.416976382
  },
  "global_derived_quantities": {
    "tokens_per_joule": 0.09539534796558298,
    "joules_per_token": 10.482691465843628,
    "flops_per_joule": 306486564.68317026,
    "joules_per_flop": 3.262785763655733e-09
  },
  "per-process_emissions": [
    0.0045584057776573185,
    0.00453529730071349,
    0.004537522161840812,
    0.004543096828441912
  ]
}