{
  "process_id": 2971426,
  "local_process_index": 2,
  "energy_results": {
    "cpu_power": 112.5,
    "gpu_power": 598.9866448321832,
    "ram_power": 0.7305178642272949,
    "cpu_energy": 0.00126584782590362,
    "gpu_energy": 0.010460898646488914,
    "ram_energy": 6.9387930314464e-06,
    "total_energy_kwh": 0.011733685265423982,
    "total_energy_joules": 42241.266955526335,
    "final_emissions": 0.004469947401863266
  }
}