{
  "process_id": 2971424,
  "local_process_index": 0,
  "energy_results": {
    "cpu_power": 112.5,
    "gpu_power": 859.8496677137505,
    "ram_power": 0.6822080612182617,
    "cpu_energy": 0.0012477153175314017,
    "gpu_energy": 0.010385267197095871,
    "ram_energy": 6.270051138728531e-06,
    "total_energy_kwh": 0.011639252565766,
    "total_energy_joules": 41901.309236757595,
    "final_emissions": 0.004433973264928557
  }
}