{
  "process_id": 2971427,
  "local_process_index": 3,
  "energy_results": {
    "cpu_power": 112.5,
    "gpu_power": 836.8079946776552,
    "ram_power": 0.7291903495788574,
    "cpu_energy": 0.0012516344280938936,
    "gpu_energy": 0.010403906378675387,
    "ram_energy": 6.750494827379452e-06,
    "total_energy_kwh": 0.011662291301596659,
    "total_energy_joules": 41984.248685747974,
    "final_emissions": 0.004442749871343248
  }
}