{
  "experiment_id": "0082",
  "local_process_results": {
    "cpu_power": {
      "process_3": 112.5,
      "process_1": 112.5,
      "process_0": 112.5,
      "process_2": 112.5
    },
    "gpu_power": {
      "process_3": 836.8079946776552,
      "process_1": 1050.255625263813,
      "process_0": 859.8496677137505,
      "process_2": 598.9866448321832
    },
    "ram_power": {
      "process_3": 0.7291903495788574,
      "process_1": 0.7292819023132324,
      "process_0": 0.6822080612182617,
      "process_2": 0.7305178642272949
    },
    "cpu_energy": {
      "process_3": 0.0012516344280938936,
      "process_1": 0.0012462575460122026,
      "process_0": 0.0012477153175314017,
      "process_2": 0.00126584782590362
    },
    "gpu_energy": {
      "process_3": 0.010403906378675387,
      "process_1": 0.01037123440809129,
      "process_0": 0.010385267197095871,
      "process_2": 0.010460898646488914
    },
    "ram_energy": {
      "process_3": 6.750494827379452e-06,
      "process_1": 6.754925135376106e-06,
      "process_0": 6.270051138728531e-06,
      "process_2": 6.9387930314464e-06
    },
    "total_energy_kwh": {
      "process_3": 0.011662291301596659,
      "process_1": 0.011624246879238869,
      "process_0": 0.011639252565766,
      "process_2": 0.011733685265423982
    },
    "total_energy_joules": {
      "process_3": 41984.248685747974,
      "process_1": 41847.28876525993,
      "process_0": 41901.309236757595,
      "process_2": 42241.266955526335
    }
  },
  "global_experiment_results": {
    "cpu_power_avg": 112.5,
    "gpu_power_avg": 836.4749831218504,
    "ram_power_avg": 0.7177995443344116,
    "cpu_energy_total": 0.005011455117541118,
    "gpu_energy_total": 0.04162130663035146,
    "ram_energy_total": 2.671426413293049e-05,
    "total_energy_kwh": 0.04665947601202551,
    "total_energy_joules": 167974.11364329184
  },
  "global_derived_quantities": {
    "tokens_per_joule": 0.0975388388403281,
    "joules_per_token": 10.252326272173574,
    "flops_per_joule": 313373180.94528997,
    "joules_per_flop": 3.1910835413021007e-09
  },
  "per-process_emissions": [
    0.004442749871343248,
    0.004428256848646047,
    0.004433973264928557,
    0.004469947401863266
  ]
}