{
  "process_id": 2971425,
  "local_process_index": 1,
  "energy_results": {
    "cpu_power": 112.5,
    "gpu_power": 1050.255625263813,
    "ram_power": 0.7292819023132324,
    "cpu_energy": 0.0012462575460122026,
    "gpu_energy": 0.01037123440809129,
    "ram_energy": 6.754925135376106e-06,
    "total_energy_kwh": 0.011624246879238869,
    "total_energy_joules": 41847.28876525993,
    "final_emissions": 0.004428256848646047
  }
}