{
  "process_id": 2791678,
  "local_process_index": 0,
  "energy_results": {
    "cpu_power": 112.5,
    "gpu_power": 1023.8263905232654,
    "ram_power": 0.6891202926635742,
    "cpu_energy": 0.0011802669167245766,
    "gpu_energy": 0.010301386852216154,
    "ram_energy": 6.28416453153066e-06,
    "total_energy_kwh": 0.011487937933472263,
    "total_energy_joules": 41356.57656050015,
    "final_emissions": 0.004376329955756259
  }
}