{
  "process_id": 2791681,
  "local_process_index": 3,
  "energy_results": {
    "cpu_power": 112.5,
    "gpu_power": 642.1051292170947,
    "ram_power": 0.7338852882385254,
    "cpu_energy": 0.0011914123983078754,
    "gpu_energy": 0.010363079401569664,
    "ram_energy": 6.746900902794489e-06,
    "total_energy_kwh": 0.011561238700780335,
    "total_energy_joules": 41620.459322809205,
    "final_emissions": 0.004404253883062269
  }
}