{
  "process_id": 2791680,
  "local_process_index": 2,
  "energy_results": {
    "cpu_power": 112.5,
    "gpu_power": 903.7020022563058,
    "ram_power": 0.710273265838623,
    "cpu_energy": 0.0011812041724006126,
    "gpu_energy": 0.010320363256284715,
    "ram_energy": 6.4692072462323175e-06,
    "total_energy_kwh": 0.011508036635931558,
    "total_energy_joules": 41428.93188935361,
    "final_emissions": 0.004383986556458127
  }
}