{
  "process_id": 2791679,
  "local_process_index": 1,
  "energy_results": {
    "cpu_power": 112.5,
    "gpu_power": 828.7596351346994,
    "ram_power": 0.7255854606628418,
    "cpu_energy": 0.0011811178200059659,
    "gpu_energy": 0.010328109095815385,
    "ram_energy": 6.636080926115998e-06,
    "total_energy_kwh": 0.011515862996747471,
    "total_energy_joules": 41457.1067882909,
    "final_emissions": 0.004386968008610949
  }
}