{
  "experiment_id": "0039",
  "local_process_results": {
    "cpu_power": {
      "process_3": 112.5,
      "process_1": 112.5,
      "process_2": 112.5,
      "process_0": 112.5
    },
    "gpu_power": {
      "process_3": 642.1051292170947,
      "process_1": 828.7596351346994,
      "process_2": 903.7020022563058,
      "process_0": 1023.8263905232654
    },
    "ram_power": {
      "process_3": 0.7338852882385254,
      "process_1": 0.7255854606628418,
      "process_2": 0.710273265838623,
      "process_0": 0.6891202926635742
    },
    "cpu_energy": {
      "process_3": 0.0011914123983078754,
      "process_1": 0.0011811178200059659,
      "process_2": 0.0011812041724006126,
      "process_0": 0.0011802669167245766
    },
    "gpu_energy": {
      "process_3": 0.010363079401569664,
      "process_1": 0.010328109095815385,
      "process_2": 0.010320363256284715,
      "process_0": 0.010301386852216154
    },
    "ram_energy": {
      "process_3": 6.746900902794489e-06,
      "process_1": 6.636080926115998e-06,
      "process_2": 6.4692072462323175e-06,
      "process_0": 6.28416453153066e-06
    },
    "total_energy_kwh": {
      "process_3": 0.011561238700780335,
      "process_1": 0.011515862996747471,
      "process_2": 0.011508036635931558,
      "process_0": 0.011487937933472263
    },
    "total_energy_joules": {
      "process_3": 41620.459322809205,
      "process_1": 41457.1067882909,
      "process_2": 41428.93188935361,
      "process_0": 41356.57656050015
    }
  },
  "global_experiment_results": {
    "cpu_power_avg": 112.5,
    "gpu_power_avg": 849.5982892828413,
    "ram_power_avg": 0.7147160768508911,
    "cpu_energy_total": 0.004734001307439031,
    "gpu_energy_total": 0.04131293860588592,
    "ram_energy_total": 2.6136353606673465e-05,
    "total_energy_kwh": 0.04607307626693163,
    "total_energy_joules": 165863.0745609539
  },
  "global_derived_quantities": {
    "tokens_per_joule": 0.09878027429172584,
    "joules_per_token": 10.12347867193322,
    "flops_per_joule": 317361669.8484603,
    "joules_per_flop": 3.150979135185098e-09
  },
  "per-process_emissions": [
    0.004404253883062269,
    0.004386968008610949,
    0.004383986556458127,
    0.004376329955756259
  ]
}