{
  "process_id": 4004148,
  "local_process_index": 1,
  "energy_results": {
    "cpu_power": 112.5,
    "gpu_power": 177.43134316590528,
    "ram_power": 0.732297420501709,
    "cpu_energy": 0.0011548348905289457,
    "gpu_energy": 0.01025499987065892,
    "ram_energy": 7.245728168491428e-06,
    "total_energy_kwh": 0.011417080489356359,
    "total_energy_joules": 41101.48976168289,
    "final_emissions": 0.004349336812420305
  }
}