{
  "process_id": 4004147,
  "local_process_index": 0,
  "energy_results": {
    "cpu_power": 112.5,
    "gpu_power": 182.18571356345646,
    "ram_power": 0.6890101432800293,
    "cpu_energy": 0.0012193929065215342,
    "gpu_energy": 0.010258587929085294,
    "ram_energy": 6.820965739832449e-06,
    "total_energy_kwh": 0.011484801801346662,
    "total_energy_joules": 41345.28648484798,
    "final_emissions": 0.004375135246223011
  }
}