{
  "process_id": 4004149,
  "local_process_index": 2,
  "energy_results": {
    "cpu_power": 112.5,
    "gpu_power": 185.9694961843353,
    "ram_power": 0.7325735092163086,
    "cpu_energy": 0.0012494641929642965,
    "gpu_energy": 0.010257484317090615,
    "ram_energy": 7.413799714632471e-06,
    "total_energy_kwh": 0.011514362309769547,
    "total_energy_joules": 41451.70431517037,
    "final_emissions": 0.0043863963219067095
  }
}