{
  "experiment_id": "0546",
  "local_process_results": {
    "cpu_power": {
      "process_3": 112.5,
      "process_1": 112.5,
      "process_2": 112.5,
      "process_0": 112.5
    },
    "gpu_power": {
      "process_3": 155.15156203294524,
      "process_1": 177.43134316590528,
      "process_2": 185.9694961843353,
      "process_0": 182.18571356345646
    },
    "ram_power": {
      "process_3": 0.7093477249145509,
      "process_1": 0.732297420501709,
      "process_2": 0.7325735092163086,
      "process_0": 0.6890101432800293
    },
    "cpu_energy": {
      "process_3": 0.0012259252512230884,
      "process_1": 0.0011548348905289457,
      "process_2": 0.0012494641929642965,
      "process_0": 0.0012193929065215342
    },
    "gpu_energy": {
      "process_3": 0.010258587929085294,
      "process_1": 0.01025499987065892,
      "process_2": 0.010257484317090615,
      "process_0": 0.010258587929085294
    },
    "ram_energy": {
      "process_3": 7.427388168596528e-06,
      "process_1": 7.245728168491428e-06,
      "process_2": 7.413799714632471e-06,
      "process_0": 6.820965739832449e-06
    },
    "total_energy_kwh": {
      "process_3": 0.01149194056847698,
      "process_1": 0.011417080489356359,
      "process_2": 0.011514362309769547,
      "process_0": 0.011484801801346662
    },
    "total_energy_joules": {
      "process_3": 41370.98604651713,
      "process_1": 41101.48976168289,
      "process_2": 41451.70431517037,
      "process_0": 41345.28648484798
    }
  },
  "global_experiment_results": {
    "cpu_power_avg": 112.5,
    "gpu_power_avg": 175.18452873666058,
    "ram_power_avg": 0.7158071994781494,
    "cpu_energy_total": 0.004849617241237865,
    "gpu_energy_total": 0.041029660045920124,
    "ram_energy_total": 2.8907881791552875e-05,
    "total_energy_kwh": 0.04590818516894954,
    "total_energy_joules": 165269.46660821838
  },
  "global_derived_quantities": {
    "tokens_per_joule": 0.09913506914643404,
    "joules_per_token": 10.087247717786767,
    "flops_per_joule": 318501556.2109065,
    "joules_per_flop": 3.139702084651092e-09
  },
  "per-process_emissions": [
    0.004377854759561306,
    0.004349336812420305,
    0.0043863963219067095,
    0.004375135246223011
  ]
}