{
  "process_id": 4004150,
  "local_process_index": 3,
  "energy_results": {
    "cpu_power": 112.5,
    "gpu_power": 155.15156203294524,
    "ram_power": 0.7093477249145509,
    "cpu_energy": 0.0012259252512230884,
    "gpu_energy": 0.010258587929085294,
    "ram_energy": 7.427388168596528e-06,
    "total_energy_kwh": 0.01149194056847698,
    "total_energy_joules": 41370.98604651713,
    "final_emissions": 0.004377854759561306
  }
}