{
  "process_id": 3067123,
  "local_process_index": 2,
  "energy_results": {
    "cpu_power": 112.5,
    "gpu_power": 1141.4505154358462,
    "ram_power": 0.7261776924133301,
    "cpu_energy": 0.0012443201542191675,
    "gpu_energy": 0.010530568980004595,
    "ram_energy": 6.553023025926316e-06,
    "total_energy_kwh": 0.011781442157249683,
    "total_energy_joules": 42413.19176609886,
    "final_emissions": 0.004488140389804267
  }
}