{
  "process_id": 3067122,
  "local_process_index": 1,
  "energy_results": {
    "cpu_power": 112.5,
    "gpu_power": 924.7688889655263,
    "ram_power": 0.7266769409179688,
    "cpu_energy": 0.0012485635003376958,
    "gpu_energy": 0.010537621207867609,
    "ram_energy": 6.6809738750120756e-06,
    "total_energy_kwh": 0.011792865682080319,
    "total_energy_joules": 42454.31645548915,
    "final_emissions": 0.0044924921815884976
  }
}