{
  "experiment_id": "0140",
  "local_process_results": {
    "cpu_power": {
      "process_3": 112.5,
      "process_1": 112.5,
      "process_0": 112.5,
      "process_2": 112.5
    },
    "gpu_power": {
      "process_3": 987.9187893278922,
      "process_1": 924.7688889655263,
      "process_0": 783.9215670268236,
      "process_2": 1141.4505154358462
    },
    "ram_power": {
      "process_3": 0.733696460723877,
      "process_1": 0.7266769409179688,
      "process_0": 0.6894435882568359,
      "process_2": 0.7261776924133301
    },
    "cpu_energy": {
      "process_3": 0.0012488071206589663,
      "process_1": 0.0012485635003376958,
      "process_0": 0.0012484662809965812,
      "process_2": 0.0012443201542191675
    },
    "gpu_energy": {
      "process_3": 0.01053397564939651,
      "process_1": 0.010537621207867609,
      "process_0": 0.010545714269897921,
      "process_2": 0.010530568980004595
    },
    "ram_energy": {
      "process_3": 6.634694955931319e-06,
      "process_1": 6.6809738750120756e-06,
      "process_0": 6.385664371754485e-06,
      "process_2": 6.553023025926316e-06
    },
    "total_energy_kwh": {
      "process_3": 0.01178941746501141,
      "process_1": 0.011792865682080319,
      "process_0": 0.011800566215266255,
      "process_2": 0.011781442157249683
    },
    "total_energy_joules": {
      "process_3": 42441.90287404107,
      "process_1": 42454.31645548915,
      "process_0": 42482.038374958516,
      "process_2": 42413.19176609886
    }
  },
  "global_experiment_results": {
    "cpu_power_avg": 112.5,
    "gpu_power_avg": 959.5149401890221,
    "ram_power_avg": 0.7189986705780029,
    "cpu_energy_total": 0.004990157056212411,
    "gpu_energy_total": 0.042147880107166635,
    "ram_energy_total": 2.6254356228624194e-05,
    "total_energy_kwh": 0.047164291519607666,
    "total_energy_joules": 169791.4494705876
  },
  "global_derived_quantities": {
    "tokens_per_joule": 0.09649484736178159,
    "joules_per_token": 10.363247648351294,
    "flops_per_joule": 310019040.8468267,
    "joules_per_flop": 3.2256083280190433e-09
  },
  "per-process_emissions": [
    0.0044911785832960965,
    0.0044924921815884976,
    0.00449542569970568,
    0.004488140389804267
  ]
}