{
  "process_id": 3067125,
  "local_process_index": 3,
  "energy_results": {
    "cpu_power": 112.5,
    "gpu_power": 987.9187893278922,
    "ram_power": 0.733696460723877,
    "cpu_energy": 0.0012488071206589663,
    "gpu_energy": 0.01053397564939651,
    "ram_energy": 6.634694955931319e-06,
    "total_energy_kwh": 0.01178941746501141,
    "total_energy_joules": 42441.90287404107,
    "final_emissions": 0.0044911785832960965
  }
}