{
  "process_id": 3067121,
  "local_process_index": 0,
  "energy_results": {
    "cpu_power": 112.5,
    "gpu_power": 783.9215670268236,
    "ram_power": 0.6894435882568359,
    "cpu_energy": 0.0012484662809965812,
    "gpu_energy": 0.010545714269897921,
    "ram_energy": 6.385664371754485e-06,
    "total_energy_kwh": 0.011800566215266255,
    "total_energy_joules": 42482.038374958516,
    "final_emissions": 0.00449542569970568
  }
}