{
  "process_id": 3895667,
  "local_process_index": 3,
  "energy_results": {
    "cpu_power": 112.5,
    "gpu_power": 114.56044738994272,
    "ram_power": 0.7231593132019043,
    "cpu_energy": 0.0011806142771947634,
    "gpu_energy": 0.010223106234032997,
    "ram_energy": 7.747213241095924e-06,
    "total_energy_kwh": 0.011411467724468856,
    "total_energy_joules": 41081.28380808788,
    "final_emissions": 0.004347198629636411
  }
}