{
  "process_id": 3895664,
  "local_process_index": 0,
  "energy_results": {
    "cpu_power": 112.5,
    "gpu_power": 132.66131929699017,
    "ram_power": 0.6873350143432618,
    "cpu_energy": 0.0010818722387557502,
    "gpu_energy": 0.01022178039964139,
    "ram_energy": 7.082702165817718e-06,
    "total_energy_kwh": 0.011310735340562959,
    "total_energy_joules": 40718.64722602665,
    "final_emissions": 0.004308824627987459
  }
}