{
  "process_id": 3895665,
  "local_process_index": 1,
  "energy_results": {
    "cpu_power": 112.5,
    "gpu_power": 115.6349070160307,
    "ram_power": 0.7230620384216309,
    "cpu_energy": 0.0010747811845922112,
    "gpu_energy": 0.0102143401159136,
    "ram_energy": 7.439189245866312e-06,
    "total_energy_kwh": 0.011296560489751677,
    "total_energy_joules": 40667.61776310604,
    "final_emissions": 0.004303424718570902
  }
}