{
  "process_id": 3895666,
  "local_process_index": 2,
  "energy_results": {
    "cpu_power": 112.5,
    "gpu_power": 73.3234401130195,
    "ram_power": 0.7309541702270508,
    "cpu_energy": 0.0010923799178162881,
    "gpu_energy": 0.010212850670276552,
    "ram_energy": 6.840188734109176e-06,
    "total_energy_kwh": 0.011312070776826949,
    "total_energy_joules": 40723.45479657702,
    "final_emissions": 0.004309333362432226
  }
}