{
  "experiment_id": "0499",
  "local_process_results": {
    "cpu_power": {
      "process_3": 112.5,
      "process_0": 112.5,
      "process_1": 112.5,
      "process_2": 112.5
    },
    "gpu_power": {
      "process_3": 114.56044738994272,
      "process_0": 132.66131929699017,
      "process_1": 115.6349070160307,
      "process_2": 73.3234401130195
    },
    "ram_power": {
      "process_3": 0.7231593132019043,
      "process_0": 0.6873350143432618,
      "process_1": 0.7230620384216309,
      "process_2": 0.7309541702270508
    },
    "cpu_energy": {
      "process_3": 0.0011806142771947634,
      "process_0": 0.0010818722387557502,
      "process_1": 0.0010747811845922112,
      "process_2": 0.0010923799178162881
    },
    "gpu_energy": {
      "process_3": 0.010223106234032997,
      "process_0": 0.01022178039964139,
      "process_1": 0.0102143401159136,
      "process_2": 0.010212850670276552
    },
    "ram_energy": {
      "process_3": 7.747213241095924e-06,
      "process_0": 7.082702165817718e-06,
      "process_1": 7.439189245866312e-06,
      "process_2": 6.840188734109176e-06
    },
    "total_energy_kwh": {
      "process_3": 0.011411467724468856,
      "process_0": 0.011310735340562959,
      "process_1": 0.011296560489751677,
      "process_2": 0.011312070776826949
    },
    "total_energy_joules": {
      "process_3": 41081.28380808788,
      "process_0": 40718.64722602665,
      "process_1": 40667.61776310604,
      "process_2": 40723.45479657702
    }
  },
  "global_experiment_results": {
    "cpu_power_avg": 112.5,
    "gpu_power_avg": 109.04502845399577,
    "ram_power_avg": 0.7161276340484619,
    "cpu_energy_total": 0.0044296476183590125,
    "gpu_energy_total": 0.04087207741986454,
    "ram_energy_total": 2.9109293386889126e-05,
    "total_energy_kwh": 0.04533083433161044,
    "total_energy_joules": 163191.0035937976
  },
  "global_derived_quantities": {
    "tokens_per_joule": 0.10039769128929303,
    "joules_per_token": 9.960388402941748,
    "flops_per_joule": 322558113.80318415,
    "joules_per_flop": 3.100216541476218e-09
  },
  "per-process_emissions": [
    0.004347198629636411,
    0.004308824627987459,
    0.004303424718570902,
    0.004309333362432226
  ]
}