{
  "process_id": 3070474,
  "local_process_index": 2,
  "energy_results": {
    "cpu_power": 112.5,
    "gpu_power": 1000.9999352497114,
    "ram_power": 0.7205843925476074,
    "cpu_energy": 0.0012083675806970862,
    "gpu_energy": 0.010233901798226697,
    "ram_energy": 6.396158217016464e-06,
    "total_energy_kwh": 0.0114486655371408,
    "total_energy_joules": 41215.195933706884,
    "final_emissions": 0.0043613691363737885
  }
}