{
  "process_id": 3070475,
  "local_process_index": 3,
  "energy_results": {
    "cpu_power": 112.5,
    "gpu_power": 1004.2967976468757,
    "ram_power": 0.7214641571044922,
    "cpu_energy": 0.0012057298259478553,
    "gpu_energy": 0.010219915953704195,
    "ram_energy": 6.344762121861975e-06,
    "total_energy_kwh": 0.011431990541773915,
    "total_energy_joules": 41155.165950386094,
    "final_emissions": 0.0043550167968887735
  }
}