{
  "experiment_id": "0142",
  "local_process_results": {
    "cpu_power": {
      "process_3": 112.5,
      "process_1": 112.5,
      "process_2": 112.5,
      "process_0": 112.5
    },
    "gpu_power": {
      "process_3": 1004.2967976468757,
      "process_1": 641.1214007609792,
      "process_2": 1000.9999352497114,
      "process_0": 622.7960315763614
    },
    "ram_power": {
      "process_3": 0.7214641571044922,
      "process_1": 0.7295894622802734,
      "process_2": 0.7205843925476074,
      "process_0": 0.6857929229736328
    },
    "cpu_energy": {
      "process_3": 0.0012057298259478553,
      "process_1": 0.001231309737728225,
      "process_2": 0.0012083675806970862,
      "process_0": 0.001231554136682462
    },
    "gpu_energy": {
      "process_3": 0.010219915953704195,
      "process_1": 0.010359554120970671,
      "process_2": 0.010233901798226697,
      "process_0": 0.010365989126116304
    },
    "ram_energy": {
      "process_3": 6.344762121861975e-06,
      "process_1": 6.700779162445875e-06,
      "process_2": 6.396158217016464e-06,
      "process_0": 6.1408294306723e-06
    },
    "total_energy_kwh": {
      "process_3": 0.011431990541773915,
      "process_1": 0.011597564637861341,
      "process_2": 0.0114486655371408,
      "process_0": 0.011603684092229437
    },
    "total_energy_joules": {
      "process_3": 41155.165950386094,
      "process_1": 41751.23269630083,
      "process_2": 41215.195933706884,
      "process_0": 41773.26273202597
    }
  },
  "global_experiment_results": {
    "cpu_power_avg": 112.5,
    "gpu_power_avg": 817.303541308482,
    "ram_power_avg": 0.7143577337265015,
    "cpu_energy_total": 0.0048769612810556275,
    "gpu_energy_total": 0.04117936099901787,
    "ram_energy_total": 2.5582528931996614e-05,
    "total_energy_kwh": 0.046081904809005494,
    "total_energy_joules": 165894.85731241977
  },
  "global_derived_quantities": {
    "tokens_per_joule": 0.09876134960075948,
    "joules_per_token": 10.125418537134996,
    "flops_per_joule": 317300868.52380806,
    "joules_per_flop": 3.1515829271200595e-09
  },
  "per-process_emissions": [
    0.0043550167968887735,
    0.004418092248793278,
    0.0043613691363737885,
    0.004420423454934804
  ]
}