{
  "process_id": 3070472,
  "local_process_index": 0,
  "energy_results": {
    "cpu_power": 112.5,
    "gpu_power": 622.7960315763614,
    "ram_power": 0.6857929229736328,
    "cpu_energy": 0.001231554136682462,
    "gpu_energy": 0.010365989126116304,
    "ram_energy": 6.1408294306723e-06,
    "total_energy_kwh": 0.011603684092229437,
    "total_energy_joules": 41773.26273202597,
    "final_emissions": 0.004420423454934804
  }
}