{
  "process_id": 3070473,
  "local_process_index": 1,
  "energy_results": {
    "cpu_power": 112.5,
    "gpu_power": 641.1214007609792,
    "ram_power": 0.7295894622802734,
    "cpu_energy": 0.001231309737728225,
    "gpu_energy": 0.010359554120970671,
    "ram_energy": 6.700779162445875e-06,
    "total_energy_kwh": 0.011597564637861341,
    "total_energy_joules": 41751.23269630083,
    "final_emissions": 0.004418092248793278
  }
}