{
  "process_id": 4101033,
  "local_process_index": 3,
  "energy_results": {
    "cpu_power": 112.5,
    "gpu_power": 532.8159480431173,
    "ram_power": 0.7261791229248048,
    "cpu_energy": 0.001184900857038883,
    "gpu_energy": 0.010403047766875062,
    "ram_energy": 7.354962712953505e-06,
    "total_energy_kwh": 0.011595303586626901,
    "total_energy_joules": 41743.092911856846,
    "final_emissions": 0.004417230901325518
  }
}