{
  "process_id": 4101032,
  "local_process_index": 2,
  "energy_results": {
    "cpu_power": 112.5,
    "gpu_power": 0.0,
    "ram_power": 0.7339210510253906,
    "cpu_energy": 0.0012733283262532495,
    "gpu_energy": 0.01038876581100645,
    "ram_energy": 7.293773661145898e-06,
    "total_energy_kwh": 0.011669387910920846,
    "total_energy_joules": 42009.796479315046,
    "final_emissions": 0.004445453324665297
  }
}