{
  "process_id": 4101030,
  "local_process_index": 0,
  "energy_results": {
    "cpu_power": 112.5,
    "gpu_power": 825.2726203818771,
    "ram_power": 0.6827602386474609,
    "cpu_energy": 0.0012674022209703253,
    "gpu_energy": 0.010392268869363619,
    "ram_energy": 6.681857669600567e-06,
    "total_energy_kwh": 0.011666352948003543,
    "total_energy_joules": 41998.87061281276,
    "final_emissions": 0.00444429715554195
  }
}