{
  "experiment_id": "0589",
  "local_process_results": {
    "cpu_power": {
      "process_3": 112.5,
      "process_2": 112.5,
      "process_0": 112.5,
      "process_1": 112.5
    },
    "gpu_power": {
      "process_3": 532.8159480431173,
      "process_2": 0.0,
      "process_0": 825.2726203818771,
      "process_1": 516.001310731236
    },
    "ram_power": {
      "process_3": 0.7261791229248048,
      "process_2": 0.7339210510253906,
      "process_0": 0.6827602386474609,
      "process_1": 0.7265124320983887
    },
    "cpu_energy": {
      "process_3": 0.001184900857038883,
      "process_2": 0.0012733283262532495,
      "process_0": 0.0012674022209703253,
      "process_1": 0.0012279576613345854
    },
    "gpu_energy": {
      "process_3": 0.010403047766875062,
      "process_2": 0.01038876581100645,
      "process_0": 0.010392268869363619,
      "process_1": 0.010389081089035912
    },
    "ram_energy": {
      "process_3": 7.354962712953505e-06,
      "process_2": 7.293773661145898e-06,
      "process_0": 6.681857669600567e-06,
      "process_1": 7.363635730427673e-06
    },
    "total_energy_kwh": {
      "process_3": 0.011595303586626901,
      "process_2": 0.011669387910920846,
      "process_0": 0.011666352948003543,
      "process_1": 0.011624402386100928
    },
    "total_energy_joules": {
      "process_3": 41743.092911856846,
      "process_2": 42009.796479315046,
      "process_0": 41998.87061281276,
      "process_1": 41847.84858996334
    }
  },
  "global_experiment_results": {
    "cpu_power_avg": 112.5,
    "gpu_power_avg": 468.5224697890576,
    "ram_power_avg": 0.7173432111740112,
    "cpu_energy_total": 0.004953589065597043,
    "gpu_energy_total": 0.041573163536281044,
    "ram_energy_total": 2.869422977412764e-05,
    "total_energy_kwh": 0.04655544683165222,
    "total_energy_joules": 167599.60859394798
  },
  "global_derived_quantities": {
    "tokens_per_joule": 0.09775679154295845,
    "joules_per_token": 10.229468297970458,
    "flops_per_joule": 314073420.28103507,
    "joules_per_flop": 3.183968892067317e-09
  },
  "per-process_emissions": [
    0.004417230901325518,
    0.004445453324665297,
    0.00444429715554195,
    0.004428316088985149
  ]
}