{
  "process_id": 4101031,
  "local_process_index": 1,
  "energy_results": {
    "cpu_power": 112.5,
    "gpu_power": 516.001310731236,
    "ram_power": 0.7265124320983887,
    "cpu_energy": 0.0012279576613345854,
    "gpu_energy": 0.010389081089035912,
    "ram_energy": 7.363635730427673e-06,
    "total_energy_kwh": 0.011624402386100928,
    "total_energy_joules": 41847.84858996334,
    "final_emissions": 0.004428316088985149
  }
}