{
  "process_id": 3913140,
  "local_process_index": 2,
  "energy_results": {
    "cpu_power": 112.5,
    "gpu_power": 915.9250098596478,
    "ram_power": 0.7234067916870117,
    "cpu_energy": 0.0012174529529456778,
    "gpu_energy": 0.010237250412014731,
    "ram_energy": 7.16196235120209e-06,
    "total_energy_kwh": 0.011461865327311607,
    "total_energy_joules": 41262.715178321785,
    "final_emissions": 0.004366397596439356
  }
}