{
  "process_id": 3913141,
  "local_process_index": 3,
  "energy_results": {
    "cpu_power": 112.5,
    "gpu_power": 468.15757727392287,
    "ram_power": 0.7219104766845704,
    "cpu_energy": 0.0012132658467471629,
    "gpu_energy": 0.010270193216145529,
    "ram_energy": 6.847655878539894e-06,
    "total_energy_kwh": 0.011490306718771232,
    "total_energy_joules": 41365.104187576435,
    "final_emissions": 0.004377232344515901
  }
}