{
  "process_id": 3913139,
  "local_process_index": 1,
  "energy_results": {
    "cpu_power": 112.5,
    "gpu_power": 1227.1129320659193,
    "ram_power": 0.7292747497558594,
    "cpu_energy": 0.0011950641853127311,
    "gpu_energy": 0.01023865819091796,
    "ram_energy": 6.7275175543265205e-06,
    "total_energy_kwh": 0.011440449893785018,
    "total_energy_joules": 41185.619617626064,
    "final_emissions": 0.004358239387037403
  }
}