{
  "process_id": 3913138,
  "local_process_index": 0,
  "energy_results": {
    "cpu_power": 112.5,
    "gpu_power": 1680.6943882379026,
    "ram_power": 0.6874451637268068,
    "cpu_energy": 0.00119376298262614,
    "gpu_energy": 0.010197004546483868,
    "ram_energy": 7.023324575109417e-06,
    "total_energy_kwh": 0.011397790853685112,
    "total_energy_joules": 41032.0470732664,
    "final_emissions": 0.0043419884257113435
  }
}