{
  "experiment_id": "0509",
  "local_process_results": {
    "cpu_power": {
      "process_1": 112.5,
      "process_3": 112.5,
      "process_0": 112.5,
      "process_2": 112.5
    },
    "gpu_power": {
      "process_1": 1227.1129320659193,
      "process_3": 468.15757727392287,
      "process_0": 1680.6943882379026,
      "process_2": 915.9250098596478
    },
    "ram_power": {
      "process_1": 0.7292747497558594,
      "process_3": 0.7219104766845704,
      "process_0": 0.6874451637268068,
      "process_2": 0.7234067916870117
    },
    "cpu_energy": {
      "process_1": 0.0011950641853127311,
      "process_3": 0.0012132658467471629,
      "process_0": 0.00119376298262614,
      "process_2": 0.0012174529529456778
    },
    "gpu_energy": {
      "process_1": 0.01023865819091796,
      "process_3": 0.010270193216145529,
      "process_0": 0.010197004546483868,
      "process_2": 0.010237250412014731
    },
    "ram_energy": {
      "process_1": 6.7275175543265205e-06,
      "process_3": 6.847655878539894e-06,
      "process_0": 7.023324575109417e-06,
      "process_2": 7.16196235120209e-06
    },
    "total_energy_kwh": {
      "process_1": 0.011440449893785018,
      "process_3": 0.011490306718771232,
      "process_0": 0.011397790853685112,
      "process_2": 0.011461865327311607
    },
    "total_energy_joules": {
      "process_1": 41185.619617626064,
      "process_3": 41365.104187576435,
      "process_0": 41032.0470732664,
      "process_2": 41262.715178321785
    }
  },
  "global_experiment_results": {
    "cpu_power_avg": 112.5,
    "gpu_power_avg": 1072.972476859348,
    "ram_power_avg": 0.715509295463562,
    "cpu_energy_total": 0.004819545967631712,
    "gpu_energy_total": 0.04094310636556209,
    "ram_energy_total": 2.776046035917792e-05,
    "total_energy_kwh": 0.045790412793552976,
    "total_energy_joules": 164845.4860567907
  },
  "global_derived_quantities": {
    "tokens_per_joule": 0.09939004331823542,
    "joules_per_token": 10.061369998583416,
    "flops_per_joule": 319320738.2744442,
    "joules_per_flop": 3.1316475259447053e-09
  },
  "per-process_emissions": [
    0.004358239387037403,
    0.004377232344515901,
    0.0043419884257113435,
    0.004366397596439356
  ]
}