{
  "process_id": 3034002,
  "local_process_index": 2,
  "energy_results": {
    "cpu_power": 112.5,
    "gpu_power": 1033.9101873565744,
    "ram_power": 0.7201180458068848,
    "cpu_energy": 0.0012274093306550641,
    "gpu_energy": 0.010359651343269327,
    "ram_energy": 6.4962374678409125e-06,
    "total_energy_kwh": 0.011593556911392232,
    "total_energy_joules": 41736.80488101204,
    "final_emissions": 0.004416565505394871
  }
}