{
  "process_id": 3034003,
  "local_process_index": 3,
  "energy_results": {
    "cpu_power": 112.5,
    "gpu_power": 385.69293941713823,
    "ram_power": 0.7270932197570801,
    "cpu_energy": 0.001240290268689932,
    "gpu_energy": 0.010427602508739753,
    "ram_energy": 6.695459225159757e-06,
    "total_energy_kwh": 0.011674588236654846,
    "total_energy_joules": 42028.517651957445,
    "final_emissions": 0.004447434388753664
  }
}