{
  "process_id": 3034001,
  "local_process_index": 1,
  "energy_results": {
    "cpu_power": 112.5,
    "gpu_power": 931.4648277837518,
    "ram_power": 0.7275252342224121,
    "cpu_energy": 0.0012327752238779793,
    "gpu_energy": 0.01039252442512506,
    "ram_energy": 6.592927470348676e-06,
    "total_energy_kwh": 0.011631892576473388,
    "total_energy_joules": 41874.813275304194,
    "final_emissions": 0.004431169477007537
  }
}