{
  "process_id": 3034000,
  "local_process_index": 0,
  "energy_results": {
    "cpu_power": 112.5,
    "gpu_power": 964.0131706770209,
    "ram_power": 0.6847729682922363,
    "cpu_energy": 0.0012309638048463973,
    "gpu_energy": 0.01039055331243599,
    "ram_energy": 6.149879169578494e-06,
    "total_energy_kwh": 0.011627666996451964,
    "total_energy_joules": 41859.60118722707,
    "final_emissions": 0.004429559742298376
  }
}