{
  "experiment_id": "0120",
  "local_process_results": {
    "cpu_power": {
      "process_2": 112.5,
      "process_3": 112.5,
      "process_0": 112.5,
      "process_1": 112.5
    },
    "gpu_power": {
      "process_2": 1033.9101873565744,
      "process_3": 385.69293941713823,
      "process_0": 964.0131706770209,
      "process_1": 931.4648277837518
    },
    "ram_power": {
      "process_2": 0.7201180458068848,
      "process_3": 0.7270932197570801,
      "process_0": 0.6847729682922363,
      "process_1": 0.7275252342224121
    },
    "cpu_energy": {
      "process_2": 0.0012274093306550641,
      "process_3": 0.001240290268689932,
      "process_0": 0.0012309638048463973,
      "process_1": 0.0012327752238779793
    },
    "gpu_energy": {
      "process_2": 0.010359651343269327,
      "process_3": 0.010427602508739753,
      "process_0": 0.01039055331243599,
      "process_1": 0.01039252442512506
    },
    "ram_energy": {
      "process_2": 6.4962374678409125e-06,
      "process_3": 6.695459225159757e-06,
      "process_0": 6.149879169578494e-06,
      "process_1": 6.592927470348676e-06
    },
    "total_energy_kwh": {
      "process_2": 0.011593556911392232,
      "process_3": 0.011674588236654846,
      "process_0": 0.011627666996451964,
      "process_1": 0.011631892576473388
    },
    "total_energy_joules": {
      "process_2": 41736.80488101204,
      "process_3": 42028.517651957445,
      "process_0": 41859.60118722707,
      "process_1": 41874.813275304194
    }
  },
  "global_experiment_results": {
    "cpu_power_avg": 112.5,
    "gpu_power_avg": 828.7702813086213,
    "ram_power_avg": 0.7148773670196533,
    "cpu_energy_total": 0.004931438628069372,
    "gpu_energy_total": 0.04157033158957013,
    "ram_energy_total": 2.593450333292784e-05,
    "total_energy_kwh": 0.04652770472097243,
    "total_energy_joules": 167499.73699550075
  },
  "global_derived_quantities": {
    "tokens_per_joule": 0.097815078960035,
    "joules_per_token": 10.223372619354294,
    "flops_per_joule": 314260686.33336383,
    "joules_per_flop": 3.182071584159949e-09
  },
  "per-process_emissions": [
    0.004416565505394871,
    0.004447434388753664,
    0.004429559742298376,
    0.004431169477007537
  ]
}