{
  "experiment_id": "0172",
  "local_process_results": {
    "cpu_power": {
      "process_2": 112.5,
      "process_1": 112.5,
      "process_0": 112.5,
      "process_3": 112.5
    },
    "gpu_power": {
      "process_2": 1006.2079093844507,
      "process_1": 898.2753519170869,
      "process_0": 804.4628292704962,
      "process_3": 646.9132523937463
    },
    "ram_power": {
      "process_2": 0.7245297431945801,
      "process_1": 0.7082347869873047,
      "process_0": 0.6896553039550782,
      "process_3": 0.731605052947998
    },
    "cpu_energy": {
      "process_2": 0.0012480064841874996,
      "process_1": 0.0012585214004047886,
      "process_0": 0.0012619329564040526,
      "process_3": 0.0012709535184276322
    },
    "gpu_energy": {
      "process_2": 0.010386514698094373,
      "process_1": 0.010477658937674938,
      "process_0": 0.010493193394548683,
      "process_3": 0.010521852861917758
    },
    "ram_energy": {
      "process_2": 6.450233205831588e-06,
      "process_1": 6.380532534644877e-06,
      "process_0": 6.196357603117399e-06,
      "process_3": 6.873007296447526e-06
    },
    "total_energy_kwh": {
      "process_2": 0.011640971415487707,
      "process_1": 0.011742560870614375,
      "process_0": 0.011761322708555856,
      "process_3": 0.011799679387641834
    },
    "total_energy_joules": {
      "process_2": 41907.497095755745,
      "process_1": 42273.21913421175,
      "process_0": 42340.76175080108,
      "process_3": 42478.8457955106
    }
  },
  "global_experiment_results": {
    "cpu_power_avg": 112.5,
    "gpu_power_avg": 838.9648357414451,
    "ram_power_avg": 0.7135062217712402,
    "cpu_energy_total": 0.005039414359423973,
    "gpu_energy_total": 0.04187921989223575,
    "ram_energy_total": 2.5900130640041387e-05,
    "total_energy_kwh": 0.04694453438229977,
    "total_energy_joules": 169000.32377627917
  },
  "global_derived_quantities": {
    "tokens_per_joule": 0.09694655982842355,
    "joules_per_token": 10.314961167985789,
    "flops_per_joule": 311470304.50986826,
    "joules_per_flop": 3.2105789396957333e-09
  },
  "per-process_emissions": [
    0.004434628060730042,
    0.0044733285636605466,
    0.004480475885824353,
    0.004495087862722157
  ]
}