{
  "process_id": 3124908,
  "local_process_index": 1,
  "energy_results": {
    "cpu_power": 112.5,
    "gpu_power": 898.2753519170869,
    "ram_power": 0.7082347869873047,
    "cpu_energy": 0.0012585214004047886,
    "gpu_energy": 0.010477658937674938,
    "ram_energy": 6.380532534644877e-06,
    "total_energy_kwh": 0.011742560870614375,
    "total_energy_joules": 42273.21913421175,
    "final_emissions": 0.0044733285636605466
  }
}