{
  "process_id": 3124909,
  "local_process_index": 2,
  "energy_results": {
    "cpu_power": 112.5,
    "gpu_power": 1006.2079093844507,
    "ram_power": 0.7245297431945801,
    "cpu_energy": 0.0012480064841874996,
    "gpu_energy": 0.010386514698094373,
    "ram_energy": 6.450233205831588e-06,
    "total_energy_kwh": 0.011640971415487707,
    "total_energy_joules": 41907.497095755745,
    "final_emissions": 0.004434628060730042
  }
}