{
  "process_id": 3124910,
  "local_process_index": 3,
  "energy_results": {
    "cpu_power": 112.5,
    "gpu_power": 646.9132523937463,
    "ram_power": 0.731605052947998,
    "cpu_energy": 0.0012709535184276322,
    "gpu_energy": 0.010521852861917758,
    "ram_energy": 6.873007296447526e-06,
    "total_energy_kwh": 0.011799679387641834,
    "total_energy_joules": 42478.8457955106,
    "final_emissions": 0.004495087862722157
  }
}