{
  "process_id": 3124907,
  "local_process_index": 0,
  "energy_results": {
    "cpu_power": 112.5,
    "gpu_power": 804.4628292704962,
    "ram_power": 0.6896553039550782,
    "cpu_energy": 0.0012619329564040526,
    "gpu_energy": 0.010493193394548683,
    "ram_energy": 6.196357603117399e-06,
    "total_energy_kwh": 0.011761322708555856,
    "total_energy_joules": 42340.76175080108,
    "final_emissions": 0.004480475885824353
  }
}