{
  "process_id": 3979755,
  "local_process_index": 1,
  "energy_results": {
    "cpu_power": 112.5,
    "gpu_power": 1111.8220945964654,
    "ram_power": 0.7230248451232911,
    "cpu_energy": 0.001282633185403029,
    "gpu_energy": 0.010261040153269008,
    "ram_energy": 7.225394246050389e-06,
    "total_energy_kwh": 0.011550898732918084,
    "total_energy_joules": 41583.2354385051,
    "final_emissions": 0.004400314872305145
  }
}