{
  "process_id": 3979756,
  "local_process_index": 2,
  "energy_results": {
    "cpu_power": 112.5,
    "gpu_power": 1008.9849891019973,
    "ram_power": 0.7300672531127931,
    "cpu_energy": 0.0012510053650948976,
    "gpu_energy": 0.01025121153429609,
    "ram_energy": 7.0874092852488886e-06,
    "total_energy_kwh": 0.011509304308676234,
    "total_energy_joules": 41433.49551123444,
    "final_emissions": 0.004384469476390211
  }
}