{
  "process_id": 3979754,
  "local_process_index": 0,
  "energy_results": {
    "cpu_power": 112.5,
    "gpu_power": 976.5673133888781,
    "ram_power": 0.6877241134643555,
    "cpu_energy": 0.0012369576212167888,
    "gpu_energy": 0.010277226832885233,
    "ram_energy": 6.588126469169073e-06,
    "total_energy_kwh": 0.011520772580571196,
    "total_energy_joules": 41474.78129005631,
    "final_emissions": 0.004388838314568597
  }
}