{
  "experiment_id": "0534",
  "local_process_results": {
    "cpu_power": {
      "process_3": 112.5,
      "process_1": 112.5,
      "process_2": 112.5,
      "process_0": 112.5
    },
    "gpu_power": {
      "process_3": 781.1707415534413,
      "process_1": 1111.8220945964654,
      "process_2": 1008.9849891019973,
      "process_0": 976.5673133888781
    },
    "ram_power": {
      "process_3": 0.715367317199707,
      "process_1": 0.7230248451232911,
      "process_2": 0.7300672531127931,
      "process_0": 0.6877241134643555
    },
    "cpu_energy": {
      "process_3": 0.0012905240472773588,
      "process_1": 0.001282633185403029,
      "process_2": 0.0012510053650948976,
      "process_0": 0.0012369576212167888
    },
    "gpu_energy": {
      "process_3": 0.010282195170194797,
      "process_1": 0.010261040153269008,
      "process_2": 0.01025121153429609,
      "process_0": 0.010277226832885233
    },
    "ram_energy": {
      "process_3": 7.160727777229529e-06,
      "process_1": 7.225394246050389e-06,
      "process_2": 7.0874092852488886e-06,
      "process_0": 6.588126469169073e-06
    },
    "total_energy_kwh": {
      "process_3": 0.011579879945249385,
      "process_1": 0.011550898732918084,
      "process_2": 0.011509304308676234,
      "process_0": 0.011520772580571196
    },
    "total_energy_joules": {
      "process_3": 41687.567802897785,
      "process_1": 41583.2354385051,
      "process_2": 41433.49551123444,
      "process_0": 41474.78129005631
    }
  },
  "global_experiment_results": {
    "cpu_power_avg": 112.5,
    "gpu_power_avg": 969.6362846601955,
    "ram_power_avg": 0.7140458822250366,
    "cpu_energy_total": 0.005061120218992073,
    "gpu_energy_total": 0.04107167369064513,
    "ram_energy_total": 2.806165777769788e-05,
    "total_energy_kwh": 0.0461608555674149,
    "total_energy_joules": 166179.08004269362
  },
  "global_derived_quantities": {
    "tokens_per_joule": 0.09859243411258946,
    "joules_per_token": 10.142766115887062,
    "flops_per_joule": 316758176.15153754,
    "joules_per_flop": 3.1569824405151223e-09
  },
  "per-process_emissions": [
    0.004411355265142754,
    0.004400314872305145,
    0.004384469476390211,
    0.004388838314568597
  ]
}