{
  "process_id": 3979757,
  "local_process_index": 3,
  "energy_results": {
    "cpu_power": 112.5,
    "gpu_power": 781.1707415534413,
    "ram_power": 0.715367317199707,
    "cpu_energy": 0.0012905240472773588,
    "gpu_energy": 0.010282195170194797,
    "ram_energy": 7.160727777229529e-06,
    "total_energy_kwh": 0.011579879945249385,
    "total_energy_joules": 41687.567802897785,
    "final_emissions": 0.004411355265142754
  }
}