{
  "process_id": 2780420,
  "local_process_index": 1,
  "energy_results": {
    "cpu_power": 112.5,
    "gpu_power": 1009.8634657416674,
    "ram_power": 0.7062463760375977,
    "cpu_energy": 0.001206622291056192,
    "gpu_energy": 0.010208477055662968,
    "ram_energy": 6.318821661466084e-06,
    "total_energy_kwh": 0.01142141816838063,
    "total_energy_joules": 41117.10540617027,
    "final_emissions": 0.004350989251244601
  }
}