{
  "process_id": 2780419,
  "local_process_index": 0,
  "energy_results": {
    "cpu_power": 112.5,
    "gpu_power": 700.2603588127951,
    "ram_power": 0.6874752044677734,
    "cpu_energy": 0.0012229184278367028,
    "gpu_energy": 0.010309636858813143,
    "ram_energy": 6.276302429369738e-06,
    "total_energy_kwh": 0.011538831589079215,
    "total_energy_joules": 41539.79372068518,
    "final_emissions": 0.004395717893859727
  }
}