{
  "process_id": 2780421,
  "local_process_index": 2,
  "energy_results": {
    "cpu_power": 112.5,
    "gpu_power": 651.9119588185782,
    "ram_power": 0.7229647636413575,
    "cpu_energy": 0.001224584223567945,
    "gpu_energy": 0.010314222695813946,
    "ram_energy": 6.580471403465896e-06,
    "total_energy_kwh": 0.011545387390785356,
    "total_energy_joules": 41563.394606827285,
    "final_emissions": 0.0043982153265196815
  }
}