{
  "process_id": 2780422,
  "local_process_index": 3,
  "energy_results": {
    "cpu_power": 112.5,
    "gpu_power": 627.2239881316646,
    "ram_power": 0.7230334281921387,
    "cpu_energy": 0.0012155099094707112,
    "gpu_energy": 0.010264512656046776,
    "ram_energy": 6.438983065353453e-06,
    "total_energy_kwh": 0.011486461548582846,
    "total_energy_joules": 41351.26157489824,
    "final_emissions": 0.004375767526932636
  }
}