{
  "experiment_id": "0032",
  "local_process_results": {
    "cpu_power": {
      "process_3": 112.5,
      "process_0": 112.5,
      "process_2": 112.5,
      "process_1": 112.5
    },
    "gpu_power": {
      "process_3": 627.2239881316646,
      "process_0": 700.2603588127951,
      "process_2": 651.9119588185782,
      "process_1": 1009.8634657416674
    },
    "ram_power": {
      "process_3": 0.7230334281921387,
      "process_0": 0.6874752044677734,
      "process_2": 0.7229647636413575,
      "process_1": 0.7062463760375977
    },
    "cpu_energy": {
      "process_3": 0.0012155099094707112,
      "process_0": 0.0012229184278367028,
      "process_2": 0.001224584223567945,
      "process_1": 0.001206622291056192
    },
    "gpu_energy": {
      "process_3": 0.010264512656046776,
      "process_0": 0.010309636858813143,
      "process_2": 0.010314222695813946,
      "process_1": 0.010208477055662968
    },
    "ram_energy": {
      "process_3": 6.438983065353453e-06,
      "process_0": 6.276302429369738e-06,
      "process_2": 6.580471403465896e-06,
      "process_1": 6.318821661466084e-06
    },
    "total_energy_kwh": {
      "process_3": 0.011486461548582846,
      "process_0": 0.011538831589079215,
      "process_2": 0.011545387390785356,
      "process_1": 0.01142141816838063
    },
    "total_energy_joules": {
      "process_3": 41351.26157489824,
      "process_0": 41539.79372068518,
      "process_2": 41563.394606827285,
      "process_1": 41117.10540617027
    }
  },
  "global_experiment_results": {
    "cpu_power_avg": 112.5,
    "gpu_power_avg": 747.3149428761762,
    "ram_power_avg": 0.7099299430847168,
    "cpu_energy_total": 0.004869634851931552,
    "gpu_energy_total": 0.04109684926633683,
    "ram_energy_total": 2.561457855965517e-05,
    "total_energy_kwh": 0.04599209869682805,
    "total_energy_joules": 165571.55530858098
  },
  "global_derived_quantities": {
    "tokens_per_joule": 0.0989541951784207,
    "joules_per_token": 10.105685748814757,
    "flops_per_joule": 317920443.5856135,
    "joules_per_flop": 3.145441006314864e-09
  },
  "per-process_emissions": [
    0.004375767526932636,
    0.004395717893859727,
    0.0043982153265196815,
    0.004350989251244601
  ]
}