{
  "process_id": 4083030,
  "local_process_index": 3,
  "energy_results": {
    "cpu_power": 112.5,
    "gpu_power": 42.344201922276,
    "ram_power": 0.7298183441162109,
    "cpu_energy": 0.0013141047987428464,
    "gpu_energy": 0.010516847580140265,
    "ram_energy": 8.46617185836613e-06,
    "total_energy_kwh": 0.011839418550741474,
    "total_energy_joules": 42621.906782669306,
    "final_emissions": 0.004510226496904965
  }
}