{
  "process_id": 4083027,
  "local_process_index": 0,
  "energy_results": {
    "cpu_power": 112.5,
    "gpu_power": 18824.14572906785,
    "ram_power": 0.6862564086914062,
    "cpu_energy": 0.0011968392430244425,
    "gpu_energy": 0.01052019119392611,
    "ram_energy": 7.501624857206642e-06,
    "total_energy_kwh": 0.011724532061807761,
    "total_energy_joules": 42208.31542250794,
    "final_emissions": 0.004466460488945667
  }
}