{
  "process_id": 4083028,
  "local_process_index": 1,
  "energy_results": {
    "cpu_power": 112.5,
    "gpu_power": 5980.035746365662,
    "ram_power": 0.7238717079162598,
    "cpu_energy": 0.001211761009784823,
    "gpu_energy": 0.010517464525079845,
    "ram_energy": 7.577776772041603e-06,
    "total_energy_kwh": 0.011736803311636708,
    "total_energy_joules": 42252.49192189215,
    "final_emissions": 0.004471135221568004
  }
}