{
  "process_id": 4083029,
  "local_process_index": 2,
  "energy_results": {
    "cpu_power": 112.5,
    "gpu_power": 1116.8522861193646,
    "ram_power": 0.7223224639892578,
    "cpu_energy": 0.0012344763715263982,
    "gpu_energy": 0.010443810855043978,
    "ram_energy": 7.521459839379132e-06,
    "total_energy_kwh": 0.011685808686409758,
    "total_energy_joules": 42068.91127107513,
    "final_emissions": 0.004451708819087797
  }
}