{
  "experiment_id": "0580",
  "local_process_results": {
    "cpu_power": {
      "process_2": 112.5,
      "process_1": 112.5,
      "process_3": 112.5,
      "process_0": 112.5
    },
    "gpu_power": {
      "process_2": 1116.8522861193646,
      "process_1": 5980.035746365662,
      "process_3": 42.344201922276,
      "process_0": 18824.14572906785
    },
    "ram_power": {
      "process_2": 0.7223224639892578,
      "process_1": 0.7238717079162598,
      "process_3": 0.7298183441162109,
      "process_0": 0.6862564086914062
    },
    "cpu_energy": {
      "process_2": 0.0012344763715263982,
      "process_1": 0.001211761009784823,
      "process_3": 0.0013141047987428464,
      "process_0": 0.0011968392430244425
    },
    "gpu_energy": {
      "process_2": 0.010443810855043978,
      "process_1": 0.010517464525079845,
      "process_3": 0.010516847580140265,
      "process_0": 0.01052019119392611
    },
    "ram_energy": {
      "process_2": 7.521459839379132e-06,
      "process_1": 7.577776772041603e-06,
      "process_3": 8.46617185836613e-06,
      "process_0": 7.501624857206642e-06
    },
    "total_energy_kwh": {
      "process_2": 0.011685808686409758,
      "process_1": 0.011736803311636708,
      "process_3": 0.011839418550741474,
      "process_0": 0.011724532061807761
    },
    "total_energy_joules": {
      "process_2": 42068.91127107513,
      "process_1": 42252.49192189215,
      "process_3": 42621.906782669306,
      "process_0": 42208.31542250794
    }
  },
  "global_experiment_results": {
    "cpu_power_avg": 112.5,
    "gpu_power_avg": 6490.844490868789,
    "ram_power_avg": 0.7155672311782837,
    "cpu_energy_total": 0.0049571814230785095,
    "gpu_energy_total": 0.0419983141541902,
    "ram_energy_total": 3.106703332699351e-05,
    "total_energy_kwh": 0.04698656261059571,
    "total_energy_joules": 169151.62539814453
  },
  "global_derived_quantities": {
    "tokens_per_joule": 0.09685984371380282,
    "joules_per_token": 10.32419588611722,
    "flops_per_joule": 311191702.62162554,
    "joules_per_flop": 3.2134532880392654e-09
  },
  "per-process_emissions": [
    0.004451708819087797,
    0.004471135221568004,
    0.004510226496904965,
    0.004466460488945667
  ]
}