{
  "experiment_id": "0582",
  "local_process_results": {
    "cpu_power": {
      "process_0": 112.5,
      "process_1": 112.5,
      "process_2": 112.5,
      "process_3": 112.5
    },
    "gpu_power": {
      "process_0": 19214.22577925543,
      "process_1": 3108.6541487463473,
      "process_2": 2492.6565673550676,
      "process_3": 198.67432276521694
    },
    "ram_power": {
      "process_0": 0.6890373229980469,
      "process_1": 0.7322115898132324,
      "process_2": 0.7330327033996582,
      "process_3": 0.733198642730713
    },
    "cpu_energy": {
      "process_0": 0.0010486427749074208,
      "process_1": 0.0010583863786832806,
      "process_2": 0.0010674547927683306,
      "process_3": 0.001038803322433523
    },
    "gpu_energy": {
      "process_0": 0.010239704302868802,
      "process_1": 0.010271220716965956,
      "process_2": 0.010275488498159291,
      "process_3": 0.010288436286298719
    },
    "ram_energy": {
      "process_0": 7.099121708232237e-06,
      "process_1": 6.883478878061405e-06,
      "process_2": 6.912172775097182e-06,
      "process_3": 7.2152139562401925e-06
    },
    "total_energy_kwh": {
      "process_0": 0.011295446199484456,
      "process_1": 0.0113364905745273,
      "process_2": 0.011349855463702718,
      "process_3": 0.011334454822688482
    },
    "total_energy_joules": {
      "process_0": 40663.60631814404,
      "process_1": 40811.36606829828,
      "process_2": 40859.47966932978,
      "process_3": 40804.03736167854
    }
  },
  "global_experiment_results": {
    "cpu_power_avg": 112.5,
    "gpu_power_avg": 6253.552704530516,
    "ram_power_avg": 0.7218700647354126,
    "cpu_energy_total": 0.0042132872687925555,
    "gpu_energy_total": 0.04107484980429277,
    "ram_energy_total": 2.8109987317631017e-05,
    "total_energy_kwh": 0.04531624706040295,
    "total_energy_joules": 163138.48941745065
  },
  "global_derived_quantities": {
    "tokens_per_joule": 0.10043000924248739,
    "joules_per_token": 9.957183191983072,
    "flops_per_joule": 322661945.05558133,
    "joules_per_flop": 3.0992189048750117e-09
  },
  "per-process_emissions": [
    0.004303000229693603,
    0.004318636084366175,
    0.0043237274388975505,
    0.004317860564703177
  ]
}