{
  "process_id": 4086637,
  "local_process_index": 3,
  "energy_results": {
    "cpu_power": 112.5,
    "gpu_power": 198.67432276521694,
    "ram_power": 0.733198642730713,
    "cpu_energy": 0.001038803322433523,
    "gpu_energy": 0.010288436286298719,
    "ram_energy": 7.2152139562401925e-06,
    "total_energy_kwh": 0.011334454822688482,
    "total_energy_joules": 40804.03736167854,
    "final_emissions": 0.004317860564703177
  }
}