{
  "process_id": 4086636,
  "local_process_index": 2,
  "energy_results": {
    "cpu_power": 112.5,
    "gpu_power": 2492.6565673550676,
    "ram_power": 0.7330327033996582,
    "cpu_energy": 0.0010674547927683306,
    "gpu_energy": 0.010275488498159291,
    "ram_energy": 6.912172775097182e-06,
    "total_energy_kwh": 0.011349855463702718,
    "total_energy_joules": 40859.47966932978,
    "final_emissions": 0.0043237274388975505
  }
}