{
  "process_id": 4086635,
  "local_process_index": 1,
  "energy_results": {
    "cpu_power": 112.5,
    "gpu_power": 3108.6541487463473,
    "ram_power": 0.7322115898132324,
    "cpu_energy": 0.0010583863786832806,
    "gpu_energy": 0.010271220716965956,
    "ram_energy": 6.883478878061405e-06,
    "total_energy_kwh": 0.0113364905745273,
    "total_energy_joules": 40811.36606829828,
    "final_emissions": 0.004318636084366175
  }
}