{
  "process_id": 4086634,
  "local_process_index": 0,
  "energy_results": {
    "cpu_power": 112.5,
    "gpu_power": 19214.22577925543,
    "ram_power": 0.6890373229980469,
    "cpu_energy": 0.0010486427749074208,
    "gpu_energy": 0.010239704302868802,
    "ram_energy": 7.099121708232237e-06,
    "total_energy_kwh": 0.011295446199484456,
    "total_energy_joules": 40663.60631814404,
    "final_emissions": 0.004303000229693603
  }
}