{
  "process_id": 2981647,
  "local_process_index": 1,
  "energy_results": {
    "cpu_power": 112.5,
    "gpu_power": 667.4796826915252,
    "ram_power": 0.7228660583496094,
    "cpu_energy": 0.001218379689871654,
    "gpu_energy": 0.008105067317381476,
    "ram_energy": 6.516521051008133e-06,
    "total_energy_kwh": 0.009329963528304137,
    "total_energy_joules": 33587.86870189489,
    "final_emissions": 0.003554249606107461
  }
}