{
  "process_id": 2981648,
  "local_process_index": 2,
  "energy_results": {
    "cpu_power": 112.5,
    "gpu_power": 519.3671317203468,
    "ram_power": 0.7230076789855957,
    "cpu_energy": 0.0012222683857235097,
    "gpu_energy": 0.008116029270594183,
    "ram_energy": 6.558682200889138e-06,
    "total_energy_kwh": 0.00934485633851858,
    "total_energy_joules": 33641.48281866689,
    "final_emissions": 0.003559923022158653
  }
}