{
  "process_id": 2981646,
  "local_process_index": 0,
  "energy_results": {
    "cpu_power": 112.5,
    "gpu_power": 0.0,
    "ram_power": 0.6856112480163575,
    "cpu_energy": 0.0012116368489678282,
    "gpu_energy": 0.00806678312008735,
    "ram_energy": 6.369462769363365e-06,
    "total_energy_kwh": 0.009284789431824543,
    "total_energy_joules": 33425.24195456835,
    "final_emissions": 0.0035370405340535596
  }
}