{
  "experiment_id": "0088",
  "local_process_results": {
    "cpu_power": {
      "process_0": 112.5,
      "process_2": 112.5,
      "process_1": 112.5
    },
    "gpu_power": {
      "process_0": 0.0,
      "process_2": 519.3671317203468,
      "process_1": 667.4796826915252
    },
    "ram_power": {
      "process_0": 0.6856112480163575,
      "process_2": 0.7230076789855957,
      "process_1": 0.7228660583496094
    },
    "cpu_energy": {
      "process_0": 0.0012116368489678282,
      "process_2": 0.0012222683857235097,
      "process_1": 0.001218379689871654
    },
    "gpu_energy": {
      "process_0": 0.00806678312008735,
      "process_2": 0.008116029270594183,
      "process_1": 0.008105067317381476
    },
    "ram_energy": {
      "process_0": 6.369462769363365e-06,
      "process_2": 6.558682200889138e-06,
      "process_1": 6.516521051008133e-06
    },
    "total_energy_kwh": {
      "process_0": 0.009284789431824543,
      "process_2": 0.00934485633851858,
      "process_1": 0.009329963528304137
    },
    "total_energy_joules": {
      "process_0": 33425.24195456835,
      "process_2": 33641.48281866689,
      "process_1": 33587.86870189489
    }
  },
  "global_experiment_results": {
    "cpu_power_avg": 112.5,
    "gpu_power_avg": 395.6156048039573,
    "ram_power_avg": 0.7104949951171875,
    "cpu_energy_total": 0.0036522849245629917,
    "gpu_energy_total": 0.02428787970806301,
    "ram_energy_total": 1.9444666021260636e-05,
    "total_energy_kwh": 0.02795960929864726,
    "total_energy_joules": 100654.59347513012
  },
  "global_derived_quantities": {
    "tokens_per_joule": 0.16277448881702733,
    "joules_per_token": 6.143468840034798,
    "flops_per_joule": 522962544.3956516,
    "joules_per_flop": 1.912182833582517e-09
  },
  "per-process_emissions": [
    0.0035370405340535596,
    0.003559923022158653,
    0.003554249606107461
  ]
}