{
  "process_id": 3195770,
  "local_process_index": 1,
  "energy_results": {
    "cpu_power": 112.5,
    "gpu_power": 823.8322731054699,
    "ram_power": 0.7102932929992676,
    "cpu_energy": 0.0012593203320357131,
    "gpu_energy": 0.010482501719325299,
    "ram_energy": 6.4966071323806005e-06,
    "total_energy_kwh": 0.01174831865849339,
    "total_energy_joules": 42293.947170576204,
    "final_emissions": 0.004475521992953057
  }
}