{
  "process_id": 3195769,
  "local_process_index": 0,
  "energy_results": {
    "cpu_power": 112.5,
    "gpu_power": 788.8434505310142,
    "ram_power": 0.688960075378418,
    "cpu_energy": 0.0012640993645582053,
    "gpu_energy": 0.010506288682799791,
    "ram_energy": 6.353833047797116e-06,
    "total_energy_kwh": 0.011776741880405794,
    "total_energy_joules": 42396.270769460854,
    "final_emissions": 0.004486349819340587
  }
}