{
  "process_id": 3195771,
  "local_process_index": 2,
  "energy_results": {
    "cpu_power": 112.5,
    "gpu_power": 1004.4759086652841,
    "ram_power": 0.7098355293273926,
    "cpu_energy": 0.001246219433551232,
    "gpu_energy": 0.010399231930490416,
    "ram_energy": 6.440946094323497e-06,
    "total_energy_kwh": 0.011651892310135975,
    "total_energy_joules": 41946.81231648951,
    "final_emissions": 0.0044387883755463
  }
}