{
  "process_id": 3195772,
  "local_process_index": 3,
  "energy_results": {
    "cpu_power": 112.5,
    "gpu_power": 751.8922591484733,
    "ram_power": 0.7090959548950195,
    "cpu_energy": 0.0012648047123420838,
    "gpu_energy": 0.010514104244608191,
    "ram_energy": 6.5898233703120705e-06,
    "total_energy_kwh": 0.011785498780320588,
    "total_energy_joules": 42427.79560915411,
    "final_emissions": 0.004489685760363128
  }
}