{
  "process_id": 4090324,
  "local_process_index": 3,
  "energy_results": {
    "cpu_power": 112.5,
    "gpu_power": 1122.5563559926593,
    "ram_power": 0.7231521606445312,
    "cpu_energy": 0.001069819680940782,
    "gpu_energy": 0.010310227970402153,
    "ram_energy": 7.309083600690938e-06,
    "total_energy_kwh": 0.011387356734943625,
    "total_energy_joules": 40994.48424579705,
    "final_emissions": 0.004338013548176774
  }
}