{
  "process_id": 4090322,
  "local_process_index": 1,
  "energy_results": {
    "cpu_power": 112.5,
    "gpu_power": 1180.695718841989,
    "ram_power": 0.7292160987854004,
    "cpu_energy": 0.0010751834158818385,
    "gpu_energy": 0.010314807974067364,
    "ram_energy": 7.407046821605142e-06,
    "total_energy_kwh": 0.011397398436770807,
    "total_energy_joules": 41030.6343723749,
    "final_emissions": 0.004341838934487839
  }
}