{
  "experiment_id": "0584",
  "local_process_results": {
    "cpu_power": {
      "process_0": 112.5,
      "process_2": 112.5,
      "process_1": 112.5,
      "process_3": 112.5
    },
    "gpu_power": {
      "process_0": 998.326948202785,
      "process_2": 1302.9899821836252,
      "process_1": 1180.695718841989,
      "process_3": 1122.5563559926593
    },
    "ram_power": {
      "process_0": 0.6860861778259277,
      "process_2": 0.7063608169555664,
      "process_1": 0.7292160987854004,
      "process_3": 0.7231521606445312
    },
    "cpu_energy": {
      "process_0": 0.0010581185150058446,
      "process_2": 0.001060261501412242,
      "process_1": 0.0010751834158818385,
      "process_3": 0.001069819680940782
    },
    "gpu_energy": {
      "process_0": 0.010246019863478395,
      "process_2": 0.010314807974067364,
      "process_1": 0.010314807974067364,
      "process_3": 0.010310227970402153
    },
    "ram_energy": {
      "process_0": 6.852888139772881e-06,
      "process_2": 7.052001937945975e-06,
      "process_1": 7.407046821605142e-06,
      "process_3": 7.309083600690938e-06
    },
    "total_energy_kwh": {
      "process_0": 0.011310991266624012,
      "process_2": 0.011382121477417552,
      "process_1": 0.011397398436770807,
      "process_3": 0.011387356734943625
    },
    "total_energy_joules": {
      "process_0": 40719.56855984644,
      "process_2": 40975.637318703186,
      "process_1": 41030.6343723749,
      "process_3": 40994.48424579705
    }
  },
  "global_experiment_results": {
    "cpu_power_avg": 112.5,
    "gpu_power_avg": 1151.1422513052646,
    "ram_power_avg": 0.7112038135528564,
    "cpu_energy_total": 0.0042633831132407075,
    "gpu_energy_total": 0.041185863782015275,
    "ram_energy_total": 2.8621020500014937e-05,
    "total_energy_kwh": 0.04547786791575599,
    "total_energy_joules": 163720.3244967216
  },
  "global_derived_quantities": {
    "tokens_per_joule": 0.10007309752386963,
    "joules_per_token": 9.992695586958105,
    "flops_per_joule": 321515257.6240958,
    "joules_per_flop": 3.110272300573569e-09
  },
  "per-process_emissions": [
    0.004308922123020417,
    0.004336019176822217,
    0.004341838934487839,
    0.004338013548176774
  ]
}