{
  "process_id": 4090323,
  "local_process_index": 2,
  "energy_results": {
    "cpu_power": 112.5,
    "gpu_power": 1302.9899821836252,
    "ram_power": 0.7063608169555664,
    "cpu_energy": 0.001060261501412242,
    "gpu_energy": 0.010314807974067364,
    "ram_energy": 7.052001937945975e-06,
    "total_energy_kwh": 0.011382121477417552,
    "total_energy_joules": 40975.637318703186,
    "final_emissions": 0.004336019176822217
  }
}