{
  "process_id": 4090321,
  "local_process_index": 0,
  "energy_results": {
    "cpu_power": 112.5,
    "gpu_power": 998.326948202785,
    "ram_power": 0.6860861778259277,
    "cpu_energy": 0.0010581185150058446,
    "gpu_energy": 0.010246019863478395,
    "ram_energy": 6.852888139772881e-06,
    "total_energy_kwh": 0.011310991266624012,
    "total_energy_joules": 40719.56855984644,
    "final_emissions": 0.004308922123020417
  }
}