{
  "process_id": 3826832,
  "local_process_index": 3,
  "energy_results": {
    "cpu_power": 112.5,
    "gpu_power": 157.37249616116813,
    "ram_power": 0.7250361442565918,
    "cpu_energy": 0.0011153932687811901,
    "gpu_energy": 0.010255106259632996,
    "ram_energy": 6.544201147575281e-06,
    "total_energy_kwh": 0.01137704372956176,
    "total_energy_joules": 40957.357426422335,
    "final_emissions": 0.004334084808776553
  }
}