{
  "process_id": 3826831,
  "local_process_index": 2,
  "energy_results": {
    "cpu_power": 112.5,
    "gpu_power": 195.00628392790813,
    "ram_power": 0.7250046730041504,
    "cpu_energy": 0.0011057282288657005,
    "gpu_energy": 0.010256226260528578,
    "ram_energy": 6.460948904884481e-06,
    "total_energy_kwh": 0.01136841543829916,
    "total_energy_joules": 40926.295577876976,
    "final_emissions": 0.004330797861220066
  }
}