{
  "experiment_id": "0471",
  "local_process_results": {
    "cpu_power": {
      "process_3": 112.5,
      "process_2": 112.5,
      "process_1": 112.5,
      "process_0": 112.5
    },
    "gpu_power": {
      "process_3": 157.37249616116813,
      "process_2": 195.00628392790813,
      "process_1": 208.85067058256982,
      "process_0": 198.37173951470547
    },
    "ram_power": {
      "process_3": 0.7250361442565918,
      "process_2": 0.7250046730041504,
      "process_1": 0.7182168960571289,
      "process_0": 0.688725471496582
    },
    "cpu_energy": {
      "process_3": 0.0011153932687811901,
      "process_2": 0.0011057282288657005,
      "process_1": 0.0010931457813148882,
      "process_0": 0.00111136163584888
    },
    "gpu_energy": {
      "process_3": 0.010255106259632996,
      "process_2": 0.010256226260528578,
      "process_1": 0.010258657095807422,
      "process_0": 0.010256226260528578
    },
    "ram_energy": {
      "process_3": 6.544201147575281e-06,
      "process_2": 6.460948904884481e-06,
      "process_1": 7.1013722100517445e-06,
      "process_0": 6.168034480445387e-06
    },
    "total_energy_kwh": {
      "process_3": 0.01137704372956176,
      "process_2": 0.01136841543829916,
      "process_1": 0.011358904249332363,
      "process_0": 0.01137375593085791
    },
    "total_energy_joules": {
      "process_3": 40957.357426422335,
      "process_2": 40926.295577876976,
      "process_1": 40892.05529759651,
      "process_0": 40945.52135108847
    }
  },
  "global_experiment_results": {
    "cpu_power_avg": 112.5,
    "gpu_power_avg": 189.9002975465879,
    "ram_power_avg": 0.7142457962036133,
    "cpu_energy_total": 0.004425628914810659,
    "gpu_energy_total": 0.041026215876497574,
    "ram_energy_total": 2.627455674295689e-05,
    "total_energy_kwh": 0.045478119348051196,
    "total_energy_joules": 163721.2296529843
  },
  "global_derived_quantities": {
    "tokens_per_joule": 0.10007254425541968,
    "joules_per_token": 9.99275083331203,
    "flops_per_joule": 321513480.0809536,
    "joules_per_flop": 3.1102894962544363e-09
  },
  "per-process_emissions": [
    0.004334084808776553,
    0.004330797861220066,
    0.004327174573783164,
    0.0043328323218603205
  ]
}