{
  "process_id": 3826829,
  "local_process_index": 0,
  "energy_results": {
    "cpu_power": 112.5,
    "gpu_power": 198.37173951470547,
    "ram_power": 0.688725471496582,
    "cpu_energy": 0.00111136163584888,
    "gpu_energy": 0.010256226260528578,
    "ram_energy": 6.168034480445387e-06,
    "total_energy_kwh": 0.01137375593085791,
    "total_energy_joules": 40945.52135108847,
    "final_emissions": 0.0043328323218603205
  }
}