{
  "process_id": 3826830,
  "local_process_index": 1,
  "energy_results": {
    "cpu_power": 112.5,
    "gpu_power": 208.85067058256982,
    "ram_power": 0.7182168960571289,
    "cpu_energy": 0.0010931457813148882,
    "gpu_energy": 0.010258657095807422,
    "ram_energy": 7.1013722100517445e-06,
    "total_energy_kwh": 0.011358904249332363,
    "total_energy_joules": 40892.05529759651,
    "final_emissions": 0.004327174573783164
  }
}