{
  "experiment_id": "0006",
  "local_process_results": {
    "cpu_power": {
      "process_1": 112.5,
      "process_0": 112.5,
      "process_3": 112.5,
      "process_2": 112.5
    },
    "gpu_power": {
      "process_1": 543.2463589641383,
      "process_0": 0.0,
      "process_3": 429.42889910662325,
      "process_2": 1051.3271981666405
    },
    "ram_power": {
      "process_1": 0.7235126495361328,
      "process_0": 0.6862635612487793,
      "process_3": 0.7228031158447266,
      "process_2": 0.7227516174316406
    },
    "cpu_energy": {
      "process_1": 0.0013038181485935634,
      "process_0": 0.0013351774549664693,
      "process_3": 0.0013204247182802644,
      "process_2": 0.0013063528736674925
    },
    "gpu_energy": {
      "process_1": 0.010407398048133842,
      "process_0": 0.010407398048133842,
      "process_3": 0.010477161159500703,
      "process_2": 0.010403306378195865
    },
    "ram_energy": {
      "process_1": 7.094560707733599e-06,
      "process_0": 6.834953254963041e-06,
      "process_3": 7.066793404531402e-06,
      "process_2": 7.260678588890719e-06
    },
    "total_energy_kwh": {
      "process_1": 0.011718310757435138,
      "process_0": 0.011749410456355278,
      "process_3": 0.011804652671185502,
      "process_2": 0.01171691993045225
    },
    "total_energy_joules": {
      "process_1": 42185.9187267665,
      "process_0": 42297.877642879,
      "process_3": 42496.74961626781,
      "process_2": 42180.911749628096
    }
  },
  "global_experiment_results": {
    "cpu_power_avg": 112.5,
    "gpu_power_avg": 506.0006140593505,
    "ram_power_avg": 0.7138327360153198,
    "cpu_energy_total": 0.00526577319550779,
    "gpu_energy_total": 0.04169526363396425,
    "ram_energy_total": 2.825698595611876e-05,
    "total_energy_kwh": 0.04698929381542817,
    "total_energy_joules": 169161.4577355414
  },
  "global_derived_quantities": {
    "tokens_per_joule": 0.09685421383406337,
    "joules_per_token": 10.32479600436654,
    "flops_per_joule": 311173614.9209387,
    "joules_per_flop": 3.213640077594865e-09
  },
  "per-process_emissions": [
    0.004464090483044916,
    0.004475937913348544,
    0.004496982435088117,
    0.004463560647505784
  ]
}