{
  "process_id": 2732434,
  "local_process_index": 3,
  "energy_results": {
    "cpu_power": 112.5,
    "gpu_power": 429.42889910662325,
    "ram_power": 0.7228031158447266,
    "cpu_energy": 0.0013204247182802644,
    "gpu_energy": 0.010477161159500703,
    "ram_energy": 7.066793404531402e-06,
    "total_energy_kwh": 0.011804652671185502,
    "total_energy_joules": 42496.74961626781,
    "final_emissions": 0.004496982435088117
  }
}