{
  "process_id": 2732433,
  "local_process_index": 2,
  "energy_results": {
    "cpu_power": 112.5,
    "gpu_power": 1051.3271981666405,
    "ram_power": 0.7227516174316406,
    "cpu_energy": 0.0013063528736674925,
    "gpu_energy": 0.010403306378195865,
    "ram_energy": 7.260678588890719e-06,
    "total_energy_kwh": 0.01171691993045225,
    "total_energy_joules": 42180.911749628096,
    "final_emissions": 0.004463560647505784
  }
}