{
  "process_id": 2732431,
  "local_process_index": 0,
  "energy_results": {
    "cpu_power": 112.5,
    "gpu_power": 0.0,
    "ram_power": 0.6862635612487793,
    "cpu_energy": 0.0013351774549664693,
    "gpu_energy": 0.010407398048133842,
    "ram_energy": 6.834953254963041e-06,
    "total_energy_kwh": 0.011749410456355278,
    "total_energy_joules": 42297.877642879,
    "final_emissions": 0.004475937913348544
  }
}