{
  "process_id": 2732432,
  "local_process_index": 1,
  "energy_results": {
    "cpu_power": 112.5,
    "gpu_power": 543.2463589641383,
    "ram_power": 0.7235126495361328,
    "cpu_energy": 0.0013038181485935634,
    "gpu_energy": 0.010407398048133842,
    "ram_energy": 7.094560707733599e-06,
    "total_energy_kwh": 0.011718310757435138,
    "total_energy_joules": 42185.9187267665,
    "final_emissions": 0.004464090483044916
  }
}