{
  "process_id": 3145582,
  "local_process_index": 2,
  "energy_results": {
    "cpu_power": 112.5,
    "gpu_power": 1018.1901978017065,
    "ram_power": 0.7289056777954102,
    "cpu_energy": 0.001524809498034301,
    "gpu_energy": 0.010791356966413979,
    "ram_energy": 8.322636868570097e-06,
    "total_energy_kwh": 0.012324489101316853,
    "total_energy_joules": 44368.16076474067,
    "final_emissions": 0.004695014123146655
  }
}