{
  "process_id": 3145580,
  "local_process_index": 0,
  "energy_results": {
    "cpu_power": 112.5,
    "gpu_power": 14.532950263955753,
    "ram_power": 0.6871590614318848,
    "cpu_energy": 0.0015812022627542323,
    "gpu_energy": 0.010928788743025386,
    "ram_energy": 8.060984671567862e-06,
    "total_energy_kwh": 0.012518051990451187,
    "total_energy_joules": 45064.987165624276,
    "final_emissions": 0.00476875190576238
  }
}