{
  "process_id": 3145583,
  "local_process_index": 3,
  "energy_results": {
    "cpu_power": 112.5,
    "gpu_power": 493.1938052393277,
    "ram_power": 0.7235884666442872,
    "cpu_energy": 0.0015526008976921735,
    "gpu_energy": 0.010928788743025386,
    "ram_energy": 8.53639710770057e-06,
    "total_energy_kwh": 0.012489926037825255,
    "total_energy_joules": 44963.73373617092,
    "final_emissions": 0.004758037324109531
  }
}