{
  "experiment_id": "0184",
  "local_process_results": {
    "cpu_power": {
      "process_3": 112.5,
      "process_2": 112.5,
      "process_1": 112.5,
      "process_0": 112.5
    },
    "gpu_power": {
      "process_3": 493.1938052393277,
      "process_2": 1018.1901978017065,
      "process_1": 880.982645914203,
      "process_0": 14.532950263955753
    },
    "ram_power": {
      "process_3": 0.7235884666442872,
      "process_2": 0.7289056777954102,
      "process_1": 0.7074222564697266,
      "process_0": 0.6871590614318848
    },
    "cpu_energy": {
      "process_3": 0.0015526008976921735,
      "process_2": 0.001524809498034301,
      "process_1": 0.0015357409584084963,
      "process_0": 0.0015812022627542323
    },
    "gpu_energy": {
      "process_3": 0.010928788743025386,
      "process_2": 0.010791356966413979,
      "process_1": 0.010844584231216814,
      "process_0": 0.010928788743025386
    },
    "ram_energy": {
      "process_3": 8.53639710770057e-06,
      "process_2": 8.322636868570097e-06,
      "process_1": 8.105707361316325e-06,
      "process_0": 8.060984671567862e-06
    },
    "total_energy_kwh": {
      "process_3": 0.012489926037825255,
      "process_2": 0.012324489101316853,
      "process_1": 0.012388430896986621,
      "process_0": 0.012518051990451187
    },
    "total_energy_joules": {
      "process_3": 44963.73373617092,
      "process_2": 44368.16076474067,
      "process_1": 44598.351229151835,
      "process_0": 45064.987165624276
    }
  },
  "global_experiment_results": {
    "cpu_power_avg": 112.5,
    "gpu_power_avg": 601.7248998047982,
    "ram_power_avg": 0.7117688655853271,
    "cpu_energy_total": 0.006194353616889203,
    "gpu_energy_total": 0.043493518683681565,
    "ram_energy_total": 3.3025726009154856e-05,
    "total_energy_kwh": 0.04972089802657992,
    "total_energy_joules": 178995.2328956877
  },
  "global_derived_quantities": {
    "tokens_per_joule": 0.09153316395609282,
    "joules_per_token": 10.925002007793438,
    "flops_per_joule": 294078124.07797456,
    "joules_per_flop": 3.400456947062308e-09
  },
  "per-process_emissions": [
    0.004758037324109531,
    0.004695014123146655,
    0.004719372750207053,
    0.00476875190576238
  ]
}