{
  "process_id": 3145581,
  "local_process_index": 1,
  "energy_results": {
    "cpu_power": 112.5,
    "gpu_power": 880.982645914203,
    "ram_power": 0.7074222564697266,
    "cpu_energy": 0.0015357409584084963,
    "gpu_energy": 0.010844584231216814,
    "ram_energy": 8.105707361316325e-06,
    "total_energy_kwh": 0.012388430896986621,
    "total_energy_joules": 44598.351229151835,
    "final_emissions": 0.004719372750207053
  }
}