{
  "process_id": 4094029,
  "local_process_index": 0,
  "energy_results": {
    "cpu_power": 112.5,
    "gpu_power": 477.47043436554884,
    "ram_power": 0.6858358383178712,
    "cpu_energy": 0.0048834061222296455,
    "gpu_energy": 0.033080072852927245,
    "ram_energy": 2.8108556005933297e-05,
    "total_energy_kwh": 0.03799158753116282,
    "total_energy_joules": 136769.71511218615,
    "final_emissions": 0.014472895269996478
  }
}