{
  "experiment_id": "0586",
  "local_process_results": {
    "cpu_power": {
      "process_1": 112.5,
      "process_2": 112.5,
      "process_3": 112.5,
      "process_0": 112.5
    },
    "gpu_power": {
      "process_1": 131.46674896284964,
      "process_2": 561.7132013277275,
      "process_3": 574.5172331140717,
      "process_0": 477.47043436554884
    },
    "ram_power": {
      "process_1": 0.7279844284057617,
      "process_2": 0.7230534553527832,
      "process_3": 0.7038989067077637,
      "process_0": 0.6858358383178712
    },
    "cpu_energy": {
      "process_1": 0.0046908804872891775,
      "process_2": 0.004777053751906351,
      "process_3": 0.004616486699327653,
      "process_0": 0.0048834061222296455
    },
    "gpu_energy": {
      "process_1": 0.032848799612352764,
      "process_2": 0.03307467007082643,
      "process_3": 0.03306842006582755,
      "process_0": 0.033080072852927245
    },
    "ram_energy": {
      "process_1": 2.9201230858903717e-05,
      "process_2": 2.917942639302137e-05,
      "process_3": 2.79821043093709e-05,
      "process_0": 2.8108556005933297e-05
    },
    "total_energy_kwh": {
      "process_1": 0.03756888133050086,
      "process_2": 0.037880903249125825,
      "process_3": 0.03771288886946457,
      "process_0": 0.03799158753116282
    },
    "total_energy_joules": {
      "process_1": 135247.9727898031,
      "process_2": 136371.25169685297,
      "process_3": 135766.39993007245,
      "process_0": 136769.71511218615
    }
  },
  "global_experiment_results": {
    "cpu_power_avg": 112.5,
    "gpu_power_avg": 436.2919044425495,
    "ram_power_avg": 0.7101931571960449,
    "cpu_energy_total": 0.018967827060752826,
    "gpu_energy_total": 0.132071962601934,
    "ram_energy_total": 0.00011447131756722929,
    "total_energy_kwh": 0.15115426098025408,
    "total_energy_joules": 544155.3395289147
  },
  "global_derived_quantities": {
    "tokens_per_joule": 0.030109049401562303,
    "joules_per_token": 33.21260617241911,
    "flops_per_joule": 96734477.24400572,
    "joules_per_flop": 1.0337575893210983e-08
  },
  "per-process_emissions": [
    0.014311865342854304,
    0.014430730092754484,
    0.014366725014822529,
    0.014472895269996478
  ]
}