{
  "process_id": 4094030,
  "local_process_index": 1,
  "energy_results": {
    "cpu_power": 112.5,
    "gpu_power": 131.46674896284964,
    "ram_power": 0.7279844284057617,
    "cpu_energy": 0.0046908804872891775,
    "gpu_energy": 0.032848799612352764,
    "ram_energy": 2.9201230858903717e-05,
    "total_energy_kwh": 0.03756888133050086,
    "total_energy_joules": 135247.9727898031,
    "final_emissions": 0.014311865342854304
  }
}