{
  "process_id": 4094032,
  "local_process_index": 3,
  "energy_results": {
    "cpu_power": 112.5,
    "gpu_power": 574.5172331140717,
    "ram_power": 0.7038989067077637,
    "cpu_energy": 0.004616486699327653,
    "gpu_energy": 0.03306842006582755,
    "ram_energy": 2.79821043093709e-05,
    "total_energy_kwh": 0.03771288886946457,
    "total_energy_joules": 135766.39993007245,
    "final_emissions": 0.014366725014822529
  }
}