{
  "process_id": 4094031,
  "local_process_index": 2,
  "energy_results": {
    "cpu_power": 112.5,
    "gpu_power": 561.7132013277275,
    "ram_power": 0.7230534553527832,
    "cpu_energy": 0.004777053751906351,
    "gpu_energy": 0.03307467007082643,
    "ram_energy": 2.917942639302137e-05,
    "total_energy_kwh": 0.037880903249125825,
    "total_energy_joules": 136371.25169685297,
    "final_emissions": 0.014430730092754484
  }
}