{
  "experiment_id": "0516",
  "local_process_results": {
    "cpu_power": {
      "process_0": 112.5,
      "process_2": 112.5,
      "process_3": 112.5,
      "process_1": 112.5
    },
    "gpu_power": {
      "process_0": 932.7542419372948,
      "process_2": 1090.217765945709,
      "process_3": 802.4577180066276,
      "process_1": 1096.187150389562
    },
    "ram_power": {
      "process_0": 0.6879315376281738,
      "process_2": 0.7237157821655273,
      "process_3": 0.7315449714660645,
      "process_1": 0.7081003189086915
    },
    "cpu_energy": {
      "process_0": 0.001304478191284943,
      "process_2": 0.0013054043842421381,
      "process_3": 0.0014395466249425223,
      "process_1": 0.001409341584436334
    },
    "gpu_energy": {
      "process_0": 0.010593877086204628,
      "process_2": 0.010593877086204628,
      "process_3": 0.010682595768294334,
      "process_1": 0.010680816877982835
    },
    "ram_energy": {
      "process_0": 8.01677099771056e-06,
      "process_2": 8.015612949448554e-06,
      "process_3": 8.613789220913112e-06,
      "process_1": 8.114202274073712e-06
    },
    "total_energy_kwh": {
      "process_0": 0.01190637204848728,
      "process_2": 0.01190729708339621,
      "process_3": 0.012130756182457774,
      "process_1": 0.012098272664693243
    },
    "total_energy_joules": {
      "process_0": 42862.93937455421,
      "process_2": 42866.26950022636,
      "process_3": 43670.722256847985,
      "process_1": 43553.78159289568
    }
  },
  "global_experiment_results": {
    "cpu_power_avg": 112.5,
    "gpu_power_avg": 980.4042190697983,
    "ram_power_avg": 0.7128231525421143,
    "cpu_energy_total": 0.005458770784905937,
    "gpu_energy_total": 0.042551166818686426,
    "ram_energy_total": 3.276037544214594e-05,
    "total_energy_kwh": 0.04804269797903451,
    "total_energy_joules": 172953.71272452423
  },
  "global_derived_quantities": {
    "tokens_per_joule": 0.09473054808656216,
    "joules_per_token": 10.55625688015895,
    "flops_per_joule": 304350692.9088319,
    "joules_per_flop": 3.2856833360308782e-09
  },
  "per-process_emissions": [
    0.0045357324318712295,
    0.004536084823919787,
    0.004621211567707289,
    0.004608836971614891
  ]
}