{
  "process_id": 3947791,
  "local_process_index": 2,
  "energy_results": {
    "cpu_power": 112.5,
    "gpu_power": 1090.217765945709,
    "ram_power": 0.7237157821655273,
    "cpu_energy": 0.0013054043842421381,
    "gpu_energy": 0.010593877086204628,
    "ram_energy": 8.015612949448554e-06,
    "total_energy_kwh": 0.01190729708339621,
    "total_energy_joules": 42866.26950022636,
    "final_emissions": 0.004536084823919787
  }
}