{
  "process_id": 3947790,
  "local_process_index": 1,
  "energy_results": {
    "cpu_power": 112.5,
    "gpu_power": 1096.187150389562,
    "ram_power": 0.7081003189086915,
    "cpu_energy": 0.001409341584436334,
    "gpu_energy": 0.010680816877982835,
    "ram_energy": 8.114202274073712e-06,
    "total_energy_kwh": 0.012098272664693243,
    "total_energy_joules": 43553.78159289568,
    "final_emissions": 0.004608836971614891
  }
}