{
  "process_id": 3947789,
  "local_process_index": 0,
  "energy_results": {
    "cpu_power": 112.5,
    "gpu_power": 932.7542419372948,
    "ram_power": 0.6879315376281738,
    "cpu_energy": 0.001304478191284943,
    "gpu_energy": 0.010593877086204628,
    "ram_energy": 8.01677099771056e-06,
    "total_energy_kwh": 0.01190637204848728,
    "total_energy_joules": 42862.93937455421,
    "final_emissions": 0.0045357324318712295
  }
}