{
  "process_id": 3947792,
  "local_process_index": 3,
  "energy_results": {
    "cpu_power": 112.5,
    "gpu_power": 802.4577180066276,
    "ram_power": 0.7315449714660645,
    "cpu_energy": 0.0014395466249425223,
    "gpu_energy": 0.010682595768294334,
    "ram_energy": 8.613789220913112e-06,
    "total_energy_kwh": 0.012130756182457774,
    "total_energy_joules": 43670.722256847985,
    "final_emissions": 0.004621211567707289
  }
}