{
  "process_id": 2787113,
  "local_process_index": 0,
  "energy_results": {
    "cpu_power": 112.5,
    "gpu_power": 728.3104731770695,
    "ram_power": 0.6884479522705078,
    "cpu_energy": 0.001189491804996578,
    "gpu_energy": 0.010233637909125015,
    "ram_energy": 6.009721914613877e-06,
    "total_energy_kwh": 0.011429139436036212,
    "total_energy_joules": 41144.90196973037,
    "final_emissions": 0.004353930668157995
  }
}