{
  "process_id": 2787115,
  "local_process_index": 2,
  "energy_results": {
    "cpu_power": 112.5,
    "gpu_power": 959.9196772529505,
    "ram_power": 0.7245669364929199,
    "cpu_energy": 0.0011824778254976992,
    "gpu_energy": 0.01019801065840209,
    "ram_energy": 6.420822013149849e-06,
    "total_energy_kwh": 0.01138690930591294,
    "total_energy_joules": 40992.87350128658,
    "final_emissions": 0.004337843100087535
  }
}