{
  "experiment_id": "0036",
  "local_process_results": {
    "cpu_power": {
      "process_3": 112.5,
      "process_0": 112.5,
      "process_2": 112.5,
      "process_1": 112.5
    },
    "gpu_power": {
      "process_3": 880.7873483164791,
      "process_0": 728.3104731770695,
      "process_2": 959.9196772529505,
      "process_1": 974.0957244971847
    },
    "ram_power": {
      "process_3": 0.7091960906982423,
      "process_0": 0.6884479522705078,
      "process_2": 0.7245669364929199,
      "process_1": 0.7254424095153809
    },
    "cpu_energy": {
      "process_3": 0.0011860105214946087,
      "process_0": 0.001189491804996578,
      "process_2": 0.0011824778254976992,
      "process_1": 0.0011831775319642475
    },
    "gpu_energy": {
      "process_3": 0.010222658455897538,
      "process_0": 0.010233637909125015,
      "process_2": 0.01019801065840209,
      "process_1": 0.01019801065840209
    },
    "ram_energy": {
      "process_3": 6.265185172128093e-06,
      "process_0": 6.009721914613877e-06,
      "process_2": 6.420822013149849e-06,
      "process_1": 6.480984894840087e-06
    },
    "total_energy_kwh": {
      "process_3": 0.011414934162564274,
      "process_0": 0.011429139436036212,
      "process_2": 0.01138690930591294,
      "process_1": 0.011387669175261177
    },
    "total_energy_joules": {
      "process_3": 41093.76298523139,
      "process_0": 41144.90196973037,
      "process_2": 40992.87350128658,
      "process_1": 40995.609030940235
    }
  },
  "global_experiment_results": {
    "cpu_power_avg": 112.5,
    "gpu_power_avg": 885.7783058109209,
    "ram_power_avg": 0.7119133472442627,
    "cpu_energy_total": 0.004741157683953133,
    "gpu_energy_total": 0.04085231768182673,
    "ram_energy_total": 2.5176713994731906e-05,
    "total_energy_kwh": 0.045618652079774606,
    "total_energy_joules": 164227.14748718857
  },
  "global_derived_quantities": {
    "tokens_per_joule": 0.09976426096835252,
    "joules_per_token": 10.02362960737235,
    "flops_per_joule": 320523026.2735359,
    "joules_per_flop": 3.1199006562061944e-09
  },
  "per-process_emissions": [
    0.0043485191692288604,
    0.004353930668157995,
    0.004337843100087535,
    0.004338132572315746
  ]
}