{
  "process_id": 2787116,
  "local_process_index": 3,
  "energy_results": {
    "cpu_power": 112.5,
    "gpu_power": 880.7873483164791,
    "ram_power": 0.7091960906982423,
    "cpu_energy": 0.0011860105214946087,
    "gpu_energy": 0.010222658455897538,
    "ram_energy": 6.265185172128093e-06,
    "total_energy_kwh": 0.011414934162564274,
    "total_energy_joules": 41093.76298523139,
    "final_emissions": 0.0043485191692288604
  }
}