{
  "process_id": 2787114,
  "local_process_index": 1,
  "energy_results": {
    "cpu_power": 112.5,
    "gpu_power": 974.0957244971847,
    "ram_power": 0.7254424095153809,
    "cpu_energy": 0.0011831775319642475,
    "gpu_energy": 0.01019801065840209,
    "ram_energy": 6.480984894840087e-06,
    "total_energy_kwh": 0.011387669175261177,
    "total_energy_joules": 40995.609030940235,
    "final_emissions": 0.004338132572315746
  }
}