{
  "process_id": 4019063,
  "local_process_index": 3,
  "energy_results": {
    "cpu_power": 112.5,
    "gpu_power": 78.37430296004521,
    "ram_power": 0.7268071174621583,
    "cpu_energy": 0.030014860066386945,
    "gpu_energy": 0.08700172487910507,
    "ram_energy": 0.00017266543097764391,
    "total_energy_kwh": 0.11718925037646986,
    "total_energy_joules": 421881.3013552915,
    "final_emissions": 0.0446432449309162
  }
}