{
  "experiment_id": "0551",
  "local_process_results": {
    "cpu_power": {
      "process_0": 112.5,
      "process_1": 112.5,
      "process_2": 112.5,
      "process_3": 112.5
    },
    "gpu_power": {
      "process_0": 408.5273441959399,
      "process_1": 931.3501183065351,
      "process_2": 604.5045049228225,
      "process_3": 78.37430296004521
    },
    "ram_power": {
      "process_0": 0.6831851005554199,
      "process_1": 0.7190165519714355,
      "process_2": 0.710515022277832,
      "process_3": 0.7268071174621583
    },
    "cpu_energy": {
      "process_0": 0.030492678942511658,
      "process_1": 0.03074064861880105,
      "process_2": 0.03000826744625556,
      "process_3": 0.030014860066386945
    },
    "gpu_energy": {
      "process_0": 0.08722613200307627,
      "process_1": 0.08703259684824616,
      "process_2": 0.08754936559499349,
      "process_3": 0.08700172487910507
    },
    "ram_energy": {
      "process_0": 0.00016899454991934425,
      "process_1": 0.0001675652656034206,
      "process_2": 0.00017118803992029446,
      "process_3": 0.00017266543097764391
    },
    "total_energy_kwh": {
      "process_0": 0.11788780549550741,
      "process_1": 0.11794081073265061,
      "process_2": 0.11772882108116939,
      "process_3": 0.11718925037646986
    },
    "total_energy_joules": {
      "process_0": 424396.0997838267,
      "process_1": 424586.9186375422,
      "process_2": 423823.7558922098,
      "process_3": 421881.3013552915
    }
  },
  "global_experiment_results": {
    "cpu_power_avg": 112.5,
    "gpu_power_avg": 505.68906759633575,
    "ram_power_avg": 0.7098809480667114,
    "cpu_energy_total": 0.1212564550739552,
    "gpu_energy_total": 0.348809819325421,
    "ram_energy_total": 0.0006804132864207032,
    "total_energy_kwh": 0.4707466876857973,
    "total_energy_joules": 1694688.0756688705
  },
  "global_derived_quantities": {
    "tokens_per_joule": 0.009667855834492407,
    "joules_per_token": 103.43555149346133,
    "flops_per_joule": 31060926.824594706,
    "joules_per_flop": 3.2194789474478224e-08
  },
  "per-process_emissions": [
    0.044909359503513546,
    0.044929551848603255,
    0.04484879439087148,
    0.0446432449309162
  ]
}