{
  "process_id": 4019061,
  "local_process_index": 1,
  "energy_results": {
    "cpu_power": 112.5,
    "gpu_power": 931.3501183065351,
    "ram_power": 0.7190165519714355,
    "cpu_energy": 0.03074064861880105,
    "gpu_energy": 0.08703259684824616,
    "ram_energy": 0.0001675652656034206,
    "total_energy_kwh": 0.11794081073265061,
    "total_energy_joules": 424586.9186375422,
    "final_emissions": 0.044929551848603255
  }
}