{
  "process_id": 4019060,
  "local_process_index": 0,
  "energy_results": {
    "cpu_power": 112.5,
    "gpu_power": 408.5273441959399,
    "ram_power": 0.6831851005554199,
    "cpu_energy": 0.030492678942511658,
    "gpu_energy": 0.08722613200307627,
    "ram_energy": 0.00016899454991934425,
    "total_energy_kwh": 0.11788780549550741,
    "total_energy_joules": 424396.0997838267,
    "final_emissions": 0.044909359503513546
  }
}