{
  "process_id": 4019062,
  "local_process_index": 2,
  "energy_results": {
    "cpu_power": 112.5,
    "gpu_power": 604.5045049228225,
    "ram_power": 0.710515022277832,
    "cpu_energy": 0.03000826744625556,
    "gpu_energy": 0.08754936559499349,
    "ram_energy": 0.00017118803992029446,
    "total_energy_kwh": 0.11772882108116939,
    "total_energy_joules": 423823.7558922098,
    "final_emissions": 0.04484879439087148
  }
}