{
  "process_id": 2794785,
  "local_process_index": 3,
  "energy_results": {
    "cpu_power": 112.5,
    "gpu_power": 717.7782956071677,
    "ram_power": 0.7043652534484863,
    "cpu_energy": 0.0011557845025436107,
    "gpu_energy": 0.010137521443343012,
    "ram_energy": 6.25933864411981e-06,
    "total_energy_kwh": 0.011299565284530749,
    "total_energy_joules": 40678.4350243107,
    "final_emissions": 0.004304569395141989
  }
}