{
  "process_id": 2794783,
  "local_process_index": 1,
  "energy_results": {
    "cpu_power": 112.5,
    "gpu_power": 779.140728441724,
    "ram_power": 0.7279829978942871,
    "cpu_energy": 0.001153344324158752,
    "gpu_energy": 0.010129561714753876,
    "ram_energy": 6.424905252216671e-06,
    "total_energy_kwh": 0.011289330944164842,
    "total_energy_joules": 40641.591398993434,
    "final_emissions": 0.004300670623179597
  }
}