{
  "experiment_id": "0041",
  "local_process_results": {
    "cpu_power": {
      "process_3": 112.5,
      "process_2": 112.5,
      "process_1": 112.5,
      "process_0": 112.5
    },
    "gpu_power": {
      "process_3": 717.7782956071677,
      "process_2": 277.6781174638471,
      "process_1": 779.140728441724,
      "process_0": 948.3282757554482
    },
    "ram_power": {
      "process_3": 0.7043652534484863,
      "process_2": 0.7214527130126953,
      "process_1": 0.7279829978942871,
      "process_0": 0.6846141815185547
    },
    "cpu_energy": {
      "process_3": 0.0011557845025436107,
      "process_2": 0.00114323559519471,
      "process_1": 0.001153344324158752,
      "process_0": 0.0011432215099302994
    },
    "gpu_energy": {
      "process_3": 0.010137521443343012,
      "process_2": 0.01007952028583059,
      "process_1": 0.010129561714753876,
      "process_0": 0.01007422639270672
    },
    "ram_energy": {
      "process_3": 6.25933864411981e-06,
      "process_2": 6.359756687946012e-06,
      "process_1": 6.424905252216671e-06,
      "process_0": 6.216409271387452e-06
    },
    "total_energy_kwh": {
      "process_3": 0.011299565284530749,
      "process_2": 0.011229115637713243,
      "process_1": 0.011289330944164842,
      "process_0": 0.011223664311908408
    },
    "total_energy_joules": {
      "process_3": 40678.4350243107,
      "process_2": 40424.816295767676,
      "process_1": 40641.591398993434,
      "process_0": 40405.19152287027
    }
  },
  "global_experiment_results": {
    "cpu_power_avg": 112.5,
    "gpu_power_avg": 680.7313543170467,
    "ram_power_avg": 0.7096037864685059,
    "cpu_energy_total": 0.004595585931827372,
    "gpu_energy_total": 0.0404208298366342,
    "ram_energy_total": 2.5260409855669943e-05,
    "total_energy_kwh": 0.045041676178317246,
    "total_energy_joules": 162150.03424194208
  },
  "global_derived_quantities": {
    "tokens_per_joule": 0.1010422234974902,
    "joules_per_token": 9.896852675899785,
    "flops_per_joule": 324628869.52168393,
    "joules_per_flop": 3.0804407552335817e-09
  },
  "per-process_emissions": [
    0.004304569395141989,
    0.00427773160218686,
    0.004300670623179597,
    0.0042756549196215085
  ]
}