{
  "process_id": 2794784,
  "local_process_index": 2,
  "energy_results": {
    "cpu_power": 112.5,
    "gpu_power": 277.6781174638471,
    "ram_power": 0.7214527130126953,
    "cpu_energy": 0.00114323559519471,
    "gpu_energy": 0.01007952028583059,
    "ram_energy": 6.359756687946012e-06,
    "total_energy_kwh": 0.011229115637713243,
    "total_energy_joules": 40424.816295767676,
    "final_emissions": 0.00427773160218686
  }
}