{
  "process_id": 2794782,
  "local_process_index": 0,
  "energy_results": {
    "cpu_power": 112.5,
    "gpu_power": 948.3282757554482,
    "ram_power": 0.6846141815185547,
    "cpu_energy": 0.0011432215099302994,
    "gpu_energy": 0.01007422639270672,
    "ram_energy": 6.216409271387452e-06,
    "total_energy_kwh": 0.011223664311908408,
    "total_energy_joules": 40405.19152287027,
    "final_emissions": 0.0042756549196215085
  }
}