{
  "process_id": 2825615,
  "local_process_index": 2,
  "energy_results": {
    "cpu_power": 112.5,
    "gpu_power": 682.2251760548183,
    "ram_power": 0.7293577194213867,
    "cpu_energy": 0.0012332175238752828,
    "gpu_energy": 0.0077921748448464,
    "ram_energy": 7.038097653759435e-06,
    "total_energy_kwh": 0.009032430466375441,
    "total_energy_joules": 32516.749678951586,
    "final_emissions": 0.0034409043861657242
  }
}