{
  "process_id": 2825616,
  "local_process_index": 3,
  "energy_results": {
    "cpu_power": 112.5,
    "gpu_power": 752.8299034840486,
    "ram_power": 0.723456859588623,
    "cpu_energy": 0.0012261707574307368,
    "gpu_energy": 0.007727812848912663,
    "ram_energy": 6.940857472359563e-06,
    "total_energy_kwh": 0.008960924463815762,
    "total_energy_joules": 32259.328069736745,
    "final_emissions": 0.0034136641744906145
  }
}