{
  "process_id": 2825614,
  "local_process_index": 1,
  "energy_results": {
    "cpu_power": 112.5,
    "gpu_power": 771.1850195843072,
    "ram_power": 0.7172584533691406,
    "cpu_energy": 0.0012245298702528089,
    "gpu_energy": 0.007771028994596918,
    "ram_energy": 6.852745454785981e-06,
    "total_energy_kwh": 0.009002411610304515,
    "total_energy_joules": 32408.681797096255,
    "final_emissions": 0.0034294687029455054
  }
}