{
  "experiment_id": "0060",
  "local_process_results": {
    "cpu_power": {
      "process_1": 112.5,
      "process_0": 112.5,
      "process_2": 112.5,
      "process_3": 112.5
    },
    "gpu_power": {
      "process_1": 771.1850195843072,
      "process_0": 959.7903664184361,
      "process_2": 682.2251760548183,
      "process_3": 752.8299034840486
    },
    "ram_power": {
      "process_1": 0.7172584533691406,
      "process_0": 0.6859774589538574,
      "process_2": 0.7293577194213867,
      "process_3": 0.723456859588623
    },
    "cpu_energy": {
      "process_1": 0.0012245298702528089,
      "process_0": 0.0011261451519458206,
      "process_2": 0.0012332175238752828,
      "process_3": 0.0012261707574307368
    },
    "gpu_energy": {
      "process_1": 0.007771028994596918,
      "process_0": 0.0070708667678012205,
      "process_2": 0.0077921748448464,
      "process_3": 0.007727812848912663
    },
    "ram_energy": {
      "process_1": 6.852745454785981e-06,
      "process_0": 6.029474169745403e-06,
      "process_2": 7.038097653759435e-06,
      "process_3": 6.940857472359563e-06
    },
    "total_energy_kwh": {
      "process_1": 0.009002411610304515,
      "process_0": 0.008203041393916788,
      "process_2": 0.009032430466375441,
      "process_3": 0.008960924463815762
    },
    "total_energy_joules": {
      "process_1": 32408.681797096255,
      "process_0": 29530.949018100437,
      "process_2": 32516.749678951586,
      "process_3": 32259.328069736745
    }
  },
  "global_experiment_results": {
    "cpu_power_avg": 112.5,
    "gpu_power_avg": 791.5076163854026,
    "ram_power_avg": 0.714012622833252,
    "cpu_energy_total": 0.004810063303504648,
    "gpu_energy_total": 0.0303618834561572,
    "ram_energy_total": 2.686117475065038e-05,
    "total_energy_kwh": 0.035198807934412504,
    "total_energy_joules": 126715.70856388503
  },
  "global_derived_quantities": {
    "tokens_per_joule": 0.1292973080108678,
    "joules_per_token": 7.734113071526185,
    "flops_per_joule": 415406920.7790896,
    "joules_per_flop": 2.4072781409720245e-09
  },
  "per-process_emissions": [
    0.0034294687029455054,
    0.0031249486190126005,
    0.0034409043861657242,
    0.0034136641744906145
  ]
}