{
  "process_id": 2825613,
  "local_process_index": 0,
  "energy_results": {
    "cpu_power": 112.5,
    "gpu_power": 959.7903664184361,
    "ram_power": 0.6859774589538574,
    "cpu_energy": 0.0011261451519458206,
    "gpu_energy": 0.0070708667678012205,
    "ram_energy": 6.029474169745403e-06,
    "total_energy_kwh": 0.008203041393916788,
    "total_energy_joules": 29530.949018100437,
    "final_emissions": 0.0031249486190126005
  }
}