{
  "experiment_id": "0146",
  "local_process_results": {
    "cpu_power": {
      "process_0": 112.5
    },
    "gpu_power": {
      "process_0": 356.753282728239
    },
    "ram_power": {
      "process_0": 0.6864652633666992
    },
    "cpu_energy": {
      "process_0": 0.0012290350894345464
    },
    "gpu_energy": {
      "process_0": 0.003710581857352402
    },
    "ram_energy": {
      "process_0": 6.298132295822999e-06
    },
    "total_energy_kwh": {
      "process_0": 0.004945915079082773
    },
    "total_energy_joules": {
      "process_0": 17805.294284697982
    }
  },
  "global_experiment_results": {
    "cpu_power_avg": 112.5,
    "gpu_power_avg": 356.753282728239,
    "ram_power_avg": 0.6864652633666992,
    "cpu_energy_total": 0.0012290350894345464,
    "gpu_energy_total": 0.003710581857352402,
    "ram_energy_total": 6.298132295822999e-06,
    "total_energy_kwh": 0.004945915079082773,
    "total_energy_joules": 17805.294284697982
  },
  "global_derived_quantities": {
    "tokens_per_joule": 0.9201757487423584,
    "joules_per_token": 1.0867489187437733,
    "flops_per_joule": 2956344414.5993156,
    "joules_per_flop": 3.3825558181303234e-10
  },
  "per-process_emissions": [
    0.0018841463493765823
  ]
}