{
  "process_id": 3076925,
  "local_process_index": 0,
  "energy_results": {
    "cpu_power": 112.5,
    "gpu_power": 356.753282728239,
    "ram_power": 0.6864652633666992,
    "cpu_energy": 0.0012290350894345464,
    "gpu_energy": 0.003710581857352402,
    "ram_energy": 6.298132295822999e-06,
    "total_energy_kwh": 0.004945915079082773,
    "total_energy_joules": 17805.294284697982,
    "final_emissions": 0.0018841463493765823
  }
}