{
  "process_id": 3908000,
  "local_process_index": 3,
  "energy_results": {
    "cpu_power": 112.5,
    "gpu_power": 13.656789838779137,
    "ram_power": 0.7304563522338867,
    "cpu_energy": 0.0011259440324665774,
    "gpu_energy": 0.010264890711908947,
    "ram_energy": 6.994892533205972e-06,
    "total_energy_kwh": 0.011397829636908729,
    "total_energy_joules": 41032.18669287142,
    "final_emissions": 0.004342003200180381
  }
}