{
  "process_id": 3907998,
  "local_process_index": 1,
  "energy_results": {
    "cpu_power": 112.5,
    "gpu_power": 3102.6475999261033,
    "ram_power": 0.723332405090332,
    "cpu_energy": 0.0011362370435890625,
    "gpu_energy": 0.010228903183115534,
    "ram_energy": 6.292944835854091e-06,
    "total_energy_kwh": 0.011371433171540454,
    "total_energy_joules": 40937.159417545634,
    "final_emissions": 0.004331947466698336
  }
}