{
  "process_id": 3907999,
  "local_process_index": 2,
  "energy_results": {
    "cpu_power": 112.5,
    "gpu_power": 2653.4847070681026,
    "ram_power": 0.731433391571045,
    "cpu_energy": 0.0011031256512560501,
    "gpu_energy": 0.010231994574478875,
    "ram_energy": 7.2529258271054245e-06,
    "total_energy_kwh": 0.01134237315156203,
    "total_energy_joules": 40832.54334562331,
    "final_emissions": 0.0043208770520875555
  }
}