{
  "process_id": 3907997,
  "local_process_index": 0,
  "energy_results": {
    "cpu_power": 112.5,
    "gpu_power": 2667.396520250789,
    "ram_power": 0.684363842010498,
    "cpu_energy": 0.0011053873338987617,
    "gpu_energy": 0.010239118746845577,
    "ram_energy": 6.458841475365668e-06,
    "total_energy_kwh": 0.011350964922219705,
    "total_energy_joules": 40863.473719990936,
    "final_emissions": 0.004324150087119597
  }
}