{
  "experiment_id": "0506",
  "local_process_results": {
    "cpu_power": {
      "process_3": 112.5,
      "process_2": 112.5,
      "process_0": 112.5,
      "process_1": 112.5
    },
    "gpu_power": {
      "process_3": 13.656789838779137,
      "process_2": 2653.4847070681026,
      "process_0": 2667.396520250789,
      "process_1": 3102.6475999261033
    },
    "ram_power": {
      "process_3": 0.7304563522338867,
      "process_2": 0.731433391571045,
      "process_0": 0.684363842010498,
      "process_1": 0.723332405090332
    },
    "cpu_energy": {
      "process_3": 0.0011259440324665774,
      "process_2": 0.0011031256512560501,
      "process_0": 0.0011053873338987617,
      "process_1": 0.0011362370435890625
    },
    "gpu_energy": {
      "process_3": 0.010264890711908947,
      "process_2": 0.010231994574478875,
      "process_0": 0.010239118746845577,
      "process_1": 0.010228903183115534
    },
    "ram_energy": {
      "process_3": 6.994892533205972e-06,
      "process_2": 7.2529258271054245e-06,
      "process_0": 6.458841475365668e-06,
      "process_1": 6.292944835854091e-06
    },
    "total_energy_kwh": {
      "process_3": 0.011397829636908729,
      "process_2": 0.01134237315156203,
      "process_0": 0.011350964922219705,
      "process_1": 0.011371433171540454
    },
    "total_energy_joules": {
      "process_3": 41032.18669287142,
      "process_2": 40832.54334562331,
      "process_0": 40863.473719990936,
      "process_1": 40937.159417545634
    }
  },
  "global_experiment_results": {
    "cpu_power_avg": 112.5,
    "gpu_power_avg": 2109.2964042709436,
    "ram_power_avg": 0.7173964977264404,
    "cpu_energy_total": 0.0044706940612104515,
    "gpu_energy_total": 0.040964907216348934,
    "ram_energy_total": 2.6999604671531155e-05,
    "total_energy_kwh": 0.04546260088223092,
    "total_energy_joules": 163665.3631760313
  },
  "global_derived_quantities": {
    "tokens_per_joule": 0.10010670359358863,
    "joules_per_token": 9.989341014162067,
    "flops_per_joule": 321623227.3425394,
    "joules_per_flop": 3.109228174415919e-09
  },
  "per-process_emissions": [
    0.004342003200180381,
    0.0043208770520875555,
    0.004324150087119597,
    0.004331947466698336
  ]
}