{
  "process_id": 3604780,
  "local_process_index": 1,
  "energy_results": {
    "cpu_power": 112.5,
    "gpu_power": 1009.8507043886071,
    "ram_power": 0.7228231430053712,
    "cpu_energy": 0.0012237095551863603,
    "gpu_energy": 0.010319017977430178,
    "ram_energy": 6.4212401342139e-06,
    "total_energy_kwh": 0.011549148772750753,
    "total_energy_joules": 41576.93558190271,
    "final_emissions": 0.0043996482249794
  }
}