{
  "process_id": 3604782,
  "local_process_index": 3,
  "energy_results": {
    "cpu_power": 112.5,
    "gpu_power": 813.4420888895544,
    "ram_power": 0.7227702140808105,
    "cpu_energy": 0.0012272937792804444,
    "gpu_energy": 0.010344784664708229,
    "ram_energy": 6.464585858291477e-06,
    "total_energy_kwh": 0.011578543029846958,
    "total_energy_joules": 41682.75490744905,
    "final_emissions": 0.004410845967220199
  }
}