{
  "process_id": 3604781,
  "local_process_index": 2,
  "energy_results": {
    "cpu_power": 112.5,
    "gpu_power": 917.8196220064422,
    "ram_power": 0.7063493728637695,
    "cpu_energy": 0.0012252050738989057,
    "gpu_energy": 0.010334679378845024,
    "ram_energy": 6.2578507215962715e-06,
    "total_energy_kwh": 0.011566142303465525,
    "total_energy_joules": 41638.11229247589,
    "final_emissions": 0.004406121910505192
  }
}