{
  "experiment_id": "0451",
  "local_process_results": {
    "cpu_power": {
      "process_2": 112.5,
      "process_3": 112.5,
      "process_1": 112.5,
      "process_0": 112.5
    },
    "gpu_power": {
      "process_2": 917.8196220064422,
      "process_3": 813.4420888895544,
      "process_1": 1009.8507043886071,
      "process_0": 1084.1768911961647
    },
    "ram_power": {
      "process_2": 0.7063493728637695,
      "process_3": 0.7227702140808105,
      "process_1": 0.7228231430053712,
      "process_0": 0.6856327056884766
    },
    "cpu_energy": {
      "process_2": 0.0012252050738989057,
      "process_3": 0.0012272937792804444,
      "process_1": 0.0012237095551863603,
      "process_0": 0.0012204622637163993
    },
    "gpu_energy": {
      "process_2": 0.010334679378845024,
      "process_3": 0.010344784664708229,
      "process_1": 0.010319017977430178,
      "process_0": 0.010319017977430178
    },
    "ram_energy": {
      "process_2": 6.2578507215962715e-06,
      "process_3": 6.464585858291477e-06,
      "process_1": 6.4212401342139e-06,
      "process_0": 6.062561922339515e-06
    },
    "total_energy_kwh": {
      "process_2": 0.011566142303465525,
      "process_3": 0.011578543029846958,
      "process_1": 0.011549148772750753,
      "process_0": 0.01154554280306892
    },
    "total_energy_joules": {
      "process_2": 41638.11229247589,
      "process_3": 41682.75490744905,
      "process_1": 41576.93558190271,
      "process_0": 41563.95409104811
    }
  },
  "global_experiment_results": {
    "cpu_power_avg": 112.5,
    "gpu_power_avg": 956.3223266201921,
    "ram_power_avg": 0.7093938589096069,
    "cpu_energy_total": 0.004896670672082109,
    "gpu_energy_total": 0.04131749999841361,
    "ram_energy_total": 2.5206238636441163e-05,
    "total_energy_kwh": 0.04623937690913216,
    "total_energy_joules": 166461.75687287576
  },
  "global_derived_quantities": {
    "tokens_per_joule": 0.09842500949039126,
    "joules_per_token": 10.160019340385483,
    "flops_per_joule": 316220273.6395679,
    "joules_per_flop": 3.1623525857162886e-09
  },
  "per-process_emissions": [
    0.004406121910505192,
    0.004410845967220199,
    0.0043996482249794,
    0.004398274530829105
  ]
}