{
  "process_id": 3604779,
  "local_process_index": 0,
  "energy_results": {
    "cpu_power": 112.5,
    "gpu_power": 1084.1768911961647,
    "ram_power": 0.6856327056884766,
    "cpu_energy": 0.0012204622637163993,
    "gpu_energy": 0.010319017977430178,
    "ram_energy": 6.062561922339515e-06,
    "total_energy_kwh": 0.01154554280306892,
    "total_energy_joules": 41563.95409104811,
    "final_emissions": 0.004398274530829105
  }
}