{
  "process_id": 3594656,
  "local_process_index": 0,
  "energy_results": {
    "cpu_power": 112.5,
    "gpu_power": 881.113361813548,
    "ram_power": 0.690666675567627,
    "cpu_energy": 0.0011852346095674877,
    "gpu_energy": 0.01031353436193072,
    "ram_energy": 6.291960743825012e-06,
    "total_energy_kwh": 0.011505060932242033,
    "total_energy_joules": 41418.21935607132,
    "final_emissions": 0.004382852962137603
  }
}