{
  "process_id": 3594657,
  "local_process_index": 1,
  "energy_results": {
    "cpu_power": 112.5,
    "gpu_power": 894.2005836381694,
    "ram_power": 0.7336535453796387,
    "cpu_energy": 0.0011857204712559903,
    "gpu_energy": 0.010323976036950455,
    "ram_energy": 6.681039001602453e-06,
    "total_energy_kwh": 0.011516377547208047,
    "total_energy_joules": 41458.95916994897,
    "final_emissions": 0.004387164026608906
  }
}