{
  "process_id": 3594658,
  "local_process_index": 2,
  "energy_results": {
    "cpu_power": 112.5,
    "gpu_power": 1099.2168084551013,
    "ram_power": 0.7335891723632812,
    "cpu_energy": 0.0011792084957196495,
    "gpu_energy": 0.01029083906599837,
    "ram_energy": 6.6490327326454365e-06,
    "total_energy_kwh": 0.011476696594450664,
    "total_energy_joules": 41316.10774002239,
    "final_emissions": 0.004372047567655981
  }
}