{
  "experiment_id": "0445",
  "local_process_results": {
    "cpu_power": {
      "process_1": 112.5,
      "process_2": 112.5,
      "process_3": 112.5,
      "process_0": 112.5
    },
    "gpu_power": {
      "process_1": 894.2005836381694,
      "process_2": 1099.2168084551013,
      "process_3": 737.0795171379177,
      "process_0": 881.113361813548
    },
    "ram_power": {
      "process_1": 0.7336535453796387,
      "process_2": 0.7335891723632812,
      "process_3": 0.7086224555969238,
      "process_0": 0.690666675567627
    },
    "cpu_energy": {
      "process_1": 0.0011857204712559903,
      "process_2": 0.0011792084957196495,
      "process_3": 0.0011897046547492207,
      "process_0": 0.0011852346095674877
    },
    "gpu_energy": {
      "process_1": 0.010323976036950455,
      "process_2": 0.01029083906599837,
      "process_3": 0.010343313274644217,
      "process_0": 0.01031353436193072
    },
    "ram_energy": {
      "process_1": 6.681039001602453e-06,
      "process_2": 6.6490327326454365e-06,
      "process_3": 6.490036145742545e-06,
      "process_0": 6.291960743825012e-06
    },
    "total_energy_kwh": {
      "process_1": 0.011516377547208047,
      "process_2": 0.011476696594450664,
      "process_3": 0.011539507965539188,
      "process_0": 0.011505060932242033
    },
    "total_energy_joules": {
      "process_1": 41458.95916994897,
      "process_2": 41316.10774002239,
      "process_3": 41542.22867594108,
      "process_0": 41418.21935607132
    }
  },
  "global_experiment_results": {
    "cpu_power_avg": 112.5,
    "gpu_power_avg": 902.9025677611842,
    "ram_power_avg": 0.7166329622268677,
    "cpu_energy_total": 0.0047398682312923485,
    "gpu_energy_total": 0.04127166273952376,
    "ram_energy_total": 2.6112068623815445e-05,
    "total_energy_kwh": 0.04603764303943993,
    "total_energy_joules": 165735.51494198374
  },
  "global_derived_quantities": {
    "tokens_per_joule": 0.09885630129266665,
    "joules_per_token": 10.115693050658187,
    "flops_per_joule": 317605929.7084895,
    "joules_per_flop": 3.148555824879709e-09
  },
  "per-process_emissions": [
    0.004387164026608906,
    0.004372047567655981,
    0.004395975559472153,
    0.004382852962137603
  ]
}