{
  "process_id": 3594659,
  "local_process_index": 3,
  "energy_results": {
    "cpu_power": 112.5,
    "gpu_power": 737.0795171379177,
    "ram_power": 0.7086224555969238,
    "cpu_energy": 0.0011897046547492207,
    "gpu_energy": 0.010343313274644217,
    "ram_energy": 6.490036145742545e-06,
    "total_energy_kwh": 0.011539507965539188,
    "total_energy_joules": 41542.22867594108,
    "final_emissions": 0.004395975559472153
  }
}