{
  "process_id": 3816499,
  "local_process_index": 3,
  "energy_results": {
    "cpu_power": 112.5,
    "gpu_power": 14585.388668347336,
    "ram_power": 0.7249760627746582,
    "cpu_energy": 0.0012023426677060345,
    "gpu_energy": 0.01025499487065673,
    "ram_energy": 6.974990990126875e-06,
    "total_energy_kwh": 0.011464312529352885,
    "total_energy_joules": 41271.525105670386,
    "final_emissions": 0.004367329858056982
  }
}