{
  "process_id": 3816496,
  "local_process_index": 0,
  "energy_results": {
    "cpu_power": 112.5,
    "gpu_power": 170.98064887467842,
    "ram_power": 0.6907238960266113,
    "cpu_energy": 0.00122887720556173,
    "gpu_energy": 0.01025790348409572,
    "ram_energy": 6.543760306175642e-06,
    "total_energy_kwh": 0.011493324449963623,
    "total_energy_joules": 41375.96801986904,
    "final_emissions": 0.004378381949213642
  }
}