{
  "process_id": 3816497,
  "local_process_index": 1,
  "energy_results": {
    "cpu_power": 112.5,
    "gpu_power": 154.89979248980646,
    "ram_power": 0.7245168685913086,
    "cpu_energy": 0.0012675289697817792,
    "gpu_energy": 0.01025790348409572,
    "ram_energy": 7.0838549077713735e-06,
    "total_energy_kwh": 0.011532516308785273,
    "total_energy_joules": 41517.05871162698,
    "final_emissions": 0.00439331208783175
  }
}