{
  "process_id": 3816498,
  "local_process_index": 2,
  "energy_results": {
    "cpu_power": 112.5,
    "gpu_power": 176.5625320553874,
    "ram_power": 0.7176847457885742,
    "cpu_energy": 0.001228932224123128,
    "gpu_energy": 0.01025499487065673,
    "ram_energy": 6.807231237007232e-06,
    "total_energy_kwh": 0.011490734326016858,
    "total_energy_joules": 41366.64357366069,
    "final_emissions": 0.004377395241496123
  }
}