{
  "experiment_id": "0465",
  "local_process_results": {
    "cpu_power": {
      "process_2": 112.5,
      "process_1": 112.5,
      "process_0": 112.5,
      "process_3": 112.5
    },
    "gpu_power": {
      "process_2": 176.5625320553874,
      "process_1": 154.89979248980646,
      "process_0": 170.98064887467842,
      "process_3": 14585.388668347336
    },
    "ram_power": {
      "process_2": 0.7176847457885742,
      "process_1": 0.7245168685913086,
      "process_0": 0.6907238960266113,
      "process_3": 0.7249760627746582
    },
    "cpu_energy": {
      "process_2": 0.001228932224123128,
      "process_1": 0.0012675289697817792,
      "process_0": 0.00122887720556173,
      "process_3": 0.0012023426677060345
    },
    "gpu_energy": {
      "process_2": 0.01025499487065673,
      "process_1": 0.01025790348409572,
      "process_0": 0.01025790348409572,
      "process_3": 0.01025499487065673
    },
    "ram_energy": {
      "process_2": 6.807231237007232e-06,
      "process_1": 7.0838549077713735e-06,
      "process_0": 6.543760306175642e-06,
      "process_3": 6.974990990126875e-06
    },
    "total_energy_kwh": {
      "process_2": 0.011490734326016858,
      "process_1": 0.011532516308785273,
      "process_0": 0.011493324449963623,
      "process_3": 0.011464312529352885
    },
    "total_energy_joules": {
      "process_2": 41366.64357366069,
      "process_1": 41517.05871162698,
      "process_0": 41375.96801986904,
      "process_3": 41271.525105670386
    }
  },
  "global_experiment_results": {
    "cpu_power_avg": 112.5,
    "gpu_power_avg": 3771.957910441802,
    "ram_power_avg": 0.7144753932952881,
    "cpu_energy_total": 0.004927681067172672,
    "gpu_energy_total": 0.0410257967095049,
    "ram_energy_total": 2.7409837441081122e-05,
    "total_energy_kwh": 0.045980887614118636,
    "total_energy_joules": 165531.1954108271
  },
  "global_derived_quantities": {
    "tokens_per_joule": 0.09897832223912251,
    "joules_per_token": 10.103222376149114,
    "flops_per_joule": 317997959.1050607,
    "joules_per_flop": 3.1446742702824026e-09
  },
  "per-process_emissions": [
    0.004377395241496123,
    0.00439331208783175,
    0.004378381949213642,
    0.004367329858056982
  ]
}