{
  "experiment_id": "0483",
  "local_process_results": {
    "cpu_power": {
      "process_0": 112.5
    },
    "gpu_power": {
      "process_0": 24.56251337734418
    },
    "ram_power": {
      "process_0": 0.9273505210876465
    },
    "cpu_energy": {
      "process_0": 0.002169847406785266
    },
    "gpu_energy": {
      "process_0": 0.001957194065754564
    },
    "ram_energy": {
      "process_0": 1.6578456075190834e-05
    },
    "total_energy_kwh": {
      "process_0": 0.004143619928615022
    },
    "total_energy_joules": {
      "process_0": 14917.031743014079
    }
  },
  "global_experiment_results": {
    "cpu_power_avg": 112.5,
    "gpu_power_avg": 24.56251337734418,
    "ram_power_avg": 0.9273505210876465,
    "cpu_energy_total": 0.002169847406785266,
    "gpu_energy_total": 0.001957194065754564,
    "ram_energy_total": 1.6578456075190834e-05,
    "total_energy_kwh": 0.004143619928615022,
    "total_energy_joules": 14917.031743014079
  },
  "global_derived_quantities": {
    "tokens_per_joule": 1.0983418338352018,
    "joules_per_token": 0.9104633632210741,
    "flops_per_joule": 3528757142.553888,
    "joules_per_flop": 2.83385894693865e-10
  },
  "per-process_emissions": [
    0.0015785120118058926
  ]
}