{
  "process_id": 3864605,
  "local_process_index": 0,
  "energy_results": {
    "cpu_power": 112.5,
    "gpu_power": 24.56251337734418,
    "ram_power": 0.9273505210876465,
    "cpu_energy": 0.002169847406785266,
    "gpu_energy": 0.001957194065754564,
    "ram_energy": 1.6578456075190834e-05,
    "total_energy_kwh": 0.004143619928615022,
    "total_energy_joules": 14917.031743014079,
    "final_emissions": 0.0015785120118058926
  }
}