{
  "process_id": 3890487,
  "local_process_index": 1,
  "energy_results": {
    "cpu_power": 112.5,
    "gpu_power": 2587.0191368257024,
    "ram_power": 0.7341928482055664,
    "cpu_energy": 0.0011348407487203076,
    "gpu_energy": 0.010374208577138333,
    "ram_energy": 6.769344128337274e-06,
    "total_energy_kwh": 0.011515818669986976,
    "total_energy_joules": 41456.94721195311,
    "final_emissions": 0.004386951122331539
  }
}