{
  "process_id": 3890488,
  "local_process_index": 2,
  "energy_results": {
    "cpu_power": 112.5,
    "gpu_power": 3937.2631057149656,
    "ram_power": 0.7197704315185547,
    "cpu_energy": 0.0010982005531459437,
    "gpu_energy": 0.010352053837195285,
    "ram_energy": 6.395774962044383e-06,
    "total_energy_kwh": 0.011456650165303268,
    "total_energy_joules": 41243.940595091764,
    "final_emissions": 0.00436441088047228
  }
}