{
  "experiment_id": "0496",
  "local_process_results": {
    "cpu_power": {
      "process_3": 112.5,
      "process_0": 112.5,
      "process_1": 112.5,
      "process_2": 112.5
    },
    "gpu_power": {
      "process_3": 629.4550808633895,
      "process_0": 2265.7332313667193,
      "process_1": 2587.0191368257024,
      "process_2": 3937.2631057149656
    },
    "ram_power": {
      "process_3": 0.7326335906982422,
      "process_0": 0.6904506683349609,
      "process_1": 0.7341928482055664,
      "process_2": 0.7197704315185547
    },
    "cpu_energy": {
      "process_3": 0.0011788846554736665,
      "process_0": 0.0011819320178110503,
      "process_1": 0.0011348407487203076,
      "process_2": 0.0010982005531459437
    },
    "gpu_energy": {
      "process_3": 0.010395956927869321,
      "process_0": 0.010376076078632224,
      "process_1": 0.010374208577138333,
      "process_2": 0.010352053837195285
    },
    "ram_energy": {
      "process_3": 7.108759146319677e-06,
      "process_0": 6.6551632762022575e-06,
      "process_1": 6.769344128337274e-06,
      "process_2": 6.395774962044383e-06
    },
    "total_energy_kwh": {
      "process_3": 0.011581950342489307,
      "process_0": 0.011564663259719473,
      "process_1": 0.011515818669986976,
      "process_2": 0.011456650165303268
    },
    "total_energy_joules": {
      "process_3": 41695.0212329615,
      "process_0": 41632.7877349901,
      "process_1": 41456.94721195311,
      "process_2": 41243.940595091764
    }
  },
  "global_experiment_results": {
    "cpu_power_avg": 112.5,
    "gpu_power_avg": 2354.8676386926945,
    "ram_power_avg": 0.719261884689331,
    "cpu_energy_total": 0.0045938579751509685,
    "gpu_energy_total": 0.04149829542083516,
    "ram_energy_total": 2.6929041512903587e-05,
    "total_energy_kwh": 0.04611908243749903,
    "total_energy_joules": 166028.69677499647
  },
  "global_derived_quantities": {
    "tokens_per_joule": 0.09868173585801097,
    "joules_per_token": 10.13358744964578,
    "flops_per_joule": 317045085.1650077,
    "joules_per_flop": 3.1541255385792996e-09
  },
  "per-process_emissions": [
    0.004412143982971302,
    0.004405558468790133,
    0.004386951122331539,
    0.00436441088047228
  ]
}