{
  "process_id": 3890489,
  "local_process_index": 3,
  "energy_results": {
    "cpu_power": 112.5,
    "gpu_power": 629.4550808633895,
    "ram_power": 0.7326335906982422,
    "cpu_energy": 0.0011788846554736665,
    "gpu_energy": 0.010395956927869321,
    "ram_energy": 7.108759146319677e-06,
    "total_energy_kwh": 0.011581950342489307,
    "total_energy_joules": 41695.0212329615,
    "final_emissions": 0.004412143982971302
  }
}