{
  "process_id": 3890486,
  "local_process_index": 0,
  "energy_results": {
    "cpu_power": 112.5,
    "gpu_power": 2265.7332313667193,
    "ram_power": 0.6904506683349609,
    "cpu_energy": 0.0011819320178110503,
    "gpu_energy": 0.010376076078632224,
    "ram_energy": 6.6551632762022575e-06,
    "total_energy_kwh": 0.011564663259719473,
    "total_energy_joules": 41632.7877349901,
    "final_emissions": 0.004405558468790133
  }
}