{
  "experiment_id": "0070",
  "local_process_results": {
    "cpu_power": {
      "process_0": 112.5,
      "process_1": 112.5,
      "process_3": 112.5,
      "process_2": 112.5
    },
    "gpu_power": {
      "process_0": 628.6075538676173,
      "process_1": 601.2674330365353,
      "process_3": 900.6626942855838,
      "process_2": 1006.1606602423809
    },
    "ram_power": {
      "process_0": 0.6886982917785645,
      "process_1": 0.7316851615905762,
      "process_3": 0.7321357727050781,
      "process_2": 0.7334332466125488
    },
    "cpu_energy": {
      "process_0": 0.0012651112419316635,
      "process_1": 0.0012636795929629443,
      "process_3": 0.0012777455215618831,
      "process_2": 0.0012383171289693565
    },
    "gpu_energy": {
      "process_0": 0.010410114439197926,
      "process_1": 0.01040818388209619,
      "process_3": 0.010293476568107529,
      "process_2": 0.010274707941981376
    },
    "ram_energy": {
      "process_0": 6.380446523795892e-06,
      "process_1": 6.71375560303949e-06,
      "process_3": 6.738609426276114e-06,
      "process_2": 6.6299705535821304e-06
    },
    "total_energy_kwh": {
      "process_0": 0.01168160612765339,
      "process_1": 0.011678577230662172,
      "process_3": 0.011577960699095686,
      "process_2": 0.011519655041504312
    },
    "total_energy_joules": {
      "process_0": 42053.782059552206,
      "process_1": 42042.87803038382,
      "process_3": 41680.65851674447,
      "process_2": 41470.758149415524
    }
  },
  "global_experiment_results": {
    "cpu_power_avg": 112.5,
    "gpu_power_avg": 784.1745853580293,
    "ram_power_avg": 0.7214881181716919,
    "cpu_energy_total": 0.005044853485425847,
    "gpu_energy_total": 0.04138648283138302,
    "ram_energy_total": 2.6462782106693626e-05,
    "total_energy_kwh": 0.04645779909891556,
    "total_energy_joules": 167248.076756096
  },
  "global_derived_quantities": {
    "tokens_per_joule": 0.09796226251314917,
    "joules_per_token": 10.208012497320313,
    "flops_per_joule": 314733558.25567293,
    "joules_per_flop": 3.1772906757774233e-09
  },
  "per-process_emissions": [
    0.004450107854329559,
    0.004448953996020755,
    0.004410624128320502,
    0.004388412588061068
  ]
}