{
  "process_id": 2950386,
  "local_process_index": 1,
  "energy_results": {
    "cpu_power": 112.5,
    "gpu_power": 601.2674330365353,
    "ram_power": 0.7316851615905762,
    "cpu_energy": 0.0012636795929629443,
    "gpu_energy": 0.01040818388209619,
    "ram_energy": 6.71375560303949e-06,
    "total_energy_kwh": 0.011678577230662172,
    "total_energy_joules": 42042.87803038382,
    "final_emissions": 0.004448953996020755
  }
}