{
  "process_id": 2950388,
  "local_process_index": 3,
  "energy_results": {
    "cpu_power": 112.5,
    "gpu_power": 900.6626942855838,
    "ram_power": 0.7321357727050781,
    "cpu_energy": 0.0012777455215618831,
    "gpu_energy": 0.010293476568107529,
    "ram_energy": 6.738609426276114e-06,
    "total_energy_kwh": 0.011577960699095686,
    "total_energy_joules": 41680.65851674447,
    "final_emissions": 0.004410624128320502
  }
}