{
  "process_id": 2950387,
  "local_process_index": 2,
  "energy_results": {
    "cpu_power": 112.5,
    "gpu_power": 1006.1606602423809,
    "ram_power": 0.7334332466125488,
    "cpu_energy": 0.0012383171289693565,
    "gpu_energy": 0.010274707941981376,
    "ram_energy": 6.6299705535821304e-06,
    "total_energy_kwh": 0.011519655041504312,
    "total_energy_joules": 41470.758149415524,
    "final_emissions": 0.004388412588061068
  }
}