{
  "process_id": 2950385,
  "local_process_index": 0,
  "energy_results": {
    "cpu_power": 112.5,
    "gpu_power": 628.6075538676173,
    "ram_power": 0.6886982917785645,
    "cpu_energy": 0.0012651112419316635,
    "gpu_energy": 0.010410114439197926,
    "ram_energy": 6.380446523795892e-06,
    "total_energy_kwh": 0.01168160612765339,
    "total_energy_joules": 42053.782059552206,
    "final_emissions": 0.004450107854329559
  }
}