{
  "experiment_id": "0018",
  "local_process_results": {
    "cpu_power": {
      "process_1": 112.5,
      "process_2": 112.5,
      "process_0": 112.5,
      "process_3": 112.5
    },
    "gpu_power": {
      "process_1": 469.3893959708928,
      "process_2": 1008.1573811586013,
      "process_0": 1013.8323392742655,
      "process_3": 377.40772792008266
    },
    "ram_power": {
      "process_1": 0.7298655509948732,
      "process_2": 0.7231478691101074,
      "process_0": 0.6802124977111816,
      "process_3": 0.723050594329834
    },
    "cpu_energy": {
      "process_1": 0.0013151563630344754,
      "process_2": 0.0012968258086311832,
      "process_0": 0.001298241641066852,
      "process_3": 0.0013064830413713935
    },
    "gpu_energy": {
      "process_1": 0.010511235908983174,
      "process_2": 0.010434608903237219,
      "process_0": 0.01043656196035414,
      "process_3": 0.01048427338741309
    },
    "ram_energy": {
      "process_1": 7.14854320378516e-06,
      "process_2": 6.928899216950099e-06,
      "process_0": 6.490133645348632e-06,
      "process_3": 7.105041163411329e-06
    },
    "total_energy_kwh": {
      "process_1": 0.011833540815221436,
      "process_2": 0.01173836361108535,
      "process_0": 0.011741293735066343,
      "process_3": 0.011797861469947895
    },
    "total_energy_joules": {
      "process_1": 42600.74693479717,
      "process_2": 42258.108999907265,
      "process_0": 42268.65744623883,
      "process_3": 42472.30129181242
    }
  },
  "global_experiment_results": {
    "cpu_power_avg": 112.5,
    "gpu_power_avg": 717.1967110809605,
    "ram_power_avg": 0.714069128036499,
    "cpu_energy_total": 0.005216706854103904,
    "gpu_energy_total": 0.041866680159987624,
    "ram_energy_total": 2.767261722949522e-05,
    "total_energy_kwh": 0.04711105963132102,
    "total_energy_joules": 169599.8146727557
  },
  "global_derived_quantities": {
    "tokens_per_joule": 0.09660387914699713,
    "joules_per_token": 10.351551188522686,
    "flops_per_joule": 310369338.61296135,
    "joules_per_flop": 3.22196775128946e-09
  },
  "per-process_emissions": [
    0.004507987373558606,
    0.004471729617642964,
    0.004472845848373524,
    0.004494395326976651
  ]
}