{
  "process_id": 2751295,
  "local_process_index": 1,
  "energy_results": {
    "cpu_power": 112.5,
    "gpu_power": 469.3893959708928,
    "ram_power": 0.7298655509948732,
    "cpu_energy": 0.0013151563630344754,
    "gpu_energy": 0.010511235908983174,
    "ram_energy": 7.14854320378516e-06,
    "total_energy_kwh": 0.011833540815221436,
    "total_energy_joules": 42600.74693479717,
    "final_emissions": 0.004507987373558606
  }
}