{
  "process_id": 2751294,
  "local_process_index": 0,
  "energy_results": {
    "cpu_power": 112.5,
    "gpu_power": 1013.8323392742655,
    "ram_power": 0.6802124977111816,
    "cpu_energy": 0.001298241641066852,
    "gpu_energy": 0.01043656196035414,
    "ram_energy": 6.490133645348632e-06,
    "total_energy_kwh": 0.011741293735066343,
    "total_energy_joules": 42268.65744623883,
    "final_emissions": 0.004472845848373524
  }
}