{
  "process_id": 2751297,
  "local_process_index": 3,
  "energy_results": {
    "cpu_power": 112.5,
    "gpu_power": 377.40772792008266,
    "ram_power": 0.723050594329834,
    "cpu_energy": 0.0013064830413713935,
    "gpu_energy": 0.01048427338741309,
    "ram_energy": 7.105041163411329e-06,
    "total_energy_kwh": 0.011797861469947895,
    "total_energy_joules": 42472.30129181242,
    "final_emissions": 0.004494395326976651
  }
}