{
  "process_id": 2751296,
  "local_process_index": 2,
  "energy_results": {
    "cpu_power": 112.5,
    "gpu_power": 1008.1573811586013,
    "ram_power": 0.7231478691101074,
    "cpu_energy": 0.0012968258086311832,
    "gpu_energy": 0.010434608903237219,
    "ram_energy": 6.928899216950099e-06,
    "total_energy_kwh": 0.01173836361108535,
    "total_energy_joules": 42258.108999907265,
    "final_emissions": 0.004471729617642964
  }
}