{
  "process_id": 2734129,
  "local_process_index": 1,
  "energy_results": {
    "cpu_power": 112.5,
    "gpu_power": 482.10709133104325,
    "ram_power": 0.7296552658081055,
    "cpu_energy": 0.001425648965750952,
    "gpu_energy": 0.010571053456836843,
    "ram_energy": 7.964726704936179e-06,
    "total_energy_kwh": 0.01200466714929273,
    "total_energy_joules": 43216.801737453825,
    "final_emissions": 0.004573177950523065
  }
}