{
  "process_id": 2734128,
  "local_process_index": 0,
  "energy_results": {
    "cpu_power": 112.5,
    "gpu_power": 1006.9314192932617,
    "ram_power": 0.6872720718383789,
    "cpu_energy": 0.0014565560671508135,
    "gpu_energy": 0.010560419559440426,
    "ram_energy": 7.469759596881268e-06,
    "total_energy_kwh": 0.012024445386188123,
    "total_energy_joules": 43288.00339027724,
    "final_emissions": 0.004580712469868365
  }
}