{
  "process_id": 2734131,
  "local_process_index": 3,
  "energy_results": {
    "cpu_power": 112.5,
    "gpu_power": 653.2376793026987,
    "ram_power": 0.7293534278869629,
    "cpu_energy": 0.0014357970576875235,
    "gpu_energy": 0.010622586553618696,
    "ram_energy": 7.72698196153256e-06,
    "total_energy_kwh": 0.012066110593267749,
    "total_energy_joules": 43437.9981357639,
    "final_emissions": 0.004596584830505349
  }
}