{
  "process_id": 2734130,
  "local_process_index": 2,
  "energy_results": {
    "cpu_power": 112.5,
    "gpu_power": 630.3414676503203,
    "ram_power": 0.7296366691589355,
    "cpu_energy": 0.001438864566092889,
    "gpu_energy": 0.010619690995745223,
    "ram_energy": 7.89450699901446e-06,
    "total_energy_kwh": 0.012066450068837125,
    "total_energy_joules": 43439.220247813646,
    "final_emissions": 0.004596714153723503
  }
}