{
  "experiment_id": "0007",
  "local_process_results": {
    "cpu_power": {
      "process_3": 112.5,
      "process_2": 112.5,
      "process_1": 112.5,
      "process_0": 112.5
    },
    "gpu_power": {
      "process_3": 653.2376793026987,
      "process_2": 630.3414676503203,
      "process_1": 482.10709133104325,
      "process_0": 1006.9314192932617
    },
    "ram_power": {
      "process_3": 0.7293534278869629,
      "process_2": 0.7296366691589355,
      "process_1": 0.7296552658081055,
      "process_0": 0.6872720718383789
    },
    "cpu_energy": {
      "process_3": 0.0014357970576875235,
      "process_2": 0.001438864566092889,
      "process_1": 0.001425648965750952,
      "process_0": 0.0014565560671508135
    },
    "gpu_energy": {
      "process_3": 0.010622586553618696,
      "process_2": 0.010619690995745223,
      "process_1": 0.010571053456836843,
      "process_0": 0.010560419559440426
    },
    "ram_energy": {
      "process_3": 7.72698196153256e-06,
      "process_2": 7.89450699901446e-06,
      "process_1": 7.964726704936179e-06,
      "process_0": 7.469759596881268e-06
    },
    "total_energy_kwh": {
      "process_3": 0.012066110593267749,
      "process_2": 0.012066450068837125,
      "process_1": 0.01200466714929273,
      "process_0": 0.012024445386188123
    },
    "total_energy_joules": {
      "process_3": 43437.9981357639,
      "process_2": 43439.220247813646,
      "process_1": 43216.801737453825,
      "process_0": 43288.00339027724
    }
  },
  "global_experiment_results": {
    "cpu_power_avg": 112.5,
    "gpu_power_avg": 693.154414394331,
    "ram_power_avg": 0.7189793586730957,
    "cpu_energy_total": 0.0057568666566821785,
    "gpu_energy_total": 0.04237375056564119,
    "ram_energy_total": 3.1055975262364465e-05,
    "total_energy_kwh": 0.04816167319758573,
    "total_energy_joules": 173382.0235113086
  },
  "global_derived_quantities": {
    "tokens_per_joule": 0.09449653238665413,
    "joules_per_token": 10.582398895953894,
    "flops_per_joule": 303598846.30963904,
    "joules_per_flop": 3.2938201582627383e-09
  },
  "per-process_emissions": [
    0.004596584830505349,
    0.004596714153723503,
    0.004573177950523065,
    0.004580712469868365
  ]
}