{
  "experiment_id": "0201",
  "local_process_results": {
    "cpu_power": {
      "process_0": 112.5,
      "process_1": 112.5,
      "process_3": 112.5,
      "process_2": 112.5
    },
    "gpu_power": {
      "process_0": 1060.1347226232367,
      "process_1": 0.0,
      "process_3": 797.728951758305,
      "process_2": 987.7859473286175
    },
    "ram_power": {
      "process_0": 0.6889057159423828,
      "process_1": 0.7088484764099121,
      "process_3": 0.7168006896972656,
      "process_2": 0.7324433326721191
    },
    "cpu_energy": {
      "process_0": 0.0011614251440296359,
      "process_1": 0.0012049155427193913,
      "process_3": 0.0011748835949729256,
      "process_2": 0.0011639086545947063
    },
    "gpu_energy": {
      "process_0": 0.0101717381373847,
      "process_1": 0.01022313067849634,
      "process_3": 0.010224183457116176,
      "process_2": 0.0101717381373847
    },
    "ram_energy": {
      "process_0": 6.09462504092034e-06,
      "process_1": 6.484782180020926e-06,
      "process_3": 6.591414035750399e-06,
      "process_2": 6.471868703639062e-06
    },
    "total_energy_kwh": {
      "process_0": 0.011339257906455258,
      "process_1": 0.011434531003395754,
      "process_3": 0.01140565846612485,
      "process_2": 0.011342118660683043
    },
    "total_energy_joules": {
      "process_0": 40821.32846323893,
      "process_1": 41164.311612224716,
      "process_3": 41060.37047804946,
      "process_2": 40831.627178458955
    }
  },
  "global_experiment_results": {
    "cpu_power_avg": 112.5,
    "gpu_power_avg": 711.4124054275399,
    "ram_power_avg": 0.7117495536804199,
    "cpu_energy_total": 0.0047051329363166595,
    "gpu_energy_total": 0.040790790410381916,
    "ram_energy_total": 2.5642689960330727e-05,
    "total_energy_kwh": 0.045521566036658904,
    "total_energy_joules": 163877.63773197206
  },
  "global_derived_quantities": {
    "tokens_per_joule": 0.09997703302751189,
    "joules_per_token": 10.00229722485181,
    "flops_per_joule": 321206621.2167175,
    "joules_per_flop": 3.113260854374798e-09
  },
  "per-process_emissions": [
    0.004319690299464131,
    0.004355984585743613,
    0.004344985592670262,
    0.004320780103787205
  ]
}