{
  "process_id": 3172934,
  "local_process_index": 1,
  "energy_results": {
    "cpu_power": 112.5,
    "gpu_power": 0.0,
    "ram_power": 0.7088484764099121,
    "cpu_energy": 0.0012049155427193913,
    "gpu_energy": 0.01022313067849634,
    "ram_energy": 6.484782180020926e-06,
    "total_energy_kwh": 0.011434531003395754,
    "total_energy_joules": 41164.311612224716,
    "final_emissions": 0.004355984585743613
  }
}