{
  "process_id": 3172933,
  "local_process_index": 0,
  "energy_results": {
    "cpu_power": 112.5,
    "gpu_power": 1060.1347226232367,
    "ram_power": 0.6889057159423828,
    "cpu_energy": 0.0011614251440296359,
    "gpu_energy": 0.0101717381373847,
    "ram_energy": 6.09462504092034e-06,
    "total_energy_kwh": 0.011339257906455258,
    "total_energy_joules": 40821.32846323893,
    "final_emissions": 0.004319690299464131
  }
}