{
  "process_id": 3172936,
  "local_process_index": 3,
  "energy_results": {
    "cpu_power": 112.5,
    "gpu_power": 797.728951758305,
    "ram_power": 0.7168006896972656,
    "cpu_energy": 0.0011748835949729256,
    "gpu_energy": 0.010224183457116176,
    "ram_energy": 6.591414035750399e-06,
    "total_energy_kwh": 0.01140565846612485,
    "total_energy_joules": 41060.37047804946,
    "final_emissions": 0.004344985592670262
  }
}