{
  "process_id": 3172935,
  "local_process_index": 2,
  "energy_results": {
    "cpu_power": 112.5,
    "gpu_power": 987.7859473286175,
    "ram_power": 0.7324433326721191,
    "cpu_energy": 0.0011639086545947063,
    "gpu_energy": 0.0101717381373847,
    "ram_energy": 6.471868703639062e-06,
    "total_energy_kwh": 0.011342118660683043,
    "total_energy_joules": 40831.627178458955,
    "final_emissions": 0.004320780103787205
  }
}