{
  "experiment_id": "0433",
  "local_process_results": {
    "cpu_power": {
      "process_1": 112.5,
      "process_0": 112.5
    },
    "gpu_power": {
      "process_1": 511.505518279519,
      "process_0": 569.4864376598795
    },
    "ram_power": {
      "process_1": 0.7066898345947266,
      "process_0": 0.6854281425476074
    },
    "cpu_energy": {
      "process_1": 0.001148896382588646,
      "process_0": 0.0011465113434369412
    },
    "gpu_energy": {
      "process_1": 0.005697190946639452,
      "process_0": 0.0056809076002792835
    },
    "ram_energy": {
      "process_1": 6.168657057007031e-06,
      "process_0": 5.987782951833578e-06
    },
    "total_energy_kwh": {
      "process_1": 0.006852255986285104,
      "process_0": 0.006833406726668059
    },
    "total_energy_joules": {
      "process_1": 24668.121550626372,
      "process_0": 24600.264216005013
    }
  },
  "global_experiment_results": {
    "cpu_power_avg": 112.5,
    "gpu_power_avg": 540.4959779696992,
    "ram_power_avg": 0.696058988571167,
    "cpu_energy_total": 0.002295407726025587,
    "gpu_energy_total": 0.011378098546918736,
    "ram_energy_total": 1.2156440008840609e-05,
    "total_energy_kwh": 0.013685662712953163,
    "total_energy_joules": 49268.385766631385
  },
  "global_derived_quantities": {
    "tokens_per_joule": 0.33254590636693027,
    "joules_per_token": 3.0071036234516226,
    "flops_per_joule": 1068404850.083706,
    "joules_per_flop": 9.359747851403458e-10
  },
  "per-process_emissions": [
    0.00261036691797531,
    0.002603186292524197
  ]
}