{
  "process_id": 3575534,
  "local_process_index": 1,
  "energy_results": {
    "cpu_power": 112.5,
    "gpu_power": 511.505518279519,
    "ram_power": 0.7066898345947266,
    "cpu_energy": 0.001148896382588646,
    "gpu_energy": 0.005697190946639452,
    "ram_energy": 6.168657057007031e-06,
    "total_energy_kwh": 0.006852255986285104,
    "total_energy_joules": 24668.121550626372,
    "final_emissions": 0.00261036691797531
  }
}