{
  "process_id": 3575533,
  "local_process_index": 0,
  "energy_results": {
    "cpu_power": 112.5,
    "gpu_power": 569.4864376598795,
    "ram_power": 0.6854281425476074,
    "cpu_energy": 0.0011465113434369412,
    "gpu_energy": 0.0056809076002792835,
    "ram_energy": 5.987782951833578e-06,
    "total_energy_kwh": 0.006833406726668059,
    "total_energy_joules": 24600.264216005013,
    "final_emissions": 0.002603186292524197
  }
}