{
  "process_id": 4035912,
  "local_process_index": 3,
  "energy_results": {
    "cpu_power": 112.5,
    "gpu_power": 217.23498011212112,
    "ram_power": 0.7101860046386719,
    "cpu_energy": 0.0013407164134987394,
    "gpu_energy": 0.01059891347912334,
    "ram_energy": 7.733846200717445e-06,
    "total_energy_kwh": 0.011947363738822799,
    "total_energy_joules": 43010.50945976208,
    "final_emissions": 0.004551348216304546
  }
}