{
  "process_id": 4035911,
  "local_process_index": 2,
  "energy_results": {
    "cpu_power": 112.5,
    "gpu_power": 820.9567978011424,
    "ram_power": 0.7088155746459962,
    "cpu_energy": 0.0013084579400583609,
    "gpu_energy": 0.01066066936186516,
    "ram_energy": 7.841938522627873e-06,
    "total_energy_kwh": 0.01197696924044615,
    "total_energy_joules": 43117.08926560614,
    "final_emissions": 0.004562626432147961
  }
}