{
  "experiment_id": "0554",
  "local_process_results": {
    "cpu_power": {
      "process_0": 112.5,
      "process_3": 112.5,
      "process_2": 112.5,
      "process_1": 112.5
    },
    "gpu_power": {
      "process_0": 584.7710170065853,
      "process_3": 217.23498011212112,
      "process_2": 820.9567978011424,
      "process_1": 487.0779975756861
    },
    "ram_power": {
      "process_0": 0.6889786720275879,
      "process_3": 0.7101860046386719,
      "process_2": 0.7088155746459962,
      "process_1": 0.7318668365478516
    },
    "cpu_energy": {
      "process_0": 0.001178924555693811,
      "process_3": 0.0013407164134987394,
      "process_2": 0.0013084579400583609,
      "process_1": 0.001271217166871793
    },
    "gpu_energy": {
      "process_0": 0.010750668600527646,
      "process_3": 0.01059891347912334,
      "process_2": 0.01066066936186516,
      "process_1": 0.010890367878955587
    },
    "ram_energy": {
      "process_0": 7.226159942970771e-06,
      "process_3": 7.733846200717445e-06,
      "process_2": 7.841938522627873e-06,
      "process_1": 8.182476784495464e-06
    },
    "total_energy_kwh": {
      "process_0": 0.011936819316164426,
      "process_3": 0.011947363738822799,
      "process_2": 0.01197696924044615,
      "process_1": 0.012169767522611877
    },
    "total_energy_joules": {
      "process_0": 42972.54953819193,
      "process_3": 43010.50945976208,
      "process_2": 43117.08926560614,
      "process_1": 43811.16308140276
    }
  },
  "global_experiment_results": {
    "cpu_power_avg": 112.5,
    "gpu_power_avg": 527.5101981238837,
    "ram_power_avg": 0.7099617719650269,
    "cpu_energy_total": 0.005099316076122704,
    "gpu_energy_total": 0.04290061932047173,
    "ram_energy_total": 3.0984421450811546e-05,
    "total_energy_kwh": 0.048030919818045255,
    "total_energy_joules": 172911.31134496292
  },
  "global_derived_quantities": {
    "tokens_per_joule": 0.09475377794870493,
    "joules_per_token": 10.55366890533221,
    "flops_per_joule": 304425325.9050737,
    "joules_per_flop": 3.284877817004691e-09
  },
  "per-process_emissions": [
    0.004547331318492838,
    0.004551348216304546,
    0.004562626432147961,
    0.004636072937738995
  ]
}