{
  "process_id": 4035909,
  "local_process_index": 0,
  "energy_results": {
    "cpu_power": 112.5,
    "gpu_power": 584.7710170065853,
    "ram_power": 0.6889786720275879,
    "cpu_energy": 0.001178924555693811,
    "gpu_energy": 0.010750668600527646,
    "ram_energy": 7.226159942970771e-06,
    "total_energy_kwh": 0.011936819316164426,
    "total_energy_joules": 42972.54953819193,
    "final_emissions": 0.004547331318492838
  }
}