{
  "process_id": 4035910,
  "local_process_index": 1,
  "energy_results": {
    "cpu_power": 112.5,
    "gpu_power": 487.0779975756861,
    "ram_power": 0.7318668365478516,
    "cpu_energy": 0.001271217166871793,
    "gpu_energy": 0.010890367878955587,
    "ram_energy": 8.182476784495464e-06,
    "total_energy_kwh": 0.012169767522611877,
    "total_energy_joules": 43811.16308140276,
    "final_emissions": 0.004636072937738995
  }
}