{
  "process_id": 3079366,
  "local_process_index": 0,
  "energy_results": {
    "cpu_power": 112.5,
    "gpu_power": 520.4663167021708,
    "ram_power": 0.6875767707824707,
    "cpu_energy": 0.0013390399511936269,
    "gpu_energy": 0.010605387928747767,
    "ram_energy": 6.856701520142528e-06,
    "total_energy_kwh": 0.011951284581461535,
    "total_energy_joules": 43024.62449326152,
    "final_emissions": 0.004552841861307772
  }
}