{
  "process_id": 3079367,
  "local_process_index": 1,
  "energy_results": {
    "cpu_power": 112.5,
    "gpu_power": 899.4299777492212,
    "ram_power": 0.7309541702270508,
    "cpu_energy": 0.0013252501845672667,
    "gpu_energy": 0.010552537330910994,
    "ram_energy": 7.16754261353527e-06,
    "total_energy_kwh": 0.011884955058091794,
    "total_energy_joules": 42785.83820913046,
    "final_emissions": 0.004527573629380069
  }
}