{
  "process_id": 3079369,
  "local_process_index": 3,
  "energy_results": {
    "cpu_power": 112.5,
    "gpu_power": 977.7401953470711,
    "ram_power": 0.7232751846313477,
    "cpu_energy": 0.001315730966813135,
    "gpu_energy": 0.010502574235385254,
    "ram_energy": 7.0723350245924394e-06,
    "total_energy_kwh": 0.011825377537222981,
    "total_energy_joules": 42571.359134002734,
    "final_emissions": 0.004504877572805095
  }
}