{
  "process_id": 3079368,
  "local_process_index": 2,
  "energy_results": {
    "cpu_power": 112.5,
    "gpu_power": 979.6380333716672,
    "ram_power": 0.7308797836303711,
    "cpu_energy": 0.0013164597751328983,
    "gpu_energy": 0.010516315357488537,
    "ram_energy": 7.127754437906244e-06,
    "total_energy_kwh": 0.011839902887059344,
    "total_energy_joules": 42623.650393413634,
    "final_emissions": 0.004510411004825257
  }
}