{
  "experiment_id": "0148",
  "local_process_results": {
    "cpu_power": {
      "process_0": 112.5,
      "process_1": 112.5,
      "process_2": 112.5,
      "process_3": 112.5
    },
    "gpu_power": {
      "process_0": 520.4663167021708,
      "process_1": 899.4299777492212,
      "process_2": 979.6380333716672,
      "process_3": 977.7401953470711
    },
    "ram_power": {
      "process_0": 0.6875767707824707,
      "process_1": 0.7309541702270508,
      "process_2": 0.7308797836303711,
      "process_3": 0.7232751846313477
    },
    "cpu_energy": {
      "process_0": 0.0013390399511936269,
      "process_1": 0.0013252501845672667,
      "process_2": 0.0013164597751328983,
      "process_3": 0.001315730966813135
    },
    "gpu_energy": {
      "process_0": 0.010605387928747767,
      "process_1": 0.010552537330910994,
      "process_2": 0.010516315357488537,
      "process_3": 0.010502574235385254
    },
    "ram_energy": {
      "process_0": 6.856701520142528e-06,
      "process_1": 7.16754261353527e-06,
      "process_2": 7.127754437906244e-06,
      "process_3": 7.0723350245924394e-06
    },
    "total_energy_kwh": {
      "process_0": 0.011951284581461535,
      "process_1": 0.011884955058091794,
      "process_2": 0.011839902887059344,
      "process_3": 0.011825377537222981
    },
    "total_energy_joules": {
      "process_0": 43024.62449326152,
      "process_1": 42785.83820913046,
      "process_2": 42623.650393413634,
      "process_3": 42571.359134002734
    }
  },
  "global_experiment_results": {
    "cpu_power_avg": 112.5,
    "gpu_power_avg": 844.3186307925326,
    "ram_power_avg": 0.7181714773178101,
    "cpu_energy_total": 0.005296480877706926,
    "gpu_energy_total": 0.04217681485253255,
    "ram_energy_total": 2.8224333596176483e-05,
    "total_energy_kwh": 0.04750152006383565,
    "total_energy_joules": 171005.47222980837
  },
  "global_derived_quantities": {
    "tokens_per_joule": 0.09580979945473386,
    "joules_per_token": 10.43734571715139,
    "flops_per_joule": 307818116.1251075,
    "joules_per_flop": 3.2486716915438685e-09
  },
  "per-process_emissions": [
    0.004552841861307772,
    0.004527573629380069,
    0.004510411004825257,
    0.004504877572805095
  ]
}