{
  "process_id": 2796311,
  "local_process_index": 2,
  "energy_results": {
    "cpu_power": 112.5,
    "gpu_power": 952.6464401711794,
    "ram_power": 0.7292804718017578,
    "cpu_energy": 0.0011486005170645514,
    "gpu_energy": 0.010111775033855963,
    "ram_energy": 6.427439427155304e-06,
    "total_energy_kwh": 0.011266802990347668,
    "total_energy_joules": 40560.490765251605,
    "final_emissions": 0.004292088599172944
  }
}