{
  "process_id": 2796309,
  "local_process_index": 0,
  "energy_results": {
    "cpu_power": 112.5,
    "gpu_power": 1170.5225511087492,
    "ram_power": 0.6860661506652832,
    "cpu_energy": 0.0011447970414901645,
    "gpu_energy": 0.010078632229564732,
    "ram_energy": 6.04412255873871e-06,
    "total_energy_kwh": 0.01122947339361363,
    "total_energy_joules": 40426.104217009066,
    "final_emissions": 0.004277867889297113
  }
}