{
  "experiment_id": "0042",
  "local_process_results": {
    "cpu_power": {
      "process_2": 112.5,
      "process_1": 112.5,
      "process_3": 112.5,
      "process_0": 112.5
    },
    "gpu_power": {
      "process_2": 952.6464401711794,
      "process_1": 874.3215751250805,
      "process_3": 828.7397291080581,
      "process_0": 1170.5225511087492
    },
    "ram_power": {
      "process_2": 0.7292804718017578,
      "process_1": 0.7218289375305176,
      "process_3": 0.719937801361084,
      "process_0": 0.6860661506652832
    },
    "cpu_energy": {
      "process_2": 0.0011486005170645514,
      "process_1": 0.001148171577742687,
      "process_3": 0.0011530045432900807,
      "process_0": 0.0011447970414901645
    },
    "gpu_energy": {
      "process_2": 0.010111775033855963,
      "process_1": 0.010111775033855963,
      "process_3": 0.010123278931949642,
      "process_0": 0.010078632229564732
    },
    "ram_energy": {
      "process_2": 6.427439427155304e-06,
      "process_1": 6.3784884287416925e-06,
      "process_3": 6.398531544588239e-06,
      "process_0": 6.04412255873871e-06
    },
    "total_energy_kwh": {
      "process_2": 0.011266802990347668,
      "process_1": 0.01126632510002739,
      "process_3": 0.011282682006784308,
      "process_0": 0.01122947339361363
    },
    "total_energy_joules": {
      "process_2": 40560.490765251605,
      "process_1": 40558.770360098606,
      "process_3": 40617.655224423506,
      "process_0": 40426.104217009066
    }
  },
  "global_experiment_results": {
    "cpu_power_avg": 112.5,
    "gpu_power_avg": 956.5575738782668,
    "ram_power_avg": 0.7142783403396606,
    "cpu_energy_total": 0.004594573679587483,
    "gpu_energy_total": 0.0404254612292263,
    "ram_energy_total": 2.5248581959223947e-05,
    "total_energy_kwh": 0.045045283490773,
    "total_energy_joules": 162163.0205667828
  },
  "global_derived_quantities": {
    "tokens_per_joule": 0.1010341318429787,
    "joules_per_token": 9.897645298265552,
    "flops_per_joule": 324602872.620926,
    "joules_per_flop": 3.0806874625777217e-09
  },
  "per-process_emissions": [
    0.004292088599172944,
    0.004291906546855434,
    0.0042981377104844825,
    0.004277867889297113
  ]
}