{
  "process_id": 2796312,
  "local_process_index": 3,
  "energy_results": {
    "cpu_power": 112.5,
    "gpu_power": 828.7397291080581,
    "ram_power": 0.719937801361084,
    "cpu_energy": 0.0011530045432900807,
    "gpu_energy": 0.010123278931949642,
    "ram_energy": 6.398531544588239e-06,
    "total_energy_kwh": 0.011282682006784308,
    "total_energy_joules": 40617.655224423506,
    "final_emissions": 0.0042981377104844825
  }
}