{
  "process_id": 2796310,
  "local_process_index": 1,
  "energy_results": {
    "cpu_power": 112.5,
    "gpu_power": 874.3215751250805,
    "ram_power": 0.7218289375305176,
    "cpu_energy": 0.001148171577742687,
    "gpu_energy": 0.010111775033855963,
    "ram_energy": 6.3784884287416925e-06,
    "total_energy_kwh": 0.01126632510002739,
    "total_energy_joules": 40558.770360098606,
    "final_emissions": 0.004291906546855434
  }
}