{
  "process_id": 4124235,
  "local_process_index": 3,
  "energy_results": {
    "cpu_power": 112.5,
    "gpu_power": 790.6367420360577,
    "ram_power": 0.7234811782836914,
    "cpu_energy": 0.0012039801656537749,
    "gpu_energy": 0.010532648981669723,
    "ram_energy": 7.783012049890154e-06,
    "total_energy_kwh": 0.011744412159373383,
    "total_energy_joules": 42279.88377374418,
    "final_emissions": 0.00447403381211329
  }
}