{
  "experiment_id": "0602",
  "local_process_results": {
    "cpu_power": {
      "process_0": 112.5,
      "process_2": 112.5,
      "process_1": 112.5,
      "process_3": 112.5
    },
    "gpu_power": {
      "process_0": 1304.9655981499768,
      "process_2": 1536.633934062893,
      "process_1": 1005.6291889542947,
      "process_3": 790.6367420360577
    },
    "ram_power": {
      "process_0": 0.6864452362060547,
      "process_2": 0.7246499061584473,
      "process_1": 0.7307395935058594,
      "process_3": 0.7234811782836914
    },
    "cpu_energy": {
      "process_0": 0.0012884636082526413,
      "process_2": 0.001292266233531336,
      "process_1": 0.001293767860062872,
      "process_3": 0.0012039801656537749
    },
    "gpu_energy": {
      "process_0": 0.01052037230518188,
      "process_2": 0.010506341182846768,
      "process_1": 0.010533967038279357,
      "process_3": 0.010532648981669723
    },
    "ram_energy": {
      "process_0": 7.533298103528976e-06,
      "process_2": 7.974885159829684e-06,
      "process_1": 8.039238315012976e-06,
      "process_3": 7.783012049890154e-06
    },
    "total_energy_kwh": {
      "process_0": 0.011816369211538048,
      "process_2": 0.011806582301537935,
      "process_1": 0.011835774136657243,
      "process_3": 0.011744412159373383
    },
    "total_energy_joules": {
      "process_0": 42538.92916153697,
      "process_2": 42503.696285536564,
      "process_1": 42608.786891966076,
      "process_3": 42279.88377374418
    }
  },
  "global_experiment_results": {
    "cpu_power_avg": 112.5,
    "gpu_power_avg": 1159.4663658008055,
    "ram_power_avg": 0.7163289785385132,
    "cpu_energy_total": 0.005078477867500624,
    "gpu_energy_total": 0.04209332950797773,
    "ram_energy_total": 3.133043362826179e-05,
    "total_energy_kwh": 0.04720313780910661,
    "total_energy_joules": 169931.29611278378
  },
  "global_derived_quantities": {
    "tokens_per_joule": 0.09641543597199366,
    "joules_per_token": 10.371783210008775,
    "flops_per_joule": 309763907.60844696,
    "joules_per_flop": 3.228265060705642e-09
  },
  "per-process_emissions": [
    0.00450144585113542,
    0.0044977175277708765,
    0.004508838157359577,
    0.00447403381211329
  ]
}