{
  "process_id": 4124234,
  "local_process_index": 2,
  "energy_results": {
    "cpu_power": 112.5,
    "gpu_power": 1536.633934062893,
    "ram_power": 0.7246499061584473,
    "cpu_energy": 0.001292266233531336,
    "gpu_energy": 0.010506341182846768,
    "ram_energy": 7.974885159829684e-06,
    "total_energy_kwh": 0.011806582301537935,
    "total_energy_joules": 42503.696285536564,
    "final_emissions": 0.0044977175277708765
  }
}