{
  "process_id": 4124232,
  "local_process_index": 0,
  "energy_results": {
    "cpu_power": 112.5,
    "gpu_power": 1304.9655981499768,
    "ram_power": 0.6864452362060547,
    "cpu_energy": 0.0012884636082526413,
    "gpu_energy": 0.01052037230518188,
    "ram_energy": 7.533298103528976e-06,
    "total_energy_kwh": 0.011816369211538048,
    "total_energy_joules": 42538.92916153697,
    "final_emissions": 0.00450144585113542
  }
}