{
  "process_id": 4124233,
  "local_process_index": 1,
  "energy_results": {
    "cpu_power": 112.5,
    "gpu_power": 1005.6291889542947,
    "ram_power": 0.7307395935058594,
    "cpu_energy": 0.001293767860062872,
    "gpu_energy": 0.010533967038279357,
    "ram_energy": 8.039238315012976e-06,
    "total_energy_kwh": 0.011835774136657243,
    "total_energy_joules": 42608.786891966076,
    "final_emissions": 0.004508838157359577
  }
}