{
  "process_id": 2955783,
  "local_process_index": 1,
  "energy_results": {
    "cpu_power": 112.5,
    "gpu_power": 596.6305513546827,
    "ram_power": 0.7321414947509766,
    "cpu_energy": 0.0012525187048377118,
    "gpu_energy": 0.01042833028710266,
    "ram_energy": 6.760171225298172e-06,
    "total_energy_kwh": 0.011687609163165668,
    "total_energy_joules": 42075.39298739641,
    "final_emissions": 0.004452394710707961
  }
}