{
  "process_id": 2955782,
  "local_process_index": 0,
  "energy_results": {
    "cpu_power": 112.5,
    "gpu_power": 586.3068577270407,
    "ram_power": 0.6889986991882324,
    "cpu_energy": 0.0012540591341294203,
    "gpu_energy": 0.010436870293933254,
    "ram_energy": 6.39835842043556e-06,
    "total_energy_kwh": 0.011697327786483103,
    "total_energy_joules": 42110.38003133917,
    "final_emissions": 0.004456097020260738
  }
}