{
  "experiment_id": "0073",
  "local_process_results": {
    "cpu_power": {
      "process_2": 112.5,
      "process_0": 112.5,
      "process_3": 112.5,
      "process_1": 112.5
    },
    "gpu_power": {
      "process_2": 944.9414626168733,
      "process_0": 586.3068577270407,
      "process_3": 1346.5479080958248,
      "process_1": 596.6305513546827
    },
    "ram_power": {
      "process_2": 0.7251577377319336,
      "process_0": 0.6889986991882324,
      "process_3": 0.7320542335510254,
      "process_1": 0.7321414947509766
    },
    "cpu_energy": {
      "process_2": 0.001242917872619728,
      "process_0": 0.0012540591341294203,
      "process_3": 0.0012430518600613145,
      "process_1": 0.0012525187048377118
    },
    "gpu_energy": {
      "process_2": 0.010387793588005678,
      "process_0": 0.010436870293933254,
      "process_3": 0.010393962481829888,
      "process_1": 0.01042833028710266
    },
    "ram_energy": {
      "process_2": 6.802273068562565e-06,
      "process_0": 6.39835842043556e-06,
      "process_3": 6.909448953289474e-06,
      "process_1": 6.760171225298172e-06
    },
    "total_energy_kwh": {
      "process_2": 0.011637513733693969,
      "process_0": 0.011697327786483103,
      "process_3": 0.011643923790844493,
      "process_1": 0.011687609163165668
    },
    "total_energy_joules": {
      "process_2": 41895.04944129829,
      "process_0": 42110.38003133917,
      "process_3": 41918.12564704017,
      "process_1": 42075.39298739641
    }
  },
  "global_experiment_results": {
    "cpu_power_avg": 112.5,
    "gpu_power_avg": 868.6066949486054,
    "ram_power_avg": 0.719588041305542,
    "cpu_energy_total": 0.004992547571648175,
    "gpu_energy_total": 0.04164695665087148,
    "ram_energy_total": 2.687025166758577e-05,
    "total_energy_kwh": 0.046666374474187235,
    "total_energy_joules": 167998.94810707401
  },
  "global_derived_quantities": {
    "tokens_per_joule": 0.09752442015028373,
    "joules_per_token": 10.253842047550904,
    "flops_per_joule": 313326856.5188565,
    "joules_per_flop": 3.191555333335489e-09
  },
  "per-process_emissions": [
    0.004433310856850717,
    0.004456097020260738,
    0.004435752768122209,
    0.004452394710707961
  ]
}