{
  "process_id": 2955784,
  "local_process_index": 2,
  "energy_results": {
    "cpu_power": 112.5,
    "gpu_power": 944.9414626168733,
    "ram_power": 0.7251577377319336,
    "cpu_energy": 0.001242917872619728,
    "gpu_energy": 0.010387793588005678,
    "ram_energy": 6.802273068562565e-06,
    "total_energy_kwh": 0.011637513733693969,
    "total_energy_joules": 41895.04944129829,
    "final_emissions": 0.004433310856850717
  }
}