{
  "process_id": 2955785,
  "local_process_index": 3,
  "energy_results": {
    "cpu_power": 112.5,
    "gpu_power": 1346.5479080958248,
    "ram_power": 0.7320542335510254,
    "cpu_energy": 0.0012430518600613145,
    "gpu_energy": 0.010393962481829888,
    "ram_energy": 6.909448953289474e-06,
    "total_energy_kwh": 0.011643923790844493,
    "total_energy_joules": 41918.12564704017,
    "final_emissions": 0.004435752768122209
  }
}