{
  "process_id": 3586243,
  "local_process_index": 2,
  "energy_results": {
    "cpu_power": 112.5,
    "gpu_power": 960.2969310670311,
    "ram_power": 0.716191291809082,
    "cpu_energy": 0.0008857363370570963,
    "gpu_energy": 0.007864927403050004,
    "ram_energy": 4.915025350770203e-06,
    "total_energy_kwh": 0.008755578765457872,
    "total_energy_joules": 31520.08355564834,
    "final_emissions": 0.0033354377307011768
  }
}