{
  "process_id": 3586242,
  "local_process_index": 1,
  "energy_results": {
    "cpu_power": 112.5,
    "gpu_power": 960.4543507294413,
    "ram_power": 0.7219033241271973,
    "cpu_energy": 0.0008871681496912061,
    "gpu_energy": 0.007869908518145508,
    "ram_energy": 4.968775947765608e-06,
    "total_energy_kwh": 0.008762045443784477,
    "total_energy_joules": 31543.36359762412,
    "final_emissions": 0.003337901211809697
  }
}