{
  "process_id": 3586244,
  "local_process_index": 3,
  "energy_results": {
    "cpu_power": 112.5,
    "gpu_power": 882.5879638498308,
    "ram_power": 0.7236270904541016,
    "cpu_energy": 0.0008923877564411669,
    "gpu_energy": 0.007882739639519798,
    "ram_energy": 5.0067962272720924e-06,
    "total_energy_kwh": 0.008780134192188238,
    "total_energy_joules": 31608.483091877657,
    "final_emissions": 0.003344792120514109
  }
}