{
  "experiment_id": "0440",
  "local_process_results": {
    "cpu_power": {
      "process_3": 112.5,
      "process_1": 112.5,
      "process_0": 112.5,
      "process_2": 112.5
    },
    "gpu_power": {
      "process_3": 882.5879638498308,
      "process_1": 960.4543507294413,
      "process_0": 1039.8751327637674,
      "process_2": 960.2969310670311
    },
    "ram_power": {
      "process_3": 0.7236270904541016,
      "process_1": 0.7219033241271973,
      "process_0": 0.6861906051635742,
      "process_2": 0.716191291809082
    },
    "cpu_energy": {
      "process_3": 0.0008923877564411669,
      "process_1": 0.0008871681496912061,
      "process_0": 0.0008830895256232904,
      "process_2": 0.0008857363370570963
    },
    "gpu_energy": {
      "process_3": 0.007882739639519798,
      "process_1": 0.007869908518145508,
      "process_0": 0.00783985904965867,
      "process_2": 0.007864927403050004
    },
    "ram_energy": {
      "process_3": 5.0067962272720924e-06,
      "process_1": 4.968775947765608e-06,
      "process_0": 4.697632845843465e-06,
      "process_2": 4.915025350770203e-06
    },
    "total_energy_kwh": {
      "process_3": 0.008780134192188238,
      "process_1": 0.008762045443784477,
      "process_0": 0.008727646208127804,
      "process_2": 0.008755578765457872
    },
    "total_energy_joules": {
      "process_3": 31608.483091877657,
      "process_1": 31543.36359762412,
      "process_0": 31419.526349260093,
      "process_2": 31520.08355564834
    }
  },
  "global_experiment_results": {
    "cpu_power_avg": 112.5,
    "gpu_power_avg": 960.8035946025176,
    "ram_power_avg": 0.7119780778884888,
    "cpu_energy_total": 0.0035483817688127597,
    "gpu_energy_total": 0.03145743461037398,
    "ram_energy_total": 1.958823037165137e-05,
    "total_energy_kwh": 0.03502540460955839,
    "total_energy_joules": 126091.4565944102
  },
  "global_derived_quantities": {
    "tokens_per_joule": 0.1299374314685038,
    "joules_per_token": 7.69601175502992,
    "flops_per_joule": 417463512.0457284,
    "joules_per_flop": 2.3954189315842804e-09
  },
  "per-process_emissions": [
    0.003344792120514109,
    0.003337901211809697,
    0.003324796822986287,
    0.0033354377307011768
  ]
}