{
  "process_id": 3586241,
  "local_process_index": 0,
  "energy_results": {
    "cpu_power": 112.5,
    "gpu_power": 1039.8751327637674,
    "ram_power": 0.6861906051635742,
    "cpu_energy": 0.0008830895256232904,
    "gpu_energy": 0.00783985904965867,
    "ram_energy": 4.697632845843465e-06,
    "total_energy_kwh": 0.008727646208127804,
    "total_energy_joules": 31419.526349260093,
    "final_emissions": 0.003324796822986287
  }
}