{
  "process_id": 3126635,
  "local_process_index": 2,
  "energy_results": {
    "cpu_power": 112.5,
    "gpu_power": 1100.299115942721,
    "ram_power": 0.714411735534668,
    "cpu_energy": 0.0011855340213114687,
    "gpu_energy": 0.010321178256933905,
    "ram_energy": 6.480770733482172e-06,
    "total_energy_kwh": 0.011513193048978857,
    "total_energy_joules": 41447.494976323884,
    "final_emissions": 0.004385950892008496
  }
}