{
  "experiment_id": "0173",
  "local_process_results": {
    "cpu_power": {
      "process_1": 112.5,
      "process_3": 112.5,
      "process_2": 112.5,
      "process_0": 112.5
    },
    "gpu_power": {
      "process_1": 942.0486334809049,
      "process_3": 922.4551739733429,
      "process_2": 1100.299115942721,
      "process_0": 472.05842194042043
    },
    "ram_power": {
      "process_1": 0.7260775566101074,
      "process_3": 0.7103691101074219,
      "process_2": 0.714411735534668,
      "process_0": 0.6903634071350098
    },
    "cpu_energy": {
      "process_1": 0.0011954270251771958,
      "process_3": 0.0011956734130017135,
      "process_2": 0.0011855340213114687,
      "process_0": 0.0013740689382175336
    },
    "gpu_energy": {
      "process_1": 0.010391558868795059,
      "process_3": 0.010385333308258637,
      "process_2": 0.010321178256933905,
      "process_0": 0.01110808971979882
    },
    "ram_energy": {
      "process_1": 6.674362813052812e-06,
      "process_3": 6.54709407072968e-06,
      "process_2": 6.480770733482172e-06,
      "process_0": 7.348527190499783e-06
    },
    "total_energy_kwh": {
      "process_1": 0.011593660256785309,
      "process_3": 0.011587553815331079,
      "process_2": 0.011513193048978857,
      "process_0": 0.012489507185206855
    },
    "total_energy_joules": {
      "process_1": 41737.17692442711,
      "process_3": 41715.19373519188,
      "process_2": 41447.494976323884,
      "process_0": 44962.22586674468
    }
  },
  "global_experiment_results": {
    "cpu_power_avg": 112.5,
    "gpu_power_avg": 859.2153363343473,
    "ram_power_avg": 0.7103054523468018,
    "cpu_energy_total": 0.004950703397707911,
    "gpu_energy_total": 0.04220616015378642,
    "ram_energy_total": 2.705075480776445e-05,
    "total_energy_kwh": 0.047183914306302095,
    "total_energy_joules": 169862.09150268754
  },
  "global_derived_quantities": {
    "tokens_per_joule": 0.09645471720652146,
    "joules_per_token": 10.367559295818332,
    "flops_per_joule": 309890110.5196338,
    "joules_per_flop": 3.2269503480545647e-09
  },
  "per-process_emissions": [
    0.004416604874822363,
    0.004414278625950375,
    0.004385950892008496,
    0.004757877762204552
  ]
}