{
  "process_id": 3126636,
  "local_process_index": 3,
  "energy_results": {
    "cpu_power": 112.5,
    "gpu_power": 922.4551739733429,
    "ram_power": 0.7103691101074219,
    "cpu_energy": 0.0011956734130017135,
    "gpu_energy": 0.010385333308258637,
    "ram_energy": 6.54709407072968e-06,
    "total_energy_kwh": 0.011587553815331079,
    "total_energy_joules": 41715.19373519188,
    "final_emissions": 0.004414278625950375
  }
}