{
  "process_id": 3126633,
  "local_process_index": 0,
  "energy_results": {
    "cpu_power": 112.5,
    "gpu_power": 472.05842194042043,
    "ram_power": 0.6903634071350098,
    "cpu_energy": 0.0013740689382175336,
    "gpu_energy": 0.01110808971979882,
    "ram_energy": 7.348527190499783e-06,
    "total_energy_kwh": 0.012489507185206855,
    "total_energy_joules": 44962.22586674468,
    "final_emissions": 0.004757877762204552
  }
}