{
  "process_id": 3126634,
  "local_process_index": 1,
  "energy_results": {
    "cpu_power": 112.5,
    "gpu_power": 942.0486334809049,
    "ram_power": 0.7260775566101074,
    "cpu_energy": 0.0011954270251771958,
    "gpu_energy": 0.010391558868795059,
    "ram_energy": 6.674362813052812e-06,
    "total_energy_kwh": 0.011593660256785309,
    "total_energy_joules": 41737.17692442711,
    "final_emissions": 0.004416604874822363
  }
}