{
  "process_id": 3032373,
  "local_process_index": 0,
  "energy_results": {
    "cpu_power": 112.5,
    "gpu_power": 760.2760818333043,
    "ram_power": 0.6890859603881836,
    "cpu_energy": 0.0012431059018417723,
    "gpu_energy": 0.010427300008498896,
    "ram_energy": 6.403622357377772e-06,
    "total_energy_kwh": 0.011676809532698049,
    "total_energy_joules": 42036.51431771297,
    "final_emissions": 0.004448280591481322
  }
}