{
  "process_id": 3032375,
  "local_process_index": 2,
  "energy_results": {
    "cpu_power": 112.5,
    "gpu_power": 705.7509683295029,
    "ram_power": 0.7250676155090332,
    "cpu_energy": 0.0012504593363155438,
    "gpu_energy": 0.010486163388923941,
    "ram_energy": 6.64552227251624e-06,
    "total_energy_kwh": 0.011743268247512005,
    "total_energy_joules": 42275.76569104322,
    "final_emissions": 0.004473598038889698
  }
}