{
  "process_id": 3032374,
  "local_process_index": 1,
  "energy_results": {
    "cpu_power": 112.5,
    "gpu_power": 866.2594885481785,
    "ram_power": 0.7237215042114259,
    "cpu_energy": 0.0012502215266376882,
    "gpu_energy": 0.010486163388923941,
    "ram_energy": 6.636657939086053e-06,
    "total_energy_kwh": 0.01174302157350071,
    "total_energy_joules": 42274.87766460256,
    "final_emissions": 0.004473504068425095
  }
}