{
  "process_id": 3032376,
  "local_process_index": 3,
  "energy_results": {
    "cpu_power": 112.5,
    "gpu_power": 754.6531873931997,
    "ram_power": 0.7084865570068359,
    "cpu_energy": 0.001253156629341902,
    "gpu_energy": 0.010499030343664728,
    "ram_energy": 6.581702721431944e-06,
    "total_energy_kwh": 0.011758768675728063,
    "total_energy_joules": 42331.567232621026,
    "final_emissions": 0.004479502927018606
  }
}