{
  "experiment_id": "0119",
  "local_process_results": {
    "cpu_power": {
      "process_2": 112.5,
      "process_3": 112.5,
      "process_0": 112.5,
      "process_1": 112.5
    },
    "gpu_power": {
      "process_2": 705.7509683295029,
      "process_3": 754.6531873931997,
      "process_0": 760.2760818333043,
      "process_1": 866.2594885481785
    },
    "ram_power": {
      "process_2": 0.7250676155090332,
      "process_3": 0.7084865570068359,
      "process_0": 0.6890859603881836,
      "process_1": 0.7237215042114259
    },
    "cpu_energy": {
      "process_2": 0.0012504593363155438,
      "process_3": 0.001253156629341902,
      "process_0": 0.0012431059018417723,
      "process_1": 0.0012502215266376882
    },
    "gpu_energy": {
      "process_2": 0.010486163388923941,
      "process_3": 0.010499030343664728,
      "process_0": 0.010427300008498896,
      "process_1": 0.010486163388923941
    },
    "ram_energy": {
      "process_2": 6.64552227251624e-06,
      "process_3": 6.581702721431944e-06,
      "process_0": 6.403622357377772e-06,
      "process_1": 6.636657939086053e-06
    },
    "total_energy_kwh": {
      "process_2": 0.011743268247512005,
      "process_3": 0.011758768675728063,
      "process_0": 0.011676809532698049,
      "process_1": 0.01174302157350071
    },
    "total_energy_joules": {
      "process_2": 42275.76569104322,
      "process_3": 42331.567232621026,
      "process_0": 42036.51431771297,
      "process_1": 42274.87766460256
    }
  },
  "global_experiment_results": {
    "cpu_power_avg": 112.5,
    "gpu_power_avg": 771.7349315260464,
    "ram_power_avg": 0.7115904092788696,
    "cpu_energy_total": 0.0049969433941369065,
    "gpu_energy_total": 0.04189865713001151,
    "ram_energy_total": 2.6267505290412008e-05,
    "total_energy_kwh": 0.04692186802943883,
    "total_energy_joules": 168918.7249059798
  },
  "global_derived_quantities": {
    "tokens_per_joule": 0.09699339140239982,
    "joules_per_token": 10.309980768187243,
    "flops_per_joule": 311620765.18256134,
    "joules_per_flop": 3.2090287674319633e-09
  },
  "per-process_emissions": [
    0.004473598038889698,
    0.004479502927018606,
    0.004448280591481322,
    0.004473504068425095
  ]
}