{
  "experiment_id": "0595",
  "local_process_results": {
    "cpu_power": {
      "process_1": 112.5,
      "process_0": 112.5,
      "process_3": 112.5,
      "process_2": 112.5
    },
    "gpu_power": {
      "process_1": 613.9557085168443,
      "process_0": 0.0,
      "process_3": 575.1850221700853,
      "process_2": 0.0
    },
    "ram_power": {
      "process_1": 0.725987434387207,
      "process_0": 0.6898570060729982,
      "process_3": 0.7342100143432617,
      "process_2": 0.7182025909423828
    },
    "cpu_energy": {
      "process_1": 0.0010536783802417632,
      "process_0": 0.0010363419245586554,
      "process_3": 0.0010106247029671067,
      "process_2": 0.0009964819032466038
    },
    "gpu_energy": {
      "process_1": 0.01040856054906314,
      "process_0": 0.010370070518272101,
      "process_3": 0.010431287789467447,
      "process_2": 0.010370070518272101
    },
    "ram_energy": {
      "process_1": 7.23826781949103e-06,
      "process_0": 7.139621454077833e-06,
      "process_3": 7.387565601695115e-06,
      "process_2": 6.893391925211e-06
    },
    "total_energy_kwh": {
      "process_1": 0.011469477197124392,
      "process_0": 0.011413552064284828,
      "process_3": 0.011449300058036252,
      "process_2": 0.01137344581344392
    },
    "total_energy_joules": {
      "process_1": 41290.11790964781,
      "process_0": 41088.78743142538,
      "process_3": 41217.48020893051,
      "process_2": 40944.40492839811
    }
  },
  "global_experiment_results": {
    "cpu_power_avg": 112.5,
    "gpu_power_avg": 297.2851826717324,
    "ram_power_avg": 0.7170642614364624,
    "cpu_energy_total": 0.004097126911014129,
    "gpu_energy_total": 0.04157998937507479,
    "ram_energy_total": 2.865884680047498e-05,
    "total_energy_kwh": 0.04570577513288939,
    "total_energy_joules": 164540.79047840182
  },
  "global_derived_quantities": {
    "tokens_per_joule": 0.09957409316172344,
    "joules_per_token": 10.042772856347767,
    "flops_per_joule": 319912054.36547065,
    "joules_per_flop": 3.1258590801883013e-09
  },
  "per-process_emissions": [
    0.004369297338244537,
    0.004347992658889305,
    0.00436161085710891,
    0.004332714182631461
  ]
}