{
  "process_id": 4111834,
  "local_process_index": 0,
  "energy_results": {
    "cpu_power": 112.5,
    "gpu_power": 0.0,
    "ram_power": 0.6898570060729982,
    "cpu_energy": 0.0010363419245586554,
    "gpu_energy": 0.010370070518272101,
    "ram_energy": 7.139621454077833e-06,
    "total_energy_kwh": 0.011413552064284828,
    "total_energy_joules": 41088.78743142538,
    "final_emissions": 0.004347992658889305
  }
}