{
  "process_id": 4111836,
  "local_process_index": 2,
  "energy_results": {
    "cpu_power": 112.5,
    "gpu_power": 0.0,
    "ram_power": 0.7182025909423828,
    "cpu_energy": 0.0009964819032466038,
    "gpu_energy": 0.010370070518272101,
    "ram_energy": 6.893391925211e-06,
    "total_energy_kwh": 0.01137344581344392,
    "total_energy_joules": 40944.40492839811,
    "final_emissions": 0.004332714182631461
  }
}