{
  "process_id": 4111835,
  "local_process_index": 1,
  "energy_results": {
    "cpu_power": 112.5,
    "gpu_power": 613.9557085168443,
    "ram_power": 0.725987434387207,
    "cpu_energy": 0.0010536783802417632,
    "gpu_energy": 0.01040856054906314,
    "ram_energy": 7.23826781949103e-06,
    "total_energy_kwh": 0.011469477197124392,
    "total_energy_joules": 41290.11790964781,
    "final_emissions": 0.004369297338244537
  }
}