{
  "process_id": 4111837,
  "local_process_index": 3,
  "energy_results": {
    "cpu_power": 112.5,
    "gpu_power": 575.1850221700853,
    "ram_power": 0.7342100143432617,
    "cpu_energy": 0.0010106247029671067,
    "gpu_energy": 0.010431287789467447,
    "ram_energy": 7.387565601695115e-06,
    "total_energy_kwh": 0.011449300058036252,
    "total_energy_joules": 41217.48020893051,
    "final_emissions": 0.00436161085710891
  }
}