{
  "process_id": 3102073,
  "local_process_index": 0,
  "energy_results": {
    "cpu_power": 112.5,
    "gpu_power": 739.7565905145891,
    "ram_power": 0.6866183280944824,
    "cpu_energy": 0.0014385643045352486,
    "gpu_energy": 0.010694384944390123,
    "ram_energy": 7.403405684594744e-06,
    "total_energy_kwh": 0.012140352654609969,
    "total_energy_joules": 43705.269556595886,
    "final_emissions": 0.004624867343773668
  }
}