{
  "experiment_id": "0161",
  "local_process_results": {
    "cpu_power": {
      "process_2": 112.5,
      "process_0": 112.5,
      "process_1": 112.5,
      "process_3": 112.5
    },
    "gpu_power": {
      "process_2": 997.9634381970582,
      "process_0": 739.7565905145891,
      "process_1": 863.5219031262527,
      "process_3": 503.50512931120903
    },
    "ram_power": {
      "process_2": 0.7301216125488281,
      "process_0": 0.6866183280944824,
      "process_1": 0.7231020927429199,
      "process_3": 0.7232079505920411
    },
    "cpu_energy": {
      "process_2": 0.0014217837931555554,
      "process_0": 0.0014385643045352486,
      "process_1": 0.001431316374153539,
      "process_3": 0.0014505050455845775
    },
    "gpu_energy": {
      "process_2": 0.010601588759041825,
      "process_0": 0.010694384944390123,
      "process_1": 0.010657816304022738,
      "process_3": 0.010743744150545353
    },
    "ram_energy": {
      "process_2": 7.738308827059723e-06,
      "process_0": 7.403405684594744e-06,
      "process_1": 7.742710099078989e-06,
      "process_3": 7.819366003895767e-06
    },
    "total_energy_kwh": {
      "process_2": 0.01203111086102444,
      "process_0": 0.012140352654609969,
      "process_1": 0.012096875388275351,
      "process_3": 0.012202068562133829
    },
    "total_energy_joules": {
      "process_2": 43311.999099687986,
      "process_0": 43705.269556595886,
      "process_1": 43548.75139779126,
      "process_3": 43927.446823681785
    }
  },
  "global_experiment_results": {
    "cpu_power_avg": 112.5,
    "gpu_power_avg": 776.1867652872772,
    "ram_power_avg": 0.7157624959945679,
    "cpu_energy_total": 0.00574216951742892,
    "gpu_energy_total": 0.04269753415800004,
    "ram_energy_total": 3.070379061462922e-05,
    "total_energy_kwh": 0.048470407466043586,
    "total_energy_joules": 174493.46687775693
  },
  "global_derived_quantities": {
    "tokens_per_joule": 0.09389463280867683,
    "joules_per_token": 10.650236015488094,
    "flops_per_joule": 301665060.8801329,
    "joules_per_flop": 3.3149347726329885e-09
  },
  "per-process_emissions": [
    0.004583251682507261,
    0.004624867343773668,
    0.004608304679163495,
    0.004648378018744882
  ]
}