{
  "process_id": 3102075,
  "local_process_index": 1,
  "energy_results": {
    "cpu_power": 112.5,
    "gpu_power": 863.5219031262527,
    "ram_power": 0.7231020927429199,
    "cpu_energy": 0.001431316374153539,
    "gpu_energy": 0.010657816304022738,
    "ram_energy": 7.742710099078989e-06,
    "total_energy_kwh": 0.012096875388275351,
    "total_energy_joules": 43548.75139779126,
    "final_emissions": 0.004608304679163495
  }
}