{
  "process_id": 3102080,
  "local_process_index": 3,
  "energy_results": {
    "cpu_power": 112.5,
    "gpu_power": 503.50512931120903,
    "ram_power": 0.7232079505920411,
    "cpu_energy": 0.0014505050455845775,
    "gpu_energy": 0.010743744150545353,
    "ram_energy": 7.819366003895767e-06,
    "total_energy_kwh": 0.012202068562133829,
    "total_energy_joules": 43927.446823681785,
    "final_emissions": 0.004648378018744882
  }
}