{
  "process_id": 3102077,
  "local_process_index": 2,
  "energy_results": {
    "cpu_power": 112.5,
    "gpu_power": 997.9634381970582,
    "ram_power": 0.7301216125488281,
    "cpu_energy": 0.0014217837931555554,
    "gpu_energy": 0.010601588759041825,
    "ram_energy": 7.738308827059723e-06,
    "total_energy_kwh": 0.01203111086102444,
    "total_energy_joules": 43311.999099687986,
    "final_emissions": 0.004583251682507261
  }
}