{
  "experiment_id": "0061",
  "local_process_results": {
    "cpu_power": {
      "process_0": 112.5,
      "process_3": 112.5,
      "process_2": 112.5,
      "process_1": 112.5
    },
    "gpu_power": {
      "process_0": 999.4241364610064,
      "process_3": 242.22613206020543,
      "process_2": 538.9212946212158,
      "process_1": 802.9588658102712
    },
    "ram_power": {
      "process_0": 0.689300537109375,
      "process_3": 0.7328510284423828,
      "process_2": 0.7089385986328125,
      "process_1": 0.7252535820007324
    },
    "cpu_energy": {
      "process_0": 0.001206967460944725,
      "process_3": 0.0012125522469377756,
      "process_2": 0.0012219003357804468,
      "process_1": 0.0012163815137264465
    },
    "gpu_energy": {
      "process_0": 0.010233888464880714,
      "process_3": 0.010265578212456106,
      "process_2": 0.010307120190133467,
      "process_1": 0.01029338240136557
    },
    "ram_energy": {
      "process_0": 6.146431606185309e-06,
      "process_3": 6.706262874256364e-06,
      "process_2": 6.228222170958092e-06,
      "process_1": 6.55884544439356e-06
    },
    "total_energy_kwh": {
      "process_0": 0.011447002357431627,
      "process_3": 0.011484836722268136,
      "process_2": 0.011535248748084872,
      "process_1": 0.011516322760536405
    },
    "total_energy_joules": {
      "process_0": 41209.20848675386,
      "process_3": 41345.41220016529,
      "process_2": 41526.895493105534,
      "process_1": 41458.761937931056
    }
  },
  "global_experiment_results": {
    "cpu_power_avg": 112.5,
    "gpu_power_avg": 645.8826072381746,
    "ram_power_avg": 0.7140859365463257,
    "cpu_energy_total": 0.004857801557389394,
    "gpu_energy_total": 0.041099969268835856,
    "ram_energy_total": 2.5639762095793325e-05,
    "total_energy_kwh": 0.04598341058832104,
    "total_energy_joules": 165540.27811795572
  },
  "global_derived_quantities": {
    "tokens_per_joule": 0.09897289159032088,
    "joules_per_token": 10.103776740597883,
    "flops_per_joule": 317980511.4943469,
    "joules_per_flop": 3.144846818757879e-09
  },
  "per-process_emissions": [
    0.004360735548063578,
    0.004375148549348047,
    0.004394353010582932,
    0.004387143155626344
  ]
}