{
  "process_id": 2827170,
  "local_process_index": 1,
  "energy_results": {
    "cpu_power": 112.5,
    "gpu_power": 802.9588658102712,
    "ram_power": 0.7252535820007324,
    "cpu_energy": 0.0012163815137264465,
    "gpu_energy": 0.01029338240136557,
    "ram_energy": 6.55884544439356e-06,
    "total_energy_kwh": 0.011516322760536405,
    "total_energy_joules": 41458.761937931056,
    "final_emissions": 0.004387143155626344
  }
}