{
  "process_id": 2827171,
  "local_process_index": 2,
  "energy_results": {
    "cpu_power": 112.5,
    "gpu_power": 538.9212946212158,
    "ram_power": 0.7089385986328125,
    "cpu_energy": 0.0012219003357804468,
    "gpu_energy": 0.010307120190133467,
    "ram_energy": 6.228222170958092e-06,
    "total_energy_kwh": 0.011535248748084872,
    "total_energy_joules": 41526.895493105534,
    "final_emissions": 0.004394353010582932
  }
}