{
  "process_id": 2827169,
  "local_process_index": 0,
  "energy_results": {
    "cpu_power": 112.5,
    "gpu_power": 999.4241364610064,
    "ram_power": 0.689300537109375,
    "cpu_energy": 0.001206967460944725,
    "gpu_energy": 0.010233888464880714,
    "ram_energy": 6.146431606185309e-06,
    "total_energy_kwh": 0.011447002357431627,
    "total_energy_joules": 41209.20848675386,
    "final_emissions": 0.004360735548063578
  }
}