{
  "process_id": 2827172,
  "local_process_index": 3,
  "energy_results": {
    "cpu_power": 112.5,
    "gpu_power": 242.22613206020543,
    "ram_power": 0.7328510284423828,
    "cpu_energy": 0.0012125522469377756,
    "gpu_energy": 0.010265578212456106,
    "ram_energy": 6.706262874256364e-06,
    "total_energy_kwh": 0.011484836722268136,
    "total_energy_joules": 41345.41220016529,
    "final_emissions": 0.004375148549348047
  }
}