{
  "process_id": 3045338,
  "local_process_index": 1,
  "energy_results": {
    "cpu_power": 112.5,
    "gpu_power": 980.0520802215337,
    "ram_power": 0.7325048446655273,
    "cpu_energy": 0.001235337297217484,
    "gpu_energy": 0.010382736639518164,
    "ram_energy": 6.637822254311722e-06,
    "total_energy_kwh": 0.011624711758989959,
    "total_energy_joules": 41848.96233236385,
    "final_emissions": 0.004428433944587225
  }
}