{
  "process_id": 3045339,
  "local_process_index": 2,
  "energy_results": {
    "cpu_power": 112.5,
    "gpu_power": 693.2941699970562,
    "ram_power": 0.7256970405578613,
    "cpu_energy": 0.001242406549723455,
    "gpu_energy": 0.010421456670491658,
    "ram_energy": 6.945487422447282e-06,
    "total_energy_kwh": 0.01167080870763756,
    "total_energy_joules": 42014.91134749521,
    "final_emissions": 0.004445994577174529
  }
}