{
  "process_id": 3045340,
  "local_process_index": 3,
  "energy_results": {
    "cpu_power": 112.5,
    "gpu_power": 440.64041859440175,
    "ram_power": 0.7089786529541016,
    "cpu_energy": 0.0012522068586567914,
    "gpu_energy": 0.010456855309924684,
    "ram_energy": 6.487632270440805e-06,
    "total_energy_kwh": 0.011715549800851913,
    "total_energy_joules": 42175.97928306689,
    "final_emissions": 0.004463038696634536
  }
}