{
  "process_id": 3045337,
  "local_process_index": 0,
  "energy_results": {
    "cpu_power": 112.5,
    "gpu_power": 911.941190678561,
    "ram_power": 0.6889944076538086,
    "cpu_energy": 0.001242231054820877,
    "gpu_energy": 0.010418541390381009,
    "ram_energy": 6.265604024529007e-06,
    "total_energy_kwh": 0.011667038049226414,
    "total_energy_joules": 42001.33697721509,
    "final_emissions": 0.004444558144852803
  }
}