{
  "experiment_id": "0127",
  "local_process_results": {
    "cpu_power": {
      "process_2": 112.5,
      "process_0": 112.5,
      "process_3": 112.5,
      "process_1": 112.5
    },
    "gpu_power": {
      "process_2": 693.2941699970562,
      "process_0": 911.941190678561,
      "process_3": 440.64041859440175,
      "process_1": 980.0520802215337
    },
    "ram_power": {
      "process_2": 0.7256970405578613,
      "process_0": 0.6889944076538086,
      "process_3": 0.7089786529541016,
      "process_1": 0.7325048446655273
    },
    "cpu_energy": {
      "process_2": 0.001242406549723455,
      "process_0": 0.001242231054820877,
      "process_3": 0.0012522068586567914,
      "process_1": 0.001235337297217484
    },
    "gpu_energy": {
      "process_2": 0.010421456670491658,
      "process_0": 0.010418541390381009,
      "process_3": 0.010456855309924684,
      "process_1": 0.010382736639518164
    },
    "ram_energy": {
      "process_2": 6.945487422447282e-06,
      "process_0": 6.265604024529007e-06,
      "process_3": 6.487632270440805e-06,
      "process_1": 6.637822254311722e-06
    },
    "total_energy_kwh": {
      "process_2": 0.01167080870763756,
      "process_0": 0.011667038049226414,
      "process_3": 0.011715549800851913,
      "process_1": 0.011624711758989959
    },
    "total_energy_joules": {
      "process_2": 42014.91134749521,
      "process_0": 42001.33697721509,
      "process_3": 42175.97928306689,
      "process_1": 41848.96233236385
    }
  },
  "global_experiment_results": {
    "cpu_power_avg": 112.5,
    "gpu_power_avg": 756.4819648728883,
    "ram_power_avg": 0.7140437364578247,
    "cpu_energy_total": 0.0049721817604186066,
    "gpu_energy_total": 0.041679590010315515,
    "ram_energy_total": 2.6336545971728815e-05,
    "total_energy_kwh": 0.046678108316705845,
    "total_energy_joules": 168041.18994014105
  },
  "global_derived_quantities": {
    "tokens_per_joule": 0.09749990467120735,
    "joules_per_token": 10.256420284432437,
    "flops_per_joule": 313248093.08726454,
    "joules_per_flop": 3.192357821381599e-09
  },
  "per-process_emissions": [
    0.004445994577174529,
    0.004444558144852803,
    0.004463038696634536,
    0.004428433944587225
  ]
}