{
  "process_id": 3589719,
  "local_process_index": 3,
  "energy_results": {
    "cpu_power": 112.5,
    "gpu_power": 379.36431485067345,
    "ram_power": 0.7334933280944824,
    "cpu_energy": 0.0012143848812866053,
    "gpu_energy": 0.010421291392582077,
    "ram_energy": 6.657949953800577e-06,
    "total_energy_kwh": 0.011642334223822482,
    "total_energy_joules": 41912.40320576094,
    "final_emissions": 0.004435147222565175
  }
}