{
  "process_id": 3589716,
  "local_process_index": 0,
  "energy_results": {
    "cpu_power": 112.5,
    "gpu_power": 982.3981795740153,
    "ram_power": 0.690556526184082,
    "cpu_energy": 0.0012020710815031635,
    "gpu_energy": 0.010355691895655994,
    "ram_energy": 6.291545637389122e-06,
    "total_energy_kwh": 0.011564054522796546,
    "total_energy_joules": 41630.59628206757,
    "final_emissions": 0.004405326570459344
  }
}