{
  "experiment_id": "0442",
  "local_process_results": {
    "cpu_power": {
      "process_0": 112.5,
      "process_1": 112.5,
      "process_2": 112.5,
      "process_3": 112.5
    },
    "gpu_power": {
      "process_0": 982.3981795740153,
      "process_1": 0.0,
      "process_2": 1008.9028912137774,
      "process_3": 379.36431485067345
    },
    "ram_power": {
      "process_0": 0.690556526184082,
      "process_1": 0.7322244644165039,
      "process_2": 0.7319169044494629,
      "process_3": 0.7334933280944824
    },
    "cpu_energy": {
      "process_0": 0.0012020710815031635,
      "process_1": 0.0012113025319158625,
      "process_2": 0.001198603204125902,
      "process_3": 0.0012143848812866053
    },
    "gpu_energy": {
      "process_0": 0.010355691895655994,
      "process_1": 0.010408112493150767,
      "process_2": 0.010339837438529287,
      "process_3": 0.010421291392582077
    },
    "ram_energy": {
      "process_0": 6.291545637389122e-06,
      "process_1": 6.820094772136405e-06,
      "process_2": 6.602208553218721e-06,
      "process_3": 6.657949953800577e-06
    },
    "total_energy_kwh": {
      "process_0": 0.011564054522796546,
      "process_1": 0.01162623511983877,
      "process_2": 0.011545042851208406,
      "process_3": 0.011642334223822482
    },
    "total_energy_joules": {
      "process_0": 41630.59628206757,
      "process_1": 41854.44643141957,
      "process_2": 41562.15426435026,
      "process_3": 41912.40320576094
    }
  },
  "global_experiment_results": {
    "cpu_power_avg": 112.5,
    "gpu_power_avg": 592.6663464096165,
    "ram_power_avg": 0.7220478057861328,
    "cpu_energy_total": 0.004826361698831533,
    "gpu_energy_total": 0.041524933219918125,
    "ram_energy_total": 2.6371798916544823e-05,
    "total_energy_kwh": 0.0463776667176662,
    "total_energy_joules": 166959.60018359835
  },
  "global_derived_quantities": {
    "tokens_per_joule": 0.09813152392544792,
    "joules_per_token": 10.190405284643454,
    "flops_per_joule": 315277362.0144011,
    "joules_per_flop": 3.171810350133298e-09
  },
  "per-process_emissions": [
    0.004405326570459344,
    0.004429014268902579,
    0.004398084074167842,
    0.004435147222565175
  ]
}