{
  "process_id": 3589717,
  "local_process_index": 1,
  "energy_results": {
    "cpu_power": 112.5,
    "gpu_power": 0.0,
    "ram_power": 0.7322244644165039,
    "cpu_energy": 0.0012113025319158625,
    "gpu_energy": 0.010408112493150767,
    "ram_energy": 6.820094772136405e-06,
    "total_energy_kwh": 0.01162623511983877,
    "total_energy_joules": 41854.44643141957,
    "final_emissions": 0.004429014268902579
  }
}