{
  "process_id": 3589718,
  "local_process_index": 2,
  "energy_results": {
    "cpu_power": 112.5,
    "gpu_power": 1008.9028912137774,
    "ram_power": 0.7319169044494629,
    "cpu_energy": 0.001198603204125902,
    "gpu_energy": 0.010339837438529287,
    "ram_energy": 6.602208553218721e-06,
    "total_energy_kwh": 0.011545042851208406,
    "total_energy_joules": 41562.15426435026,
    "final_emissions": 0.004398084074167842
  }
}