{
  "experiment_id": "0067",
  "local_process_results": {
    "cpu_power": {
      "process_1": 112.5,
      "process_0": 112.5,
      "process_2": 112.5,
      "process_3": 112.5
    },
    "gpu_power": {
      "process_1": 799.3999534551183,
      "process_0": 1030.0992852617198,
      "process_2": 820.5930156834784,
      "process_3": 964.6385391594318
    },
    "ram_power": {
      "process_1": 0.7060632705688477,
      "process_0": 0.684880256652832,
      "process_2": 0.7233424186706543,
      "process_3": 0.7144904136657715
    },
    "cpu_energy": {
      "process_1": 0.0012640724198136014,
      "process_0": 0.0012521310665033526,
      "process_2": 0.0012618010857113407,
      "process_3": 0.0012563294483115895
    },
    "gpu_energy": {
      "process_1": 0.010439941407501152,
      "process_0": 0.010362415512148004,
      "process_2": 0.010419616669019582,
      "process_3": 0.01039546776081135
    },
    "ram_energy": {
      "process_1": 6.617033018060091e-06,
      "process_0": 6.2657318116054705e-06,
      "process_2": 6.716369744839266e-06,
      "process_3": 6.636294901608091e-06
    },
    "total_energy_kwh": {
      "process_1": 0.011710630860332817,
      "process_0": 0.011620812310462964,
      "process_2": 0.011688134124475762,
      "process_3": 0.011658433504024547
    },
    "total_energy_joules": {
      "process_1": 42158.27109719814,
      "process_0": 41834.92431766667,
      "process_2": 42077.28284811274,
      "process_3": 41970.36061448837
    }
  },
  "global_experiment_results": {
    "cpu_power_avg": 112.5,
    "gpu_power_avg": 903.6826983899371,
    "ram_power_avg": 0.7071940898895264,
    "cpu_energy_total": 0.005034334020339884,
    "gpu_energy_total": 0.04161744134948009,
    "ram_energy_total": 2.623542947611292e-05,
    "total_energy_kwh": 0.04667801079929609,
    "total_energy_joules": 168040.83887746593
  },
  "global_derived_quantities": {
    "tokens_per_joule": 0.09750010836322405,
    "joules_per_token": 10.256398857267207,
    "flops_per_joule": 313248747.5098101,
    "joules_per_flop": 3.1923511520782148e-09
  },
  "per-process_emissions": [
    0.004461164826243787,
    0.0044269484496708665,
    0.004452594694719042,
    0.004441280243358151
  ]
}