{
  "process_id": 2838160,
  "local_process_index": 1,
  "energy_results": {
    "cpu_power": 112.5,
    "gpu_power": 799.3999534551183,
    "ram_power": 0.7060632705688477,
    "cpu_energy": 0.0012640724198136014,
    "gpu_energy": 0.010439941407501152,
    "ram_energy": 6.617033018060091e-06,
    "total_energy_kwh": 0.011710630860332817,
    "total_energy_joules": 42158.27109719814,
    "final_emissions": 0.004461164826243787
  }
}