{
  "process_id": 2838159,
  "local_process_index": 0,
  "energy_results": {
    "cpu_power": 112.5,
    "gpu_power": 1030.0992852617198,
    "ram_power": 0.684880256652832,
    "cpu_energy": 0.0012521310665033526,
    "gpu_energy": 0.010362415512148004,
    "ram_energy": 6.2657318116054705e-06,
    "total_energy_kwh": 0.011620812310462964,
    "total_energy_joules": 41834.92431766667,
    "final_emissions": 0.0044269484496708665
  }
}