{
  "process_id": 2838161,
  "local_process_index": 2,
  "energy_results": {
    "cpu_power": 112.5,
    "gpu_power": 820.5930156834784,
    "ram_power": 0.7233424186706543,
    "cpu_energy": 0.0012618010857113407,
    "gpu_energy": 0.010419616669019582,
    "ram_energy": 6.716369744839266e-06,
    "total_energy_kwh": 0.011688134124475762,
    "total_energy_joules": 42077.28284811274,
    "final_emissions": 0.004452594694719042
  }
}