{
  "process_id": 2838162,
  "local_process_index": 3,
  "energy_results": {
    "cpu_power": 112.5,
    "gpu_power": 964.6385391594318,
    "ram_power": 0.7144904136657715,
    "cpu_energy": 0.0012563294483115895,
    "gpu_energy": 0.01039546776081135,
    "ram_energy": 6.636294901608091e-06,
    "total_energy_kwh": 0.011658433504024547,
    "total_energy_joules": 41970.36061448837,
    "final_emissions": 0.004441280243358151
  }
}