{
  "process_id": 2762531,
  "local_process_index": 0,
  "energy_results": {
    "cpu_power": 112.5,
    "gpu_power": 556.3635331115968,
    "ram_power": 0.6875767707824707,
    "cpu_energy": 0.0015461910929334408,
    "gpu_energy": 0.01272847157165824,
    "ram_energy": 7.783146412412472e-06,
    "total_energy_kwh": 0.014282445811004093,
    "total_energy_joules": 51416.80491961473,
    "final_emissions": 0.00544089773170201
  }
}