{
  "process_id": 2762533,
  "local_process_index": 2,
  "energy_results": {
    "cpu_power": 112.5,
    "gpu_power": 6888.473524878779,
    "ram_power": 0.7070446014404297,
    "cpu_energy": 0.0015233347775338191,
    "gpu_energy": 0.012625435378117444,
    "ram_energy": 8.10937484825792e-06,
    "total_energy_kwh": 0.014156879530499522,
    "total_energy_joules": 50964.76630979828,
    "final_emissions": 0.005393063257143793
  }
}