{
  "experiment_id": "0024",
  "local_process_results": {
    "cpu_power": {
      "process_2": 112.5,
      "process_0": 112.5,
      "process_1": 112.5,
      "process_3": 112.5
    },
    "gpu_power": {
      "process_2": 6888.473524878779,
      "process_0": 556.3635331115968,
      "process_1": 738.9915794602329,
      "process_3": 668.2690231285304
    },
    "ram_power": {
      "process_2": 0.7070446014404297,
      "process_0": 0.6875767707824707,
      "process_1": 0.716184139251709,
      "process_3": 0.7229204177856445
    },
    "cpu_energy": {
      "process_2": 0.0015233347775338191,
      "process_0": 0.0015461910929334408,
      "process_1": 0.0015336510805263972,
      "process_3": 0.001533881951303556
    },
    "gpu_energy": {
      "process_2": 0.012625435378117444,
      "process_0": 0.01272847157165824,
      "process_1": 0.012686148204466008,
      "process_3": 0.012685147925887819
    },
    "ram_energy": {
      "process_2": 8.10937484825792e-06,
      "process_0": 7.783146412412472e-06,
      "process_1": 8.057223797293139e-06,
      "process_3": 8.09576425761793e-06
    },
    "total_energy_kwh": {
      "process_2": 0.014156879530499522,
      "process_0": 0.014282445811004093,
      "process_1": 0.014227856508789697,
      "process_3": 0.01422712564144899
    },
    "total_energy_joules": {
      "process_2": 50964.76630979828,
      "process_0": 51416.80491961473,
      "process_1": 51220.28343164291,
      "process_3": 51217.65230921636
    }
  },
  "global_experiment_results": {
    "cpu_power_avg": 112.5,
    "gpu_power_avg": 2213.0244151447846,
    "ram_power_avg": 0.7084314823150635,
    "cpu_energy_total": 0.006137058902297213,
    "gpu_energy_total": 0.05072520308012951,
    "ram_energy_total": 3.204550931558146e-05,
    "total_energy_kwh": 0.056894307491742305,
    "total_energy_joules": 204819.50697027225
  },
  "global_derived_quantities": {
    "tokens_per_joule": 0.07999238081545618,
    "joules_per_token": 12.501190610978531,
    "flops_per_joule": 256999848.73268944,
    "joules_per_flop": 3.891052873887562e-09
  },
  "per-process_emissions": [
    0.005393063257143793,
    0.00544089773170201,
    0.0054201019370234355,
    0.005419823513109993
  ]
}