{
  "process_id": 2762534,
  "local_process_index": 3,
  "energy_results": {
    "cpu_power": 112.5,
    "gpu_power": 668.2690231285304,
    "ram_power": 0.7229204177856445,
    "cpu_energy": 0.001533881951303556,
    "gpu_energy": 0.012685147925887819,
    "ram_energy": 8.09576425761793e-06,
    "total_energy_kwh": 0.01422712564144899,
    "total_energy_joules": 51217.65230921636,
    "final_emissions": 0.005419823513109993
  }
}