{
  "process_id": 2762532,
  "local_process_index": 1,
  "energy_results": {
    "cpu_power": 112.5,
    "gpu_power": 738.9915794602329,
    "ram_power": 0.716184139251709,
    "cpu_energy": 0.0015336510805263972,
    "gpu_energy": 0.012686148204466008,
    "ram_energy": 8.057223797293139e-06,
    "total_energy_kwh": 0.014227856508789697,
    "total_energy_joules": 51220.28343164291,
    "final_emissions": 0.0054201019370234355
  }
}