{
  "process_id": 4120702,
  "local_process_index": 3,
  "energy_results": {
    "cpu_power": 112.5,
    "gpu_power": 211.58392456116567,
    "ram_power": 0.7091217041015625,
    "cpu_energy": 0.001176104810374454,
    "gpu_energy": 0.010253185702541856,
    "ram_energy": 7.5367509186194e-06,
    "total_energy_kwh": 0.011436827263834926,
    "total_energy_joules": 41172.57814980573,
    "final_emissions": 0.004356859346157915
  }
}