{
  "process_id": 4120701,
  "local_process_index": 2,
  "energy_results": {
    "cpu_power": 112.5,
    "gpu_power": 210.01284724228663,
    "ram_power": 0.7254180908203126,
    "cpu_energy": 0.00113090726968403,
    "gpu_energy": 0.01025040708920777,
    "ram_energy": 7.781056059963446e-06,
    "total_energy_kwh": 0.01138909541495177,
    "total_energy_joules": 41000.74349382637,
    "final_emissions": 0.0043386758983258765
  }
}