{
  "experiment_id": "0600",
  "local_process_results": {
    "cpu_power": {
      "process_1": 112.5,
      "process_2": 112.5,
      "process_3": 112.5,
      "process_0": 112.5
    },
    "gpu_power": {
      "process_1": 36228.078238040725,
      "process_2": 210.01284724228663,
      "process_3": 211.58392456116567,
      "process_0": 210.65064221878993
    },
    "ram_power": {
      "process_1": 0.7250432968139648,
      "process_2": 0.7254180908203126,
      "process_3": 0.7091217041015625,
      "process_0": 0.6896510124206543
    },
    "cpu_energy": {
      "process_1": 0.0009980522933219617,
      "process_2": 0.00113090726968403,
      "process_3": 0.001176104810374454,
      "process_0": 0.0011445822387850058
    },
    "gpu_energy": {
      "process_1": 0.010250579033790785,
      "process_2": 0.01025040708920777,
      "process_3": 0.010253185702541856,
      "process_0": 0.010251490701186583
    },
    "ram_energy": {
      "process_1": 6.838006110480455e-06,
      "process_2": 7.781056059963446e-06,
      "process_3": 7.5367509186194e-06,
      "process_0": 6.721122499516061e-06
    },
    "total_energy_kwh": {
      "process_1": 0.011255469333223226,
      "process_2": 0.01138909541495177,
      "process_3": 0.011436827263834926,
      "process_0": 0.011402794062471109
    },
    "total_energy_joules": {
      "process_1": 40519.68959960361,
      "process_2": 41000.74349382637,
      "process_3": 41172.57814980573,
      "process_0": 41050.058624895995
    }
  },
  "global_experiment_results": {
    "cpu_power_avg": 112.5,
    "gpu_power_avg": 9215.081413015741,
    "ram_power_avg": 0.7123085260391235,
    "cpu_energy_total": 0.004449646612165452,
    "gpu_energy_total": 0.041005662526726994,
    "ram_energy_total": 2.8876935588579363e-05,
    "total_energy_kwh": 0.04548418607448103,
    "total_energy_joules": 163743.06986813172
  },
  "global_derived_quantities": {
    "tokens_per_joule": 0.10005919647893884,
    "joules_per_token": 9.994083854256086,
    "flops_per_joule": 321470596.2900035,
    "joules_per_flop": 3.110704405132857e-09
  },
  "per-process_emissions": [
    0.004287771042491388,
    0.0043386758983258765,
    0.004356859346157915,
    0.004343894398098369
  ]
}