{
  "process_id": 4120699,
  "local_process_index": 0,
  "energy_results": {
    "cpu_power": 112.5,
    "gpu_power": 210.65064221878993,
    "ram_power": 0.6896510124206543,
    "cpu_energy": 0.0011445822387850058,
    "gpu_energy": 0.010251490701186583,
    "ram_energy": 6.721122499516061e-06,
    "total_energy_kwh": 0.011402794062471109,
    "total_energy_joules": 41050.058624895995,
    "final_emissions": 0.004343894398098369
  }
}