{
  "process_id": 4120700,
  "local_process_index": 1,
  "energy_results": {
    "cpu_power": 112.5,
    "gpu_power": 36228.078238040725,
    "ram_power": 0.7250432968139648,
    "cpu_energy": 0.0009980522933219617,
    "gpu_energy": 0.010250579033790785,
    "ram_energy": 6.838006110480455e-06,
    "total_energy_kwh": 0.011255469333223226,
    "total_energy_joules": 40519.68959960361,
    "final_emissions": 0.004287771042491388
  }
}