{
  "process_id": 2740078,
  "local_process_index": 1,
  "energy_results": {
    "cpu_power": 112.5,
    "gpu_power": 935.7313657152271,
    "ram_power": 0.7335491180419922,
    "cpu_energy": 0.0012434353074659158,
    "gpu_energy": 0.010453030862417556,
    "ram_energy": 6.922487562582095e-06,
    "total_energy_kwh": 0.011703388657446051,
    "total_energy_joules": 42132.19916680578,
    "final_emissions": 0.004458405909054074
  }
}