{
  "process_id": 2740080,
  "local_process_index": 3,
  "energy_results": {
    "cpu_power": 112.5,
    "gpu_power": 646.0183018790661,
    "ram_power": 0.7088799476623536,
    "cpu_energy": 0.001246311020189751,
    "gpu_energy": 0.01046351281524771,
    "ram_energy": 6.5387087706309676e-06,
    "total_energy_kwh": 0.011716362544208093,
    "total_energy_joules": 42178.90515914914,
    "final_emissions": 0.004463348311216073
  }
}