{
  "experiment_id": "0011",
  "local_process_results": {
    "cpu_power": {
      "process_1": 112.5,
      "process_3": 112.5,
      "process_0": 112.5,
      "process_2": 112.5
    },
    "gpu_power": {
      "process_1": 935.7313657152271,
      "process_3": 646.0183018790661,
      "process_0": 977.6285453924647,
      "process_2": 1010.0247333632631
    },
    "ram_power": {
      "process_1": 0.7335491180419922,
      "process_3": 0.7088799476623536,
      "process_0": 0.689267635345459,
      "process_2": 0.7101473808288574
    },
    "cpu_energy": {
      "process_1": 0.0012434353074659158,
      "process_3": 0.001246311020189751,
      "process_0": 0.0012421018866207304,
      "process_2": 0.00123836547537212
    },
    "gpu_energy": {
      "process_1": 0.010453030862417556,
      "process_3": 0.01046351281524771,
      "process_0": 0.01045204863940885,
      "process_2": 0.01042918112111657
    },
    "ram_energy": {
      "process_1": 6.922487562582095e-06,
      "process_3": 6.5387087706309676e-06,
      "process_0": 6.34296298748027e-06,
      "process_2": 6.490140430261848e-06
    },
    "total_energy_kwh": {
      "process_1": 0.011703388657446051,
      "process_3": 0.011716362544208093,
      "process_0": 0.011700493489017064,
      "process_2": 0.01167403673691895
    },
    "total_energy_joules": {
      "process_1": 42132.19916680578,
      "process_3": 42178.90515914914,
      "process_0": 42121.77656046143,
      "process_2": 42026.53225290822
    }
  },
  "global_experiment_results": {
    "cpu_power_avg": 112.5,
    "gpu_power_avg": 892.3507365875053,
    "ram_power_avg": 0.7104610204696655,
    "cpu_energy_total": 0.004970213689648517,
    "gpu_energy_total": 0.04179777343819069,
    "ram_energy_total": 2.629429975095518e-05,
    "total_energy_kwh": 0.04679428142759016,
    "total_energy_joules": 168459.41313932458
  },
  "global_derived_quantities": {
    "tokens_per_joule": 0.09725784801618412,
    "joules_per_token": 10.281946602741979,
    "flops_per_joule": 312470412.47454184,
    "joules_per_flop": 3.200303004949225e-09
  },
  "per-process_emissions": [
    0.004458405909054074,
    0.004463348311216073,
    0.004457302994641051,
    0.004447224294929274
  ]
}