{
  "process_id": 2740077,
  "local_process_index": 0,
  "energy_results": {
    "cpu_power": 112.5,
    "gpu_power": 977.6285453924647,
    "ram_power": 0.689267635345459,
    "cpu_energy": 0.0012421018866207304,
    "gpu_energy": 0.01045204863940885,
    "ram_energy": 6.34296298748027e-06,
    "total_energy_kwh": 0.011700493489017064,
    "total_energy_joules": 42121.77656046143,
    "final_emissions": 0.004457302994641051
  }
}