{
  "process_id": 2740079,
  "local_process_index": 2,
  "energy_results": {
    "cpu_power": 112.5,
    "gpu_power": 1010.0247333632631,
    "ram_power": 0.7101473808288574,
    "cpu_energy": 0.00123836547537212,
    "gpu_energy": 0.01042918112111657,
    "ram_energy": 6.490140430261848e-06,
    "total_energy_kwh": 0.01167403673691895,
    "total_energy_joules": 42026.53225290822,
    "final_emissions": 0.004447224294929274
  }
}