{
  "process_id": 4047116,
  "local_process_index": 0,
  "energy_results": {
    "cpu_power": 112.5,
    "gpu_power": 644.7719263306649,
    "ram_power": 0.690608024597168,
    "cpu_energy": 0.0013005714908376831,
    "gpu_energy": 0.010798907528009494,
    "ram_energy": 7.233153847616019e-06,
    "total_energy_kwh": 0.012106712172694791,
    "total_energy_joules": 43584.16382170125,
    "final_emissions": 0.004612052002188081
  }
}