{
  "process_id": 4047119,
  "local_process_index": 3,
  "energy_results": {
    "cpu_power": 112.5,
    "gpu_power": 1292.9550611727584,
    "ram_power": 0.7326478958129883,
    "cpu_energy": 0.0013917625387166483,
    "gpu_energy": 0.010677330764080395,
    "ram_energy": 8.329500879800448e-06,
    "total_energy_kwh": 0.012077422803676845,
    "total_energy_joules": 43478.72209323664,
    "final_emissions": 0.004600894217060694
  }
}