{
  "process_id": 4047118,
  "local_process_index": 2,
  "energy_results": {
    "cpu_power": 112.5,
    "gpu_power": 597.782042410579,
    "ram_power": 0.7269716262817383,
    "cpu_energy": 0.0013459841761523418,
    "gpu_energy": 0.01090803094863979,
    "ram_energy": 7.948317601965998e-06,
    "total_energy_kwh": 0.0122619634423941,
    "total_energy_joules": 44143.068392618756,
    "final_emissions": 0.004671194973380032
  }
}