{
  "process_id": 4047117,
  "local_process_index": 1,
  "energy_results": {
    "cpu_power": 112.5,
    "gpu_power": 252.61401224621173,
    "ram_power": 0.733095645904541,
    "cpu_energy": 0.0013780266458434198,
    "gpu_energy": 0.010669703257978114,
    "ram_energy": 7.907664302863446e-06,
    "total_energy_kwh": 0.012055637568124394,
    "total_energy_joules": 43400.29524524782,
    "final_emissions": 0.004592595131576988
  }
}