{
  "experiment_id": "0560",
  "local_process_results": {
    "cpu_power": {
      "process_2": 112.5,
      "process_0": 112.5,
      "process_1": 112.5,
      "process_3": 112.5
    },
    "gpu_power": {
      "process_2": 597.782042410579,
      "process_0": 644.7719263306649,
      "process_1": 252.61401224621173,
      "process_3": 1292.9550611727584
    },
    "ram_power": {
      "process_2": 0.7269716262817383,
      "process_0": 0.690608024597168,
      "process_1": 0.733095645904541,
      "process_3": 0.7326478958129883
    },
    "cpu_energy": {
      "process_2": 0.0013459841761523418,
      "process_0": 0.0013005714908376831,
      "process_1": 0.0013780266458434198,
      "process_3": 0.0013917625387166483
    },
    "gpu_energy": {
      "process_2": 0.01090803094863979,
      "process_0": 0.010798907528009494,
      "process_1": 0.010669703257978114,
      "process_3": 0.010677330764080395
    },
    "ram_energy": {
      "process_2": 7.948317601965998e-06,
      "process_0": 7.233153847616019e-06,
      "process_1": 7.907664302863446e-06,
      "process_3": 8.329500879800448e-06
    },
    "total_energy_kwh": {
      "process_2": 0.0122619634423941,
      "process_0": 0.012106712172694791,
      "process_1": 0.012055637568124394,
      "process_3": 0.012077422803676845
    },
    "total_energy_joules": {
      "process_2": 44143.068392618756,
      "process_0": 43584.16382170125,
      "process_1": 43400.29524524782,
      "process_3": 43478.72209323664
    }
  },
  "global_experiment_results": {
    "cpu_power_avg": 112.5,
    "gpu_power_avg": 697.0307605400535,
    "ram_power_avg": 0.7208307981491089,
    "cpu_energy_total": 0.005416344851550093,
    "gpu_energy_total": 0.04305397249870779,
    "ram_energy_total": 3.1418636632245906e-05,
    "total_energy_kwh": 0.04850173598689013,
    "total_energy_joules": 174606.24955280445
  },
  "global_derived_quantities": {
    "tokens_per_joule": 0.09383398384629496,
    "joules_per_token": 10.657119723681912,
    "flops_per_joule": 301470207.6453743,
    "joules_per_flop": 3.3170773583581463e-09
  },
  "per-process_emissions": [
    0.004671194973380032,
    0.004612052002188081,
    0.004592595131576988,
    0.004600894217060694
  ]
}