{
  "process_id": 3939021,
  "local_process_index": 3,
  "energy_results": {
    "cpu_power": 112.5,
    "gpu_power": 66.84887886408607,
    "ram_power": 0.7219991683959961,
    "cpu_energy": 0.0010947877273156336,
    "gpu_energy": 0.010140135334321343,
    "ram_energy": 7.08955809732853e-06,
    "total_energy_kwh": 0.011242012619734305,
    "total_energy_joules": 40471.2454310435,
    "final_emissions": 0.004282644707487783
  }
}