{
  "process_id": 3939019,
  "local_process_index": 1,
  "energy_results": {
    "cpu_power": 112.5,
    "gpu_power": 75.79264906791708,
    "ram_power": 0.7284579277038575,
    "cpu_energy": 0.0011154825476241965,
    "gpu_energy": 0.010140135334321343,
    "ram_energy": 6.50785535048085e-06,
    "total_energy_kwh": 0.011262125737296024,
    "total_energy_joules": 40543.65265426569,
    "final_emissions": 0.004290306799622921
  }
}