{
  "process_id": 3939020,
  "local_process_index": 2,
  "energy_results": {
    "cpu_power": 112.5,
    "gpu_power": 112.43581038952232,
    "ram_power": 0.7212595939636232,
    "cpu_energy": 0.0010660823995895046,
    "gpu_energy": 0.010142016169158552,
    "ram_energy": 7.332470988127413e-06,
    "total_energy_kwh": 0.01121543103973618,
    "total_energy_joules": 40375.551743050244,
    "final_emissions": 0.004272518454587497
  }
}