{
  "experiment_id": "0511",
  "local_process_results": {
    "cpu_power": {
      "process_0": 112.5,
      "process_3": 112.5,
      "process_1": 112.5,
      "process_2": 112.5
    },
    "gpu_power": {
      "process_0": 3312.417299062143,
      "process_3": 66.84887886408607,
      "process_1": 75.79264906791708,
      "process_2": 112.43581038952232
    },
    "ram_power": {
      "process_0": 0.6848816871643066,
      "process_3": 0.7219991683959961,
      "process_1": 0.7284579277038575,
      "process_2": 0.7212595939636232
    },
    "cpu_energy": {
      "process_0": 0.0010742432329025175,
      "process_3": 0.0010947877273156336,
      "process_1": 0.0011154825476241965,
      "process_2": 0.0010660823995895046
    },
    "gpu_energy": {
      "process_0": 0.010126928657090417,
      "process_3": 0.010140135334321343,
      "process_1": 0.010140135334321343,
      "process_2": 0.010142016169158552
    },
    "ram_energy": {
      "process_0": 6.409332063754944e-06,
      "process_3": 7.08955809732853e-06,
      "process_1": 6.50785535048085e-06,
      "process_2": 7.332470988127413e-06
    },
    "total_energy_kwh": {
      "process_0": 0.011207581222056687,
      "process_3": 0.011242012619734305,
      "process_1": 0.011262125737296024,
      "process_2": 0.01121543103973618
    },
    "total_energy_joules": {
      "process_0": 40347.292399404076,
      "process_3": 40471.2454310435,
      "process_1": 40543.65265426569,
      "process_2": 40375.551743050244
    }
  },
  "global_experiment_results": {
    "cpu_power_avg": 112.5,
    "gpu_power_avg": 891.8736593459171,
    "ram_power_avg": 0.7141495943069458,
    "cpu_energy_total": 0.004350595907431852,
    "gpu_energy_total": 0.040549215494891655,
    "ram_energy_total": 2.7339216499691737e-05,
    "total_energy_kwh": 0.04492715061882319,
    "total_energy_joules": 161737.74222776352
  },
  "global_derived_quantities": {
    "tokens_per_joule": 0.10129979418735549,
    "joules_per_token": 9.87168836839377,
    "flops_per_joule": 325456393.6890927,
    "joules_per_flop": 3.072608249187743e-09
  },
  "per-process_emissions": [
    0.004269528066542495,
    0.004282644707487783,
    0.004290306799622921,
    0.004272518454587497
  ]
}