{
  "process_id": 3939018,
  "local_process_index": 0,
  "energy_results": {
    "cpu_power": 112.5,
    "gpu_power": 3312.417299062143,
    "ram_power": 0.6848816871643066,
    "cpu_energy": 0.0010742432329025175,
    "gpu_energy": 0.010126928657090417,
    "ram_energy": 6.409332063754944e-06,
    "total_energy_kwh": 0.011207581222056687,
    "total_energy_joules": 40347.292399404076,
    "final_emissions": 0.004269528066542495
  }
}