{
  "process_id": 2767527,
  "local_process_index": 1,
  "energy_results": {
    "cpu_power": 112.5,
    "gpu_power": 295.0899210552977,
    "ram_power": 0.7021894454956055,
    "cpu_energy": 0.015161567313847626,
    "gpu_energy": 0.06439541623851408,
    "ram_energy": 7.659787160574339e-05,
    "total_energy_kwh": 0.07963358142396754,
    "total_energy_joules": 286680.89312628313,
    "final_emissions": 0.030336412843460434
  }
}