{
  "process_id": 2767529,
  "local_process_index": 3,
  "energy_results": {
    "cpu_power": 112.5,
    "gpu_power": 549.4362670008105,
    "ram_power": 0.7177906036376953,
    "cpu_energy": 0.015041802592577359,
    "gpu_energy": 0.0639749517354753,
    "ram_energy": 7.76794401621069e-05,
    "total_energy_kwh": 0.07909443376821479,
    "total_energy_joules": 284739.96156557323,
    "final_emissions": 0.030131024544001423
  }
}