{
  "experiment_id": "0027",
  "local_process_results": {
    "cpu_power": {
      "process_2": 112.5,
      "process_0": 112.5,
      "process_1": 112.5,
      "process_3": 112.5
    },
    "gpu_power": {
      "process_2": 328.58869409120666,
      "process_0": 424.33649532567523,
      "process_1": 295.0899210552977,
      "process_3": 549.4362670008105
    },
    "ram_power": {
      "process_2": 0.7178549766540527,
      "process_0": 0.6840419769287109,
      "process_1": 0.7021894454956055,
      "process_3": 0.7177906036376953
    },
    "cpu_energy": {
      "process_2": 0.015232190708688004,
      "process_0": 0.015128147012068454,
      "process_1": 0.015161567313847626,
      "process_3": 0.015041802592577359
    },
    "gpu_energy": {
      "process_2": 0.06461158446700388,
      "process_0": 0.06428723948530468,
      "process_1": 0.06439541623851408,
      "process_3": 0.0639749517354753
    },
    "ram_energy": {
      "process_2": 7.89469303569998e-05,
      "process_0": 7.426925349503925e-05,
      "process_1": 7.659787160574339e-05,
      "process_3": 7.76794401621069e-05
    },
    "total_energy_kwh": {
      "process_2": 0.07992272210604891,
      "process_0": 0.07948965575086812,
      "process_1": 0.07963358142396754,
      "process_3": 0.07909443376821479
    },
    "total_energy_joules": {
      "process_2": 287721.7995817761,
      "process_0": 286162.76070312527,
      "process_1": 286680.89312628313,
      "process_3": 284739.96156557323
    }
  },
  "global_experiment_results": {
    "cpu_power_avg": 112.5,
    "gpu_power_avg": 399.3628443682476,
    "ram_power_avg": 0.7054692506790161,
    "cpu_energy_total": 0.06056370762718144,
    "gpu_energy_total": 0.25726919192629794,
    "ram_energy_total": 0.00030749349561988936,
    "total_energy_kwh": 0.31814039304909936,
    "total_energy_joules": 1145305.4149767577
  },
  "global_derived_quantities": {
    "tokens_per_joule": 0.014305354524437038,
    "joules_per_token": 69.9038949570775,
    "flops_per_joule": 45960301.61084345,
    "joules_per_flop": 2.1757907693192102e-08
  },
  "per-process_emissions": [
    0.03044656098629933,
    0.03028158435829321,
    0.030336412843460434,
    0.030131024544001423
  ]
}