{
  "process_id": 2767528,
  "local_process_index": 2,
  "energy_results": {
    "cpu_power": 112.5,
    "gpu_power": 328.58869409120666,
    "ram_power": 0.7178549766540527,
    "cpu_energy": 0.015232190708688004,
    "gpu_energy": 0.06461158446700388,
    "ram_energy": 7.89469303569998e-05,
    "total_energy_kwh": 0.07992272210604891,
    "total_energy_joules": 287721.7995817761,
    "final_emissions": 0.03044656098629933
  }
}