{
  "process_id": 2767526,
  "local_process_index": 0,
  "energy_results": {
    "cpu_power": 112.5,
    "gpu_power": 424.33649532567523,
    "ram_power": 0.6840419769287109,
    "cpu_energy": 0.015128147012068454,
    "gpu_energy": 0.06428723948530468,
    "ram_energy": 7.426925349503925e-05,
    "total_energy_kwh": 0.07948965575086812,
    "total_energy_joules": 286162.76070312527,
    "final_emissions": 0.03028158435829321
  }
}