{
  "process_id": 3140387,
  "local_process_index": 2,
  "energy_results": {
    "cpu_power": 112.5,
    "gpu_power": 980.7105104469072,
    "ram_power": 0.7315521240234375,
    "cpu_energy": 0.0012221658810321974,
    "gpu_energy": 0.010307382134790544,
    "ram_energy": 6.581196654317666e-06,
    "total_energy_kwh": 0.011536129212477058,
    "total_energy_joules": 41530.06516491741,
    "final_emissions": 0.004394688423493135
  }
}