{
  "process_id": 3140385,
  "local_process_index": 0,
  "energy_results": {
    "cpu_power": 112.5,
    "gpu_power": 671.2032291897076,
    "ram_power": 0.689084529876709,
    "cpu_energy": 0.0012454768241859713,
    "gpu_energy": 0.01043078834462463,
    "ram_energy": 6.458782455378056e-06,
    "total_energy_kwh": 0.011682723951265978,
    "total_energy_joules": 42057.80622455752,
    "final_emissions": 0.004450533689234775
  }
}