{
  "experiment_id": "0181",
  "local_process_results": {
    "cpu_power": {
      "process_1": 112.5,
      "process_2": 112.5,
      "process_0": 112.5,
      "process_3": 112.5
    },
    "gpu_power": {
      "process_1": 952.0327322028647,
      "process_2": 980.7105104469072,
      "process_0": 671.2032291897076,
      "process_3": 501.07797533423746
    },
    "ram_power": {
      "process_1": 0.7324776649475098,
      "process_2": 0.7315521240234375,
      "process_0": 0.689084529876709,
      "process_3": 0.7242007255554199
    },
    "cpu_energy": {
      "process_1": 0.0012257124192874475,
      "process_2": 0.0012221658810321974,
      "process_0": 0.0012454768241859713,
      "process_3": 0.0012526167896248811
    },
    "gpu_energy": {
      "process_1": 0.01031817075453123,
      "process_2": 0.010307382134790544,
      "process_0": 0.01043078834462463,
      "process_3": 0.010460173368134207
    },
    "ram_energy": {
      "process_1": 6.641795158542585e-06,
      "process_2": 6.581196654317666e-06,
      "process_0": 6.458782455378056e-06,
      "process_3": 6.703105764587047e-06
    },
    "total_energy_kwh": {
      "process_1": 0.01155052496897722,
      "process_2": 0.011536129212477058,
      "process_0": 0.011682723951265978,
      "process_3": 0.011719493263523673
    },
    "total_energy_joules": {
      "process_1": 41581.889888317986,
      "process_2": 41530.06516491741,
      "process_0": 42057.80622455752,
      "process_3": 42190.17574868522
    }
  },
  "global_experiment_results": {
    "cpu_power_avg": 112.5,
    "gpu_power_avg": 776.2561117934292,
    "ram_power_avg": 0.719328761100769,
    "cpu_energy_total": 0.004945971914130497,
    "gpu_energy_total": 0.04151651460208061,
    "ram_energy_total": 2.6384880032825353e-05,
    "total_energy_kwh": 0.04648887139624393,
    "total_energy_joules": 167359.93702647815
  },
  "global_derived_quantities": {
    "tokens_per_joule": 0.09789678635818246,
    "joules_per_token": 10.214839906401254,
    "flops_per_joule": 314523196.1968055,
    "joules_per_flop": 3.1794157381456644e-09
  },
  "per-process_emissions": [
    0.0044001724869318715,
    0.004394688423493135,
    0.004450533689234775,
    0.0044645409587393435
  ]
}