{
  "process_id": 3140386,
  "local_process_index": 1,
  "energy_results": {
    "cpu_power": 112.5,
    "gpu_power": 952.0327322028647,
    "ram_power": 0.7324776649475098,
    "cpu_energy": 0.0012257124192874475,
    "gpu_energy": 0.01031817075453123,
    "ram_energy": 6.641795158542585e-06,
    "total_energy_kwh": 0.01155052496897722,
    "total_energy_joules": 41581.889888317986,
    "final_emissions": 0.0044001724869318715
  }
}