{
  "process_id": 3140388,
  "local_process_index": 3,
  "energy_results": {
    "cpu_power": 112.5,
    "gpu_power": 501.07797533423746,
    "ram_power": 0.7242007255554199,
    "cpu_energy": 0.0012526167896248811,
    "gpu_energy": 0.010460173368134207,
    "ram_energy": 6.703105764587047e-06,
    "total_energy_kwh": 0.011719493263523673,
    "total_energy_joules": 42190.17574868522,
    "final_emissions": 0.0044645409587393435
  }
}