{
  "process_id": 3581571,
  "local_process_index": 0,
  "energy_results": {
    "cpu_power": 112.5,
    "gpu_power": 704.6040826408481,
    "ram_power": 0.690824031829834,
    "cpu_energy": 0.0011814184251252304,
    "gpu_energy": 0.010319157977543014,
    "ram_energy": 6.2969759937762655e-06,
    "total_energy_kwh": 0.011506873378662021,
    "total_energy_joules": 41424.74416318328,
    "final_emissions": 0.004383543413601297
  }
}