{
  "process_id": 3581573,
  "local_process_index": 2,
  "energy_results": {
    "cpu_power": 112.5,
    "gpu_power": 1165.3737331396355,
    "ram_power": 0.7258772850036621,
    "cpu_energy": 0.0011774336843154746,
    "gpu_energy": 0.0103002379624062,
    "ram_energy": 6.594043031850577e-06,
    "total_energy_kwh": 0.011484265689753526,
    "total_energy_joules": 41343.35648311269,
    "final_emissions": 0.004374931014511606
  }
}