{
  "experiment_id": "0437",
  "local_process_results": {
    "cpu_power": {
      "process_0": 112.5,
      "process_3": 112.5,
      "process_2": 112.5,
      "process_1": 112.5
    },
    "gpu_power": {
      "process_0": 704.6040826408481,
      "process_3": 620.8719650614685,
      "process_2": 1165.3737331396355,
      "process_1": 1110.369406866299
    },
    "ram_power": {
      "process_0": 0.690824031829834,
      "process_3": 0.725654125213623,
      "process_2": 0.7258772850036621,
      "process_1": 0.7256269454956055
    },
    "cpu_energy": {
      "process_0": 0.0011814184251252304,
      "process_3": 0.0011889683410317958,
      "process_2": 0.0011774336843154746,
      "process_1": 0.001178709010611783
    },
    "gpu_energy": {
      "process_0": 0.010319157977543014,
      "process_3": 0.010352733559958693,
      "process_2": 0.0103002379624062,
      "process_1": 0.010316831586791864
    },
    "ram_energy": {
      "process_0": 6.2969759937762655e-06,
      "process_3": 6.671174385586339e-06,
      "process_2": 6.594043031850577e-06,
      "process_1": 6.613639956541573e-06
    },
    "total_energy_kwh": {
      "process_0": 0.011506873378662021,
      "process_3": 0.011548373075376067,
      "process_2": 0.011484265689753526,
      "process_1": 0.011502154237360193
    },
    "total_energy_joules": {
      "process_0": 41424.74416318328,
      "process_3": 41574.14307135384,
      "process_2": 41343.35648311269,
      "process_1": 41407.7552544967
    }
  },
  "global_experiment_results": {
    "cpu_power_avg": 112.5,
    "gpu_power_avg": 900.3047969270627,
    "ram_power_avg": 0.7169955968856812,
    "cpu_energy_total": 0.004726529461084284,
    "gpu_energy_total": 0.04128896108669977,
    "ram_energy_total": 2.6175833367754754e-05,
    "total_energy_kwh": 0.046041666381151806,
    "total_energy_joules": 165749.9989721465
  },
  "global_derived_quantities": {
    "tokens_per_joule": 0.09884766275475665,
    "joules_per_token": 10.116577085702302,
    "flops_per_joule": 317578175.77850884,
    "joules_per_flop": 3.148830984838953e-09
  },
  "per-process_emissions": [
    0.004383543413601297,
    0.004399352723064513,
    0.004374931014511606,
    0.004381745656722366
  ]
}