{
  "process_id": 3581572,
  "local_process_index": 1,
  "energy_results": {
    "cpu_power": 112.5,
    "gpu_power": 1110.369406866299,
    "ram_power": 0.7256269454956055,
    "cpu_energy": 0.001178709010611783,
    "gpu_energy": 0.010316831586791864,
    "ram_energy": 6.613639956541573e-06,
    "total_energy_kwh": 0.011502154237360193,
    "total_energy_joules": 41407.7552544967,
    "final_emissions": 0.004381745656722366
  }
}