{
  "process_id": 3581574,
  "local_process_index": 3,
  "energy_results": {
    "cpu_power": 112.5,
    "gpu_power": 620.8719650614685,
    "ram_power": 0.725654125213623,
    "cpu_energy": 0.0011889683410317958,
    "gpu_energy": 0.010352733559958693,
    "ram_energy": 6.671174385586339e-06,
    "total_energy_kwh": 0.011548373075376067,
    "total_energy_joules": 41574.14307135384,
    "final_emissions": 0.004399352723064513
  }
}