{
  "process_id": 2959024,
  "local_process_index": 3,
  "energy_results": {
    "cpu_power": 112.5,
    "gpu_power": 852.1528610590707,
    "ram_power": 0.7231321334838867,
    "cpu_energy": 0.001227334879466071,
    "gpu_energy": 0.010340503272398216,
    "ram_energy": 6.60927093143235e-06,
    "total_energy_kwh": 0.011574447422795722,
    "total_energy_joules": 41668.0107220646,
    "final_emissions": 0.00440928574571403
  }
}