{
  "process_id": 2959022,
  "local_process_index": 1,
  "energy_results": {
    "cpu_power": 112.5,
    "gpu_power": 0.0,
    "ram_power": 0.7145862579345703,
    "cpu_energy": 0.0012414904676588776,
    "gpu_energy": 0.010393217481234451,
    "ram_energy": 6.690184551391342e-06,
    "total_energy_kwh": 0.011641398133444723,
    "total_energy_joules": 41909.033280401,
    "final_emissions": 0.004434790618935767
  }
}