{
  "process_id": 2959023,
  "local_process_index": 2,
  "energy_results": {
    "cpu_power": 112.5,
    "gpu_power": 940.6122583101533,
    "ram_power": 0.7229647636413575,
    "cpu_energy": 0.0012209751533810052,
    "gpu_energy": 0.010309320747450279,
    "ram_energy": 6.569105692294159e-06,
    "total_energy_kwh": 0.01153686500652358,
    "total_energy_joules": 41532.71402348489,
    "final_emissions": 0.004394968724235158
  }
}