{
  "process_id": 2959021,
  "local_process_index": 0,
  "energy_results": {
    "cpu_power": 112.5,
    "gpu_power": 1141.999043363643,
    "ram_power": 0.6861648559570312,
    "cpu_energy": 0.001216850295813856,
    "gpu_energy": 0.010287083785216922,
    "ram_energy": 6.173375822507003e-06,
    "total_energy_kwh": 0.011510107456853286,
    "total_energy_joules": 41436.38684467183,
    "final_emissions": 0.004384775435688259
  }
}