{
  "experiment_id": "0075",
  "local_process_results": {
    "cpu_power": {
      "process_2": 112.5,
      "process_3": 112.5,
      "process_0": 112.5,
      "process_1": 112.5
    },
    "gpu_power": {
      "process_2": 940.6122583101533,
      "process_3": 852.1528610590707,
      "process_0": 1141.999043363643,
      "process_1": 0.0
    },
    "ram_power": {
      "process_2": 0.7229647636413575,
      "process_3": 0.7231321334838867,
      "process_0": 0.6861648559570312,
      "process_1": 0.7145862579345703
    },
    "cpu_energy": {
      "process_2": 0.0012209751533810052,
      "process_3": 0.001227334879466071,
      "process_0": 0.001216850295813856,
      "process_1": 0.0012414904676588776
    },
    "gpu_energy": {
      "process_2": 0.010309320747450279,
      "process_3": 0.010340503272398216,
      "process_0": 0.010287083785216922,
      "process_1": 0.010393217481234451
    },
    "ram_energy": {
      "process_2": 6.569105692294159e-06,
      "process_3": 6.60927093143235e-06,
      "process_0": 6.173375822507003e-06,
      "process_1": 6.690184551391342e-06
    },
    "total_energy_kwh": {
      "process_2": 0.01153686500652358,
      "process_3": 0.011574447422795722,
      "process_0": 0.011510107456853286,
      "process_1": 0.011641398133444723
    },
    "total_energy_joules": {
      "process_2": 41532.71402348489,
      "process_3": 41668.0107220646,
      "process_0": 41436.38684467183,
      "process_1": 41909.033280401
    }
  },
  "global_experiment_results": {
    "cpu_power_avg": 112.5,
    "gpu_power_avg": 733.6910406832168,
    "ram_power_avg": 0.7117120027542114,
    "cpu_energy_total": 0.00490665079631981,
    "gpu_energy_total": 0.04133012528629987,
    "ram_energy_total": 2.6041936997624855e-05,
    "total_energy_kwh": 0.04626281801961732,
    "total_energy_joules": 166546.14487062232
  },
  "global_derived_quantities": {
    "tokens_per_joule": 0.09837513808997228,
    "joules_per_token": 10.16516997501357,
    "flops_per_joule": 316060046.6000286,
    "joules_per_flop": 3.1639557443509836e-09
  },
  "per-process_emissions": [
    0.004394968724235158,
    0.00440928574571403,
    0.004384775435688259,
    0.004434790618935767
  ]
}