{
  "process_id": 4012297,
  "local_process_index": 1,
  "energy_results": {
    "cpu_power": 112.5,
    "gpu_power": 723.8210903634752,
    "ram_power": 0.7068285942077637,
    "cpu_energy": 0.004575253272490954,
    "gpu_energy": 0.01606019895926103,
    "ram_energy": 2.4071702875385966e-05,
    "total_energy_kwh": 0.020659523934627378,
    "total_energy_joules": 74374.28616465857,
    "final_emissions": 0.0078702456428963
  }
}