{
  "experiment_id": "0549",
  "local_process_results": {
    "cpu_power": {
      "process_2": 112.5,
      "process_0": 112.5,
      "process_1": 112.5,
      "process_3": 112.5
    },
    "gpu_power": {
      "process_2": 780.1054933969497,
      "process_0": 399.3606603577989,
      "process_1": 723.8210903634752,
      "process_3": 545.7070416714965
    },
    "ram_power": {
      "process_2": 0.7060933113098145,
      "process_0": 0.6869945526123047,
      "process_1": 0.7068285942077637,
      "process_3": 0.7302331924438477
    },
    "cpu_energy": {
      "process_2": 0.004425941846466229,
      "process_0": 0.0044404925818671455,
      "process_1": 0.004575253272490954,
      "process_3": 0.004586466968437889
    },
    "gpu_energy": {
      "process_2": 0.015077909006761203,
      "process_0": 0.015992720849723696,
      "process_1": 0.01606019895926103,
      "process_3": 0.015975368891396613
    },
    "ram_energy": {
      "process_2": 2.264785952324157e-05,
      "process_0": 2.3566682482249626e-05,
      "process_1": 2.4071702875385966e-05,
      "process_3": 2.363130108529558e-05
    },
    "total_energy_kwh": {
      "process_2": 0.01952649871275069,
      "process_0": 0.02045678011407308,
      "process_1": 0.020659523934627378,
      "process_3": 0.0205854671609198
    },
    "total_energy_joules": {
      "process_2": 70295.39536590248,
      "process_0": 73644.40841066309,
      "process_1": 74374.28616465857,
      "process_3": 74107.68177931129
    }
  },
  "global_experiment_results": {
    "cpu_power_avg": 112.5,
    "gpu_power_avg": 612.2485714474301,
    "ram_power_avg": 0.7075374126434326,
    "cpu_energy_total": 0.01802815466926222,
    "gpu_energy_total": 0.06310619770714254,
    "ram_energy_total": 9.391754596617273e-05,
    "total_energy_kwh": 0.08122826992237095,
    "total_energy_joules": 292421.7717205354
  },
  "global_derived_quantities": {
    "tokens_per_joule": 0.05602865991680683,
    "joules_per_token": 17.84800852786471,
    "flops_per_joule": 180009108.074108,
    "joules_per_flop": 5.555274456380894e-09
  },
  "per-process_emissions": [
    0.007438619684622376,
    0.007793010384456141,
    0.0078702456428963,
    0.0078420337149524
  ]
}