{
  "process_id": 4012299,
  "local_process_index": 3,
  "energy_results": {
    "cpu_power": 112.5,
    "gpu_power": 545.7070416714965,
    "ram_power": 0.7302331924438477,
    "cpu_energy": 0.004586466968437889,
    "gpu_energy": 0.015975368891396613,
    "ram_energy": 2.363130108529558e-05,
    "total_energy_kwh": 0.0205854671609198,
    "total_energy_joules": 74107.68177931129,
    "final_emissions": 0.0078420337149524
  }
}