{
  "process_id": 4012298,
  "local_process_index": 2,
  "energy_results": {
    "cpu_power": 112.5,
    "gpu_power": 780.1054933969497,
    "ram_power": 0.7060933113098145,
    "cpu_energy": 0.004425941846466229,
    "gpu_energy": 0.015077909006761203,
    "ram_energy": 2.264785952324157e-05,
    "total_energy_kwh": 0.01952649871275069,
    "total_energy_joules": 70295.39536590248,
    "final_emissions": 0.007438619684622376
  }
}