{
  "process_id": 4012295,
  "local_process_index": 0,
  "energy_results": {
    "cpu_power": 112.5,
    "gpu_power": 399.3606603577989,
    "ram_power": 0.6869945526123047,
    "cpu_energy": 0.0044404925818671455,
    "gpu_energy": 0.015992720849723696,
    "ram_energy": 2.3566682482249626e-05,
    "total_energy_kwh": 0.02045678011407308,
    "total_energy_joules": 73644.40841066309,
    "final_emissions": 0.007793010384456141
  }
}