{
  "process_id": 2823973,
  "local_process_index": 3,
  "energy_results": {
    "cpu_power": 112.5,
    "gpu_power": 7.174140279169025,
    "ram_power": 0.7280759811401367,
    "cpu_energy": 0.0012767111479370216,
    "gpu_energy": 0.01040241859970692,
    "ram_energy": 6.7340484038854075e-06,
    "total_energy_kwh": 0.011685863796047826,
    "total_energy_joules": 42069.10966577217,
    "final_emissions": 0.0044517298131044195
  }
}