{
  "process_id": 2823972,
  "local_process_index": 2,
  "energy_results": {
    "cpu_power": 112.5,
    "gpu_power": 909.1192828969648,
    "ram_power": 0.7299799919128419,
    "cpu_energy": 0.0012442474868403224,
    "gpu_energy": 0.01039876943011997,
    "ram_energy": 6.743598116572727e-06,
    "total_energy_kwh": 0.01164976051507686,
    "total_energy_joules": 41939.1378542767,
    "final_emissions": 0.00443797626821853
  }
}