{
  "process_id": 2823971,
  "local_process_index": 1,
  "energy_results": {
    "cpu_power": 112.5,
    "gpu_power": 997.4665900369832,
    "ram_power": 0.707120418548584,
    "cpu_energy": 0.001230025268065219,
    "gpu_energy": 0.010313107139366728,
    "ram_energy": 6.3556860645457444e-06,
    "total_energy_kwh": 0.011549488093496494,
    "total_energy_joules": 41578.157136587375,
    "final_emissions": 0.004399777489217489
  }
}