{
  "experiment_id": "0059",
  "local_process_results": {
    "cpu_power": {
      "process_1": 112.5,
      "process_0": 112.5,
      "process_3": 112.5,
      "process_2": 112.5
    },
    "gpu_power": {
      "process_1": 997.4665900369832,
      "process_0": 877.3086650177942,
      "process_3": 7.174140279169025,
      "process_2": 909.1192828969648
    },
    "ram_power": {
      "process_1": 0.707120418548584,
      "process_0": 0.6868329048156738,
      "process_3": 0.7280759811401367,
      "process_2": 0.7299799919128419
    },
    "cpu_energy": {
      "process_1": 0.001230025268065219,
      "process_0": 0.0012431657949055078,
      "process_3": 0.0012767111479370216,
      "process_2": 0.0012442474868403224
    },
    "gpu_energy": {
      "process_1": 0.010313107139366728,
      "process_0": 0.010399530541840285,
      "process_3": 0.01040241859970692,
      "process_2": 0.01039876943011997
    },
    "ram_energy": {
      "process_1": 6.3556860645457444e-06,
      "process_0": 6.410813514505914e-06,
      "process_3": 6.7340484038854075e-06,
      "process_2": 6.743598116572727e-06
    },
    "total_energy_kwh": {
      "process_1": 0.011549488093496494,
      "process_0": 0.0116491071502603,
      "process_3": 0.011685863796047826,
      "process_2": 0.01164976051507686
    },
    "total_energy_joules": {
      "process_1": 41578.157136587375,
      "process_0": 41936.78574093708,
      "process_3": 42069.10966577217,
      "process_2": 41939.1378542767
    }
  },
  "global_experiment_results": {
    "cpu_power_avg": 112.5,
    "gpu_power_avg": 697.7671695577278,
    "ram_power_avg": 0.7130023241043091,
    "cpu_energy_total": 0.004994149697748071,
    "gpu_energy_total": 0.0415138257110339,
    "ram_energy_total": 2.6244146099509797e-05,
    "total_energy_kwh": 0.04653421955488148,
    "total_energy_joules": 167523.19039757331
  },
  "global_derived_quantities": {
    "tokens_per_joule": 0.09780138475823424,
    "joules_per_token": 10.224804101414387,
    "flops_per_joule": 314216689.54572695,
    "joules_per_flop": 3.1825171395120093e-09
  },
  "per-process_emissions": [
    0.004399777489217489,
    0.004437727368891661,
    0.0044517298131044195,
    0.00443797626821853
  ]
}