{
  "process_id": 2823970,
  "local_process_index": 0,
  "energy_results": {
    "cpu_power": 112.5,
    "gpu_power": 877.3086650177942,
    "ram_power": 0.6868329048156738,
    "cpu_energy": 0.0012431657949055078,
    "gpu_energy": 0.010399530541840285,
    "ram_energy": 6.410813514505914e-06,
    "total_energy_kwh": 0.0116491071502603,
    "total_energy_joules": 41936.78574093708,
    "final_emissions": 0.004437727368891661
  }
}