{
  "process_id": 3063943,
  "local_process_index": 0,
  "energy_results": {
    "cpu_power": 112.5,
    "gpu_power": 891.0925886341237,
    "ram_power": 0.6881647109985352,
    "cpu_energy": 0.0011852787717489264,
    "gpu_energy": 0.010207599832740222,
    "ram_energy": 6.199214111575107e-06,
    "total_energy_kwh": 0.011399077818600722,
    "total_energy_joules": 41036.6801469626,
    "final_emissions": 0.004342478694995946
  }
}