{
  "process_id": 3063946,
  "local_process_index": 3,
  "energy_results": {
    "cpu_power": 112.5,
    "gpu_power": 692.9886342812416,
    "ram_power": 0.7304062843322755,
    "cpu_energy": 0.001193573206785004,
    "gpu_energy": 0.010251163756480608,
    "ram_energy": 6.545655317989815e-06,
    "total_energy_kwh": 0.011451282618583603,
    "total_energy_joules": 41224.61742690097,
    "final_emissions": 0.004362366113549424
  }
}