{
  "experiment_id": "0138",
  "local_process_results": {
    "cpu_power": {
      "process_2": 112.5,
      "process_1": 112.5,
      "process_3": 112.5,
      "process_0": 112.5
    },
    "gpu_power": {
      "process_2": 1632.9287912955836,
      "process_1": 897.5027591251803,
      "process_3": 692.9886342812416,
      "process_0": 891.0925886341237
    },
    "ram_power": {
      "process_2": 0.7083535194396973,
      "process_1": 0.7244668006896973,
      "process_3": 0.7304062843322755,
      "process_0": 0.6881647109985352
    },
    "cpu_energy": {
      "process_2": 0.0011755919523475315,
      "process_1": 0.00118887778584758,
      "process_3": 0.001193573206785004,
      "process_0": 0.0011852787717489264
    },
    "gpu_energy": {
      "process_2": 0.010154893401687737,
      "process_1": 0.010236670967108452,
      "process_3": 0.010251163756480608,
      "process_0": 0.010207599832740222
    },
    "ram_energy": {
      "process_2": 6.49629591800262e-06,
      "process_1": 6.480612926914371e-06,
      "process_3": 6.545655317989815e-06,
      "process_0": 6.199214111575107e-06
    },
    "total_energy_kwh": {
      "process_2": 0.01133698164995327,
      "process_1": 0.011432029365882945,
      "process_3": 0.011451282618583603,
      "process_0": 0.011399077818600722
    },
    "total_energy_joules": {
      "process_2": 40813.13393983177,
      "process_1": 41155.305717178606,
      "process_3": 41224.61742690097,
      "process_0": 41036.6801469626
    }
  },
  "global_experiment_results": {
    "cpu_power_avg": 112.5,
    "gpu_power_avg": 1028.6281933340322,
    "ram_power_avg": 0.7128478288650513,
    "cpu_energy_total": 0.0047433217167290416,
    "gpu_energy_total": 0.04085032795801702,
    "ram_energy_total": 2.5721778274481916e-05,
    "total_energy_kwh": 0.04561937145302054,
    "total_energy_joules": 164229.73723087396
  },
  "global_derived_quantities": {
    "tokens_per_joule": 0.09976268778270889,
    "joules_per_token": 10.023787672782834,
    "flops_per_joule": 320517971.9362563,
    "joules_per_flop": 3.119949854789663e-09
  },
  "per-process_emissions": [
    0.004318823159549698,
    0.0043550315869331085,
    0.004362366113549424,
    0.004342478694995946
  ]
}