{
  "process_id": 3063944,
  "local_process_index": 1,
  "energy_results": {
    "cpu_power": 112.5,
    "gpu_power": 897.5027591251803,
    "ram_power": 0.7244668006896973,
    "cpu_energy": 0.00118887778584758,
    "gpu_energy": 0.010236670967108452,
    "ram_energy": 6.480612926914371e-06,
    "total_energy_kwh": 0.011432029365882945,
    "total_energy_joules": 41155.305717178606,
    "final_emissions": 0.0043550315869331085
  }
}