{
  "process_id": 3063945,
  "local_process_index": 2,
  "energy_results": {
    "cpu_power": 112.5,
    "gpu_power": 1632.9287912955836,
    "ram_power": 0.7083535194396973,
    "cpu_energy": 0.0011755919523475315,
    "gpu_energy": 0.010154893401687737,
    "ram_energy": 6.49629591800262e-06,
    "total_energy_kwh": 0.01133698164995327,
    "total_energy_joules": 40813.13393983177,
    "final_emissions": 0.004318823159549698
  }
}