{
  "process_id": 3881907,
  "local_process_index": 0,
  "energy_results": {
    "cpu_power": 112.5,
    "gpu_power": 155.30106841392987,
    "ram_power": 0.6890387535095215,
    "cpu_energy": 0.001122314423384523,
    "gpu_energy": 0.010225370958069746,
    "ram_energy": 6.949015444147299e-06,
    "total_energy_kwh": 0.011354634396898412,
    "total_energy_joules": 40876.683828834284,
    "final_emissions": 0.00432554797349845
  }
}