{
  "experiment_id": "0491",
  "local_process_results": {
    "cpu_power": {
      "process_3": 112.5,
      "process_1": 112.5,
      "process_2": 112.5,
      "process_0": 112.5
    },
    "gpu_power": {
      "process_3": 36866.48368739465,
      "process_1": 167.8770777662622,
      "process_2": 143.80587642141992,
      "process_0": 155.30106841392987
    },
    "ram_power": {
      "process_3": 0.7253508567810059,
      "process_1": 0.7323446273803711,
      "process_2": 0.7327265739440919,
      "process_0": 0.6890387535095215
    },
    "cpu_energy": {
      "process_3": 0.0010474925197504492,
      "process_1": 0.0010899591996840173,
      "process_2": 0.0010855685959104448,
      "process_0": 0.001122314423384523
    },
    "gpu_energy": {
      "process_3": 0.010225370958069746,
      "process_1": 0.010225370958069746,
      "process_2": 0.010212831503595865,
      "process_0": 0.010225370958069746
    },
    "ram_energy": {
      "process_3": 7.544272054527963e-06,
      "process_1": 7.244127939701931e-06,
      "process_2": 7.222792303915272e-06,
      "process_0": 6.949015444147299e-06
    },
    "total_energy_kwh": {
      "process_3": 0.011280407749874726,
      "process_1": 0.011322574285693466,
      "process_2": 0.011305622891810228,
      "process_0": 0.011354634396898412
    },
    "total_energy_joules": {
      "process_3": 40609.46789954901,
      "process_1": 40761.267428496474,
      "process_2": 40700.24241051682,
      "process_0": 40876.683828834284
    }
  },
  "global_experiment_results": {
    "cpu_power_avg": 112.5,
    "gpu_power_avg": 9333.366927499066,
    "ram_power_avg": 0.7198652029037476,
    "cpu_energy_total": 0.004345334738729434,
    "gpu_energy_total": 0.0408889443778051,
    "ram_energy_total": 2.896020774229246e-05,
    "total_energy_kwh": 0.04526323932427683,
    "total_energy_joules": 162947.6615673966
  },
  "global_derived_quantities": {
    "tokens_per_joule": 0.10054762272991216,
    "joules_per_token": 9.945535984338171,
    "flops_per_joule": 323039814.1497245,
    "joules_per_flop": 3.0955936581133427e-09
  },
  "per-process_emissions": [
    0.004297271332314777,
    0.004313334674134926,
    0.004306877040635106,
    0.00432554797349845
  ]
}