{
  "process_id": 3881910,
  "local_process_index": 3,
  "energy_results": {
    "cpu_power": 112.5,
    "gpu_power": 36866.48368739465,
    "ram_power": 0.7253508567810059,
    "cpu_energy": 0.0010474925197504492,
    "gpu_energy": 0.010225370958069746,
    "ram_energy": 7.544272054527963e-06,
    "total_energy_kwh": 0.011280407749874726,
    "total_energy_joules": 40609.46789954901,
    "final_emissions": 0.004297271332314777
  }
}