{
  "process_id": 3881908,
  "local_process_index": 1,
  "energy_results": {
    "cpu_power": 112.5,
    "gpu_power": 167.8770777662622,
    "ram_power": 0.7323446273803711,
    "cpu_energy": 0.0010899591996840173,
    "gpu_energy": 0.010225370958069746,
    "ram_energy": 7.244127939701931e-06,
    "total_energy_kwh": 0.011322574285693466,
    "total_energy_joules": 40761.267428496474,
    "final_emissions": 0.004313334674134926
  }
}