{
  "process_id": 3881909,
  "local_process_index": 2,
  "energy_results": {
    "cpu_power": 112.5,
    "gpu_power": 143.80587642141992,
    "ram_power": 0.7327265739440919,
    "cpu_energy": 0.0010855685959104448,
    "gpu_energy": 0.010212831503595865,
    "ram_energy": 7.222792303915272e-06,
    "total_energy_kwh": 0.011305622891810228,
    "total_energy_joules": 40700.24241051682,
    "final_emissions": 0.004306877040635106
  }
}