{
  "experiment_id": "0545",
  "local_process_results": {
    "cpu_power": {
      "process_0": 112.5,
      "process_2": 112.5,
      "process_1": 112.5,
      "process_3": 112.5
    },
    "gpu_power": {
      "process_0": 94.31793741790202,
      "process_2": 6189.881920894438,
      "process_1": 895.447522507353,
      "process_3": 944.4921068644298
    },
    "ram_power": {
      "process_0": 0.6825442314147949,
      "process_2": 0.733107089996338,
      "process_1": 0.7329440116882324,
      "process_3": 0.7320671081542969
    },
    "cpu_energy": {
      "process_0": 0.0015484289627420368,
      "process_2": 0.001185756376657082,
      "process_1": 0.0011922827934140517,
      "process_3": 0.0012000134470290505
    },
    "gpu_energy": {
      "process_0": 0.011368241594585271,
      "process_2": 0.00981477701848199,
      "process_1": 0.009856649551981178,
      "process_3": 0.009860463443919443
    },
    "ram_energy": {
      "process_0": 8.247155180174253e-06,
      "process_2": 6.651885253073871e-06,
      "process_1": 6.689599410204822e-06,
      "process_3": 6.7463895124196595e-06
    },
    "total_energy_kwh": {
      "process_0": 0.012924917712507486,
      "process_2": 0.011007185280392146,
      "process_1": 0.011055621944805432,
      "process_3": 0.011067223280460914
    },
    "total_energy_joules": {
      "process_0": 46529.70376502695,
      "process_2": 39625.867009411726,
      "process_1": 39800.23900129955,
      "process_3": 39842.00380965929
    }
  },
  "global_experiment_results": {
    "cpu_power_avg": 112.5,
    "gpu_power_avg": 2031.0348719210306,
    "ram_power_avg": 0.7201656103134155,
    "cpu_energy_total": 0.0051264815798422216,
    "gpu_energy_total": 0.04090013160896788,
    "ram_energy_total": 2.8335029355872604e-05,
    "total_energy_kwh": 0.04605494821816598,
    "total_energy_joules": 165797.8135853975
  },
  "global_derived_quantities": {
    "tokens_per_joule": 0.09881915596891205,
    "joules_per_token": 10.119495458093109,
    "flops_per_joule": 317486589.06018347,
    "joules_per_flop": 3.1497393416212544e-09
  },
  "per-process_emissions": [
    0.004923747402579727,
    0.004193187232565388,
    0.0042116391798736295,
    0.004216058708691585
  ]
}