{
  "process_id": 4002277,
  "local_process_index": 1,
  "energy_results": {
    "cpu_power": 112.5,
    "gpu_power": 895.447522507353,
    "ram_power": 0.7329440116882324,
    "cpu_energy": 0.0011922827934140517,
    "gpu_energy": 0.009856649551981178,
    "ram_energy": 6.689599410204822e-06,
    "total_energy_kwh": 0.011055621944805432,
    "total_energy_joules": 39800.23900129955,
    "final_emissions": 0.0042116391798736295
  }
}