{
  "process_id": 4002276,
  "local_process_index": 0,
  "energy_results": {
    "cpu_power": 112.5,
    "gpu_power": 94.31793741790202,
    "ram_power": 0.6825442314147949,
    "cpu_energy": 0.0015484289627420368,
    "gpu_energy": 0.011368241594585271,
    "ram_energy": 8.247155180174253e-06,
    "total_energy_kwh": 0.012924917712507486,
    "total_energy_joules": 46529.70376502695,
    "final_emissions": 0.004923747402579727
  }
}