{
  "process_id": 4002279,
  "local_process_index": 3,
  "energy_results": {
    "cpu_power": 112.5,
    "gpu_power": 944.4921068644298,
    "ram_power": 0.7320671081542969,
    "cpu_energy": 0.0012000134470290505,
    "gpu_energy": 0.009860463443919443,
    "ram_energy": 6.7463895124196595e-06,
    "total_energy_kwh": 0.011067223280460914,
    "total_energy_joules": 39842.00380965929,
    "final_emissions": 0.004216058708691585
  }
}