{
  "process_id": 4002278,
  "local_process_index": 2,
  "energy_results": {
    "cpu_power": 112.5,
    "gpu_power": 6189.881920894438,
    "ram_power": 0.733107089996338,
    "cpu_energy": 0.001185756376657082,
    "gpu_energy": 0.00981477701848199,
    "ram_energy": 6.651885253073871e-06,
    "total_energy_kwh": 0.011007185280392146,
    "total_energy_joules": 39625.867009411726,
    "final_emissions": 0.004193187232565388
  }
}