{
  "process_id": 3121457,
  "local_process_index": 2,
  "energy_results": {
    "cpu_power": 112.5,
    "gpu_power": 937.1718386605818,
    "ram_power": 0.7324047088623047,
    "cpu_energy": 0.0012821870230054627,
    "gpu_energy": 0.010595412920769931,
    "ram_energy": 6.833861730901549e-06,
    "total_energy_kwh": 0.0118844338055063,
    "total_energy_joules": 42783.961699822685,
    "final_emissions": 0.0045273750582076255
  }
}