{
  "experiment_id": "0170",
  "local_process_results": {
    "cpu_power": {
      "process_1": 112.5,
      "process_0": 112.5,
      "process_2": 112.5,
      "process_3": 112.5
    },
    "gpu_power": {
      "process_1": 907.2064709798938,
      "process_0": 860.8162542691038,
      "process_2": 937.1718386605818,
      "process_3": 776.2832630192911
    },
    "ram_power": {
      "process_1": 0.7256183624267578,
      "process_0": 0.6906852722167969,
      "process_2": 0.7324047088623047,
      "process_3": 0.7095165252685547
    },
    "cpu_energy": {
      "process_1": 0.0012866741405887297,
      "process_0": 0.0012866143298797396,
      "process_2": 0.0012821870230054627,
      "process_3": 0.0012919183398462338
    },
    "gpu_energy": {
      "process_1": 0.010632430450384867,
      "process_0": 0.010641208790739931,
      "process_2": 0.010595412920769931,
      "process_3": 0.010656721025369187
    },
    "ram_energy": {
      "process_1": 6.784731520470598e-06,
      "process_0": 6.4301126142053715e-06,
      "process_2": 6.833861730901549e-06,
      "process_3": 6.6408566529833605e-06
    },
    "total_energy_kwh": {
      "process_1": 0.011925889322494065,
      "process_0": 0.011934253233233875,
      "process_2": 0.0118844338055063,
      "process_3": 0.011955280221868403
    },
    "total_energy_joules": {
      "process_1": 42933.20156097863,
      "process_0": 42963.31163964195,
      "process_2": 42783.961699822685,
      "process_3": 43039.00879872625
    }
  },
  "global_experiment_results": {
    "cpu_power_avg": 112.5,
    "gpu_power_avg": 870.3694567322176,
    "ram_power_avg": 0.7145562171936035,
    "cpu_energy_total": 0.005147393833320166,
    "gpu_energy_total": 0.042525773187263916,
    "ram_energy_total": 2.6689562518560877e-05,
    "total_energy_kwh": 0.04769985658310264,
    "total_energy_joules": 171719.48369916953
  },
  "global_derived_quantities": {
    "tokens_per_joule": 0.0954114212729795,
    "joules_per_token": 10.48092551874814,
    "flops_per_joule": 306538205.07101005,
    "joules_per_flop": 3.262236104528466e-09
  },
  "per-process_emissions": [
    0.004543167537404114,
    0.004546353769200445,
    0.0045273750582076255,
    0.004554364000520768
  ]
}