{
  "process_id": 3121458,
  "local_process_index": 3,
  "energy_results": {
    "cpu_power": 112.5,
    "gpu_power": 776.2832630192911,
    "ram_power": 0.7095165252685547,
    "cpu_energy": 0.0012919183398462338,
    "gpu_energy": 0.010656721025369187,
    "ram_energy": 6.6408566529833605e-06,
    "total_energy_kwh": 0.011955280221868403,
    "total_energy_joules": 43039.00879872625,
    "final_emissions": 0.004554364000520768
  }
}