{
  "process_id": 3121456,
  "local_process_index": 1,
  "energy_results": {
    "cpu_power": 112.5,
    "gpu_power": 907.2064709798938,
    "ram_power": 0.7256183624267578,
    "cpu_energy": 0.0012866741405887297,
    "gpu_energy": 0.010632430450384867,
    "ram_energy": 6.784731520470598e-06,
    "total_energy_kwh": 0.011925889322494065,
    "total_energy_joules": 42933.20156097863,
    "final_emissions": 0.004543167537404114
  }
}