{
  "process_id": 3121455,
  "local_process_index": 0,
  "energy_results": {
    "cpu_power": 112.5,
    "gpu_power": 860.8162542691038,
    "ram_power": 0.6906852722167969,
    "cpu_energy": 0.0012866143298797396,
    "gpu_energy": 0.010641208790739931,
    "ram_energy": 6.4301126142053715e-06,
    "total_energy_kwh": 0.011934253233233875,
    "total_energy_joules": 42963.31163964195,
    "final_emissions": 0.004546353769200445
  }
}