{
  "process_id": 2969776,
  "local_process_index": 1,
  "energy_results": {
    "cpu_power": 112.5,
    "gpu_power": 395.3104454103007,
    "ram_power": 0.7217187881469727,
    "cpu_energy": 0.0013031931855948644,
    "gpu_energy": 0.01053850759746755,
    "ram_energy": 7.18012235073195e-06,
    "total_energy_kwh": 0.011848880905413141,
    "total_energy_joules": 42655.971259487305,
    "final_emissions": 0.004513831180917137
  }
}