{
  "experiment_id": "0081",
  "local_process_results": {
    "cpu_power": {
      "process_0": 112.5,
      "process_1": 112.5,
      "process_3": 112.5,
      "process_2": 112.5
    },
    "gpu_power": {
      "process_0": 2647.641569987056,
      "process_1": 395.3104454103007,
      "process_3": 21.675295066533167,
      "process_2": 21.257296764766238
    },
    "ram_power": {
      "process_0": 0.6877226829528809,
      "process_1": 0.7217187881469727,
      "process_3": 0.7231721878051758,
      "process_2": 0.7308368682861328
    },
    "cpu_energy": {
      "process_0": 0.0013061684151562077,
      "process_1": 0.0013031931855948644,
      "process_3": 0.0013356566298425609,
      "process_2": 0.0013382676852525038
    },
    "gpu_energy": {
      "process_0": 0.01054410954639362,
      "process_1": 0.01053850759746755,
      "process_3": 0.010541432599806555,
      "process_2": 0.010541432599806555
    },
    "ram_energy": {
      "process_0": 6.806600285788201e-06,
      "process_1": 7.18012235073195e-06,
      "process_3": 7.160916391052441e-06,
      "process_2": 7.2270052059322704e-06
    },
    "total_energy_kwh": {
      "process_0": 0.01185708456183562,
      "process_1": 0.011848880905413141,
      "process_3": 0.011884250146040163,
      "process_2": 0.011886927290264984
    },
    "total_energy_joules": {
      "process_0": 42685.50442260823,
      "process_1": 42655.971259487305,
      "process_3": 42783.30052574459,
      "process_2": 42792.93824495394
    }
  },
  "global_experiment_results": {
    "cpu_power_avg": 112.5,
    "gpu_power_avg": 771.471151807164,
    "ram_power_avg": 0.7158626317977905,
    "cpu_energy_total": 0.005283285915846137,
    "gpu_energy_total": 0.04216548234347428,
    "ram_energy_total": 2.837464423350486e-05,
    "total_energy_kwh": 0.04747714290355391,
    "total_energy_joules": 170917.71445279405
  },
  "global_derived_quantities": {
    "tokens_per_joule": 0.0958589930391628,
    "joules_per_token": 10.431989407519168,
    "flops_per_joule": 307976165.4746577,
    "joules_per_flop": 3.247004515621474e-09
  },
  "per-process_emissions": [
    0.004516956363831279,
    0.004513831180917137,
    0.004527305093134,
    0.004528324951226446
  ]
}