{
  "process_id": 2969778,
  "local_process_index": 3,
  "energy_results": {
    "cpu_power": 112.5,
    "gpu_power": 21.675295066533167,
    "ram_power": 0.7231721878051758,
    "cpu_energy": 0.0013356566298425609,
    "gpu_energy": 0.010541432599806555,
    "ram_energy": 7.160916391052441e-06,
    "total_energy_kwh": 0.011884250146040163,
    "total_energy_joules": 42783.30052574459,
    "final_emissions": 0.004527305093134
  }
}