{
  "process_id": 2969775,
  "local_process_index": 0,
  "energy_results": {
    "cpu_power": 112.5,
    "gpu_power": 2647.641569987056,
    "ram_power": 0.6877226829528809,
    "cpu_energy": 0.0013061684151562077,
    "gpu_energy": 0.01054410954639362,
    "ram_energy": 6.806600285788201e-06,
    "total_energy_kwh": 0.01185708456183562,
    "total_energy_joules": 42685.50442260823,
    "final_emissions": 0.004516956363831279
  }
}