{
  "process_id": 2969777,
  "local_process_index": 2,
  "energy_results": {
    "cpu_power": 112.5,
    "gpu_power": 21.257296764766238,
    "ram_power": 0.7308368682861328,
    "cpu_energy": 0.0013382676852525038,
    "gpu_energy": 0.010541432599806555,
    "ram_energy": 7.2270052059322704e-06,
    "total_energy_kwh": 0.011886927290264984,
    "total_energy_joules": 42792.93824495394,
    "final_emissions": 0.004528324951226446
  }
}