{
  "process_id": 4039642,
  "local_process_index": 1,
  "energy_results": {
    "cpu_power": 112.5,
    "gpu_power": 971.9237439265746,
    "ram_power": 0.7089014053344727,
    "cpu_energy": 0.0012221039422602186,
    "gpu_energy": 0.010470998654568575,
    "ram_energy": 7.347160048970707e-06,
    "total_energy_kwh": 0.011700449756877765,
    "total_energy_joules": 42121.619124759956,
    "final_emissions": 0.004457286334882585
  }
}