{
  "process_id": 4039643,
  "local_process_index": 2,
  "energy_results": {
    "cpu_power": 112.5,
    "gpu_power": 0.0,
    "ram_power": 0.7089486122131349,
    "cpu_energy": 0.0012711229695687503,
    "gpu_energy": 0.010621981275354742,
    "ram_energy": 7.609128584039189e-06,
    "total_energy_kwh": 0.011900713373507532,
    "total_energy_joules": 42842.56814462712,
    "final_emissions": 0.004533576759637695
  }
}