{
  "process_id": 4039641,
  "local_process_index": 0,
  "energy_results": {
    "cpu_power": 112.5,
    "gpu_power": 957.9367724217955,
    "ram_power": 0.688788414001465,
    "cpu_energy": 0.001165282319934704,
    "gpu_energy": 0.010532916759659727,
    "ram_energy": 7.204632205239551e-06,
    "total_energy_kwh": 0.01170540371179967,
    "total_energy_joules": 42139.45336247881,
    "final_emissions": 0.004459173544010084
  }
}