{
  "experiment_id": "0556",
  "local_process_results": {
    "cpu_power": {
      "process_3": 112.5,
      "process_1": 112.5,
      "process_2": 112.5,
      "process_0": 112.5
    },
    "gpu_power": {
      "process_3": 869.2998565990049,
      "process_1": 971.9237439265746,
      "process_2": 0.0,
      "process_0": 957.9367724217955
    },
    "ram_power": {
      "process_3": 0.7089500427246094,
      "process_1": 0.7089014053344727,
      "process_2": 0.7089486122131349,
      "process_0": 0.688788414001465
    },
    "cpu_energy": {
      "process_3": 0.0012243050085344294,
      "process_1": 0.0012221039422602186,
      "process_2": 0.0012711229695687503,
      "process_0": 0.001165282319934704
    },
    "gpu_energy": {
      "process_3": 0.010546939826433288,
      "process_1": 0.010470998654568575,
      "process_2": 0.010621981275354742,
      "process_0": 0.010532916759659727
    },
    "ram_energy": {
      "process_3": 7.374659016449804e-06,
      "process_1": 7.347160048970707e-06,
      "process_2": 7.609128584039189e-06,
      "process_0": 7.204632205239551e-06
    },
    "total_energy_kwh": {
      "process_3": 0.011778619493984168,
      "process_1": 0.011700449756877765,
      "process_2": 0.011900713373507532,
      "process_0": 0.01170540371179967
    },
    "total_energy_joules": {
      "process_3": 42403.030178343004,
      "process_1": 42121.619124759956,
      "process_2": 42842.56814462712,
      "process_0": 42139.45336247881
    }
  },
  "global_experiment_results": {
    "cpu_power_avg": 112.5,
    "gpu_power_avg": 699.7900932368437,
    "ram_power_avg": 0.7038971185684204,
    "cpu_energy_total": 0.004882814240298103,
    "gpu_energy_total": 0.04217283651601633,
    "ram_energy_total": 2.953557985469925e-05,
    "total_energy_kwh": 0.047085186336169135,
    "total_energy_joules": 169506.6708102089
  },
  "global_derived_quantities": {
    "tokens_per_joule": 0.09665696294834693,
    "joules_per_token": 10.345866138318414,
    "flops_per_joule": 310539886.46736926,
    "joules_per_flop": 3.2201982533573106e-09
  },
  "per-process_emissions": [
    0.004487065096233269,
    0.004457286334882585,
    0.004533576759637695,
    0.004459173544010084
  ]
}