{
  "process_id": 4039644,
  "local_process_index": 3,
  "energy_results": {
    "cpu_power": 112.5,
    "gpu_power": 869.2998565990049,
    "ram_power": 0.7089500427246094,
    "cpu_energy": 0.0012243050085344294,
    "gpu_energy": 0.010546939826433288,
    "ram_energy": 7.374659016449804e-06,
    "total_energy_kwh": 0.011778619493984168,
    "total_energy_joules": 42403.030178343004,
    "final_emissions": 0.004487065096233269
  }
}