{
  "process_id": 2783666,
  "local_process_index": 2,
  "energy_results": {
    "cpu_power": 112.5,
    "gpu_power": 890.4047917538272,
    "ram_power": 0.7247843742370605,
    "cpu_energy": 0.001208014502657534,
    "gpu_energy": 0.010301870185932316,
    "ram_energy": 6.4388436698641794e-06,
    "total_energy_kwh": 0.011516323532259712,
    "total_energy_joules": 41458.76471613497,
    "final_emissions": 0.0043871434496143375
  }
}