{
  "process_id": 2783664,
  "local_process_index": 0,
  "energy_results": {
    "cpu_power": 112.5,
    "gpu_power": 1067.9566833922509,
    "ram_power": 0.6891560554504395,
    "cpu_energy": 0.0011921659254130643,
    "gpu_energy": 0.010191441486480102,
    "ram_energy": 6.0888392960523825e-06,
    "total_energy_kwh": 0.011389696251189218,
    "total_energy_joules": 41002.906504281185,
    "final_emissions": 0.004338904786890533
  }
}