{
  "experiment_id": "0034",
  "local_process_results": {
    "cpu_power": {
      "process_2": 112.5,
      "process_0": 112.5,
      "process_1": 112.5,
      "process_3": 112.5
    },
    "gpu_power": {
      "process_2": 890.4047917538272,
      "process_0": 1067.9566833922509,
      "process_1": 0.0,
      "process_3": 876.7684552674937
    },
    "ram_power": {
      "process_2": 0.7247843742370605,
      "process_0": 0.6891560554504395,
      "process_1": 0.7245726585388184,
      "process_3": 0.7324690818786621
    },
    "cpu_energy": {
      "process_2": 0.001208014502657534,
      "process_0": 0.0011921659254130643,
      "process_1": 0.0012503025757541766,
      "process_3": 0.0012097662624455552
    },
    "gpu_energy": {
      "process_2": 0.010301870185932316,
      "process_0": 0.010191441486480102,
      "process_1": 0.010331426876245331,
      "process_3": 0.010302807686682236
    },
    "ram_energy": {
      "process_2": 6.4388436698641794e-06,
      "process_0": 6.0888392960523825e-06,
      "process_1": 6.609242124844194e-06,
      "process_3": 6.5325612646656536e-06
    },
    "total_energy_kwh": {
      "process_2": 0.011516323532259712,
      "process_0": 0.011389696251189218,
      "process_1": 0.011588338694124352,
      "process_3": 0.011519106510392453
    },
    "total_energy_joules": {
      "process_2": 41458.76471613497,
      "process_0": 41002.906504281185,
      "process_1": 41718.01929884767,
      "process_3": 41468.78343741283
    }
  },
  "global_experiment_results": {
    "cpu_power_avg": 112.5,
    "gpu_power_avg": 708.782482603393,
    "ram_power_avg": 0.7177455425262451,
    "cpu_energy_total": 0.00486024926627033,
    "gpu_energy_total": 0.041127546235339985,
    "ram_energy_total": 2.5669486355426413e-05,
    "total_energy_kwh": 0.046013464987965734,
    "total_energy_joules": 165648.47395667667
  },
  "global_derived_quantities": {
    "tokens_per_joule": 0.0989082459297816,
    "joules_per_token": 10.110380490519816,
    "flops_per_joule": 317772817.6513777,
    "joules_per_flop": 3.1469022661877904e-09
  },
  "per-process_emissions": [
    0.0043871434496143375,
    0.004338904786890533,
    0.004414577625526672,
    0.004388203625134006
  ]
}