{
  "process_id": 2783665,
  "local_process_index": 1,
  "energy_results": {
    "cpu_power": 112.5,
    "gpu_power": 0.0,
    "ram_power": 0.7245726585388184,
    "cpu_energy": 0.0012503025757541766,
    "gpu_energy": 0.010331426876245331,
    "ram_energy": 6.609242124844194e-06,
    "total_energy_kwh": 0.011588338694124352,
    "total_energy_joules": 41718.01929884767,
    "final_emissions": 0.004414577625526672
  }
}