{
  "process_id": 2783667,
  "local_process_index": 3,
  "energy_results": {
    "cpu_power": 112.5,
    "gpu_power": 876.7684552674937,
    "ram_power": 0.7324690818786621,
    "cpu_energy": 0.0012097662624455552,
    "gpu_energy": 0.010302807686682236,
    "ram_energy": 6.5325612646656536e-06,
    "total_energy_kwh": 0.011519106510392453,
    "total_energy_joules": 41468.78343741283,
    "final_emissions": 0.004388203625134006
  }
}