{
  "experiment_id": "0457",
  "local_process_results": {
    "cpu_power": {
      "process_3": 112.5,
      "process_0": 112.5,
      "process_1": 112.5,
      "process_2": 112.5
    },
    "gpu_power": {
      "process_3": 844.4540231053456,
      "process_0": 1089.8582632788155,
      "process_1": 0.0,
      "process_2": 1004.0173030646282
    },
    "ram_power": {
      "process_3": 0.7236270904541016,
      "process_0": 0.6867828369140625,
      "process_1": 0.7234039306640625,
      "process_2": 0.730074405670166
    },
    "cpu_energy": {
      "process_3": 0.0007974285105683521,
      "process_0": 0.0007902813577129561,
      "process_1": 0.0008375648279052257,
      "process_2": 0.0007902979661648715
    },
    "gpu_energy": {
      "process_3": 0.007039921187487863,
      "process_0": 0.007005614215595202,
      "process_1": 0.007070817045534028,
      "process_2": 0.007005614215595202
    },
    "ram_energy": {
      "process_3": 4.468267887232472e-06,
      "process_0": 4.1889418138856456e-06,
      "process_1": 4.653904983726567e-06,
      "process_2": 4.434947629850009e-06
    },
    "total_energy_kwh": {
      "process_3": 0.007841817965943448,
      "process_0": 0.007800084515122044,
      "process_1": 0.007913035778422981,
      "process_2": 0.007800347129389923
    },
    "total_energy_joules": {
      "process_3": 28230.54467739641,
      "process_0": 28080.304254439357,
      "process_1": 28486.92880232273,
      "process_2": 28081.249665803723
    }
  },
  "global_experiment_results": {
    "cpu_power_avg": 112.5,
    "gpu_power_avg": 734.5823973621973,
    "ram_power_avg": 0.7159720659255981,
    "cpu_energy_total": 0.0032155726623514054,
    "gpu_energy_total": 0.028121966664212295,
    "ram_energy_total": 1.7746062314694694e-05,
    "total_energy_kwh": 0.0313552853888784,
    "total_energy_joules": 112879.02739996223
  },
  "global_derived_quantities": {
    "tokens_per_joule": 0.14514653764642096,
    "joules_per_token": 6.889589074704725,
    "flops_per_joule": 466327390.67063946,
    "joules_per_flop": 2.1444161762873717e-09
  },
  "per-process_emissions": [
    0.0029873405541261566,
    0.0029714421960357427,
    0.0030144709797902346,
    0.0029715422389410915
  ]
}