{
  "process_id": 3614311,
  "local_process_index": 3,
  "energy_results": {
    "cpu_power": 112.5,
    "gpu_power": 844.4540231053456,
    "ram_power": 0.7236270904541016,
    "cpu_energy": 0.0007974285105683521,
    "gpu_energy": 0.007039921187487863,
    "ram_energy": 4.468267887232472e-06,
    "total_energy_kwh": 0.007841817965943448,
    "total_energy_joules": 28230.54467739641,
    "final_emissions": 0.0029873405541261566
  }
}