{
  "process_id": 3614308,
  "local_process_index": 0,
  "energy_results": {
    "cpu_power": 112.5,
    "gpu_power": 1089.8582632788155,
    "ram_power": 0.6867828369140625,
    "cpu_energy": 0.0007902813577129561,
    "gpu_energy": 0.007005614215595202,
    "ram_energy": 4.1889418138856456e-06,
    "total_energy_kwh": 0.007800084515122044,
    "total_energy_joules": 28080.304254439357,
    "final_emissions": 0.0029714421960357427
  }
}