{
  "process_id": 3614310,
  "local_process_index": 2,
  "energy_results": {
    "cpu_power": 112.5,
    "gpu_power": 1004.0173030646282,
    "ram_power": 0.730074405670166,
    "cpu_energy": 0.0007902979661648715,
    "gpu_energy": 0.007005614215595202,
    "ram_energy": 4.434947629850009e-06,
    "total_energy_kwh": 0.007800347129389923,
    "total_energy_joules": 28081.249665803723,
    "final_emissions": 0.0029715422389410915
  }
}