{
  "process_id": 3614309,
  "local_process_index": 1,
  "energy_results": {
    "cpu_power": 112.5,
    "gpu_power": 0.0,
    "ram_power": 0.7234039306640625,
    "cpu_energy": 0.0008375648279052257,
    "gpu_energy": 0.007070817045534028,
    "ram_energy": 4.653904983726567e-06,
    "total_energy_kwh": 0.007913035778422981,
    "total_energy_joules": 28486.92880232273,
    "final_emissions": 0.0030144709797902346
  }
}