{
  "process_id": 2818963,
  "local_process_index": 2,
  "energy_results": {
    "cpu_power": 112.5,
    "gpu_power": 1578.6093392903274,
    "ram_power": 0.7302131652832031,
    "cpu_energy": 0.0015192676207552724,
    "gpu_energy": 0.010817595042955652,
    "ram_energy": 8.458565547332236e-06,
    "total_energy_kwh": 0.01234532122925826,
    "total_energy_joules": 44443.15642532973,
    "final_emissions": 0.004702950122285934
  }
}