{
  "process_id": 2818961,
  "local_process_index": 0,
  "energy_results": {
    "cpu_power": 112.5,
    "gpu_power": 2859.572230216469,
    "ram_power": 0.685880184173584,
    "cpu_energy": 0.0015189019205972725,
    "gpu_energy": 0.010815148652111084,
    "ram_energy": 7.949780906775665e-06,
    "total_energy_kwh": 0.012342000353615133,
    "total_energy_joules": 44431.20127301448,
    "final_emissions": 0.0047016850347096845
  }
}