{
  "process_id": 2818962,
  "local_process_index": 1,
  "energy_results": {
    "cpu_power": 112.5,
    "gpu_power": 528.7441429756697,
    "ram_power": 0.7162957191467285,
    "cpu_energy": 0.001523975761745532,
    "gpu_energy": 0.01083354644460588,
    "ram_energy": 8.238307484242859e-06,
    "total_energy_kwh": 0.012365760513835655,
    "total_energy_joules": 44516.737849808356,
    "final_emissions": 0.004710736467745693
  }
}