{
  "process_id": 2818964,
  "local_process_index": 3,
  "energy_results": {
    "cpu_power": 112.5,
    "gpu_power": 973.4536934103322,
    "ram_power": 0.7293891906738281,
    "cpu_energy": 0.001498121294374869,
    "gpu_energy": 0.010685747159700831,
    "ram_energy": 8.171837668505686e-06,
    "total_energy_kwh": 0.012192040291744212,
    "total_energy_joules": 43891.34505027916,
    "final_emissions": 0.004644557749139957
  }
}