{
  "experiment_id": "0056",
  "local_process_results": {
    "cpu_power": {
      "process_2": 112.5,
      "process_0": 112.5,
      "process_3": 112.5,
      "process_1": 112.5
    },
    "gpu_power": {
      "process_2": 1578.6093392903274,
      "process_0": 2859.572230216469,
      "process_3": 973.4536934103322,
      "process_1": 528.7441429756697
    },
    "ram_power": {
      "process_2": 0.7302131652832031,
      "process_0": 0.685880184173584,
      "process_3": 0.7293891906738281,
      "process_1": 0.7162957191467285
    },
    "cpu_energy": {
      "process_2": 0.0015192676207552724,
      "process_0": 0.0015189019205972725,
      "process_3": 0.001498121294374869,
      "process_1": 0.001523975761745532
    },
    "gpu_energy": {
      "process_2": 0.010817595042955652,
      "process_0": 0.010815148652111084,
      "process_3": 0.010685747159700831,
      "process_1": 0.01083354644460588
    },
    "ram_energy": {
      "process_2": 8.458565547332236e-06,
      "process_0": 7.949780906775665e-06,
      "process_3": 8.171837668505686e-06,
      "process_1": 8.238307484242859e-06
    },
    "total_energy_kwh": {
      "process_2": 0.01234532122925826,
      "process_0": 0.012342000353615133,
      "process_3": 0.012192040291744212,
      "process_1": 0.012365760513835655
    },
    "total_energy_joules": {
      "process_2": 44443.15642532973,
      "process_0": 44431.20127301448,
      "process_3": 43891.34505027916,
      "process_1": 44516.737849808356
    }
  },
  "global_experiment_results": {
    "cpu_power_avg": 112.5,
    "gpu_power_avg": 1485.0948514731997,
    "ram_power_avg": 0.7154445648193359,
    "cpu_energy_total": 0.006060266597472946,
    "gpu_energy_total": 0.04315203729937345,
    "ram_energy_total": 3.281849160685644e-05,
    "total_energy_kwh": 0.04924512238845326,
    "total_energy_joules": 177282.44059843174
  },
  "global_derived_quantities": {
    "tokens_per_joule": 0.09241750025944157,
    "joules_per_token": 10.820461462306625,
    "flops_per_joule": 296919323.37561494,
    "joules_per_flop": 3.367918223142923e-09
  },
  "per-process_emissions": [
    0.004702950122285934,
    0.0047016850347096845,
    0.004644557749139957,
    0.004710736467745693
  ]
}