{
  "process_id": 2788698,
  "local_process_index": 3,
  "energy_results": {
    "cpu_power": 112.5,
    "gpu_power": 768.1710988691839,
    "ram_power": 0.7300043106079102,
    "cpu_energy": 0.0008801530479304348,
    "gpu_energy": 0.006606565840804102,
    "ram_energy": 5.20383411625924e-06,
    "total_energy_kwh": 0.007491922722850795,
    "total_energy_joules": 26970.92180226286,
    "final_emissions": 0.0028540479612700104
  }
}