{
  "experiment_id": "0037",
  "local_process_results": {
    "cpu_power": {
      "process_3": 112.5,
      "process_0": 112.5,
      "process_1": 112.5,
      "process_2": 112.5
    },
    "gpu_power": {
      "process_3": 768.1710988691839,
      "process_0": 1049.674869323388,
      "process_1": 784.7847894520067,
      "process_2": 765.8290473321258
    },
    "ram_power": {
      "process_3": 0.7300043106079102,
      "process_0": 0.6868214607238771,
      "process_1": 0.7307653427124023,
      "process_2": 0.723508358001709
    },
    "cpu_energy": {
      "process_3": 0.0008801530479304348,
      "process_0": 0.0008534850098731113,
      "process_1": 0.000873571513593561,
      "process_2": 0.0008800380907741782
    },
    "gpu_energy": {
      "process_3": 0.006606565840804102,
      "process_0": 0.006428161809192368,
      "process_1": 0.0065791591522126325,
      "process_2": 0.0066004761137117285
    },
    "ram_energy": {
      "process_3": 5.20383411625924e-06,
      "process_0": 4.747952777603543e-06,
      "process_1": 5.170178335881701e-06,
      "process_2": 5.168633214750084e-06
    },
    "total_energy_kwh": {
      "process_3": 0.007491922722850795,
      "process_0": 0.0072863947718430815,
      "process_1": 0.007457900844142075,
      "process_2": 0.007485682837700658
    },
    "total_energy_joules": {
      "process_3": 26970.92180226286,
      "process_0": 26231.021178635092,
      "process_1": 26848.443038911468,
      "process_2": 26948.45821572237
    }
  },
  "global_experiment_results": {
    "cpu_power_avg": 112.5,
    "gpu_power_avg": 842.1149512441762,
    "ram_power_avg": 0.7177748680114746,
    "cpu_energy_total": 0.0034872476621712854,
    "gpu_energy_total": 0.02621436291592083,
    "ram_energy_total": 2.029059844449457e-05,
    "total_energy_kwh": 0.02972190117653661,
    "total_energy_joules": 106998.84423553178
  },
  "global_derived_quantities": {
    "tokens_per_joule": 0.15312314929247864,
    "joules_per_token": 6.530691176485094,
    "flops_per_joule": 491954681.2392949,
    "joules_per_flop": 2.0327075605437393e-09
  },
  "per-process_emissions": [
    0.0028540479612700104,
    0.002775752088333622,
    0.0028410873265759234,
    0.002851670877022066
  ]
}