{
  "process_id": 2788697,
  "local_process_index": 2,
  "energy_results": {
    "cpu_power": 112.5,
    "gpu_power": 765.8290473321258,
    "ram_power": 0.723508358001709,
    "cpu_energy": 0.0008800380907741782,
    "gpu_energy": 0.0066004761137117285,
    "ram_energy": 5.168633214750084e-06,
    "total_energy_kwh": 0.007485682837700658,
    "total_energy_joules": 26948.45821572237,
    "final_emissions": 0.002851670877022066
  }
}