{
  "process_id": 2788696,
  "local_process_index": 1,
  "energy_results": {
    "cpu_power": 112.5,
    "gpu_power": 784.7847894520067,
    "ram_power": 0.7307653427124023,
    "cpu_energy": 0.000873571513593561,
    "gpu_energy": 0.0065791591522126325,
    "ram_energy": 5.170178335881701e-06,
    "total_energy_kwh": 0.007457900844142075,
    "total_energy_joules": 26848.443038911468,
    "final_emissions": 0.0028410873265759234
  }
}