{
  "process_id": 2788695,
  "local_process_index": 0,
  "energy_results": {
    "cpu_power": 112.5,
    "gpu_power": 1049.674869323388,
    "ram_power": 0.6868214607238771,
    "cpu_energy": 0.0008534850098731113,
    "gpu_energy": 0.006428161809192368,
    "ram_energy": 4.747952777603543e-06,
    "total_energy_kwh": 0.0072863947718430815,
    "total_energy_joules": 26231.021178635092,
    "final_emissions": 0.002775752088333622
  }
}