{
  "experiment_id": "0021",
  "local_process_results": {
    "cpu_power": {
      "process_2": 112.5,
      "process_3": 112.5,
      "process_0": 112.5,
      "process_1": 112.5
    },
    "gpu_power": {
      "process_2": 712.750727913086,
      "process_3": 496.99996698014684,
      "process_0": 586.4139281515479,
      "process_1": 410.0526942771403
    },
    "ram_power": {
      "process_2": 0.726837158203125,
      "process_3": 0.721010684967041,
      "process_0": 0.6853165626525879,
      "process_1": 0.720494270324707
    },
    "cpu_energy": {
      "process_2": 0.005374732270151071,
      "process_3": 0.00541865132656858,
      "process_0": 0.005408108580466433,
      "process_1": 0.005436630640067961
    },
    "gpu_energy": {
      "process_2": 0.03366494276526755,
      "process_3": 0.03389542183853855,
      "process_0": 0.03384460485343954,
      "process_1": 0.033956786887630486
    },
    "ram_energy": {
      "process_2": 2.8215519363132975e-05,
      "process_3": 2.8312171551579978e-05,
      "process_0": 2.6886651426293085e-05,
      "process_1": 2.856466583427447e-05
    },
    "total_energy_kwh": {
      "process_2": 0.03906789055478179,
      "process_3": 0.0393423853366587,
      "process_0": 0.03927960008533228,
      "process_1": 0.039421982193532726
    },
    "total_energy_joules": {
      "process_2": 140644.40599721446,
      "process_3": 141632.58721197132,
      "process_0": 141406.56030719623,
      "process_1": 141919.1358967178
    }
  },
  "global_experiment_results": {
    "cpu_power_avg": 112.5,
    "gpu_power_avg": 551.5543293304802,
    "ram_power_avg": 0.7134146690368652,
    "cpu_energy_total": 0.021638122817254045,
    "gpu_energy_total": 0.13536175634487613,
    "ram_energy_total": 0.00011197900817528051,
    "total_energy_kwh": 0.15711185817030549,
    "total_energy_joules": 565602.6894130998
  },
  "global_derived_quantities": {
    "tokens_per_joule": 0.02896733043649586,
    "joules_per_token": 34.521648523748766,
    "flops_per_joule": 93066357.87655936,
    "joules_per_flop": 1.0745021324745214e-08
  },
  "per-process_emissions": [
    0.014882912906844124,
    0.014987481694000132,
    0.014963563652507332,
    0.015017804116626293
  ]
}