{
  "process_id": 2756170,
  "local_process_index": 0,
  "energy_results": {
    "cpu_power": 112.5,
    "gpu_power": 586.4139281515479,
    "ram_power": 0.6853165626525879,
    "cpu_energy": 0.005408108580466433,
    "gpu_energy": 0.03384460485343954,
    "ram_energy": 2.6886651426293085e-05,
    "total_energy_kwh": 0.03927960008533228,
    "total_energy_joules": 141406.56030719623,
    "final_emissions": 0.014963563652507332
  }
}