{
  "process_id": 2756173,
  "local_process_index": 3,
  "energy_results": {
    "cpu_power": 112.5,
    "gpu_power": 496.99996698014684,
    "ram_power": 0.721010684967041,
    "cpu_energy": 0.00541865132656858,
    "gpu_energy": 0.03389542183853855,
    "ram_energy": 2.8312171551579978e-05,
    "total_energy_kwh": 0.0393423853366587,
    "total_energy_joules": 141632.58721197132,
    "final_emissions": 0.014987481694000132
  }
}