{
  "process_id": 2756172,
  "local_process_index": 2,
  "energy_results": {
    "cpu_power": 112.5,
    "gpu_power": 712.750727913086,
    "ram_power": 0.726837158203125,
    "cpu_energy": 0.005374732270151071,
    "gpu_energy": 0.03366494276526755,
    "ram_energy": 2.8215519363132975e-05,
    "total_energy_kwh": 0.03906789055478179,
    "total_energy_joules": 140644.40599721446,
    "final_emissions": 0.014882912906844124
  }
}