{
  "process_id": 2756171,
  "local_process_index": 1,
  "energy_results": {
    "cpu_power": 112.5,
    "gpu_power": 410.0526942771403,
    "ram_power": 0.720494270324707,
    "cpu_energy": 0.005436630640067961,
    "gpu_energy": 0.033956786887630486,
    "ram_energy": 2.856466583427447e-05,
    "total_energy_kwh": 0.039421982193532726,
    "total_energy_joules": 141919.1358967178,
    "final_emissions": 0.015017804116626293
  }
}