{
  "process_id": 2802612,
  "local_process_index": 1,
  "energy_results": {
    "cpu_power": 112.5,
    "gpu_power": 1024.3168658389372,
    "ram_power": 0.7226142883300781,
    "cpu_energy": 0.0013186345826252362,
    "gpu_energy": 0.010513098688250011,
    "ram_energy": 7.039457533460578e-06,
    "total_energy_kwh": 0.011838772728408713,
    "total_energy_joules": 42619.581822271364,
    "final_emissions": 0.004509980470887299
  }
}