{
  "process_id": 2802611,
  "local_process_index": 0,
  "energy_results": {
    "cpu_power": 112.5,
    "gpu_power": 849.0527801921842,
    "ram_power": 0.6791281700134278,
    "cpu_energy": 0.001327445186811019,
    "gpu_energy": 0.010551880663720148,
    "ram_energy": 6.767920485727891e-06,
    "total_energy_kwh": 0.011886093771016895,
    "total_energy_joules": 42789.93757566082,
    "final_emissions": 0.0045280074220688865
  }
}