{
  "experiment_id": "0046",
  "local_process_results": {
    "cpu_power": {
      "process_0": 112.5,
      "process_3": 112.5,
      "process_2": 112.5,
      "process_1": 112.5
    },
    "gpu_power": {
      "process_0": 849.0527801921842,
      "process_3": 883.5629721801255,
      "process_2": 1011.4037838701602,
      "process_1": 1024.3168658389372
    },
    "ram_power": {
      "process_0": 0.6791281700134278,
      "process_3": 0.7232294082641602,
      "process_2": 0.7222738265991211,
      "process_1": 0.7226142883300781
    },
    "cpu_energy": {
      "process_0": 0.001327445186811019,
      "process_3": 0.0013271761168798548,
      "process_2": 0.0013184322424331187,
      "process_1": 0.0013186345826252362
    },
    "gpu_energy": {
      "process_0": 0.010551880663720148,
      "process_3": 0.010542282044928797,
      "process_2": 0.010507166461279915,
      "process_1": 0.010513098688250011
    },
    "ram_energy": {
      "process_0": 6.767920485727891e-06,
      "process_3": 7.125563478277575e-06,
      "process_2": 6.981386592567053e-06,
      "process_1": 7.039457533460578e-06
    },
    "total_energy_kwh": {
      "process_0": 0.011886093771016895,
      "process_3": 0.011876583725286929,
      "process_2": 0.011832580090305604,
      "process_1": 0.011838772728408713
    },
    "total_energy_joules": {
      "process_0": 42789.93757566082,
      "process_3": 42755.70141103295,
      "process_2": 42597.28832510018,
      "process_1": 42619.581822271364
    }
  },
  "global_experiment_results": {
    "cpu_power_avg": 112.5,
    "gpu_power_avg": 942.0841005203517,
    "ram_power_avg": 0.7118114233016968,
    "cpu_energy_total": 0.005291688128749228,
    "gpu_energy_total": 0.04211442785817887,
    "ram_energy_total": 2.79143280900331e-05,
    "total_energy_kwh": 0.04743403031501814,
    "total_energy_joules": 170762.5091340653
  },
  "global_derived_quantities": {
    "tokens_per_joule": 0.09594611887048904,
    "joules_per_token": 10.422516426639728,
    "flops_per_joule": 308256083.7024101,
    "joules_per_flop": 3.2440560069056036e-09
  },
  "per-process_emissions": [
    0.0045280074220688865,
    0.004524384570148056,
    0.00450762138540192,
    0.004509980470887299
  ]
}