{
  "process_id": 2802614,
  "local_process_index": 3,
  "energy_results": {
    "cpu_power": 112.5,
    "gpu_power": 883.5629721801255,
    "ram_power": 0.7232294082641602,
    "cpu_energy": 0.0013271761168798548,
    "gpu_energy": 0.010542282044928797,
    "ram_energy": 7.125563478277575e-06,
    "total_energy_kwh": 0.011876583725286929,
    "total_energy_joules": 42755.70141103295,
    "final_emissions": 0.004524384570148056
  }
}