{
  "process_id": 2802613,
  "local_process_index": 2,
  "energy_results": {
    "cpu_power": 112.5,
    "gpu_power": 1011.4037838701602,
    "ram_power": 0.7222738265991211,
    "cpu_energy": 0.0013184322424331187,
    "gpu_energy": 0.010507166461279915,
    "ram_energy": 6.981386592567053e-06,
    "total_energy_kwh": 0.011832580090305604,
    "total_energy_joules": 42597.28832510018,
    "final_emissions": 0.00450762138540192
  }
}