{
  "process_id": 4015817,
  "local_process_index": 0,
  "energy_results": {
    "cpu_power": 112.5,
    "gpu_power": 349.0233624174783,
    "ram_power": 0.688084602355957,
    "cpu_energy": 0.0036843635450131834,
    "gpu_energy": 0.015153721011857968,
    "ram_energy": 1.944788150440258e-05,
    "total_energy_kwh": 0.01885753243837554,
    "total_energy_joules": 67887.11677815195,
    "final_emissions": 0.007183776982399162
  }
}