{
  "process_id": 4015819,
  "local_process_index": 2,
  "energy_results": {
    "cpu_power": 112.5,
    "gpu_power": 87.43031273357346,
    "ram_power": 0.7093248367309571,
    "cpu_energy": 0.0033458627283489487,
    "gpu_energy": 0.014724723446439825,
    "ram_energy": 1.7246919710322637e-05,
    "total_energy_kwh": 0.01808783309449909,
    "total_energy_joules": 65116.199140196724,
    "final_emissions": 0.006890560017349429
  }
}