{
  "experiment_id": "0550",
  "local_process_results": {
    "cpu_power": {
      "process_0": 112.5,
      "process_1": 112.5,
      "process_2": 112.5,
      "process_3": 112.5
    },
    "gpu_power": {
      "process_0": 349.0233624174783,
      "process_1": 447.48570449663106,
      "process_2": 87.43031273357346,
      "process_3": 107.17330535678619
    },
    "ram_power": {
      "process_0": 0.688084602355957,
      "process_1": 0.7165918350219728,
      "process_2": 0.7093248367309571,
      "process_3": 0.7299742698669434
    },
    "cpu_energy": {
      "process_0": 0.0036843635450131834,
      "process_1": 0.0036624680705681376,
      "process_2": 0.0033458627283489487,
      "process_3": 0.0034382377992078516
    },
    "gpu_energy": {
      "process_0": 0.015153721011857968,
      "process_1": 0.014257907239651146,
      "process_2": 0.014724723446439825,
      "process_3": 0.014292753378638778
    },
    "ram_energy": {
      "process_0": 1.944788150440258e-05,
      "process_1": 1.835705599864783e-05,
      "process_2": 1.7246919710322637e-05,
      "process_3": 1.8007675173086286e-05
    },
    "total_energy_kwh": {
      "process_0": 0.01885753243837554,
      "process_1": 0.017938732366217947,
      "process_2": 0.01808783309449909,
      "process_3": 0.017748998853019712
    },
    "total_energy_joules": {
      "process_0": 67887.11677815195,
      "process_1": 64579.43651838461,
      "process_2": 65116.199140196724,
      "process_3": 63896.39587087096
    }
  },
  "global_experiment_results": {
    "cpu_power_avg": 112.5,
    "gpu_power_avg": 247.77817125111724,
    "ram_power_avg": 0.7109938859939575,
    "cpu_energy_total": 0.01413093214313812,
    "gpu_energy_total": 0.05842910507658772,
    "ram_energy_total": 7.305953238645933e-05,
    "total_energy_kwh": 0.07263309675211228,
    "total_energy_joules": 261479.14830760425
  },
  "global_derived_quantities": {
    "tokens_per_joule": 0.06265891603993544,
    "joules_per_token": 15.959420673071547,
    "flops_per_joule": 201310822.10402465,
    "joules_per_flop": 4.967442830685294e-09
  },
  "per-process_emissions": [
    0.007183776982399162,
    0.006833760094910727,
    0.006890560017349429,
    0.00676148111305786
  ]
}