{
  "process_id": 4015820,
  "local_process_index": 3,
  "energy_results": {
    "cpu_power": 112.5,
    "gpu_power": 107.17330535678619,
    "ram_power": 0.7299742698669434,
    "cpu_energy": 0.0034382377992078516,
    "gpu_energy": 0.014292753378638778,
    "ram_energy": 1.8007675173086286e-05,
    "total_energy_kwh": 0.017748998853019712,
    "total_energy_joules": 63896.39587087096,
    "final_emissions": 0.00676148111305786
  }
}