{
  "process_id": 4015818,
  "local_process_index": 1,
  "energy_results": {
    "cpu_power": 112.5,
    "gpu_power": 447.48570449663106,
    "ram_power": 0.7165918350219728,
    "cpu_energy": 0.0036624680705681376,
    "gpu_energy": 0.014257907239651146,
    "ram_energy": 1.835705599864783e-05,
    "total_energy_kwh": 0.017938732366217947,
    "total_energy_joules": 64579.43651838461,
    "final_emissions": 0.006833760094910727
  }
}