{
  "process_id": 3185434,
  "local_process_index": 1,
  "energy_results": {
    "cpu_power": 112.5,
    "gpu_power": 494.9057865500829,
    "ram_power": 0.7218475341796875,
    "cpu_energy": 0.001353410646563134,
    "gpu_energy": 0.01065605852484186,
    "ram_energy": 7.167497054753836e-06,
    "total_energy_kwh": 0.012016636668459748,
    "total_energy_joules": 43259.89200645509,
    "final_emissions": 0.004577737738849741
  }
}