{
  "experiment_id": "0209",
  "local_process_results": {
    "cpu_power": {
      "process_2": 112.5,
      "process_3": 112.5,
      "process_1": 112.5,
      "process_0": 112.5
    },
    "gpu_power": {
      "process_2": 1013.3757025622821,
      "process_3": 718.5757325336597,
      "process_1": 494.9057865500829,
      "process_0": 705.1500703051867
    },
    "ram_power": {
      "process_2": 0.7304263114929199,
      "process_3": 0.7148323059082031,
      "process_1": 0.7218475341796875,
      "process_0": 0.685795783996582
    },
    "cpu_energy": {
      "process_2": 0.001322781164464686,
      "process_3": 0.0013359942207462152,
      "process_1": 0.001353410646563134,
      "process_0": 0.0013422640323460652
    },
    "gpu_energy": {
      "process_2": 0.010497323675631165,
      "process_3": 0.010580877075807571,
      "process_1": 0.01065605852484186,
      "process_0": 0.01060184570369227
    },
    "ram_energy": {
      "process_2": 7.15678082425859e-06,
      "process_3": 7.045001121946499e-06,
      "process_1": 7.167497054753836e-06,
      "process_0": 6.891584254766214e-06
    },
    "total_energy_kwh": {
      "process_2": 0.01182726162092011,
      "process_3": 0.011923916297675736,
      "process_1": 0.012016636668459748,
      "process_0": 0.0119510013202931
    },
    "total_energy_joules": {
      "process_2": 42578.141835312395,
      "process_3": 42926.09867163265,
      "process_1": 43259.89200645509,
      "process_0": 43023.60475305516
    }
  },
  "global_experiment_results": {
    "cpu_power_avg": 112.5,
    "gpu_power_avg": 733.0018229878027,
    "ram_power_avg": 0.7132254838943481,
    "cpu_energy_total": 0.005354450064120101,
    "gpu_energy_total": 0.042336104979972866,
    "ram_energy_total": 2.826086325572514e-05,
    "total_energy_kwh": 0.047718815907348694,
    "total_energy_joules": 171787.7372664553
  },
  "global_derived_quantities": {
    "tokens_per_joule": 0.09537351303828644,
    "joules_per_token": 10.485091385892048,
    "flops_per_joule": 306416413.33931607,
    "joules_per_flop": 3.263532749770264e-09
  },
  "per-process_emissions": [
    0.004505595314489516,
    0.004542415913599572,
    0.004577737738849741,
    0.004552733952965657
  ]
}