{
  "process_id": 3185436,
  "local_process_index": 2,
  "energy_results": {
    "cpu_power": 112.5,
    "gpu_power": 1013.3757025622821,
    "ram_power": 0.7304263114929199,
    "cpu_energy": 0.001322781164464686,
    "gpu_energy": 0.010497323675631165,
    "ram_energy": 7.15678082425859e-06,
    "total_energy_kwh": 0.01182726162092011,
    "total_energy_joules": 42578.141835312395,
    "final_emissions": 0.004505595314489516
  }
}