{
  "process_id": 3185438,
  "local_process_index": 3,
  "energy_results": {
    "cpu_power": 112.5,
    "gpu_power": 718.5757325336597,
    "ram_power": 0.7148323059082031,
    "cpu_energy": 0.0013359942207462152,
    "gpu_energy": 0.010580877075807571,
    "ram_energy": 7.045001121946499e-06,
    "total_energy_kwh": 0.011923916297675736,
    "total_energy_joules": 42926.09867163265,
    "final_emissions": 0.004542415913599572
  }
}