{
  "process_id": 3185431,
  "local_process_index": 0,
  "energy_results": {
    "cpu_power": 112.5,
    "gpu_power": 705.1500703051867,
    "ram_power": 0.685795783996582,
    "cpu_energy": 0.0013422640323460652,
    "gpu_energy": 0.01060184570369227,
    "ram_energy": 6.891584254766214e-06,
    "total_energy_kwh": 0.0119510013202931,
    "total_energy_joules": 43023.60475305516,
    "final_emissions": 0.004552733952965657
  }
}