{
  "process_id": 3130157,
  "local_process_index": 0,
  "energy_results": {
    "cpu_power": 112.5,
    "gpu_power": 1472.1662570322133,
    "ram_power": 0.6825242042541504,
    "cpu_energy": 0.001243419885995536,
    "gpu_energy": 0.01042797056458955,
    "ram_energy": 6.432201830562643e-06,
    "total_energy_kwh": 0.011677822652415645,
    "total_energy_joules": 42040.16154869632,
    "final_emissions": 0.00444866653943774
  }
}