{
  "process_id": 3130158,
  "local_process_index": 1,
  "energy_results": {
    "cpu_power": 112.5,
    "gpu_power": 1193.380636287522,
    "ram_power": 0.7161283493041992,
    "cpu_energy": 0.0012433798116289836,
    "gpu_energy": 0.010427773064433765,
    "ram_energy": 6.603135315792604e-06,
    "total_energy_kwh": 0.011677756011378545,
    "total_energy_joules": 42039.92164096276,
    "final_emissions": 0.0044486411525346565
  }
}