{
  "experiment_id": "0175",
  "local_process_results": {
    "cpu_power": {
      "process_2": 112.5,
      "process_3": 112.5,
      "process_0": 112.5,
      "process_1": 112.5
    },
    "gpu_power": {
      "process_2": 630.224990419391,
      "process_3": 757.5207917066706,
      "process_0": 1472.1662570322133,
      "process_1": 1193.380636287522
    },
    "ram_power": {
      "process_2": 0.7242465019226074,
      "process_3": 0.7254180908203126,
      "process_0": 0.6825242042541504,
      "process_1": 0.7161283493041992
    },
    "cpu_energy": {
      "process_2": 0.001251174266883027,
      "process_3": 0.0012482837779371036,
      "process_0": 0.001243419885995536,
      "process_1": 0.0012433798116289836
    },
    "gpu_energy": {
      "process_2": 0.010456981976687985,
      "process_3": 0.01044429835543248,
      "process_0": 0.01042797056458955,
      "process_1": 0.010427773064433765
    },
    "ram_energy": {
      "process_2": 6.735359616990274e-06,
      "process_3": 6.57149881558366e-06,
      "process_0": 6.432201830562643e-06,
      "process_1": 6.603135315792604e-06
    },
    "total_energy_kwh": {
      "process_2": 0.011714891603188,
      "process_3": 0.011699153632185167,
      "process_0": 0.011677822652415645,
      "process_1": 0.011677756011378545
    },
    "total_energy_joules": {
      "process_2": 42173.6097714768,
      "process_3": 42116.9530758666,
      "process_0": 42040.16154869632,
      "process_1": 42039.92164096276
    }
  },
  "global_experiment_results": {
    "cpu_power_avg": 112.5,
    "gpu_power_avg": 1013.3231688614492,
    "ram_power_avg": 0.7120792865753174,
    "cpu_energy_total": 0.00498625774244465,
    "gpu_energy_total": 0.04175702396114378,
    "ram_energy_total": 2.6342195578929184e-05,
    "total_energy_kwh": 0.04676962389916736,
    "total_energy_joules": 168370.64603700247
  },
  "global_derived_quantities": {
    "tokens_per_joule": 0.09730912356539466,
    "joules_per_token": 10.27652868878189,
    "flops_per_joule": 312635150.7690701,
    "joules_per_flop": 3.198616654397433e-09
  },
  "per-process_emissions": [
    0.0044627879562344685,
    0.00445679257618094,
    0.00444866653943774,
    0.0044486411525346565
  ]
}