{
  "process_id": 3130160,
  "local_process_index": 3,
  "energy_results": {
    "cpu_power": 112.5,
    "gpu_power": 757.5207917066706,
    "ram_power": 0.7254180908203126,
    "cpu_energy": 0.0012482837779371036,
    "gpu_energy": 0.01044429835543248,
    "ram_energy": 6.57149881558366e-06,
    "total_energy_kwh": 0.011699153632185167,
    "total_energy_joules": 42116.9530758666,
    "final_emissions": 0.00445679257618094
  }
}