{
  "process_id": 3130159,
  "local_process_index": 2,
  "energy_results": {
    "cpu_power": 112.5,
    "gpu_power": 630.224990419391,
    "ram_power": 0.7242465019226074,
    "cpu_energy": 0.001251174266883027,
    "gpu_energy": 0.010456981976687985,
    "ram_energy": 6.735359616990274e-06,
    "total_energy_kwh": 0.011714891603188,
    "total_energy_joules": 42173.6097714768,
    "final_emissions": 0.0044627879562344685
  }
}