{
  "process_id": 4041489,
  "local_process_index": 0,
  "energy_results": {
    "cpu_power": 112.5,
    "gpu_power": 196.95162322564497,
    "ram_power": 0.6906781196594238,
    "cpu_energy": 0.0012438324821596324,
    "gpu_energy": 0.010715509683516089,
    "ram_energy": 7.440137510015358e-06,
    "total_energy_kwh": 0.011966782303185734,
    "total_energy_joules": 43080.41629146864,
    "final_emissions": 0.004558745718398606
  }
}