{
  "process_id": 4041492,
  "local_process_index": 3,
  "energy_results": {
    "cpu_power": 112.5,
    "gpu_power": 735.6093718978527,
    "ram_power": 0.7344517707824707,
    "cpu_energy": 0.0012960027633816935,
    "gpu_energy": 0.01090618011382638,
    "ram_energy": 8.12262935216359e-06,
    "total_energy_kwh": 0.012210305506560241,
    "total_energy_joules": 43957.09982361687,
    "final_emissions": 0.004651515882724124
  }
}