{
  "process_id": 4041490,
  "local_process_index": 1,
  "energy_results": {
    "cpu_power": 112.5,
    "gpu_power": 187.98299563569276,
    "ram_power": 0.7266497611999512,
    "cpu_energy": 0.0013295018602839266,
    "gpu_energy": 0.010698906892454119,
    "ram_energy": 7.81500432435159e-06,
    "total_energy_kwh": 0.012036223757062398,
    "total_energy_joules": 43330.405525424634,
    "final_emissions": 0.004585199440252921
  }
}