{
  "process_id": 4041491,
  "local_process_index": 2,
  "energy_results": {
    "cpu_power": 112.5,
    "gpu_power": 217.10863032800987,
    "ram_power": 0.7264823913574219,
    "cpu_energy": 0.0013450381259681307,
    "gpu_energy": 0.010716960240230833,
    "ram_energy": 7.568693852777979e-06,
    "total_energy_kwh": 0.01206956706005174,
    "total_energy_joules": 43450.44141618626,
    "final_emissions": 0.00459790157152671
  }
}