{
  "experiment_id": "0557",
  "local_process_results": {
    "cpu_power": {
      "process_1": 112.5,
      "process_0": 112.5,
      "process_2": 112.5,
      "process_3": 112.5
    },
    "gpu_power": {
      "process_1": 187.98299563569276,
      "process_0": 196.95162322564497,
      "process_2": 217.10863032800987,
      "process_3": 735.6093718978527
    },
    "ram_power": {
      "process_1": 0.7266497611999512,
      "process_0": 0.6906781196594238,
      "process_2": 0.7264823913574219,
      "process_3": 0.7344517707824707
    },
    "cpu_energy": {
      "process_1": 0.0013295018602839266,
      "process_0": 0.0012438324821596324,
      "process_2": 0.0013450381259681307,
      "process_3": 0.0012960027633816935
    },
    "gpu_energy": {
      "process_1": 0.010698906892454119,
      "process_0": 0.010715509683516089,
      "process_2": 0.010716960240230833,
      "process_3": 0.01090618011382638
    },
    "ram_energy": {
      "process_1": 7.81500432435159e-06,
      "process_0": 7.440137510015358e-06,
      "process_2": 7.568693852777979e-06,
      "process_3": 8.12262935216359e-06
    },
    "total_energy_kwh": {
      "process_1": 0.012036223757062398,
      "process_0": 0.011966782303185734,
      "process_2": 0.01206956706005174,
      "process_3": 0.012210305506560241
    },
    "total_energy_joules": {
      "process_1": 43330.405525424634,
      "process_0": 43080.41629146864,
      "process_2": 43450.44141618626,
      "process_3": 43957.09982361687
    }
  },
  "global_experiment_results": {
    "cpu_power_avg": 112.5,
    "gpu_power_avg": 334.41315527180006,
    "ram_power_avg": 0.7195655107498169,
    "cpu_energy_total": 0.005214375231793383,
    "gpu_energy_total": 0.04303755693002742,
    "ram_energy_total": 3.094646503930852e-05,
    "total_energy_kwh": 0.048282878626860114,
    "total_energy_joules": 173818.36305669637
  },
  "global_derived_quantities": {
    "tokens_per_joule": 0.09425931594267654,
    "joules_per_token": 10.60903094828469,
    "flops_per_joule": 302836716.3467893,
    "joules_per_flop": 3.302109506612348e-09
  },
  "per-process_emissions": [
    0.004585199440252921,
    0.004558745718398606,
    0.00459790157152671,
    0.004651515882724124
  ]
}