{
  "process_id": 3007691,
  "local_process_index": 1,
  "energy_results": {
    "cpu_power": 112.5,
    "gpu_power": 973.8660444819977,
    "ram_power": 0.7307467460632324,
    "cpu_energy": 0.0011927969210919398,
    "gpu_energy": 0.010255571815561915,
    "ram_energy": 6.610256241692747e-06,
    "total_energy_kwh": 0.011454978992895548,
    "total_energy_joules": 41237.92437442397,
    "final_emissions": 0.004363774247343559
  }
}