{
  "experiment_id": "0104",
  "local_process_results": {
    "cpu_power": {
      "process_1": 112.5,
      "process_2": 112.5,
      "process_0": 112.5,
      "process_3": 112.5
    },
    "gpu_power": {
      "process_1": 973.8660444819977,
      "process_2": 873.2537960949358,
      "process_0": 909.1486160755061,
      "process_3": 1024.3294430108438
    },
    "ram_power": {
      "process_1": 0.7307467460632324,
      "process_2": 0.7295479774475098,
      "process_0": 0.6871461868286133,
      "process_3": 0.7305335998535156
    },
    "cpu_energy": {
      "process_1": 0.0011927969210919398,
      "process_2": 0.0011965628648995335,
      "process_0": 0.0011926898566471211,
      "process_3": 0.0011919605578168556
    },
    "gpu_energy": {
      "process_1": 0.010255571815561915,
      "process_2": 0.010262331543192893,
      "process_0": 0.010261392097996591,
      "process_3": 0.010235255132641896
    },
    "ram_energy": {
      "process_1": 6.610256241692747e-06,
      "process_2": 6.658160199319912e-06,
      "process_0": 6.1772410001811935e-06,
      "process_3": 6.643173616175193e-06
    },
    "total_energy_kwh": {
      "process_1": 0.011454978992895548,
      "process_2": 0.011465552568291749,
      "process_0": 0.011460259195643896,
      "process_3": 0.011433858864074928
    },
    "total_energy_joules": {
      "process_1": 41237.92437442397,
      "process_2": 41275.989245850295,
      "process_0": 41256.93310431802,
      "process_3": 41161.89191066974
    }
  },
  "global_experiment_results": {
    "cpu_power_avg": 112.5,
    "gpu_power_avg": 945.1494749158207,
    "ram_power_avg": 0.7194936275482178,
    "cpu_energy_total": 0.0047740102004554495,
    "gpu_energy_total": 0.041014550589393295,
    "ram_energy_total": 2.6088831057369045e-05,
    "total_energy_kwh": 0.045814649620906124,
    "total_energy_joules": 164932.73863526204
  },
  "global_derived_quantities": {
    "tokens_per_joule": 0.09933746408123462,
    "joules_per_token": 10.06669547334363,
    "flops_per_joule": 319151811.48644346,
    "joules_per_flop": 3.1333051043718633e-09
  },
  "per-process_emissions": [
    0.004363774247343559,
    0.004367802250890742,
    0.004365785740580542,
    0.004355728534269344
  ]
}