{
  "process_id": 3007690,
  "local_process_index": 0,
  "energy_results": {
    "cpu_power": 112.5,
    "gpu_power": 909.1486160755061,
    "ram_power": 0.6871461868286133,
    "cpu_energy": 0.0011926898566471211,
    "gpu_energy": 0.010261392097996591,
    "ram_energy": 6.1772410001811935e-06,
    "total_energy_kwh": 0.011460259195643896,
    "total_energy_joules": 41256.93310431802,
    "final_emissions": 0.004365785740580542
  }
}