{
  "process_id": 3007692,
  "local_process_index": 2,
  "energy_results": {
    "cpu_power": 112.5,
    "gpu_power": 873.2537960949358,
    "ram_power": 0.7295479774475098,
    "cpu_energy": 0.0011965628648995335,
    "gpu_energy": 0.010262331543192893,
    "ram_energy": 6.658160199319912e-06,
    "total_energy_kwh": 0.011465552568291749,
    "total_energy_joules": 41275.989245850295,
    "final_emissions": 0.004367802250890742
  }
}