{
  "process_id": 3007693,
  "local_process_index": 3,
  "energy_results": {
    "cpu_power": 112.5,
    "gpu_power": 1024.3294430108438,
    "ram_power": 0.7305335998535156,
    "cpu_energy": 0.0011919605578168556,
    "gpu_energy": 0.010235255132641896,
    "ram_energy": 6.643173616175193e-06,
    "total_energy_kwh": 0.011433858864074928,
    "total_energy_joules": 41161.89191066974,
    "final_emissions": 0.004355728534269344
  }
}