{
  "process_id": 3897384,
  "local_process_index": 3,
  "energy_results": {
    "cpu_power": 112.5,
    "gpu_power": 874.194677203442,
    "ram_power": 0.7229018211364746,
    "cpu_energy": 0.0013642156383448314,
    "gpu_energy": 0.01059449208669605,
    "ram_energy": 8.064114959506525e-06,
    "total_energy_kwh": 0.011966771840000391,
    "total_energy_joules": 43080.37862400141,
    "final_emissions": 0.004558741732448149
  }
}