{
  "process_id": 3897381,
  "local_process_index": 0,
  "energy_results": {
    "cpu_power": 112.5,
    "gpu_power": 1534.4864999744043,
    "ram_power": 0.6862950325012207,
    "cpu_energy": 0.0013352318490087779,
    "gpu_energy": 0.010604090983264314,
    "ram_energy": 7.471281218972714e-06,
    "total_energy_kwh": 0.011946794113492068,
    "total_energy_joules": 43008.45880857145,
    "final_emissions": 0.0045511312175348035
  }
}