{
  "process_id": 3897383,
  "local_process_index": 2,
  "energy_results": {
    "cpu_power": 112.5,
    "gpu_power": 1357.4466818372541,
    "ram_power": 0.7300701141357422,
    "cpu_energy": 0.0013522901206160895,
    "gpu_energy": 0.010604090983264314,
    "ram_energy": 8.059633591346972e-06,
    "total_energy_kwh": 0.011964440737471754,
    "total_energy_joules": 43071.98665489831,
    "final_emissions": 0.004557853698939865
  }
}