{
  "process_id": 3897382,
  "local_process_index": 1,
  "energy_results": {
    "cpu_power": 112.5,
    "gpu_power": 1129.088366331359,
    "ram_power": 0.7232880592346191,
    "cpu_energy": 0.0013318943683134422,
    "gpu_energy": 0.010603393204929645,
    "ram_energy": 7.862778621580551e-06,
    "total_energy_kwh": 0.011943150351864674,
    "total_energy_joules": 42995.34126671283,
    "final_emissions": 0.004549743126542848
  }
}