{
  "experiment_id": "0500",
  "local_process_results": {
    "cpu_power": {
      "process_3": 112.5,
      "process_0": 112.5,
      "process_2": 112.5,
      "process_1": 112.5
    },
    "gpu_power": {
      "process_3": 874.194677203442,
      "process_0": 1534.4864999744043,
      "process_2": 1357.4466818372541,
      "process_1": 1129.088366331359
    },
    "ram_power": {
      "process_3": 0.7229018211364746,
      "process_0": 0.6862950325012207,
      "process_2": 0.7300701141357422,
      "process_1": 0.7232880592346191
    },
    "cpu_energy": {
      "process_3": 0.0013642156383448314,
      "process_0": 0.0013352318490087779,
      "process_2": 0.0013522901206160895,
      "process_1": 0.0013318943683134422
    },
    "gpu_energy": {
      "process_3": 0.01059449208669605,
      "process_0": 0.010604090983264314,
      "process_2": 0.010604090983264314,
      "process_1": 0.010603393204929645
    },
    "ram_energy": {
      "process_3": 8.064114959506525e-06,
      "process_0": 7.471281218972714e-06,
      "process_2": 8.059633591346972e-06,
      "process_1": 7.862778621580551e-06
    },
    "total_energy_kwh": {
      "process_3": 0.011966771840000391,
      "process_0": 0.011946794113492068,
      "process_2": 0.011964440737471754,
      "process_1": 0.011943150351864674
    },
    "total_energy_joules": {
      "process_3": 43080.37862400141,
      "process_0": 43008.45880857145,
      "process_2": 43071.98665489831,
      "process_1": 42995.34126671283
    }
  },
  "global_experiment_results": {
    "cpu_power_avg": 112.5,
    "gpu_power_avg": 1223.8040563366148,
    "ram_power_avg": 0.7156387567520142,
    "cpu_energy_total": 0.005383631976283141,
    "gpu_energy_total": 0.04240606725815432,
    "ram_energy_total": 3.145780839140676e-05,
    "total_energy_kwh": 0.04782115704282889,
    "total_energy_joules": 172156.165354184
  },
  "global_derived_quantities": {
    "tokens_per_joule": 0.09516940602326103,
    "joules_per_token": 10.507578451793457,
    "flops_per_joule": 305760657.4854201,
    "joules_per_flop": 3.2705319520961717e-09
  },
  "per-process_emissions": [
    0.004558741732448149,
    0.0045511312175348035,
    0.004557853698939865,
    0.004549743126542848
  ]
}