{
  "process_id": 3043730,
  "local_process_index": 1,
  "energy_results": {
    "cpu_power": 112.5,
    "gpu_power": 1020.3962314887584,
    "ram_power": 0.731931209564209,
    "cpu_energy": 0.001222003191658587,
    "gpu_energy": 0.010338630493118117,
    "ram_energy": 6.683227013057852e-06,
    "total_energy_kwh": 0.011567316911789768,
    "total_energy_joules": 41642.34088244317,
    "final_emissions": 0.004406569377546312
  }
}