{
  "experiment_id": "0126",
  "local_process_results": {
    "cpu_power": {
      "process_1": 112.5,
      "process_3": 112.5,
      "process_2": 112.5,
      "process_0": 112.5
    },
    "gpu_power": {
      "process_1": 1020.3962314887584,
      "process_3": 921.810732844739,
      "process_2": 874.601860035326,
      "process_0": 1021.1448057608483
    },
    "ram_power": {
      "process_1": 0.731931209564209,
      "process_3": 0.7177820205688477,
      "process_2": 0.7241435050964357,
      "process_0": 0.6882705688476564
    },
    "cpu_energy": {
      "process_1": 0.001222003191658587,
      "process_3": 0.0012261915976541783,
      "process_2": 0.0012232449125713174,
      "process_0": 0.001222251859939206
    },
    "gpu_energy": {
      "process_1": 0.010338630493118117,
      "process_3": 0.010370036351579515,
      "process_2": 0.010365695236995265,
      "process_0": 0.010359073009474251
    },
    "ram_energy": {
      "process_1": 6.683227013057852e-06,
      "process_3": 6.471784070096121e-06,
      "process_2": 6.495715048347496e-06,
      "process_0": 6.2423985542415545e-06
    },
    "total_energy_kwh": {
      "process_1": 0.011567316911789768,
      "process_3": 0.01160269973330379,
      "process_2": 0.011595435864614924,
      "process_0": 0.0115875672679677
    },
    "total_energy_joules": {
      "process_1": 41642.34088244317,
      "process_3": 41769.719039893644,
      "process_2": 41743.569112613724,
      "process_0": 41715.24216468372
    }
  },
  "global_experiment_results": {
    "cpu_power_avg": 112.5,
    "gpu_power_avg": 959.4884075324179,
    "ram_power_avg": 0.7155318260192871,
    "cpu_energy_total": 0.004893691561823288,
    "gpu_energy_total": 0.04143343509116715,
    "ram_energy_total": 2.5893124685743024e-05,
    "total_energy_kwh": 0.04635301977767618,
    "total_energy_joules": 166870.87119963425
  },
  "global_derived_quantities": {
    "tokens_per_joule": 0.09818370265712324,
    "joules_per_token": 10.184989697243301,
    "flops_per_joule": 315445002.05725163,
    "joules_per_flop": 3.1701247237339493e-09
  },
  "per-process_emissions": [
    0.004406569377546312,
    0.004420048463402079,
    0.004417281292625056,
    0.0044142837507322955
  ]
}