{
  "process_id": 3043731,
  "local_process_index": 2,
  "energy_results": {
    "cpu_power": 112.5,
    "gpu_power": 874.601860035326,
    "ram_power": 0.7241435050964357,
    "cpu_energy": 0.0012232449125713174,
    "gpu_energy": 0.010365695236995265,
    "ram_energy": 6.495715048347496e-06,
    "total_energy_kwh": 0.011595435864614924,
    "total_energy_joules": 41743.569112613724,
    "final_emissions": 0.004417281292625056
  }
}