{
  "process_id": 3043729,
  "local_process_index": 0,
  "energy_results": {
    "cpu_power": 112.5,
    "gpu_power": 1021.1448057608483,
    "ram_power": 0.6882705688476564,
    "cpu_energy": 0.001222251859939206,
    "gpu_energy": 0.010359073009474251,
    "ram_energy": 6.2423985542415545e-06,
    "total_energy_kwh": 0.0115875672679677,
    "total_energy_joules": 41715.24216468372,
    "final_emissions": 0.0044142837507322955
  }
}