{
  "process_id": 3043732,
  "local_process_index": 3,
  "energy_results": {
    "cpu_power": 112.5,
    "gpu_power": 921.810732844739,
    "ram_power": 0.7177820205688477,
    "cpu_energy": 0.0012261915976541783,
    "gpu_energy": 0.010370036351579515,
    "ram_energy": 6.471784070096121e-06,
    "total_energy_kwh": 0.01160269973330379,
    "total_energy_joules": 41769.719039893644,
    "final_emissions": 0.004420048463402079
  }
}