{
  "process_id": 3615744,
  "local_process_index": 2,
  "energy_results": {
    "cpu_power": 112.5,
    "gpu_power": 1021.6682962965682,
    "ram_power": 0.7290916442871094,
    "cpu_energy": 0.0013832316332754997,
    "gpu_energy": 0.01049297144992778,
    "ram_energy": 7.78777245668734e-06,
    "total_energy_kwh": 0.011883990855659967,
    "total_energy_joules": 42782.36708037588,
    "final_emissions": 0.004527206316463665
  }
}