{
  "experiment_id": "0458",
  "local_process_results": {
    "cpu_power": {
      "process_3": 112.5,
      "process_2": 112.5,
      "process_0": 112.5,
      "process_1": 112.5
    },
    "gpu_power": {
      "process_3": 511.4543930883864,
      "process_2": 1021.6682962965682,
      "process_0": 1206.1193920641083,
      "process_1": 1202.25728630294
    },
    "ram_power": {
      "process_3": 0.7061676979064941,
      "process_2": 0.7290916442871094,
      "process_0": 0.6876082420349121,
      "process_1": 0.7313346862792969
    },
    "cpu_energy": {
      "process_3": 0.0013935603725549301,
      "process_2": 0.0013832316332754997,
      "process_0": 0.0013881634193730862,
      "process_1": 0.0013874537503415925
    },
    "gpu_energy": {
      "process_3": 0.010545978158997826,
      "process_2": 0.01049297144992778,
      "process_0": 0.010529732312669182,
      "process_1": 0.010529732312669182
    },
    "ram_energy": {
      "process_3": 7.588739156062417e-06,
      "process_2": 7.78777245668734e-06,
      "process_0": 7.538749336662546e-06,
      "process_1": 7.991977665419144e-06
    },
    "total_energy_kwh": {
      "process_3": 0.01194712727070882,
      "process_2": 0.011883990855659967,
      "process_0": 0.011925434481378928,
      "process_1": 0.011925178040676195
    },
    "total_energy_joules": {
      "process_3": 43009.658174551754,
      "process_2": 42782.36708037588,
      "process_0": 42931.564132964144,
      "process_1": 42930.6409464343
    }
  },
  "global_experiment_results": {
    "cpu_power_avg": 112.5,
    "gpu_power_avg": 985.3748419380007,
    "ram_power_avg": 0.7135505676269531,
    "cpu_energy_total": 0.005552409175545109,
    "gpu_energy_total": 0.04209841423426397,
    "ram_energy_total": 3.090723861483145e-05,
    "total_energy_kwh": 0.04768173064842391,
    "total_energy_joules": 171654.2303343261
  },
  "global_derived_quantities": {
    "tokens_per_joule": 0.09544769137404505,
    "joules_per_token": 10.476942769429083,
    "flops_per_joule": 306654733.8002758,
    "joules_per_flop": 3.2609964555489297e-09
  },
  "per-process_emissions": [
    0.004551258133776525,
    0.004527206316463665,
    0.004542994265681303,
    0.004542896574595596
  ]
}