{
  "process_id": 3615743,
  "local_process_index": 1,
  "energy_results": {
    "cpu_power": 112.5,
    "gpu_power": 1202.25728630294,
    "ram_power": 0.7313346862792969,
    "cpu_energy": 0.0013874537503415925,
    "gpu_energy": 0.010529732312669182,
    "ram_energy": 7.991977665419144e-06,
    "total_energy_kwh": 0.011925178040676195,
    "total_energy_joules": 42930.6409464343,
    "final_emissions": 0.004542896574595596
  }
}