{
  "process_id": 3615745,
  "local_process_index": 3,
  "energy_results": {
    "cpu_power": 112.5,
    "gpu_power": 511.4543930883864,
    "ram_power": 0.7061676979064941,
    "cpu_energy": 0.0013935603725549301,
    "gpu_energy": 0.010545978158997826,
    "ram_energy": 7.588739156062417e-06,
    "total_energy_kwh": 0.01194712727070882,
    "total_energy_joules": 43009.658174551754,
    "final_emissions": 0.004551258133776525
  }
}