{
  "process_id": 3615742,
  "local_process_index": 0,
  "energy_results": {
    "cpu_power": 112.5,
    "gpu_power": 1206.1193920641083,
    "ram_power": 0.6876082420349121,
    "cpu_energy": 0.0013881634193730862,
    "gpu_energy": 0.010529732312669182,
    "ram_energy": 7.538749336662546e-06,
    "total_energy_kwh": 0.011925434481378928,
    "total_energy_joules": 42931.564132964144,
    "final_emissions": 0.004542994265681303
  }
}