{
  "process_id": 3081052,
  "local_process_index": 0,
  "energy_results": {
    "cpu_power": 112.5,
    "gpu_power": 905.8003358423512,
    "ram_power": 0.6887855529785156,
    "cpu_energy": 0.0012247884544685803,
    "gpu_energy": 0.010368079683345854,
    "ram_energy": 6.21673154773909e-06,
    "total_energy_kwh": 0.011599084869362173,
    "total_energy_joules": 41756.705529703824,
    "final_emissions": 0.00441867138098352
  }
}