{
  "experiment_id": "0149",
  "local_process_results": {
    "cpu_power": {
      "process_0": 112.5,
      "process_2": 112.5,
      "process_3": 112.5,
      "process_1": 112.5
    },
    "gpu_power": {
      "process_0": 905.8003358423512,
      "process_2": 997.937729604953,
      "process_3": 725.2350397305268,
      "process_1": 946.6915105068848
    },
    "ram_power": {
      "process_0": 0.6887855529785156,
      "process_2": 0.7243423461914062,
      "process_3": 0.7313861846923828,
      "process_1": 0.7173728942871094
    },
    "cpu_energy": {
      "process_0": 0.0012247884544685803,
      "process_2": 0.0012154341519708394,
      "process_3": 0.0012288698554348233,
      "process_1": 0.001218664013938906
    },
    "gpu_energy": {
      "process_0": 0.010368079683345854,
      "process_2": 0.010316268530786488,
      "process_3": 0.010384534140952084,
      "process_1": 0.010352653282116542
    },
    "ram_energy": {
      "process_0": 6.21673154773909e-06,
      "process_2": 6.5607917573107065e-06,
      "process_3": 6.6707186324445536e-06,
      "process_1": 6.548989742358866e-06
    },
    "total_energy_kwh": {
      "process_0": 0.011599084869362173,
      "process_2": 0.011538263474514634,
      "process_3": 0.011620074715019356,
      "process_1": 0.011577866285797806
    },
    "total_energy_joules": {
      "process_0": 41756.705529703824,
      "process_2": 41537.748508252684,
      "process_3": 41832.26897406968,
      "process_1": 41680.318628872104
    }
  },
  "global_experiment_results": {
    "cpu_power_avg": 112.5,
    "gpu_power_avg": 893.9161539211789,
    "ram_power_avg": 0.7154717445373535,
    "cpu_energy_total": 0.004887756475813149,
    "gpu_energy_total": 0.04142153563720097,
    "ram_energy_total": 2.5997231679853215e-05,
    "total_energy_kwh": 0.04633528934469397,
    "total_energy_joules": 166807.0416408983
  },
  "global_derived_quantities": {
    "tokens_per_joule": 0.09822127314787721,
    "joules_per_token": 10.181093850152484,
    "flops_per_joule": 315565708.68383473,
    "joules_per_flop": 3.1689121234712485e-09
  },
  "per-process_emissions": [
    0.00441867138098352,
    0.00439550147061635,
    0.004426667462686624,
    0.004410588161574675
  ]
}