{
  "process_id": 3081054,
  "local_process_index": 2,
  "energy_results": {
    "cpu_power": 112.5,
    "gpu_power": 997.937729604953,
    "ram_power": 0.7243423461914062,
    "cpu_energy": 0.0012154341519708394,
    "gpu_energy": 0.010316268530786488,
    "ram_energy": 6.5607917573107065e-06,
    "total_energy_kwh": 0.011538263474514634,
    "total_energy_joules": 41537.748508252684,
    "final_emissions": 0.00439550147061635
  }
}