{
  "process_id": 3081053,
  "local_process_index": 1,
  "energy_results": {
    "cpu_power": 112.5,
    "gpu_power": 946.6915105068848,
    "ram_power": 0.7173728942871094,
    "cpu_energy": 0.001218664013938906,
    "gpu_energy": 0.010352653282116542,
    "ram_energy": 6.548989742358866e-06,
    "total_energy_kwh": 0.011577866285797806,
    "total_energy_joules": 41680.318628872104,
    "final_emissions": 0.004410588161574675
  }
}