{
  "process_id": 3081055,
  "local_process_index": 3,
  "energy_results": {
    "cpu_power": 112.5,
    "gpu_power": 725.2350397305268,
    "ram_power": 0.7313861846923828,
    "cpu_energy": 0.0012288698554348233,
    "gpu_energy": 0.010384534140952084,
    "ram_energy": 6.6707186324445536e-06,
    "total_energy_kwh": 0.011620074715019356,
    "total_energy_joules": 41832.26897406968,
    "final_emissions": 0.004426667462686624
  }
}