{
  "process_id": 2785404,
  "local_process_index": 2,
  "energy_results": {
    "cpu_power": 112.5,
    "gpu_power": 521.2061593350626,
    "ram_power": 0.7229218482971191,
    "cpu_energy": 0.0014788916272154892,
    "gpu_energy": 0.010750064988935826,
    "ram_energy": 8.038757661592921e-06,
    "total_energy_kwh": 0.012236995373812906,
    "total_energy_joules": 44053.183345726466,
    "final_emissions": 0.004661683387654027
  }
}