{
  "process_id": 2785405,
  "local_process_index": 3,
  "energy_results": {
    "cpu_power": 112.5,
    "gpu_power": 648.9201126674164,
    "ram_power": 0.7304677963256836,
    "cpu_energy": 0.0014598066146245404,
    "gpu_energy": 0.01070073133835514,
    "ram_energy": 8.085182053058202e-06,
    "total_energy_kwh": 0.012168623135032738,
    "total_energy_joules": 43807.043286117856,
    "final_emissions": 0.004635636983290722
  }
}