{
  "process_id": 2785402,
  "local_process_index": 0,
  "energy_results": {
    "cpu_power": 112.5,
    "gpu_power": 786.4514242770175,
    "ram_power": 0.6857328414916992,
    "cpu_energy": 0.0014384479816671955,
    "gpu_energy": 0.010533853704854934,
    "ram_energy": 7.387433207147265e-06,
    "total_energy_kwh": 0.01197968911972928,
    "total_energy_joules": 43126.88083102541,
    "final_emissions": 0.0045636625701608695
  }
}