{
  "experiment_id": "0035",
  "local_process_results": {
    "cpu_power": {
      "process_0": 112.5,
      "process_1": 112.5,
      "process_2": 112.5,
      "process_3": 112.5
    },
    "gpu_power": {
      "process_0": 786.4514242770175,
      "process_1": 991.4398274620063,
      "process_2": 521.2061593350626,
      "process_3": 648.9201126674164
    },
    "ram_power": {
      "process_0": 0.6857328414916992,
      "process_1": 0.7230448722839355,
      "process_2": 0.7229218482971191,
      "process_3": 0.7304677963256836
    },
    "cpu_energy": {
      "process_0": 0.0014384479816671955,
      "process_1": 0.0014200999644672263,
      "process_2": 0.0014788916272154892,
      "process_3": 0.0014598066146245404
    },
    "gpu_energy": {
      "process_0": 0.010533853704854934,
      "process_1": 0.010413797219920973,
      "process_2": 0.010750064988935826,
      "process_3": 0.01070073133835514
    },
    "ram_energy": {
      "process_0": 7.387433207147265e-06,
      "process_1": 7.71066745446569e-06,
      "process_2": 8.038757661592921e-06,
      "process_3": 8.085182053058202e-06
    },
    "total_energy_kwh": {
      "process_0": 0.01197968911972928,
      "process_1": 0.011841607851842663,
      "process_2": 0.012236995373812906,
      "process_3": 0.012168623135032738
    },
    "total_energy_joules": {
      "process_0": 43126.88083102541,
      "process_1": 42629.788266633586,
      "process_2": 44053.183345726466,
      "process_3": 43807.043286117856
    }
  },
  "global_experiment_results": {
    "cpu_power_avg": 112.5,
    "gpu_power_avg": 737.0043809353757,
    "ram_power_avg": 0.7155418395996094,
    "cpu_energy_total": 0.005797246187974452,
    "gpu_energy_total": 0.04239844725206687,
    "ram_energy_total": 3.122204037626408e-05,
    "total_energy_kwh": 0.04822691548041759,
    "total_energy_joules": 173616.8957295033
  },
  "global_derived_quantities": {
    "tokens_per_joule": 0.09436869569149779,
    "joules_per_token": 10.596734358490192,
    "flops_per_joule": 303188132.05182165,
    "joules_per_flop": 3.2982821366803285e-09
  },
  "per-process_emissions": [
    0.0045636625701608695,
    0.004511060511159463,
    0.004661683387654027,
    0.004635636983290722
  ]
}