{
  "process_id": 2785403,
  "local_process_index": 1,
  "energy_results": {
    "cpu_power": 112.5,
    "gpu_power": 991.4398274620063,
    "ram_power": 0.7230448722839355,
    "cpu_energy": 0.0014200999644672263,
    "gpu_energy": 0.010413797219920973,
    "ram_energy": 7.71066745446569e-06,
    "total_energy_kwh": 0.011841607851842663,
    "total_energy_joules": 42629.788266633586,
    "final_emissions": 0.004511060511159463
  }
}