{
  "process_id": 3082681,
  "local_process_index": 1,
  "energy_results": {
    "cpu_power": 112.5,
    "gpu_power": 930.2743470196014,
    "ram_power": 0.7340269088745117,
    "cpu_energy": 0.0012611015499387577,
    "gpu_energy": 0.010573573458851016,
    "ram_energy": 6.715543470519364e-06,
    "total_energy_kwh": 0.011841390552260292,
    "total_energy_joules": 42629.00598813705,
    "final_emissions": 0.004510977730883558
  }
}