{
  "process_id": 3082683,
  "local_process_index": 3,
  "energy_results": {
    "cpu_power": 112.5,
    "gpu_power": 876.0591673571807,
    "ram_power": 0.7259101867675781,
    "cpu_energy": 0.0012648226776545922,
    "gpu_energy": 0.010588630137563726,
    "ram_energy": 6.791482181307294e-06,
    "total_energy_kwh": 0.011860244297399632,
    "total_energy_joules": 42696.879470638676,
    "final_emissions": 0.00451816006509439
  }
}