{
  "experiment_id": "0150",
  "local_process_results": {
    "cpu_power": {
      "process_3": 112.5,
      "process_0": 112.5,
      "process_1": 112.5,
      "process_2": 112.5
    },
    "gpu_power": {
      "process_3": 876.0591673571807,
      "process_0": 923.8950495420087,
      "process_1": 930.2743470196014,
      "process_2": 977.1548763508969
    },
    "ram_power": {
      "process_3": 0.7259101867675781,
      "process_0": 0.6906981468200684,
      "process_1": 0.7340269088745117,
      "process_2": 0.7259645462036133
    },
    "cpu_energy": {
      "process_3": 0.0012648226776545922,
      "process_0": 0.0012616588501878144,
      "process_1": 0.0012611015499387577,
      "process_2": 0.0012583991201936446
    },
    "gpu_energy": {
      "process_3": 0.010588630137563726,
      "process_0": 0.010574512626269517,
      "process_1": 0.010573573458851016,
      "process_2": 0.010551774552523874
    },
    "ram_energy": {
      "process_3": 6.791482181307294e-06,
      "process_0": 6.369244933960376e-06,
      "process_1": 6.715543470519364e-06,
      "process_2": 6.690544515882164e-06
    },
    "total_energy_kwh": {
      "process_3": 0.011860244297399632,
      "process_0": 0.011842540721391289,
      "process_1": 0.011841390552260292,
      "process_2": 0.011816864217233398
    },
    "total_energy_joules": {
      "process_3": 42696.879470638676,
      "process_0": 42633.14659700864,
      "process_1": 42629.00598813705,
      "process_2": 42540.711182040235
    }
  },
  "global_experiment_results": {
    "cpu_power_avg": 112.5,
    "gpu_power_avg": 926.8458600674219,
    "ram_power_avg": 0.7191499471664429,
    "cpu_energy_total": 0.0050459821979748085,
    "gpu_energy_total": 0.04228849077520813,
    "ram_energy_total": 2.6566815101669197e-05,
    "total_energy_kwh": 0.04736103978828461,
    "total_energy_joules": 170499.7432378246
  },
  "global_derived_quantities": {
    "tokens_per_joule": 0.09609398635367145,
    "joules_per_token": 10.406478469105505,
    "flops_per_joule": 308731152.9580437,
    "joules_per_flop": 3.23906411911693e-09
  },
  "per-process_emissions": [
    0.00451816006509439,
    0.004511415887814012,
    0.004510977730883558,
    0.0045016344235550634
  ]
}