{
  "process_id": 3082682,
  "local_process_index": 2,
  "energy_results": {
    "cpu_power": 112.5,
    "gpu_power": 977.1548763508969,
    "ram_power": 0.7259645462036133,
    "cpu_energy": 0.0012583991201936446,
    "gpu_energy": 0.010551774552523874,
    "ram_energy": 6.690544515882164e-06,
    "total_energy_kwh": 0.011816864217233398,
    "total_energy_joules": 42540.711182040235,
    "final_emissions": 0.0045016344235550634
  }
}