{
  "process_id": 3082680,
  "local_process_index": 0,
  "energy_results": {
    "cpu_power": 112.5,
    "gpu_power": 923.8950495420087,
    "ram_power": 0.6906981468200684,
    "cpu_energy": 0.0012616588501878144,
    "gpu_energy": 0.010574512626269517,
    "ram_energy": 6.369244933960376e-06,
    "total_energy_kwh": 0.011842540721391289,
    "total_energy_joules": 42633.14659700864,
    "final_emissions": 0.004511415887814012
  }
}