{
  "experiment_id": "0576",
  "local_process_results": {
    "cpu_power": {
      "process_3": 112.5,
      "process_2": 112.5,
      "process_0": 112.5,
      "process_1": 112.5
    },
    "gpu_power": {
      "process_3": 2299.044437630545,
      "process_2": 44646.613398135785,
      "process_0": 2595.879293727357,
      "process_1": 2301.9933935977897
    },
    "ram_power": {
      "process_3": 0.7093219757080078,
      "process_2": 0.7317667007446289,
      "process_0": 0.6811237335205078,
      "process_1": 0.708977222442627
    },
    "cpu_energy": {
      "process_3": 0.0010535885519111618,
      "process_2": 0.0010490331369710473,
      "process_0": 0.0010571919316917045,
      "process_1": 0.0010644901676641896
    },
    "gpu_energy": {
      "process_3": 0.010267955992135924,
      "process_2": 0.010224130957075417,
      "process_0": 0.010267955992135924,
      "process_1": 0.010267955992135924
    },
    "ram_energy": {
      "process_3": 6.675111519004771e-06,
      "process_2": 7.178196495962145e-06,
      "process_0": 6.37993134666547e-06,
      "process_1": 6.700610233141542e-06
    },
    "total_energy_kwh": {
      "process_3": 0.01132821965556609,
      "process_2": 0.01128034229054243,
      "process_0": 0.011331527855174293,
      "process_1": 0.01133914677003326
    },
    "total_energy_joules": {
      "process_3": 40781.59076003792,
      "process_2": 40609.23224595274,
      "process_0": 40793.500278627456,
      "process_1": 40820.928372119735
    }
  },
  "global_experiment_results": {
    "cpu_power_avg": 112.5,
    "gpu_power_avg": 12960.882630772869,
    "ram_power_avg": 0.7077974081039429,
    "cpu_energy_total": 0.004224303788238103,
    "gpu_energy_total": 0.04102799893348319,
    "ram_energy_total": 2.693384959477393e-05,
    "total_energy_kwh": 0.04527923657131607,
    "total_energy_joules": 163005.25165673785
  },
  "global_derived_quantities": {
    "tokens_per_joule": 0.10051209904882083,
    "joules_per_token": 9.949051004439566,
    "flops_per_joule": 322925683.52160925,
    "joules_per_flop": 3.0966877242301567e-09
  },
  "per-process_emissions": [
    0.004315485277787902,
    0.0042972463955821385,
    0.0043167455364286475,
    0.004319647962044171
  ]
}