{
  "process_id": 4075908,
  "local_process_index": 2,
  "energy_results": {
    "cpu_power": 112.5,
    "gpu_power": 44646.613398135785,
    "ram_power": 0.7317667007446289,
    "cpu_energy": 0.0010490331369710473,
    "gpu_energy": 0.010224130957075417,
    "ram_energy": 7.178196495962145e-06,
    "total_energy_kwh": 0.01128034229054243,
    "total_energy_joules": 40609.23224595274,
    "final_emissions": 0.0042972463955821385
  }
}