{
  "process_id": 4075909,
  "local_process_index": 3,
  "energy_results": {
    "cpu_power": 112.5,
    "gpu_power": 2299.044437630545,
    "ram_power": 0.7093219757080078,
    "cpu_energy": 0.0010535885519111618,
    "gpu_energy": 0.010267955992135924,
    "ram_energy": 6.675111519004771e-06,
    "total_energy_kwh": 0.01132821965556609,
    "total_energy_joules": 40781.59076003792,
    "final_emissions": 0.004315485277787902
  }
}