{
  "process_id": 4075906,
  "local_process_index": 0,
  "energy_results": {
    "cpu_power": 112.5,
    "gpu_power": 2595.879293727357,
    "ram_power": 0.6811237335205078,
    "cpu_energy": 0.0010571919316917045,
    "gpu_energy": 0.010267955992135924,
    "ram_energy": 6.37993134666547e-06,
    "total_energy_kwh": 0.011331527855174293,
    "total_energy_joules": 40793.500278627456,
    "final_emissions": 0.0043167455364286475
  }
}