{
  "process_id": 4075907,
  "local_process_index": 1,
  "energy_results": {
    "cpu_power": 112.5,
    "gpu_power": 2301.9933935977897,
    "ram_power": 0.708977222442627,
    "cpu_energy": 0.0010644901676641896,
    "gpu_energy": 0.010267955992135924,
    "ram_energy": 6.700610233141542e-06,
    "total_energy_kwh": 0.01133914677003326,
    "total_energy_joules": 40820.928372119735,
    "final_emissions": 0.004319647962044171
  }
}