{
  "process_id": 3909715,
  "local_process_index": 2,
  "energy_results": {
    "cpu_power": 112.5,
    "gpu_power": 2197.1901200062994,
    "ram_power": 0.7345218658447266,
    "cpu_energy": 0.0012266475242176968,
    "gpu_energy": 0.010348251889706006,
    "ram_energy": 6.943633034334175e-06,
    "total_energy_kwh": 0.011581843046958036,
    "total_energy_joules": 41694.63496904893,
    "final_emissions": 0.004412103108738664
  }
}