{
  "process_id": 3909716,
  "local_process_index": 3,
  "energy_results": {
    "cpu_power": 112.5,
    "gpu_power": 701.1511880311702,
    "ram_power": 0.732330322265625,
    "cpu_energy": 0.0012395683006216137,
    "gpu_energy": 0.0103986194299992,
    "ram_energy": 6.9637939233070116e-06,
    "total_energy_kwh": 0.011645151524544123,
    "total_energy_joules": 41922.54548835884,
    "final_emissions": 0.0044362204732750835
  }
}