{
  "process_id": 3909713,
  "local_process_index": 0,
  "energy_results": {
    "cpu_power": 112.5,
    "gpu_power": 577.368003034387,
    "ram_power": 0.6904506683349609,
    "cpu_energy": 0.0011956316939940737,
    "gpu_energy": 0.010406767214295343,
    "ram_energy": 6.7157669186562995e-06,
    "total_energy_kwh": 0.011609114675208074,
    "total_energy_joules": 41792.81283074906,
    "final_emissions": 0.0044224922355205155
  }
}