{
  "process_id": 3909714,
  "local_process_index": 1,
  "energy_results": {
    "cpu_power": 112.5,
    "gpu_power": 2198.8288619376135,
    "ram_power": 0.7342472076416016,
    "cpu_energy": 0.0011740353525565297,
    "gpu_energy": 0.010348251889706006,
    "ram_energy": 6.638968661489595e-06,
    "total_energy_kwh": 0.011528926210924027,
    "total_energy_joules": 41504.1343593265,
    "final_emissions": 0.004391944440051508
  }
}