{
  "experiment_id": "0507",
  "local_process_results": {
    "cpu_power": {
      "process_2": 112.5,
      "process_0": 112.5,
      "process_1": 112.5,
      "process_3": 112.5
    },
    "gpu_power": {
      "process_2": 2197.1901200062994,
      "process_0": 577.368003034387,
      "process_1": 2198.8288619376135,
      "process_3": 701.1511880311702
    },
    "ram_power": {
      "process_2": 0.7345218658447266,
      "process_0": 0.6904506683349609,
      "process_1": 0.7342472076416016,
      "process_3": 0.732330322265625
    },
    "cpu_energy": {
      "process_2": 0.0012266475242176968,
      "process_0": 0.0011956316939940737,
      "process_1": 0.0011740353525565297,
      "process_3": 0.0012395683006216137
    },
    "gpu_energy": {
      "process_2": 0.010348251889706006,
      "process_0": 0.010406767214295343,
      "process_1": 0.010348251889706006,
      "process_3": 0.0103986194299992
    },
    "ram_energy": {
      "process_2": 6.943633034334175e-06,
      "process_0": 6.7157669186562995e-06,
      "process_1": 6.638968661489595e-06,
      "process_3": 6.9637939233070116e-06
    },
    "total_energy_kwh": {
      "process_2": 0.011581843046958036,
      "process_0": 0.011609114675208074,
      "process_1": 0.011528926210924027,
      "process_3": 0.011645151524544123
    },
    "total_energy_joules": {
      "process_2": 41694.63496904893,
      "process_0": 41792.81283074906,
      "process_1": 41504.1343593265,
      "process_3": 41922.54548835884
    }
  },
  "global_experiment_results": {
    "cpu_power_avg": 112.5,
    "gpu_power_avg": 1418.6345432523676,
    "ram_power_avg": 0.7228875160217285,
    "cpu_energy_total": 0.004835882871389914,
    "gpu_energy_total": 0.041501890423706556,
    "ram_energy_total": 2.726216253778708e-05,
    "total_energy_kwh": 0.04636503545763426,
    "total_energy_joules": 166914.1276474833
  },
  "global_derived_quantities": {
    "tokens_per_joule": 0.09815825796724903,
    "joules_per_token": 10.187629861296589,
    "flops_per_joule": 315363253.2534023,
    "joules_per_flop": 3.1709464868960965e-09
  },
  "per-process_emissions": [
    0.004412103108738664,
    0.0044224922355205155,
    0.004391944440051508,
    0.0044362204732750835
  ]
}