{
  "experiment_id": "0096",
  "local_process_results": {
    "cpu_power": {
      "process_0": 112.5,
      "process_1": 112.5,
      "process_2": 112.5,
      "process_3": 112.5
    },
    "gpu_power": {
      "process_0": 952.206049038187,
      "process_1": 1023.5512217151288,
      "process_2": 852.6754407629537,
      "process_3": 887.8690324755527
    },
    "ram_power": {
      "process_0": 0.6873493194580078,
      "process_1": 0.7231006622314453,
      "process_2": 0.7303190231323243,
      "process_3": 0.7222294807434082
    },
    "cpu_energy": {
      "process_0": 0.0012296642684141263,
      "process_1": 0.001226244278215745,
      "process_2": 0.001238288421531252,
      "process_3": 0.0012434224814660412
    },
    "gpu_energy": {
      "process_0": 0.010363780235463693,
      "process_1": 0.010347998833948324,
      "process_2": 0.010402737766627368,
      "process_3": 0.010432318901403725
    },
    "ram_energy": {
      "process_0": 6.206554863764878e-06,
      "process_1": 6.538916153165873e-06,
      "process_2": 6.581325624517368e-06,
      "process_3": 6.570387859820878e-06
    },
    "total_energy_kwh": {
      "process_0": 0.011599651058741584,
      "process_1": 0.011580782028317234,
      "process_2": 0.011647607513783142,
      "process_3": 0.01168231177072959
    },
    "total_energy_joules": {
      "process_0": 41758.7438114697,
      "process_1": 41690.81530194204,
      "process_2": 41931.38704961931,
      "process_3": 42056.32237462653
    }
  },
  "global_experiment_results": {
    "cpu_power_avg": 112.5,
    "gpu_power_avg": 929.0754359979555,
    "ram_power_avg": 0.7157496213912964,
    "cpu_energy_total": 0.004937619449627164,
    "gpu_energy_total": 0.04154683573744311,
    "ram_energy_total": 2.5897184501269e-05,
    "total_energy_kwh": 0.046510352371571556,
    "total_energy_joules": 167437.26853765757
  },
  "global_derived_quantities": {
    "tokens_per_joule": 0.0978515723715067,
    "joules_per_token": 10.219559847269139,
    "flops_per_joule": 314377932.5152171,
    "joules_per_flop": 3.1808848413735147e-09
  },
  "per-process_emissions": [
    0.004418887070827607,
    0.00441169891368745,
    0.004437156082375688,
    0.004450376669059438
  ]
}