{
  "process_id": 2994447,
  "local_process_index": 2,
  "energy_results": {
    "cpu_power": 112.5,
    "gpu_power": 852.6754407629537,
    "ram_power": 0.7303190231323243,
    "cpu_energy": 0.001238288421531252,
    "gpu_energy": 0.010402737766627368,
    "ram_energy": 6.581325624517368e-06,
    "total_energy_kwh": 0.011647607513783142,
    "total_energy_joules": 41931.38704961931,
    "final_emissions": 0.004437156082375688
  }
}