{
  "process_id": 2994445,
  "local_process_index": 0,
  "energy_results": {
    "cpu_power": 112.5,
    "gpu_power": 952.206049038187,
    "ram_power": 0.6873493194580078,
    "cpu_energy": 0.0012296642684141263,
    "gpu_energy": 0.010363780235463693,
    "ram_energy": 6.206554863764878e-06,
    "total_energy_kwh": 0.011599651058741584,
    "total_energy_joules": 41758.7438114697,
    "final_emissions": 0.004418887070827607
  }
}