{
  "process_id": 2994446,
  "local_process_index": 1,
  "energy_results": {
    "cpu_power": 112.5,
    "gpu_power": 1023.5512217151288,
    "ram_power": 0.7231006622314453,
    "cpu_energy": 0.001226244278215745,
    "gpu_energy": 0.010347998833948324,
    "ram_energy": 6.538916153165873e-06,
    "total_energy_kwh": 0.011580782028317234,
    "total_energy_joules": 41690.81530194204,
    "final_emissions": 0.00441169891368745
  }
}