{
  "process_id": 2994448,
  "local_process_index": 3,
  "energy_results": {
    "cpu_power": 112.5,
    "gpu_power": 887.8690324755527,
    "ram_power": 0.7222294807434082,
    "cpu_energy": 0.0012434224814660412,
    "gpu_energy": 0.010432318901403725,
    "ram_energy": 6.570387859820878e-06,
    "total_energy_kwh": 0.01168231177072959,
    "total_energy_joules": 42056.32237462653,
    "final_emissions": 0.004450376669059438
  }
}