{
  "process_id": 2754548,
  "local_process_index": 1,
  "energy_results": {
    "cpu_power": 112.5,
    "gpu_power": 1188.0401501282593,
    "ram_power": 0.7339696884155273,
    "cpu_energy": 0.0012176497499294784,
    "gpu_energy": 0.01032834520711301,
    "ram_energy": 6.554694232494288e-06,
    "total_energy_kwh": 0.011552549651274977,
    "total_energy_joules": 41589.17874458992,
    "final_emissions": 0.004400943789653202
  }
}