{
  "experiment_id": "0020",
  "local_process_results": {
    "cpu_power": {
      "process_3": 112.5,
      "process_0": 112.5,
      "process_1": 112.5,
      "process_2": 112.5
    },
    "gpu_power": {
      "process_3": 439.05078901029236,
      "process_0": 852.5512961970743,
      "process_1": 1188.0401501282593,
      "process_2": 858.0412972430992
    },
    "ram_power": {
      "process_3": 0.7260375022888184,
      "process_0": 0.6822109222412109,
      "process_1": 0.7339696884155273,
      "process_2": 0.7323675155639648
    },
    "cpu_energy": {
      "process_3": 0.0012649176805025492,
      "process_0": 0.0012296551299077695,
      "process_1": 0.0012176497499294784,
      "process_2": 0.0012278281772232732
    },
    "gpu_energy": {
      "process_3": 0.010550133440099252,
      "process_0": 0.0104037319340895,
      "process_1": 0.01032834520711301,
      "process_2": 0.010406392491773886
    },
    "ram_energy": {
      "process_3": 6.8469125942506084e-06,
      "process_0": 6.133076004344017e-06,
      "process_1": 6.554694232494288e-06,
      "process_2": 6.595792550841767e-06
    },
    "total_energy_kwh": {
      "process_3": 0.01182189803319605,
      "process_0": 0.011639520140001608,
      "process_1": 0.011552549651274977,
      "process_2": 0.011640816461548001
    },
    "total_energy_joules": {
      "process_3": 42558.832919505774,
      "process_0": 41902.27250400579,
      "process_1": 41589.17874458992,
      "process_2": 41906.93926157281
    }
  },
  "global_experiment_results": {
    "cpu_power_avg": 112.5,
    "gpu_power_avg": 834.4208831446812,
    "ram_power_avg": 0.7186464071273804,
    "cpu_energy_total": 0.004940050737563071,
    "gpu_energy_total": 0.04168860307307565,
    "ram_energy_total": 2.613047538193068e-05,
    "total_energy_kwh": 0.046654784286020635,
    "total_energy_joules": 167957.22342967428
  },
  "global_derived_quantities": {
    "tokens_per_joule": 0.09754864759871539,
    "joules_per_token": 10.25129537534633,
    "flops_per_joule": 313404694.56441337,
    "joules_per_flop": 3.190762669939752e-09
  },
  "per-process_emissions": [
    0.0045035520557460355,
    0.004434075197333613,
    0.004400943789653202,
    0.004434569031026711
  ]
}