{
  "process_id": 2754547,
  "local_process_index": 0,
  "energy_results": {
    "cpu_power": 112.5,
    "gpu_power": 852.5512961970743,
    "ram_power": 0.6822109222412109,
    "cpu_energy": 0.0012296551299077695,
    "gpu_energy": 0.0104037319340895,
    "ram_energy": 6.133076004344017e-06,
    "total_energy_kwh": 0.011639520140001608,
    "total_energy_joules": 41902.27250400579,
    "final_emissions": 0.004434075197333613
  }
}