{
  "process_id": 2754550,
  "local_process_index": 3,
  "energy_results": {
    "cpu_power": 112.5,
    "gpu_power": 439.05078901029236,
    "ram_power": 0.7260375022888184,
    "cpu_energy": 0.0012649176805025492,
    "gpu_energy": 0.010550133440099252,
    "ram_energy": 6.8469125942506084e-06,
    "total_energy_kwh": 0.01182189803319605,
    "total_energy_joules": 42558.832919505774,
    "final_emissions": 0.0045035520557460355
  }
}