{
  "process_id": 2754549,
  "local_process_index": 2,
  "energy_results": {
    "cpu_power": 112.5,
    "gpu_power": 858.0412972430992,
    "ram_power": 0.7323675155639648,
    "cpu_energy": 0.0012278281772232732,
    "gpu_energy": 0.010406392491773886,
    "ram_energy": 6.595792550841767e-06,
    "total_energy_kwh": 0.011640816461548001,
    "total_energy_joules": 41906.93926157281,
    "final_emissions": 0.004434569031026711
  }
}