{
  "process_id": 3055731,
  "local_process_index": 1,
  "energy_results": {
    "cpu_power": 112.5,
    "gpu_power": 891.9089693899404,
    "ram_power": 0.7322187423706055,
    "cpu_energy": 0.0012492487260278723,
    "gpu_energy": 0.010455263641984125,
    "ram_energy": 6.766262037854696e-06,
    "total_energy_kwh": 0.01171127863004985,
    "total_energy_joules": 42160.60306817946,
    "final_emissions": 0.004461411594117491
  }
}