{
  "process_id": 3055732,
  "local_process_index": 2,
  "energy_results": {
    "cpu_power": 112.5,
    "gpu_power": 1115.2514938533081,
    "ram_power": 0.7338008880615234,
    "cpu_energy": 0.0012475550164381278,
    "gpu_energy": 0.010433876124872121,
    "ram_energy": 6.744956982888407e-06,
    "total_energy_kwh": 0.011688176098293136,
    "total_energy_joules": 42077.43395385529,
    "final_emissions": 0.00445261068464477
  }
}