{
  "process_id": 3055733,
  "local_process_index": 3,
  "energy_results": {
    "cpu_power": 112.5,
    "gpu_power": 624.2725179072477,
    "ram_power": 0.7342128753662109,
    "cpu_energy": 0.0012657395007463488,
    "gpu_energy": 0.010516875913493706,
    "ram_energy": 6.928016727389593e-06,
    "total_energy_kwh": 0.011789543430967444,
    "total_energy_joules": 42442.3563514828,
    "final_emissions": 0.004491226570027047
  }
}