{
  "experiment_id": "0133",
  "local_process_results": {
    "cpu_power": {
      "process_1": 112.5,
      "process_2": 112.5,
      "process_0": 112.5,
      "process_3": 112.5
    },
    "gpu_power": {
      "process_1": 891.9089693899404,
      "process_2": 1115.2514938533081,
      "process_0": 828.7377683333135,
      "process_3": 624.2725179072477
    },
    "ram_power": {
      "process_1": 0.7322187423706055,
      "process_2": 0.7338008880615234,
      "process_0": 0.6906108856201172,
      "process_3": 0.7342128753662109
    },
    "cpu_energy": {
      "process_1": 0.0012492487260278723,
      "process_2": 0.0012475550164381278,
      "process_0": 0.0012519908945869253,
      "process_3": 0.0012657395007463488
    },
    "gpu_energy": {
      "process_1": 0.010455263641984125,
      "process_2": 0.010433876124872121,
      "process_0": 0.010465135872103737,
      "process_3": 0.010516875913493706
    },
    "ram_energy": {
      "process_1": 6.766262037854696e-06,
      "process_2": 6.744956982888407e-06,
      "process_0": 6.405880004669918e-06,
      "process_3": 6.928016727389593e-06
    },
    "total_energy_kwh": {
      "process_1": 0.01171127863004985,
      "process_2": 0.011688176098293136,
      "process_0": 0.01172353264669533,
      "process_3": 0.011789543430967444
    },
    "total_energy_joules": {
      "process_1": 42160.60306817946,
      "process_2": 42077.43395385529,
      "process_0": 42204.71752810319,
      "process_3": 42442.3563514828
    }
  },
  "global_experiment_results": {
    "cpu_power_avg": 112.5,
    "gpu_power_avg": 865.0426873709524,
    "ram_power_avg": 0.7227108478546143,
    "cpu_energy_total": 0.005014534137799274,
    "gpu_energy_total": 0.04187115155245369,
    "ram_energy_total": 2.6845115752802615e-05,
    "total_energy_kwh": 0.046912530806005756,
    "total_energy_joules": 168885.11090162073
  },
  "global_derived_quantities": {
    "tokens_per_joule": 0.09701269645696617,
    "joules_per_token": 10.307929132179,
    "flops_per_joule": 311682788.5409456,
    "joules_per_flop": 3.208390186321214e-09
  },
  "per-process_emissions": [
    0.004461411594117491,
    0.00445261068464477,
    0.004466079761758585,
    0.004491226570027047
  ]
}