{
  "process_id": 3055730,
  "local_process_index": 0,
  "energy_results": {
    "cpu_power": 112.5,
    "gpu_power": 828.7377683333135,
    "ram_power": 0.6906108856201172,
    "cpu_energy": 0.0012519908945869253,
    "gpu_energy": 0.010465135872103737,
    "ram_energy": 6.405880004669918e-06,
    "total_energy_kwh": 0.01172353264669533,
    "total_energy_joules": 42204.71752810319,
    "final_emissions": 0.004466079761758585
  }
}