{
  "process_id": 3133595,
  "local_process_index": 2,
  "energy_results": {
    "cpu_power": 112.5,
    "gpu_power": 534.9890885233348,
    "ram_power": 0.7146019935607911,
    "cpu_energy": 0.0013679979165917755,
    "gpu_energy": 0.010623273498610253,
    "ram_energy": 7.173845432698593e-06,
    "total_energy_kwh": 0.011998445260634738,
    "total_energy_joules": 43194.40293828506,
    "final_emissions": 0.004570807722038803
  }
}