{
  "process_id": 3133593,
  "local_process_index": 0,
  "energy_results": {
    "cpu_power": 112.5,
    "gpu_power": 1132.2147540651893,
    "ram_power": 0.6792469024658203,
    "cpu_energy": 0.0013657755833082767,
    "gpu_energy": 0.010613468490766387,
    "ram_energy": 7.026425523368531e-06,
    "total_energy_kwh": 0.011986270499598032,
    "total_energy_joules": 43150.57379855291,
    "final_emissions": 0.00456616974682187
  }
}