{
  "process_id": 3133596,
  "local_process_index": 3,
  "energy_results": {
    "cpu_power": 112.5,
    "gpu_power": 1001.905102250687,
    "ram_power": 0.7233824729919435,
    "cpu_energy": 0.001361151465745934,
    "gpu_energy": 0.010578100962473691,
    "ram_energy": 7.328948899398973e-06,
    "total_energy_kwh": 0.011946581377119023,
    "total_energy_joules": 43007.69295762848,
    "final_emissions": 0.004551050175613492
  }
}