{
  "process_id": 3133594,
  "local_process_index": 1,
  "energy_results": {
    "cpu_power": 112.5,
    "gpu_power": 907.695750877359,
    "ram_power": 0.7232451438903809,
    "cpu_energy": 0.0013657081535275208,
    "gpu_energy": 0.010616020992809894,
    "ram_energy": 7.614445769043005e-06,
    "total_energy_kwh": 0.011989343592106464,
    "total_energy_joules": 43161.63693158327,
    "final_emissions": 0.004567340441412958
  }
}