{
  "experiment_id": "0177",
  "local_process_results": {
    "cpu_power": {
      "process_0": 112.5,
      "process_1": 112.5,
      "process_3": 112.5,
      "process_2": 112.5
    },
    "gpu_power": {
      "process_0": 1132.2147540651893,
      "process_1": 907.695750877359,
      "process_3": 1001.905102250687,
      "process_2": 534.9890885233348
    },
    "ram_power": {
      "process_0": 0.6792469024658203,
      "process_1": 0.7232451438903809,
      "process_3": 0.7233824729919435,
      "process_2": 0.7146019935607911
    },
    "cpu_energy": {
      "process_0": 0.0013657755833082767,
      "process_1": 0.0013657081535275208,
      "process_3": 0.001361151465745934,
      "process_2": 0.0013679979165917755
    },
    "gpu_energy": {
      "process_0": 0.010613468490766387,
      "process_1": 0.010616020992809894,
      "process_3": 0.010578100962473691,
      "process_2": 0.010623273498610253
    },
    "ram_energy": {
      "process_0": 7.026425523368531e-06,
      "process_1": 7.614445769043005e-06,
      "process_3": 7.328948899398973e-06,
      "process_2": 7.173845432698593e-06
    },
    "total_energy_kwh": {
      "process_0": 0.011986270499598032,
      "process_1": 0.011989343592106464,
      "process_3": 0.011946581377119023,
      "process_2": 0.011998445260634738
    },
    "total_energy_joules": {
      "process_0": 43150.57379855291,
      "process_1": 43161.63693158327,
      "process_3": 43007.69295762848,
      "process_2": 43194.40293828506
    }
  },
  "global_experiment_results": {
    "cpu_power_avg": 112.5,
    "gpu_power_avg": 894.2011739291426,
    "ram_power_avg": 0.7101191282272339,
    "cpu_energy_total": 0.005460633119173507,
    "gpu_energy_total": 0.042430863944660224,
    "ram_energy_total": 2.9143665624509102e-05,
    "total_energy_kwh": 0.04792064072945826,
    "total_energy_joules": 172514.3066260497
  },
  "global_derived_quantities": {
    "tokens_per_joule": 0.09497183346952635,
    "joules_per_token": 10.529437660281355,
    "flops_per_joule": 305125895.57552415,
    "joules_per_flop": 3.2773357309244897e-09
  },
  "per-process_emissions": [
    0.00456616974682187,
    0.004567340441412958,
    0.004551050175613492,
    0.004570807722038803
  ]
}