{
  "process_id": 4070522,
  "local_process_index": 3,
  "energy_results": {
    "cpu_power": 112.5,
    "gpu_power": 1095.895130909863,
    "ram_power": 0.7061748504638673,
    "cpu_energy": 0.0014298353605263399,
    "gpu_energy": 0.010462724759060293,
    "ram_energy": 7.775010060149195e-06,
    "total_energy_kwh": 0.01190033512964678,
    "total_energy_joules": 42841.20646672841,
    "final_emissions": 0.00453343266763894
  }
}