{
  "process_id": 4070520,
  "local_process_index": 1,
  "energy_results": {
    "cpu_power": 112.5,
    "gpu_power": 136.91168085215068,
    "ram_power": 0.7307410240173341,
    "cpu_energy": 0.0015106268476556578,
    "gpu_energy": 0.010789698631752387,
    "ram_energy": 8.525041542369936e-06,
    "total_energy_kwh": 0.012308850520950416,
    "total_energy_joules": 44311.8618754215,
    "final_emissions": 0.004689056605956061
  }
}