{
  "process_id": 4070519,
  "local_process_index": 0,
  "energy_results": {
    "cpu_power": 112.5,
    "gpu_power": 136.7605962987375,
    "ram_power": 0.6794342994689941,
    "cpu_energy": 0.0015430745776393454,
    "gpu_energy": 0.010789698631752387,
    "ram_energy": 8.096879980578626e-06,
    "total_energy_kwh": 0.012340870089372302,
    "total_energy_joules": 44427.13232174028,
    "final_emissions": 0.004701254460546378
  }
}