{
  "process_id": 4070521,
  "local_process_index": 2,
  "energy_results": {
    "cpu_power": 112.5,
    "gpu_power": 1190.0413000434837,
    "ram_power": 0.7058529853820801,
    "cpu_energy": 0.001422157957256786,
    "gpu_energy": 0.010441968909121968,
    "ram_energy": 7.725832133997514e-06,
    "total_energy_kwh": 0.011871852698512752,
    "total_energy_joules": 42738.669714645905,
    "final_emissions": 0.004522582285498433
  }
}