{
  "experiment_id": "0573",
  "local_process_results": {
    "cpu_power": {
      "process_0": 112.5,
      "process_3": 112.5,
      "process_1": 112.5,
      "process_2": 112.5
    },
    "gpu_power": {
      "process_0": 136.7605962987375,
      "process_3": 1095.895130909863,
      "process_1": 136.91168085215068,
      "process_2": 1190.0413000434837
    },
    "ram_power": {
      "process_0": 0.6794342994689941,
      "process_3": 0.7061748504638673,
      "process_1": 0.7307410240173341,
      "process_2": 0.7058529853820801
    },
    "cpu_energy": {
      "process_0": 0.0015430745776393454,
      "process_3": 0.0014298353605263399,
      "process_1": 0.0015106268476556578,
      "process_2": 0.001422157957256786
    },
    "gpu_energy": {
      "process_0": 0.010789698631752387,
      "process_3": 0.010462724759060293,
      "process_1": 0.010789698631752387,
      "process_2": 0.010441968909121968
    },
    "ram_energy": {
      "process_0": 8.096879980578626e-06,
      "process_3": 7.775010060149195e-06,
      "process_1": 8.525041542369936e-06,
      "process_2": 7.725832133997514e-06
    },
    "total_energy_kwh": {
      "process_0": 0.012340870089372302,
      "process_3": 0.01190033512964678,
      "process_1": 0.012308850520950416,
      "process_2": 0.011871852698512752
    },
    "total_energy_joules": {
      "process_0": 44427.13232174028,
      "process_3": 42841.20646672841,
      "process_1": 44311.8618754215,
      "process_2": 42738.669714645905
    }
  },
  "global_experiment_results": {
    "cpu_power_avg": 112.5,
    "gpu_power_avg": 639.9021770260588,
    "ram_power_avg": 0.7055507898330688,
    "cpu_energy_total": 0.005905694743078129,
    "gpu_energy_total": 0.042484090931687035,
    "ram_energy_total": 3.2122763717095277e-05,
    "total_energy_kwh": 0.04842190843848225,
    "total_energy_joules": 174318.87037853606
  },
  "global_derived_quantities": {
    "tokens_per_joule": 0.09398867698271506,
    "joules_per_token": 10.639579490877445,
    "flops_per_joule": 301967206.3876878,
    "joules_per_flop": 3.3116178805062894e-09
  },
  "per-process_emissions": [
    0.004701254460546378,
    0.00453343266763894,
    0.004689056605956061,
    0.004522582285498433
  ]
}