{
  "experiment_id": "0084",
  "local_process_results": {
    "cpu_power": {
      "process_0": 112.5,
      "process_1": 112.5,
      "process_2": 112.5,
      "process_3": 112.5
    },
    "gpu_power": {
      "process_0": 460.4872687837599,
      "process_1": 1029.320070911973,
      "process_2": 462.7466319099572,
      "process_3": 938.2426305132557
    },
    "ram_power": {
      "process_0": 0.6888899803161621,
      "process_1": 0.7241435050964357,
      "process_2": 0.7236428260803223,
      "process_3": 0.7238302230834961
    },
    "cpu_energy": {
      "process_0": 0.0012751076415606802,
      "process_1": 0.0012577449863729268,
      "process_2": 0.0012927446440589847,
      "process_3": 0.001261301141319564
    },
    "gpu_energy": {
      "process_0": 0.010494455617781284,
      "process_1": 0.01040853638237671,
      "process_2": 0.010566912064634337,
      "process_3": 0.010415409998989489
    },
    "ram_energy": {
      "process_0": 6.539349483942372e-06,
      "process_1": 6.688448546573973e-06,
      "process_2": 6.881577162772605e-06,
      "process_3": 6.649532236369325e-06
    },
    "total_energy_kwh": {
      "process_0": 0.011776102608825908,
      "process_1": 0.011672969817296206,
      "process_2": 0.01186653828585609,
      "process_3": 0.011683360672545417
    },
    "total_energy_joules": {
      "process_0": 42393.96939177327,
      "process_1": 42022.69134226634,
      "process_2": 42719.53782908192,
      "process_3": 42060.0984211635
    }
  },
  "global_experiment_results": {
    "cpu_power_avg": 112.5,
    "gpu_power_avg": 722.6991505297365,
    "ram_power_avg": 0.715126633644104,
    "cpu_energy_total": 0.005086898413312156,
    "gpu_energy_total": 0.04188531406378182,
    "ram_energy_total": 2.6758907429658274e-05,
    "total_energy_kwh": 0.04699897138452362,
    "total_energy_joules": 169196.29698428503
  },
  "global_derived_quantities": {
    "tokens_per_joule": 0.09683427056043518,
    "joules_per_token": 10.32692242335724,
    "flops_per_joule": 311109541.08973837,
    "joules_per_flop": 3.214301935251654e-09
  },
  "per-process_emissions": [
    0.00448610628883223,
    0.00444681785189899,
    0.004520557759996878,
    0.004450776248206177
  ]
}