{
  "process_id": 2974706,
  "local_process_index": 2,
  "energy_results": {
    "cpu_power": 112.5,
    "gpu_power": 462.7466319099572,
    "ram_power": 0.7236428260803223,
    "cpu_energy": 0.0012927446440589847,
    "gpu_energy": 0.010566912064634337,
    "ram_energy": 6.881577162772605e-06,
    "total_energy_kwh": 0.01186653828585609,
    "total_energy_joules": 42719.53782908192,
    "final_emissions": 0.004520557759996878
  }
}