{
  "process_id": 2974705,
  "local_process_index": 1,
  "energy_results": {
    "cpu_power": 112.5,
    "gpu_power": 1029.320070911973,
    "ram_power": 0.7241435050964357,
    "cpu_energy": 0.0012577449863729268,
    "gpu_energy": 0.01040853638237671,
    "ram_energy": 6.688448546573973e-06,
    "total_energy_kwh": 0.011672969817296206,
    "total_energy_joules": 42022.69134226634,
    "final_emissions": 0.00444681785189899
  }
}