{
  "process_id": 2974704,
  "local_process_index": 0,
  "energy_results": {
    "cpu_power": 112.5,
    "gpu_power": 460.4872687837599,
    "ram_power": 0.6888899803161621,
    "cpu_energy": 0.0012751076415606802,
    "gpu_energy": 0.010494455617781284,
    "ram_energy": 6.539349483942372e-06,
    "total_energy_kwh": 0.011776102608825908,
    "total_energy_joules": 42393.96939177327,
    "final_emissions": 0.00448610628883223
  }
}