{
  "process_id": 2974707,
  "local_process_index": 3,
  "energy_results": {
    "cpu_power": 112.5,
    "gpu_power": 938.2426305132557,
    "ram_power": 0.7238302230834961,
    "cpu_energy": 0.001261301141319564,
    "gpu_energy": 0.010415409998989489,
    "ram_energy": 6.649532236369325e-06,
    "total_energy_kwh": 0.011683360672545417,
    "total_energy_joules": 42060.0984211635,
    "final_emissions": 0.004450776248206177
  }
}