{
  "process_id": 3059012,
  "local_process_index": 3,
  "energy_results": {
    "cpu_power": 112.5,
    "gpu_power": 841.3852312054354,
    "ram_power": 0.7338666915893555,
    "cpu_energy": 0.0012570075432431626,
    "gpu_energy": 0.010536501484748939,
    "ram_energy": 6.775712381795787e-06,
    "total_energy_kwh": 0.0118002847403739,
    "total_energy_joules": 42481.02506534604,
    "final_emissions": 0.004495318471845438
  }
}