{
  "process_id": 3059009,
  "local_process_index": 0,
  "energy_results": {
    "cpu_power": 112.5,
    "gpu_power": 846.3299551608874,
    "ram_power": 0.6904563903808594,
    "cpu_energy": 0.0012458136230616222,
    "gpu_energy": 0.010440091685399722,
    "ram_energy": 6.246383146245744e-06,
    "total_energy_kwh": 0.011692151691607585,
    "total_energy_joules": 42091.7460897873,
    "final_emissions": 0.00445412518691791
  }
}