{
  "process_id": 3059011,
  "local_process_index": 2,
  "energy_results": {
    "cpu_power": 112.5,
    "gpu_power": 195.88430999996461,
    "ram_power": 0.7106151580810547,
    "cpu_energy": 0.001272053258810047,
    "gpu_energy": 0.010594359864369629,
    "ram_energy": 6.891003168161172e-06,
    "total_energy_kwh": 0.011873304126347838,
    "total_energy_joules": 42743.89485485222,
    "final_emissions": 0.004523135206932209
  }
}