{
  "experiment_id": "0135",
  "local_process_results": {
    "cpu_power": {
      "process_0": 112.5,
      "process_3": 112.5,
      "process_2": 112.5,
      "process_1": 112.5
    },
    "gpu_power": {
      "process_0": 846.3299551608874,
      "process_3": 841.3852312054354,
      "process_2": 195.88430999996461,
      "process_1": 810.8208013275951
    },
    "ram_power": {
      "process_0": 0.6904563903808594,
      "process_3": 0.7338666915893555,
      "process_2": 0.7106151580810547,
      "process_1": 0.7335548400878906
    },
    "cpu_energy": {
      "process_0": 0.0012458136230616222,
      "process_3": 0.0012570075432431626,
      "process_2": 0.001272053258810047,
      "process_1": 0.0012626309202223643
    },
    "gpu_energy": {
      "process_0": 0.010440091685399722,
      "process_3": 0.010536501484748939,
      "process_2": 0.010594359864369629,
      "process_1": 0.010558969558282172
    },
    "ram_energy": {
      "process_0": 6.246383146245744e-06,
      "process_3": 6.775712381795787e-06,
      "process_2": 6.891003168161172e-06,
      "process_1": 6.8816496099949894e-06
    },
    "total_energy_kwh": {
      "process_0": 0.011692151691607585,
      "process_3": 0.0118002847403739,
      "process_2": 0.011873304126347838,
      "process_1": 0.011828482128114527
    },
    "total_energy_joules": {
      "process_0": 42091.7460897873,
      "process_3": 42481.02506534604,
      "process_2": 42743.89485485222,
      "process_1": 42582.5356612123
    }
  },
  "global_experiment_results": {
    "cpu_power_avg": 112.5,
    "gpu_power_avg": 673.6050744234706,
    "ram_power_avg": 0.71712327003479,
    "cpu_energy_total": 0.005037505345337196,
    "gpu_energy_total": 0.04212992259280046,
    "ram_energy_total": 2.6794748306197695e-05,
    "total_energy_kwh": 0.04719422268644385,
    "total_energy_joules": 169899.20167119786
  },
  "global_derived_quantities": {
    "tokens_per_joule": 0.09643364912159852,
    "joules_per_token": 10.369824320751823,
    "flops_per_joule": 309822422.8900985,
    "joules_per_flop": 3.2276553474463145e-09
  },
  "per-process_emissions": [
    0.00445412518691791,
    0.004495318471845438,
    0.004523135206932209,
    0.004506060266705229
  ]
}