{
  "process_id": 3059010,
  "local_process_index": 1,
  "energy_results": {
    "cpu_power": 112.5,
    "gpu_power": 810.8208013275951,
    "ram_power": 0.7335548400878906,
    "cpu_energy": 0.0012626309202223643,
    "gpu_energy": 0.010558969558282172,
    "ram_energy": 6.8816496099949894e-06,
    "total_energy_kwh": 0.011828482128114527,
    "total_energy_joules": 42582.5356612123,
    "final_emissions": 0.004506060266705229
  }
}