{
  "process_id": 4007936,
  "local_process_index": 1,
  "energy_results": {
    "cpu_power": 112.5,
    "gpu_power": 346.92364264436594,
    "ram_power": 0.706505298614502,
    "cpu_energy": 0.006567565336401456,
    "gpu_energy": 0.01881512421875442,
    "ram_energy": 3.603313680255446e-05,
    "total_energy_kwh": 0.025418722691958436,
    "total_energy_joules": 91507.40169105037,
    "final_emissions": 0.009683262409501566
  }
}