{
  "process_id": 4007938,
  "local_process_index": 3,
  "energy_results": {
    "cpu_power": 112.5,
    "gpu_power": 86.4963268401966,
    "ram_power": 0.7081489562988281,
    "cpu_energy": 0.006652270151780616,
    "gpu_energy": 0.018501945634881167,
    "ram_energy": 3.730820798386538e-05,
    "total_energy_kwh": 0.02519152399464563,
    "total_energy_joules": 90689.48638072427,
    "final_emissions": 0.009596711065760252
  }
}