{
  "process_id": 4007937,
  "local_process_index": 2,
  "energy_results": {
    "cpu_power": 112.5,
    "gpu_power": 374.79941728129296,
    "ram_power": 0.7319326400756836,
    "cpu_energy": 0.007414711069706754,
    "gpu_energy": 0.019351660203540177,
    "ram_energy": 4.0888575308517946e-05,
    "total_energy_kwh": 0.026807259848555434,
    "total_energy_joules": 96506.13545479956,
    "final_emissions": 0.010212225639307192
  }
}