{
  "experiment_id": "0548",
  "local_process_results": {
    "cpu_power": {
      "process_0": 112.5,
      "process_3": 112.5,
      "process_2": 112.5,
      "process_1": 112.5
    },
    "gpu_power": {
      "process_0": 275.9991269726657,
      "process_3": 86.4963268401966,
      "process_2": 374.79941728129296,
      "process_1": 346.92364264436594
    },
    "ram_power": {
      "process_0": 0.6885666847229004,
      "process_3": 0.7081489562988281,
      "process_2": 0.7319326400756836,
      "process_1": 0.706505298614502
    },
    "cpu_energy": {
      "process_0": 0.007457028796934543,
      "process_3": 0.006652270151780616,
      "process_2": 0.007414711069706754,
      "process_1": 0.006567565336401456
    },
    "gpu_energy": {
      "process_0": 0.02002866518958868,
      "process_3": 0.018501945634881167,
      "process_2": 0.019351660203540177,
      "process_1": 0.01881512421875442
    },
    "ram_energy": {
      "process_0": 3.858488135348269e-05,
      "process_3": 3.730820798386538e-05,
      "process_2": 4.0888575308517946e-05,
      "process_1": 3.603313680255446e-05
    },
    "total_energy_kwh": {
      "process_0": 0.02752427886787669,
      "process_3": 0.02519152399464563,
      "process_2": 0.026807259848555434,
      "process_1": 0.025418722691958436
    },
    "total_energy_joules": {
      "process_0": 99087.40392435608,
      "process_3": 90689.48638072427,
      "process_2": 96506.13545479956,
      "process_1": 91507.40169105037
    }
  },
  "global_experiment_results": {
    "cpu_power_avg": 112.5,
    "gpu_power_avg": 271.05462843463033,
    "ram_power_avg": 0.7087883949279785,
    "cpu_energy_total": 0.02809157535482337,
    "gpu_energy_total": 0.07669739524676444,
    "ram_energy_total": 0.00015281480144842046,
    "total_energy_kwh": 0.1049417854030362,
    "total_energy_joules": 377790.4274509303
  },
  "global_derived_quantities": {
    "tokens_per_joule": 0.043367959613344234,
    "joules_per_token": 23.05849776922182,
    "flops_per_joule": 139332758.28091493,
    "joules_per_flop": 7.1770631137858895e-09
  },
  "per-process_emissions": [
    0.010485374034717625,
    0.009596711065760252,
    0.010212225639307192,
    0.009683262409501566
  ]
}