{
  "process_id": 4007935,
  "local_process_index": 0,
  "energy_results": {
    "cpu_power": 112.5,
    "gpu_power": 275.9991269726657,
    "ram_power": 0.6885666847229004,
    "cpu_energy": 0.007457028796934543,
    "gpu_energy": 0.02002866518958868,
    "ram_energy": 3.858488135348269e-05,
    "total_energy_kwh": 0.02752427886787669,
    "total_energy_joules": 99087.40392435608,
    "final_emissions": 0.010485374034717625
  }
}