{
  "process_id": 2800985,
  "local_process_index": 1,
  "energy_results": {
    "cpu_power": 112.5,
    "gpu_power": 869.3571635204105,
    "ram_power": 0.7243108749389648,
    "cpu_energy": 0.0012220982113140054,
    "gpu_energy": 0.010351702725799328,
    "ram_energy": 6.368228401891953e-06,
    "total_energy_kwh": 0.011580169165515223,
    "total_energy_joules": 41688.608995854804,
    "final_emissions": 0.004411465443603024
  }
}