{
  "experiment_id": "0045",
  "local_process_results": {
    "cpu_power": {
      "process_2": 112.5,
      "process_0": 112.5,
      "process_3": 112.5,
      "process_1": 112.5
    },
    "gpu_power": {
      "process_2": 601.8108829533886,
      "process_0": 0.0,
      "process_3": 827.3063026736243,
      "process_1": 869.3571635204105
    },
    "ram_power": {
      "process_2": 0.7090301513671875,
      "process_0": 0.6890130043029785,
      "process_3": 0.7243251800537109,
      "process_1": 0.7243108749389648
    },
    "cpu_energy": {
      "process_2": 0.0012360449188399802,
      "process_0": 0.0012101654925882029,
      "process_3": 0.0012221599738131772,
      "process_1": 0.0012220982113140054
    },
    "gpu_energy": {
      "process_2": 0.010412934163674059,
      "process_0": 0.01027227571781264,
      "process_3": 0.010354690783744402,
      "process_1": 0.010351702725799328
    },
    "ram_energy": {
      "process_2": 6.36147367228525e-06,
      "process_0": 6.273085438159619e-06,
      "process_3": 6.497712301605732e-06,
      "process_1": 6.368228401891953e-06
    },
    "total_energy_kwh": {
      "process_2": 0.01165534055618632,
      "process_0": 0.011488714295839003,
      "process_3": 0.011583348469859185,
      "process_1": 0.011580169165515223
    },
    "total_energy_joules": {
      "process_2": 41959.22600227075,
      "process_0": 41359.37146502041,
      "process_3": 41700.054491493065,
      "process_1": 41688.608995854804
    }
  },
  "global_experiment_results": {
    "cpu_power_avg": 112.5,
    "gpu_power_avg": 574.6185872868559,
    "ram_power_avg": 0.7116698026657104,
    "cpu_energy_total": 0.004890468596555366,
    "gpu_energy_total": 0.04139160339103043,
    "ram_energy_total": 2.5500499813942556e-05,
    "total_energy_kwh": 0.04630757248739973,
    "total_energy_joules": 166707.26095463903
  },
  "global_derived_quantities": {
    "tokens_per_joule": 0.09828006234508332,
    "joules_per_token": 10.175003720375917,
    "flops_per_joule": 315754586.8574191,
    "joules_per_flop": 3.167016542665637e-09
  },
  "per-process_emissions": [
    0.004440101984879178,
    0.004376625710999869,
    0.004412676599592856,
    0.004411465443603024
  ]
}