{
  "process_id": 2800986,
  "local_process_index": 2,
  "energy_results": {
    "cpu_power": 112.5,
    "gpu_power": 601.8108829533886,
    "ram_power": 0.7090301513671875,
    "cpu_energy": 0.0012360449188399802,
    "gpu_energy": 0.010412934163674059,
    "ram_energy": 6.36147367228525e-06,
    "total_energy_kwh": 0.01165534055618632,
    "total_energy_joules": 41959.22600227075,
    "final_emissions": 0.004440101984879178
  }
}