{
  "process_id": 2800987,
  "local_process_index": 3,
  "energy_results": {
    "cpu_power": 112.5,
    "gpu_power": 827.3063026736243,
    "ram_power": 0.7243251800537109,
    "cpu_energy": 0.0012221599738131772,
    "gpu_energy": 0.010354690783744402,
    "ram_energy": 6.497712301605732e-06,
    "total_energy_kwh": 0.011583348469859185,
    "total_energy_joules": 41700.054491493065,
    "final_emissions": 0.004412676599592856
  }
}