{
  "process_id": 2800984,
  "local_process_index": 0,
  "energy_results": {
    "cpu_power": 112.5,
    "gpu_power": 0.0,
    "ram_power": 0.6890130043029785,
    "cpu_energy": 0.0012101654925882029,
    "gpu_energy": 0.01027227571781264,
    "ram_energy": 6.273085438159619e-06,
    "total_energy_kwh": 0.011488714295839003,
    "total_energy_joules": 41359.37146502041,
    "final_emissions": 0.004376625710999869
  }
}