{
  "process_id": 2748076,
  "local_process_index": 1,
  "energy_results": {
    "cpu_power": 112.5,
    "gpu_power": 598.225246445887,
    "ram_power": 0.7059788703918457,
    "cpu_energy": 0.0012353370003111194,
    "gpu_energy": 0.010364271624744958,
    "ram_energy": 6.40443190380623e-06,
    "total_energy_kwh": 0.011606013056959887,
    "total_energy_joules": 41781.647005055594,
    "final_emissions": 0.004421310674048869
  }
}