{
  "process_id": 2748077,
  "local_process_index": 2,
  "energy_results": {
    "cpu_power": 112.5,
    "gpu_power": 623.0745311762142,
    "ram_power": 0.7062292098999023,
    "cpu_energy": 0.0012291742811285078,
    "gpu_energy": 0.010335641324060951,
    "ram_energy": 6.351000868452563e-06,
    "total_energy_kwh": 0.011571166606057913,
    "total_energy_joules": 41656.199781808486,
    "final_emissions": 0.004408035918577762
  }
}