{
  "experiment_id": "0016",
  "local_process_results": {
    "cpu_power": {
      "process_2": 112.5,
      "process_1": 112.5,
      "process_0": 112.5,
      "process_3": 112.5
    },
    "gpu_power": {
      "process_2": 623.0745311762142,
      "process_1": 598.225246445887,
      "process_0": 1002.4366613639748,
      "process_3": 878.5117320914773
    },
    "ram_power": {
      "process_2": 0.7062292098999023,
      "process_1": 0.7059788703918457,
      "process_0": 0.68609619140625,
      "process_3": 0.722827434539795
    },
    "cpu_energy": {
      "process_2": 0.0012291742811285078,
      "process_1": 0.0012353370003111194,
      "process_0": 0.0012015543178185905,
      "process_3": 0.001211034046002169
    },
    "gpu_energy": {
      "process_2": 0.010335641324060951,
      "process_1": 0.010364271624744958,
      "process_0": 0.01015753007046083,
      "process_3": 0.0102410006927931
    },
    "ram_energy": {
      "process_2": 6.351000868452563e-06,
      "process_1": 6.40443190380623e-06,
      "process_0": 6.057703803327535e-06,
      "process_3": 6.496122365149058e-06
    },
    "total_energy_kwh": {
      "process_2": 0.011571166606057913,
      "process_1": 0.011606013056959887,
      "process_0": 0.011365142092082751,
      "process_3": 0.011458530861160417
    },
    "total_energy_joules": {
      "process_2": 41656.199781808486,
      "process_1": 41781.647005055594,
      "process_0": 40914.511531497905,
      "process_3": 41250.711100177505
    }
  },
  "global_experiment_results": {
    "cpu_power_avg": 112.5,
    "gpu_power_avg": 775.5620427693884,
    "ram_power_avg": 0.7052829265594482,
    "cpu_energy_total": 0.004877099645260387,
    "gpu_energy_total": 0.04109844371205984,
    "ram_energy_total": 2.5309258940735388e-05,
    "total_energy_kwh": 0.04600085261626097,
    "total_energy_joules": 165603.06941853947
  },
  "global_derived_quantities": {
    "tokens_per_joule": 0.09893536428718991,
    "joules_per_token": 10.107609217440153,
    "flops_per_joule": 317859943.62113583,
    "joules_per_flop": 3.1460396947402773e-09
  },
  "per-process_emissions": [
    0.004408035918577762,
    0.004421310674048869,
    0.0043295508799789245,
    0.004365127331559061
  ]
}