{
  "process_id": 2748075,
  "local_process_index": 0,
  "energy_results": {
    "cpu_power": 112.5,
    "gpu_power": 1002.4366613639748,
    "ram_power": 0.68609619140625,
    "cpu_energy": 0.0012015543178185905,
    "gpu_energy": 0.01015753007046083,
    "ram_energy": 6.057703803327535e-06,
    "total_energy_kwh": 0.011365142092082751,
    "total_energy_joules": 40914.511531497905,
    "final_emissions": 0.0043295508799789245
  }
}