{
  "process_id": 2748078,
  "local_process_index": 3,
  "energy_results": {
    "cpu_power": 112.5,
    "gpu_power": 878.5117320914773,
    "ram_power": 0.722827434539795,
    "cpu_energy": 0.001211034046002169,
    "gpu_energy": 0.0102410006927931,
    "ram_energy": 6.496122365149058e-06,
    "total_energy_kwh": 0.011458530861160417,
    "total_energy_joules": 41250.711100177505,
    "final_emissions": 0.004365127331559061
  }
}