{
  "process_id": 4088425,
  "local_process_index": 0,
  "energy_results": {
    "cpu_power": 112.5,
    "gpu_power": 1018.5374380637244,
    "ram_power": 0.6880760192871094,
    "cpu_energy": 0.0013496321307848117,
    "gpu_energy": 0.010608389320037048,
    "ram_energy": 7.837415698741602e-06,
    "total_energy_kwh": 0.011965858866520601,
    "total_energy_joules": 43077.091919474165,
    "final_emissions": 0.004558393935201023
  }
}