{
  "process_id": 4088428,
  "local_process_index": 3,
  "energy_results": {
    "cpu_power": 112.5,
    "gpu_power": 72.76450871893142,
    "ram_power": 0.7300686836242676,
    "cpu_energy": 0.001470960610968177,
    "gpu_energy": 0.010730697751219154,
    "ram_energy": 8.26419548174065e-06,
    "total_energy_kwh": 0.012209922557669072,
    "total_energy_joules": 43955.72120760866,
    "final_emissions": 0.004651369998344033
  }
}