{
  "process_id": 4088426,
  "local_process_index": 1,
  "energy_results": {
    "cpu_power": 112.5,
    "gpu_power": 1007.6888379969369,
    "ram_power": 0.7297954559326172,
    "cpu_energy": 0.0013707705590350085,
    "gpu_energy": 0.01070810439980896,
    "ram_energy": 8.372326748498901e-06,
    "total_energy_kwh": 0.012087247285592469,
    "total_energy_joules": 43514.09022813289,
    "final_emissions": 0.004604636853446451
  }
}