{
  "experiment_id": "0583",
  "local_process_results": {
    "cpu_power": {
      "process_1": 112.5,
      "process_3": 112.5,
      "process_2": 112.5,
      "process_0": 112.5
    },
    "gpu_power": {
      "process_1": 1007.6888379969369,
      "process_3": 72.76450871893142,
      "process_2": 1142.8445066027932,
      "process_0": 1018.5374380637244
    },
    "ram_power": {
      "process_1": 0.7297954559326172,
      "process_3": 0.7300686836242676,
      "process_2": 0.7236800193786622,
      "process_0": 0.6880760192871094
    },
    "cpu_energy": {
      "process_1": 0.0013707705590350085,
      "process_3": 0.001470960610968177,
      "process_2": 0.0014290903882501877,
      "process_0": 0.0013496321307848117
    },
    "gpu_energy": {
      "process_1": 0.01070810439980896,
      "process_3": 0.010730697751219154,
      "process_2": 0.010709233567377296,
      "process_0": 0.010608389320037048
    },
    "ram_energy": {
      "process_1": 8.372326748498901e-06,
      "process_3": 8.26419548174065e-06,
      "process_2": 7.900867314707737e-06,
      "process_0": 7.837415698741602e-06
    },
    "total_energy_kwh": {
      "process_1": 0.012087247285592469,
      "process_3": 0.012209922557669072,
      "process_2": 0.01214622482294219,
      "process_0": 0.011965858866520601
    },
    "total_energy_joules": {
      "process_1": 43514.09022813289,
      "process_3": 43955.72120760866,
      "process_2": 43726.40936259188,
      "process_0": 43077.091919474165
    }
  },
  "global_experiment_results": {
    "cpu_power_avg": 112.5,
    "gpu_power_avg": 810.4588228455965,
    "ram_power_avg": 0.7179050445556641,
    "cpu_energy_total": 0.005620453689038185,
    "gpu_energy_total": 0.04275642503844246,
    "ram_energy_total": 3.2374805243688886e-05,
    "total_energy_kwh": 0.048409253532724336,
    "total_energy_joules": 174273.3127178076
  },
  "global_derived_quantities": {
    "tokens_per_joule": 0.0940132470341562,
    "joules_per_token": 10.636798871936499,
    "flops_per_joule": 302046145.14959687,
    "joules_per_flop": 3.310752400116617e-09
  },
  "per-process_emissions": [
    0.004604636853446451,
    0.004651369998344033,
    0.004627104346299827,
    0.004558393935201023
  ]
}