{
  "process_id": 4088427,
  "local_process_index": 2,
  "energy_results": {
    "cpu_power": 112.5,
    "gpu_power": 1142.8445066027932,
    "ram_power": 0.7236800193786622,
    "cpu_energy": 0.0014290903882501877,
    "gpu_energy": 0.010709233567377296,
    "ram_energy": 7.900867314707737e-06,
    "total_energy_kwh": 0.01214622482294219,
    "total_energy_joules": 43726.40936259188,
    "final_emissions": 0.004627104346299827
  }
}