{
  "process_id": 4006039,
  "local_process_index": 2,
  "energy_results": {
    "cpu_power": 112.5,
    "gpu_power": 3326.70506454989,
    "ram_power": 0.7234382629394531,
    "cpu_energy": 0.0011572032816911813,
    "gpu_energy": 0.010339554938303408,
    "ram_energy": 7.523856375725555e-06,
    "total_energy_kwh": 0.011504282076370321,
    "total_energy_joules": 41415.41547493316,
    "final_emissions": 0.004382556256993274
  }
}