{
  "process_id": 4006037,
  "local_process_index": 0,
  "energy_results": {
    "cpu_power": 112.5,
    "gpu_power": 2717.519874319969,
    "ram_power": 0.6879658699035645,
    "cpu_energy": 0.0011199675256575573,
    "gpu_energy": 0.010349764113138704,
    "ram_energy": 6.938438559059701e-06,
    "total_energy_kwh": 0.011476670077355316,
    "total_energy_joules": 41316.01227847914,
    "final_emissions": 0.004372037465968508
  }
}