{
  "process_id": 4006038,
  "local_process_index": 1,
  "energy_results": {
    "cpu_power": 112.5,
    "gpu_power": 2018.7978598815093,
    "ram_power": 0.7307968139648438,
    "cpu_energy": 0.001100555394190451,
    "gpu_energy": 0.010374329132787352,
    "ram_energy": 7.241479634423726e-06,
    "total_energy_kwh": 0.011482126006612227,
    "total_energy_joules": 41335.65362380401,
    "final_emissions": 0.004374115902218928
  }
}