{
  "experiment_id": "0547",
  "local_process_results": {
    "cpu_power": {
      "process_0": 112.5,
      "process_3": 112.5,
      "process_2": 112.5,
      "process_1": 112.5
    },
    "gpu_power": {
      "process_0": 2717.519874319969,
      "process_3": 622.4799948196635,
      "process_2": 3326.70506454989,
      "process_1": 2018.7978598815093
    },
    "ram_power": {
      "process_0": 0.6879658699035645,
      "process_3": 0.7235569953918457,
      "process_2": 0.7234382629394531,
      "process_1": 0.7307968139648438
    },
    "cpu_energy": {
      "process_0": 0.0011199675256575573,
      "process_3": 0.001108487642746695,
      "process_2": 0.0011572032816911813,
      "process_1": 0.001100555394190451
    },
    "gpu_energy": {
      "process_0": 0.010349764113138704,
      "process_3": 0.010386714420477006,
      "process_2": 0.010339554938303408,
      "process_1": 0.010374329132787352
    },
    "ram_energy": {
      "process_0": 6.938438559059701e-06,
      "process_3": 6.89754221142116e-06,
      "process_2": 7.523856375725555e-06,
      "process_1": 7.241479634423726e-06
    },
    "total_energy_kwh": {
      "process_0": 0.011476670077355316,
      "process_3": 0.011502099605435122,
      "process_2": 0.011504282076370321,
      "process_1": 0.011482126006612227
    },
    "total_energy_joules": {
      "process_0": 41316.01227847914,
      "process_3": 41407.55857956644,
      "process_2": 41415.41547493316,
      "process_1": 41335.65362380401
    }
  },
  "global_experiment_results": {
    "cpu_power_avg": 112.5,
    "gpu_power_avg": 2171.375698392758,
    "ram_power_avg": 0.7164394855499268,
    "cpu_energy_total": 0.0044862138442858844,
    "gpu_energy_total": 0.04145036260470647,
    "ram_energy_total": 2.8601316780630142e-05,
    "total_energy_kwh": 0.04596517776577299,
    "total_energy_joules": 165474.63995678275
  },
  "global_derived_quantities": {
    "tokens_per_joule": 0.09901215076992483,
    "joules_per_token": 10.099770505174728,
    "flops_per_joule": 318106643.547384,
    "joules_per_flop": 3.143599859620799e-09
  },
  "per-process_emissions": [
    0.004372037465968508,
    0.00438172484469051,
    0.004382556256993274,
    0.004374115902218928
  ]
}