{
  "process_id": 4006040,
  "local_process_index": 3,
  "energy_results": {
    "cpu_power": 112.5,
    "gpu_power": 622.4799948196635,
    "ram_power": 0.7235569953918457,
    "cpu_energy": 0.001108487642746695,
    "gpu_energy": 0.010386714420477006,
    "ram_energy": 6.89754221142116e-06,
    "total_energy_kwh": 0.011502099605435122,
    "total_energy_joules": 41407.55857956644,
    "final_emissions": 0.00438172484469051
  }
}