{
  "process_id": 2778775,
  "local_process_index": 1,
  "energy_results": {
    "cpu_power": 112.5,
    "gpu_power": 827.9588560184541,
    "ram_power": 0.7290873527526855,
    "cpu_energy": 0.0013376567201612492,
    "gpu_energy": 0.010465155872116938,
    "ram_energy": 7.237011186995786e-06,
    "total_energy_kwh": 0.011810049603465178,
    "total_energy_joules": 42516.178572474644,
    "final_emissions": 0.00449903839644006
  }
}