{
  "process_id": 2778777,
  "local_process_index": 3,
  "energy_results": {
    "cpu_power": 112.5,
    "gpu_power": 541.4401155155329,
    "ram_power": 0.7232193946838379,
    "cpu_energy": 0.0013456442520910056,
    "gpu_energy": 0.010503566180624091,
    "ram_energy": 7.341929598451105e-06,
    "total_energy_kwh": 0.011856552362313547,
    "total_energy_joules": 42683.58850432877,
    "final_emissions": 0.004516753622423346
  }
}