{
  "process_id": 2778774,
  "local_process_index": 0,
  "energy_results": {
    "cpu_power": 112.5,
    "gpu_power": 390.7171087281882,
    "ram_power": 0.686056137084961,
    "cpu_energy": 0.0013370346275314658,
    "gpu_energy": 0.01045566975341572,
    "ram_energy": 7.059776863037748e-06,
    "total_energy_kwh": 0.011799764157810224,
    "total_energy_joules": 42479.15096811681,
    "final_emissions": 0.004495120155917805
  }
}