{
  "experiment_id": "0031",
  "local_process_results": {
    "cpu_power": {
      "process_1": 112.5,
      "process_3": 112.5,
      "process_2": 112.5,
      "process_0": 112.5
    },
    "gpu_power": {
      "process_1": 827.9588560184541,
      "process_3": 541.4401155155329,
      "process_2": 959.8763149754101,
      "process_0": 390.7171087281882
    },
    "ram_power": {
      "process_1": 0.7290873527526855,
      "process_3": 0.7232193946838379,
      "process_2": 0.7305550575256348,
      "process_0": 0.686056137084961
    },
    "cpu_energy": {
      "process_1": 0.0013376567201612492,
      "process_3": 0.0013456442520910056,
      "process_2": 0.0013712906734344873,
      "process_0": 0.0013370346275314658
    },
    "gpu_energy": {
      "process_1": 0.010465155872116938,
      "process_3": 0.010503566180624091,
      "process_2": 0.010465155872116938,
      "process_0": 0.01045566975341572
    },
    "ram_energy": {
      "process_1": 7.237011186995786e-06,
      "process_3": 7.341929598451105e-06,
      "process_2": 7.421272426116117e-06,
      "process_0": 7.059776863037748e-06
    },
    "total_energy_kwh": {
      "process_1": 0.011810049603465178,
      "process_3": 0.011856552362313547,
      "process_2": 0.011843867817977543,
      "process_0": 0.011799764157810224
    },
    "total_energy_joules": {
      "process_1": 42516.178572474644,
      "process_3": 42683.58850432877,
      "process_2": 42637.92414471915,
      "process_0": 42479.15096811681
    }
  },
  "global_experiment_results": {
    "cpu_power_avg": 112.5,
    "gpu_power_avg": 679.9980988093963,
    "ram_power_avg": 0.7172294855117798,
    "cpu_energy_total": 0.005391626273218208,
    "gpu_energy_total": 0.041889547678273686,
    "ram_energy_total": 2.9059990074600755e-05,
    "total_energy_kwh": 0.047310233941566485,
    "total_energy_joules": 170316.8421896394
  },
  "global_derived_quantities": {
    "tokens_per_joule": 0.0961971804394848,
    "joules_per_token": 10.395315075051233,
    "flops_per_joule": 309062695.33962786,
    "joules_per_flop": 3.2355894615527885e-09
  },
  "per-process_emissions": [
    0.00449903839644006,
    0.004516753622423346,
    0.004511921445258545,
    0.004495120155917805
  ]
}