{
  "process_id": 2778776,
  "local_process_index": 2,
  "energy_results": {
    "cpu_power": 112.5,
    "gpu_power": 959.8763149754101,
    "ram_power": 0.7305550575256348,
    "cpu_energy": 0.0013712906734344873,
    "gpu_energy": 0.010465155872116938,
    "ram_energy": 7.421272426116117e-06,
    "total_energy_kwh": 0.011843867817977543,
    "total_energy_joules": 42637.92414471915,
    "final_emissions": 0.004511921445258545
  }
}