{
  "experiment_id": "0188",
  "local_process_results": {
    "cpu_power": {
      "process_2": 112.5,
      "process_0": 112.5,
      "process_3": 112.5,
      "process_1": 112.5
    },
    "gpu_power": {
      "process_2": 761.3781365841659,
      "process_0": 400.1629917891744,
      "process_3": 942.5932713876743,
      "process_1": 939.9982277811475
    },
    "ram_power": {
      "process_2": 0.7256813049316406,
      "process_0": 0.6898283958435059,
      "process_3": 0.7189149856567383,
      "process_1": 0.7104549407958984
    },
    "cpu_energy": {
      "process_2": 0.0012905628065327617,
      "process_0": 0.00130720352249773,
      "process_3": 0.0012788603425306071,
      "process_1": 0.001285054467904047
    },
    "gpu_energy": {
      "process_2": 0.010640632956944174,
      "process_0": 0.0107065388430021,
      "process_3": 0.010551267885453797,
      "process_1": 0.01061025015485928
    },
    "ram_energy": {
      "process_2": 6.7954114095445375e-06,
      "process_0": 6.5276347781055155e-06,
      "process_3": 6.63410369712847e-06,
      "process_1": 6.522530880974808e-06
    },
    "total_energy_kwh": {
      "process_2": 0.01193799117488648,
      "process_0": 0.012020270000277932,
      "process_3": 0.011836762331681528,
      "process_1": 0.011901827153644299
    },
    "total_energy_joules": {
      "process_2": 42976.76822959133,
      "process_0": 43272.972001000555,
      "process_3": 42612.3443940535,
      "process_1": 42846.577753119476
    }
  },
  "global_experiment_results": {
    "cpu_power_avg": 112.5,
    "gpu_power_avg": 761.0331568855406,
    "ram_power_avg": 0.7112199068069458,
    "cpu_energy_total": 0.005161681139465146,
    "gpu_energy_total": 0.04250868984025935,
    "ram_energy_total": 2.647968076575333e-05,
    "total_energy_kwh": 0.047696850660490245,
    "total_energy_joules": 171708.66237776488
  },
  "global_derived_quantities": {
    "tokens_per_joule": 0.0954174342349406,
    "joules_per_token": 10.480265037705376,
    "flops_per_joule": 306557523.5398278,
    "joules_per_flop": 3.2620305267767487e-09
  },
  "per-process_emissions": [
    0.004547777738073005,
    0.0045791218566058785,
    0.004509214610254078,
    0.0045340010541807954
  ]
}