{
  "process_id": 3152388,
  "local_process_index": 1,
  "energy_results": {
    "cpu_power": 112.5,
    "gpu_power": 939.9982277811475,
    "ram_power": 0.7104549407958984,
    "cpu_energy": 0.001285054467904047,
    "gpu_energy": 0.01061025015485928,
    "ram_energy": 6.522530880974808e-06,
    "total_energy_kwh": 0.011901827153644299,
    "total_energy_joules": 42846.577753119476,
    "final_emissions": 0.0045340010541807954
  }
}