{
  "process_id": 3152387,
  "local_process_index": 0,
  "energy_results": {
    "cpu_power": 112.5,
    "gpu_power": 400.1629917891744,
    "ram_power": 0.6898283958435059,
    "cpu_energy": 0.00130720352249773,
    "gpu_energy": 0.0107065388430021,
    "ram_energy": 6.5276347781055155e-06,
    "total_energy_kwh": 0.012020270000277932,
    "total_energy_joules": 43272.972001000555,
    "final_emissions": 0.0045791218566058785
  }
}