{
  "process_id": 3152390,
  "local_process_index": 3,
  "energy_results": {
    "cpu_power": 112.5,
    "gpu_power": 942.5932713876743,
    "ram_power": 0.7189149856567383,
    "cpu_energy": 0.0012788603425306071,
    "gpu_energy": 0.010551267885453797,
    "ram_energy": 6.63410369712847e-06,
    "total_energy_kwh": 0.011836762331681528,
    "total_energy_joules": 42612.3443940535,
    "final_emissions": 0.004509214610254078
  }
}