{
  "process_id": 3152389,
  "local_process_index": 2,
  "energy_results": {
    "cpu_power": 112.5,
    "gpu_power": 761.3781365841659,
    "ram_power": 0.7256813049316406,
    "cpu_energy": 0.0012905628065327617,
    "gpu_energy": 0.010640632956944174,
    "ram_energy": 6.7954114095445375e-06,
    "total_energy_kwh": 0.01193799117488648,
    "total_energy_joules": 42976.76822959133,
    "final_emissions": 0.004547777738073005
  }
}