{
  "process_id": 3149043,
  "local_process_index": 1,
  "energy_results": {
    "cpu_power": 112.5,
    "gpu_power": 900.6455731050204,
    "ram_power": 0.7252264022827148,
    "cpu_energy": 0.0012358244307833955,
    "gpu_energy": 0.010389113589060806,
    "ram_energy": 6.5459605190361295e-06,
    "total_energy_kwh": 0.011631483980363233,
    "total_energy_joules": 41873.34232930764,
    "final_emissions": 0.004431013822319374
  }
}