{
  "process_id": 3149042,
  "local_process_index": 0,
  "energy_results": {
    "cpu_power": 112.5,
    "gpu_power": 962.9946910162369,
    "ram_power": 0.6891775131225586,
    "cpu_energy": 0.0012333216914394143,
    "gpu_energy": 0.010382066083424846,
    "ram_energy": 6.222824260993855e-06,
    "total_energy_kwh": 0.011621610599125256,
    "total_energy_joules": 41837.79815685092,
    "final_emissions": 0.004427252557736766
  }
}