{
  "process_id": 3149045,
  "local_process_index": 3,
  "energy_results": {
    "cpu_power": 112.5,
    "gpu_power": 858.5593970897169,
    "ram_power": 0.7313275337219238,
    "cpu_energy": 0.0012387066996197974,
    "gpu_energy": 0.010402370544110973,
    "ram_energy": 6.7020869292920215e-06,
    "total_energy_kwh": 0.011647779330660059,
    "total_energy_joules": 41932.00559037621,
    "final_emissions": 0.004437221536014949
  }
}