{
  "experiment_id": "0186",
  "local_process_results": {
    "cpu_power": {
      "process_2": 112.5,
      "process_3": 112.5,
      "process_0": 112.5,
      "process_1": 112.5
    },
    "gpu_power": {
      "process_2": 976.9775881036784,
      "process_3": 858.5593970897169,
      "process_0": 962.9946910162369,
      "process_1": 900.6455731050204
    },
    "ram_power": {
      "process_2": 0.7321929931640625,
      "process_3": 0.7313275337219238,
      "process_0": 0.6891775131225586,
      "process_1": 0.7252264022827148
    },
    "cpu_energy": {
      "process_2": 0.0012269424494661507,
      "process_3": 0.0012387066996197974,
      "process_0": 0.0012333216914394143,
      "process_1": 0.0012358244307833955
    },
    "gpu_energy": {
      "process_2": 0.010344050219679879,
      "process_3": 0.010402370544110973,
      "process_0": 0.010382066083424846,
      "process_1": 0.010389113589060806
    },
    "ram_energy": {
      "process_2": 6.615674579593597e-06,
      "process_3": 6.7020869292920215e-06,
      "process_0": 6.222824260993855e-06,
      "process_1": 6.5459605190361295e-06
    },
    "total_energy_kwh": {
      "process_2": 0.011577608343725624,
      "process_3": 0.011647779330660059,
      "process_0": 0.011621610599125256,
      "process_1": 0.011631483980363233
    },
    "total_energy_joules": {
      "process_2": 41679.390037412246,
      "process_3": 41932.00559037621,
      "process_0": 41837.79815685092,
      "process_1": 41873.34232930764
    }
  },
  "global_experiment_results": {
    "cpu_power_avg": 112.5,
    "gpu_power_avg": 924.7943123286631,
    "ram_power_avg": 0.7194811105728149,
    "cpu_energy_total": 0.004934795271308757,
    "gpu_energy_total": 0.0415176004362765,
    "ram_energy_total": 2.6086546288915604e-05,
    "total_energy_kwh": 0.04647848225387417,
    "total_energy_joules": 167322.53611394702
  },
  "global_derived_quantities": {
    "tokens_per_joule": 0.09791866882081239,
    "joules_per_token": 10.212557135861024,
    "flops_per_joule": 314593500.26237357,
    "joules_per_flop": 3.1787052153524844e-09
  },
  "per-process_emissions": [
    0.004410489898542276,
    0.004437221536014949,
    0.004427252557736766,
    0.004431013822319374
  ]
}