{
  "process_id": 3149044,
  "local_process_index": 2,
  "energy_results": {
    "cpu_power": 112.5,
    "gpu_power": 976.9775881036784,
    "ram_power": 0.7321929931640625,
    "cpu_energy": 0.0012269424494661507,
    "gpu_energy": 0.010344050219679879,
    "ram_energy": 6.615674579593597e-06,
    "total_energy_kwh": 0.011577608343725624,
    "total_energy_joules": 41679.390037412246,
    "final_emissions": 0.004410489898542276
  }
}