{
  "process_id": 3128417,
  "local_process_index": 0,
  "energy_results": {
    "cpu_power": 112.5,
    "gpu_power": 6155.757915645072,
    "ram_power": 0.6899228096008301,
    "cpu_energy": 0.0012739796853038572,
    "gpu_energy": 0.010614482936023073,
    "ram_energy": 6.613523279649269e-06,
    "total_energy_kwh": 0.01189507614460658,
    "total_energy_joules": 42822.27412058369,
    "final_emissions": 0.004531429257287877
  }
}