{
  "process_id": 3128418,
  "local_process_index": 1,
  "energy_results": {
    "cpu_power": 112.5,
    "gpu_power": 932.9741941007571,
    "ram_power": 0.726156234741211,
    "cpu_energy": 0.001273009068598185,
    "gpu_energy": 0.010616467382055461,
    "ram_energy": 7.029336334193634e-06,
    "total_energy_kwh": 0.011896505786987836,
    "total_energy_joules": 42827.42083315621,
    "final_emissions": 0.004531973879553016
  }
}