{
  "process_id": 3128419,
  "local_process_index": 2,
  "energy_results": {
    "cpu_power": 112.5,
    "gpu_power": 501.1095580701819,
    "ram_power": 0.7272906303405762,
    "cpu_energy": 0.001272297043062281,
    "gpu_energy": 0.010610217377055697,
    "ram_energy": 6.891793718946126e-06,
    "total_energy_kwh": 0.01188940621383692,
    "total_energy_joules": 42801.862369812916,
    "final_emissions": 0.004529269297161175
  }
}