{
  "process_id": 3128420,
  "local_process_index": 3,
  "energy_results": {
    "cpu_power": 112.5,
    "gpu_power": 1029.6324728242435,
    "ram_power": 0.7255725860595703,
    "cpu_energy": 0.0012619608988188704,
    "gpu_energy": 0.010552870108955226,
    "ram_energy": 6.721049111882196e-06,
    "total_energy_kwh": 0.011821552056885974,
    "total_energy_joules": 42557.587404789505,
    "final_emissions": 0.004503420256070712
  }
}