{
  "experiment_id": "0174",
  "local_process_results": {
    "cpu_power": {
      "process_3": 112.5,
      "process_0": 112.5,
      "process_2": 112.5,
      "process_1": 112.5
    },
    "gpu_power": {
      "process_3": 1029.6324728242435,
      "process_0": 6155.757915645072,
      "process_2": 501.1095580701819,
      "process_1": 932.9741941007571
    },
    "ram_power": {
      "process_3": 0.7255725860595703,
      "process_0": 0.6899228096008301,
      "process_2": 0.7272906303405762,
      "process_1": 0.726156234741211
    },
    "cpu_energy": {
      "process_3": 0.0012619608988188704,
      "process_0": 0.0012739796853038572,
      "process_2": 0.001272297043062281,
      "process_1": 0.001273009068598185
    },
    "gpu_energy": {
      "process_3": 0.010552870108955226,
      "process_0": 0.010614482936023073,
      "process_2": 0.010610217377055697,
      "process_1": 0.010616467382055461
    },
    "ram_energy": {
      "process_3": 6.721049111882196e-06,
      "process_0": 6.613523279649269e-06,
      "process_2": 6.891793718946126e-06,
      "process_1": 7.029336334193634e-06
    },
    "total_energy_kwh": {
      "process_3": 0.011821552056885974,
      "process_0": 0.01189507614460658,
      "process_2": 0.01188940621383692,
      "process_1": 0.011896505786987836
    },
    "total_energy_joules": {
      "process_3": 42557.587404789505,
      "process_0": 42822.27412058369,
      "process_2": 42801.862369812916,
      "process_1": 42827.42083315621
    }
  },
  "global_experiment_results": {
    "cpu_power_avg": 112.5,
    "gpu_power_avg": 2154.868535160064,
    "ram_power_avg": 0.7172355651855469,
    "cpu_energy_total": 0.005081246695783193,
    "gpu_energy_total": 0.04239403780408946,
    "ram_energy_total": 2.7255702444671226e-05,
    "total_energy_kwh": 0.04750254020231731,
    "total_energy_joules": 171009.1447283423
  },
  "global_derived_quantities": {
    "tokens_per_joule": 0.09580774189606592,
    "joules_per_token": 10.437569868673236,
    "flops_per_joule": 307811505.59219134,
    "joules_per_flop": 3.2487414597323884e-09
  },
  "per-process_emissions": [
    0.004503420256070712,
    0.004531429257287877,
    0.004529269297161175,
    0.004531973879553016
  ]
}