{
  "process_id": 3168269,
  "local_process_index": 3,
  "energy_results": {
    "cpu_power": 112.5,
    "gpu_power": 917.861695989399,
    "ram_power": 0.7073864936828613,
    "cpu_energy": 0.0011966250093792044,
    "gpu_energy": 0.010230004850665608,
    "ram_energy": 6.506631267146859e-06,
    "total_energy_kwh": 0.01143313649131196,
    "total_energy_joules": 41159.291368723054,
    "final_emissions": 0.004355453346365291
  }
}