{
  "process_id": 3168266,
  "local_process_index": 0,
  "energy_results": {
    "cpu_power": 112.5,
    "gpu_power": 988.560223928451,
    "ram_power": 0.6859102249145508,
    "cpu_energy": 0.0011920559980571853,
    "gpu_energy": 0.01020664483197642,
    "ram_energy": 6.315276640451457e-06,
    "total_energy_kwh": 0.011405016106674052,
    "total_energy_joules": 41058.057984026585,
    "final_emissions": 0.00434474088583748
  }
}