{
  "experiment_id": "0198",
  "local_process_results": {
    "cpu_power": {
      "process_2": 112.5,
      "process_0": 112.5,
      "process_1": 112.5,
      "process_3": 112.5
    },
    "gpu_power": {
      "process_2": 1056.7220912990208,
      "process_0": 988.560223928451,
      "process_1": 793.2725553011417,
      "process_3": 917.861695989399
    },
    "ram_power": {
      "process_2": 0.7221693992614746,
      "process_0": 0.6859102249145508,
      "process_1": 0.7230277061462402,
      "process_3": 0.7073864936828613
    },
    "cpu_energy": {
      "process_2": 0.0011898429132470485,
      "process_0": 0.0011920559980571853,
      "process_1": 0.0012015730449093098,
      "process_3": 0.0011966250093792044
    },
    "gpu_energy": {
      "process_2": 0.010184813147843919,
      "process_0": 0.01020664483197642,
      "process_1": 0.010255797371300446,
      "process_3": 0.010230004850665608
    },
    "ram_energy": {
      "process_2": 6.612415785813451e-06,
      "process_0": 6.315276640451457e-06,
      "process_1": 6.684383262875573e-06,
      "process_3": 6.506631267146859e-06
    },
    "total_energy_kwh": {
      "process_2": 0.011381268476876783,
      "process_0": 0.011405016106674052,
      "process_1": 0.011464054799472625,
      "process_3": 0.01143313649131196
    },
    "total_energy_joules": {
      "process_2": 40972.566516756415,
      "process_0": 41058.057984026585,
      "process_1": 41270.59727810145,
      "process_3": 41159.291368723054
    }
  },
  "global_experiment_results": {
    "cpu_power_avg": 112.5,
    "gpu_power_avg": 939.1041416295031,
    "ram_power_avg": 0.7096234560012817,
    "cpu_energy_total": 0.004780096965592748,
    "gpu_energy_total": 0.04087726020178639,
    "ram_energy_total": 2.6118706956287344e-05,
    "total_energy_kwh": 0.045683475874335425,
    "total_energy_joules": 164460.5131476075
  },
  "global_derived_quantities": {
    "tokens_per_joule": 0.09962269779187022,
    "joules_per_token": 10.037873116919403,
    "flops_per_joule": 320068211.5202908,
    "joules_per_flop": 3.124334013834438e-09
  },
  "per-process_emissions": [
    0.004335694226266211,
    0.00434474088583748,
    0.004367231675859096,
    0.004355453346365291
  ]
}