{
  "process_id": 3168267,
  "local_process_index": 1,
  "energy_results": {
    "cpu_power": 112.5,
    "gpu_power": 793.2725553011417,
    "ram_power": 0.7230277061462402,
    "cpu_energy": 0.0012015730449093098,
    "gpu_energy": 0.010255797371300446,
    "ram_energy": 6.684383262875573e-06,
    "total_energy_kwh": 0.011464054799472625,
    "total_energy_joules": 41270.59727810145,
    "final_emissions": 0.004367231675859096
  }
}