{
  "process_id": 3168268,
  "local_process_index": 2,
  "energy_results": {
    "cpu_power": 112.5,
    "gpu_power": 1056.7220912990208,
    "ram_power": 0.7221693992614746,
    "cpu_energy": 0.0011898429132470485,
    "gpu_energy": 0.010184813147843919,
    "ram_energy": 6.612415785813451e-06,
    "total_energy_kwh": 0.011381268476876783,
    "total_energy_joules": 40972.566516756415,
    "final_emissions": 0.004335694226266211
  }
}