{
  "process_id": 3162038,
  "local_process_index": 2,
  "energy_results": {
    "cpu_power": 112.5,
    "gpu_power": 1058.0631226177236,
    "ram_power": 0.7304120063781738,
    "cpu_energy": 0.0011499383128775662,
    "gpu_energy": 0.010103061971332039,
    "ram_energy": 6.468760278372999e-06,
    "total_energy_kwh": 0.011259469044487979,
    "total_energy_joules": 40534.08856015672,
    "final_emissions": 0.004289294732497695
  }
}