{
  "experiment_id": "0194",
  "local_process_results": {
    "cpu_power": {
      "process_3": 112.5,
      "process_0": 112.5,
      "process_1": 112.5,
      "process_2": 112.5
    },
    "gpu_power": {
      "process_3": 796.1151988869537,
      "process_0": 891.419955635468,
      "process_1": 816.9516460928386,
      "process_2": 1058.0631226177236
    },
    "ram_power": {
      "process_3": 0.709075927734375,
      "process_0": 0.6865439414978027,
      "process_1": 0.7073535919189453,
      "process_2": 0.7304120063781738
    },
    "cpu_energy": {
      "process_3": 0.001167219682753057,
      "process_0": 0.0011573387886273851,
      "process_1": 0.0011614096558751044,
      "process_2": 0.0011499383128775662
    },
    "gpu_energy": {
      "process_3": 0.01019660537949818,
      "process_0": 0.010154907290587545,
      "process_1": 0.0101829178685513,
      "process_2": 0.010103061971332039
    },
    "ram_energy": {
      "process_3": 6.347579867426472e-06,
      "process_0": 6.088657432054814e-06,
      "process_1": 6.317030693308883e-06,
      "process_2": 6.468760278372999e-06
    },
    "total_energy_kwh": {
      "process_3": 0.011370172642118662,
      "process_0": 0.011318334736646986,
      "process_1": 0.011350644555119714,
      "process_2": 0.011259469044487979
    },
    "total_energy_joules": {
      "process_3": 40932.621511627185,
      "process_0": 40746.00505192915,
      "process_1": 40862.32039843097,
      "process_2": 40534.08856015672
    }
  },
  "global_experiment_results": {
    "cpu_power_avg": 112.5,
    "gpu_power_avg": 890.637480808246,
    "ram_power_avg": 0.7083463668823242,
    "cpu_energy_total": 0.004635906440133113,
    "gpu_energy_total": 0.040637492509969064,
    "ram_energy_total": 2.5222028271163168e-05,
    "total_energy_kwh": 0.04529862097837334,
    "total_energy_joules": 163075.03552214403
  },
  "global_derived_quantities": {
    "tokens_per_joule": 0.10046908742065067,
    "joules_per_token": 9.953310273568361,
    "flops_per_joule": 322787495.5864485,
    "joules_per_flop": 3.0980134412678364e-09
  },
  "per-process_emissions": [
    0.004331467268015104,
    0.004311719617925669,
    0.0043240280432728555,
    0.004289294732497695
  ]
}