{
  "process_id": 3162037,
  "local_process_index": 1,
  "energy_results": {
    "cpu_power": 112.5,
    "gpu_power": 816.9516460928386,
    "ram_power": 0.7073535919189453,
    "cpu_energy": 0.0011614096558751044,
    "gpu_energy": 0.0101829178685513,
    "ram_energy": 6.317030693308883e-06,
    "total_energy_kwh": 0.011350644555119714,
    "total_energy_joules": 40862.32039843097,
    "final_emissions": 0.0043240280432728555
  }
}