{
  "process_id": 3162039,
  "local_process_index": 3,
  "energy_results": {
    "cpu_power": 112.5,
    "gpu_power": 796.1151988869537,
    "ram_power": 0.709075927734375,
    "cpu_energy": 0.001167219682753057,
    "gpu_energy": 0.01019660537949818,
    "ram_energy": 6.347579867426472e-06,
    "total_energy_kwh": 0.011370172642118662,
    "total_energy_joules": 40932.621511627185,
    "final_emissions": 0.004331467268015104
  }
}