{
  "process_id": 3162036,
  "local_process_index": 0,
  "energy_results": {
    "cpu_power": 112.5,
    "gpu_power": 891.419955635468,
    "ram_power": 0.6865439414978027,
    "cpu_energy": 0.0011573387886273851,
    "gpu_energy": 0.010154907290587545,
    "ram_energy": 6.088657432054814e-06,
    "total_energy_kwh": 0.011318334736646986,
    "total_energy_joules": 40746.00505192915,
    "final_emissions": 0.004311719617925669
  }
}