{
  "process_id": 3136937,
  "local_process_index": 1,
  "energy_results": {
    "cpu_power": 112.5,
    "gpu_power": 1123.1817878419497,
    "ram_power": 0.7178778648376465,
    "cpu_energy": 0.0012495407762562539,
    "gpu_energy": 0.010326561594577122,
    "ram_energy": 6.463131337814527e-06,
    "total_energy_kwh": 0.01158256550217119,
    "total_energy_joules": 41697.23580781628,
    "final_emissions": 0.004412378328052115
  }
}