{
  "process_id": 3136936,
  "local_process_index": 0,
  "energy_results": {
    "cpu_power": 112.5,
    "gpu_power": 502.52356830816535,
    "ram_power": 0.6888012886047363,
    "cpu_energy": 0.0012799197993736014,
    "gpu_energy": 0.010497800898233933,
    "ram_energy": 6.365029481311767e-06,
    "total_energy_kwh": 0.011784085727088849,
    "total_energy_joules": 42422.70861751986,
    "final_emissions": 0.004489147457734497
  }
}