{
  "experiment_id": "0179",
  "local_process_results": {
    "cpu_power": {
      "process_3": 112.5,
      "process_0": 112.5,
      "process_2": 112.5,
      "process_1": 112.5
    },
    "gpu_power": {
      "process_3": 848.0094839622574,
      "process_0": 502.52356830816535,
      "process_2": 640.9909365320096,
      "process_1": 1123.1817878419497
    },
    "ram_power": {
      "process_3": 0.7245898246765137,
      "process_0": 0.6888012886047363,
      "process_2": 0.7081718444824219,
      "process_1": 0.7178778648376465
    },
    "cpu_energy": {
      "process_3": 0.0012548450881822645,
      "process_0": 0.0012799197993736014,
      "process_2": 0.00128134865453103,
      "process_1": 0.0012495407762562539
    },
    "gpu_energy": {
      "process_3": 0.010365175236578317,
      "process_0": 0.010497800898233933,
      "process_2": 0.010507276183591152,
      "process_1": 0.010326561594577122
    },
    "ram_energy": {
      "process_3": 6.530313163378562e-06,
      "process_0": 6.365029481311767e-06,
      "process_2": 6.4646940187290855e-06,
      "process_1": 6.463131337814527e-06
    },
    "total_energy_kwh": {
      "process_3": 0.011626550637923961,
      "process_0": 0.011784085727088849,
      "process_2": 0.011795089532140915,
      "process_1": 0.01158256550217119
    },
    "total_energy_joules": {
      "process_3": 41855.58229652626,
      "process_0": 42422.70861751986,
      "process_2": 42462.32231570729,
      "process_1": 41697.23580781628
    }
  },
  "global_experiment_results": {
    "cpu_power_avg": 112.5,
    "gpu_power_avg": 778.6764441610956,
    "ram_power_avg": 0.7098602056503296,
    "cpu_energy_total": 0.00506565431834315,
    "gpu_energy_total": 0.041696813912980524,
    "ram_energy_total": 2.5823168001233944e-05,
    "total_energy_kwh": 0.046788291399324916,
    "total_energy_joules": 168437.8490375697
  },
  "global_derived_quantities": {
    "tokens_per_joule": 0.09727029936333124,
    "joules_per_token": 10.280630434421978,
    "flops_per_joule": 312510416.21365684,
    "joules_per_flop": 3.1998933415272817e-09
  },
  "per-process_emissions": [
    0.004429134465517133,
    0.004489147457734497,
    0.004493339357269081,
    0.004412378328052115
  ]
}