{
  "process_id": 3136938,
  "local_process_index": 2,
  "energy_results": {
    "cpu_power": 112.5,
    "gpu_power": 640.9909365320096,
    "ram_power": 0.7081718444824219,
    "cpu_energy": 0.00128134865453103,
    "gpu_energy": 0.010507276183591152,
    "ram_energy": 6.4646940187290855e-06,
    "total_energy_kwh": 0.011795089532140915,
    "total_energy_joules": 42462.32231570729,
    "final_emissions": 0.004493339357269081
  }
}