{
  "process_id": 3136939,
  "local_process_index": 3,
  "energy_results": {
    "cpu_power": 112.5,
    "gpu_power": 848.0094839622574,
    "ram_power": 0.7245898246765137,
    "cpu_energy": 0.0012548450881822645,
    "gpu_energy": 0.010365175236578317,
    "ram_energy": 6.530313163378562e-06,
    "total_energy_kwh": 0.011626550637923961,
    "total_energy_joules": 41855.58229652626,
    "final_emissions": 0.004429134465517133
  }
}