{
  "process_id": 3025770,
  "local_process_index": 0,
  "energy_results": {
    "cpu_power": 112.5,
    "gpu_power": 605.9708009009954,
    "ram_power": 0.6888656616210938,
    "cpu_energy": 0.0012617308446006067,
    "gpu_energy": 0.0104921650603913,
    "ram_energy": 6.275182679181279e-06,
    "total_energy_kwh": 0.011760171087671089,
    "total_energy_joules": 42336.61591561592,
    "final_emissions": 0.004480037175848301
  }
}