{
  "experiment_id": "0115",
  "local_process_results": {
    "cpu_power": {
      "process_2": 112.5,
      "process_0": 112.5,
      "process_1": 112.5,
      "process_3": 112.5
    },
    "gpu_power": {
      "process_2": 1598.4420655871565,
      "process_0": 605.9708009009954,
      "process_1": 816.9556716154544,
      "process_3": 667.8236744692906
    },
    "ram_power": {
      "process_2": 0.7239174842834473,
      "process_0": 0.6888656616210938,
      "process_1": 0.7323818206787109,
      "process_3": 0.7240862846374512
    },
    "cpu_energy": {
      "process_2": 0.001243125456872804,
      "process_0": 0.0012617308446006067,
      "process_1": 0.0012490429368754122,
      "process_3": 0.0012602683136265116
    },
    "gpu_energy": {
      "process_2": 0.010392150813712142,
      "process_0": 0.0104921650603913,
      "process_1": 0.010420621114268336,
      "process_3": 0.010484008387198429
    },
    "ram_energy": {
      "process_2": 6.6476247756050325e-06,
      "process_0": 6.275182679181279e-06,
      "process_1": 6.679323379476813e-06,
      "process_3": 6.730862149253486e-06
    },
    "total_energy_kwh": {
      "process_2": 0.011641923895360546,
      "process_0": 0.011760171087671089,
      "process_1": 0.011676343374523224,
      "process_3": 0.011751007562974189
    },
    "total_energy_joules": {
      "process_2": 41910.926023297965,
      "process_0": 42336.61591561592,
      "process_1": 42034.836148283604,
      "process_3": 42303.62722670708
    }
  },
  "global_experiment_results": {
    "cpu_power_avg": 112.5,
    "gpu_power_avg": 922.2980531432243,
    "ram_power_avg": 0.7173128128051758,
    "cpu_energy_total": 0.005014167551975335,
    "gpu_energy_total": 0.04178894537557021,
    "ram_energy_total": 2.633299298351661e-05,
    "total_energy_kwh": 0.046829445920529046,
    "total_energy_joules": 168586.00531390458
  },
  "global_derived_quantities": {
    "tokens_per_joule": 0.09718481655397933,
    "joules_per_token": 10.289673175897496,
    "flops_per_joule": 312235776.6936334,
    "joules_per_flop": 3.202707936256782e-09
  },
  "per-process_emissions": [
    0.0044349909079376,
    0.004480037175848301,
    0.004448103008524622,
    0.004476546331115017
  ]
}