{
  "process_id": 3025773,
  "local_process_index": 3,
  "energy_results": {
    "cpu_power": 112.5,
    "gpu_power": 667.8236744692906,
    "ram_power": 0.7240862846374512,
    "cpu_energy": 0.0012602683136265116,
    "gpu_energy": 0.010484008387198429,
    "ram_energy": 6.730862149253486e-06,
    "total_energy_kwh": 0.011751007562974189,
    "total_energy_joules": 42303.62722670708,
    "final_emissions": 0.004476546331115017
  }
}