{
  "process_id": 3025772,
  "local_process_index": 2,
  "energy_results": {
    "cpu_power": 112.5,
    "gpu_power": 1598.4420655871565,
    "ram_power": 0.7239174842834473,
    "cpu_energy": 0.001243125456872804,
    "gpu_energy": 0.010392150813712142,
    "ram_energy": 6.6476247756050325e-06,
    "total_energy_kwh": 0.011641923895360546,
    "total_energy_joules": 41910.926023297965,
    "final_emissions": 0.0044349909079376
  }
}