{
  "process_id": 3025771,
  "local_process_index": 1,
  "energy_results": {
    "cpu_power": 112.5,
    "gpu_power": 816.9556716154544,
    "ram_power": 0.7323818206787109,
    "cpu_energy": 0.0012490429368754122,
    "gpu_energy": 0.010420621114268336,
    "ram_energy": 6.679323379476813e-06,
    "total_energy_kwh": 0.011676343374523224,
    "total_energy_joules": 42034.836148283604,
    "final_emissions": 0.004448103008524622
  }
}