{
  "process_id": 3000998,
  "local_process_index": 2,
  "energy_results": {
    "cpu_power": 112.5,
    "gpu_power": 503.86483543112024,
    "ram_power": 0.731513500213623,
    "cpu_energy": 0.001245818996254457,
    "gpu_energy": 0.010459867812332213,
    "ram_energy": 6.660867308930595e-06,
    "total_energy_kwh": 0.011712347675895596,
    "total_energy_joules": 42164.45163322415,
    "final_emissions": 0.004461818847132428
  }
}