{
  "experiment_id": "0100",
  "local_process_results": {
    "cpu_power": {
      "process_3": 112.5,
      "process_1": 112.5,
      "process_2": 112.5,
      "process_0": 112.5
    },
    "gpu_power": {
      "process_3": 2207.3873608240256,
      "process_1": 696.5932250289342,
      "process_2": 503.86483543112024,
      "process_0": 1503.3820347043102
    },
    "ram_power": {
      "process_3": 0.731539249420166,
      "process_1": 0.7247142791748047,
      "process_2": 0.731513500213623,
      "process_0": 0.6891303062438965
    },
    "cpu_energy": {
      "process_3": 0.0012426960038083054,
      "process_1": 0.0012459913585953473,
      "process_2": 0.001245818996254457,
      "process_0": 0.0012432959491634394
    },
    "gpu_energy": {
      "process_3": 0.010455060030706953,
      "process_1": 0.010458025588635067,
      "process_2": 0.010459867812332213,
      "process_0": 0.010455478919932482
    },
    "ram_energy": {
      "process_3": 6.763249637117013e-06,
      "process_1": 6.50172994332963e-06,
      "process_2": 6.660867308930595e-06,
      "process_0": 6.327760354216511e-06
    },
    "total_energy_kwh": {
      "process_3": 0.011704519284152377,
      "process_1": 0.011710518677173742,
      "process_2": 0.011712347675895596,
      "process_0": 0.01170510262945014
    },
    "total_energy_joules": {
      "process_3": 42136.26942294856,
      "process_1": 42157.86723782547,
      "process_2": 42164.45163322415,
      "process_0": 42138.3694660205
    }
  },
  "global_experiment_results": {
    "cpu_power_avg": 112.5,
    "gpu_power_avg": 1227.8068639970975,
    "ram_power_avg": 0.7192243337631226,
    "cpu_energy_total": 0.004977802307821549,
    "gpu_energy_total": 0.041828432351606715,
    "ram_energy_total": 2.6253607243593748e-05,
    "total_energy_kwh": 0.04683248826667186,
    "total_energy_joules": 168596.95776001867
  },
  "global_derived_quantities": {
    "tokens_per_joule": 0.09717850320479107,
    "joules_per_token": 10.29034166015739,
    "flops_per_joule": 312215493.13950187,
    "joules_per_flop": 3.2029160050465118e-09
  },
  "per-process_emissions": [
    0.004458836621297848,
    0.004461122090069337,
    0.004461818847132428,
    0.004459058846689031
  ]
}