{
  "process_id": 3000997,
  "local_process_index": 1,
  "energy_results": {
    "cpu_power": 112.5,
    "gpu_power": 696.5932250289342,
    "ram_power": 0.7247142791748047,
    "cpu_energy": 0.0012459913585953473,
    "gpu_energy": 0.010458025588635067,
    "ram_energy": 6.50172994332963e-06,
    "total_energy_kwh": 0.011710518677173742,
    "total_energy_joules": 42157.86723782547,
    "final_emissions": 0.004461122090069337
  }
}