{
  "process_id": 3000999,
  "local_process_index": 3,
  "energy_results": {
    "cpu_power": 112.5,
    "gpu_power": 2207.3873608240256,
    "ram_power": 0.731539249420166,
    "cpu_energy": 0.0012426960038083054,
    "gpu_energy": 0.010455060030706953,
    "ram_energy": 6.763249637117013e-06,
    "total_energy_kwh": 0.011704519284152377,
    "total_energy_joules": 42136.26942294856,
    "final_emissions": 0.004458836621297848
  }
}