{
  "process_id": 3000996,
  "local_process_index": 0,
  "energy_results": {
    "cpu_power": 112.5,
    "gpu_power": 1503.3820347043102,
    "ram_power": 0.6891303062438965,
    "cpu_energy": 0.0012432959491634394,
    "gpu_energy": 0.010455478919932482,
    "ram_energy": 6.327760354216511e-06,
    "total_energy_kwh": 0.01170510262945014,
    "total_energy_joules": 42138.3694660205,
    "final_emissions": 0.004459058846689031
  }
}