{
  "process_id": 3012564,
  "local_process_index": 1,
  "energy_results": {
    "cpu_power": 112.5,
    "gpu_power": 445.5693494890815,
    "ram_power": 0.7061319351196289,
    "cpu_energy": 0.0013576929757455221,
    "gpu_energy": 0.010621569886138715,
    "ram_energy": 7.06297399574414e-06,
    "total_energy_kwh": 0.011986325835879982,
    "total_energy_joules": 43150.77300916793,
    "final_emissions": 0.00456619082717848
  }
}