{
  "process_id": 3012563,
  "local_process_index": 0,
  "energy_results": {
    "cpu_power": 112.5,
    "gpu_power": 996.9406635962005,
    "ram_power": 0.6812796592712402,
    "cpu_energy": 0.0013129063521264467,
    "gpu_energy": 0.010413529719705217,
    "ram_energy": 6.614793262935232e-06,
    "total_energy_kwh": 0.0117330508650946,
    "total_energy_joules": 42238.98311434056,
    "final_emissions": 0.004469705727057788
  }
}