{
  "process_id": 3012567,
  "local_process_index": 3,
  "energy_results": {
    "cpu_power": 112.5,
    "gpu_power": 861.7134507012263,
    "ram_power": 0.7072134017944336,
    "cpu_energy": 0.0013301088456901195,
    "gpu_energy": 0.010511968687347384,
    "ram_energy": 7.072375434976314e-06,
    "total_energy_kwh": 0.011849149908472481,
    "total_energy_joules": 42656.939670500935,
    "final_emissions": 0.004513933657632592
  }
}