{
  "process_id": 3012565,
  "local_process_index": 2,
  "energy_results": {
    "cpu_power": 112.5,
    "gpu_power": 859.2503653602618,
    "ram_power": 0.7224626541137695,
    "cpu_energy": 0.0013256988550583628,
    "gpu_energy": 0.010491758671178353,
    "ram_energy": 7.088135626762102e-06,
    "total_energy_kwh": 0.01182454566186348,
    "total_energy_joules": 42568.364382708525,
    "final_emissions": 0.004504560669886893
  }
}