{
  "experiment_id": "0107",
  "local_process_results": {
    "cpu_power": {
      "process_3": 112.5,
      "process_1": 112.5,
      "process_2": 112.5,
      "process_0": 112.5
    },
    "gpu_power": {
      "process_3": 861.7134507012263,
      "process_1": 445.5693494890815,
      "process_2": 859.2503653602618,
      "process_0": 996.9406635962005
    },
    "ram_power": {
      "process_3": 0.7072134017944336,
      "process_1": 0.7061319351196289,
      "process_2": 0.7224626541137695,
      "process_0": 0.6812796592712402
    },
    "cpu_energy": {
      "process_3": 0.0013301088456901195,
      "process_1": 0.0013576929757455221,
      "process_2": 0.0013256988550583628,
      "process_0": 0.0013129063521264467
    },
    "gpu_energy": {
      "process_3": 0.010511968687347384,
      "process_1": 0.010621569886138715,
      "process_2": 0.010491758671178353,
      "process_0": 0.010413529719705217
    },
    "ram_energy": {
      "process_3": 7.072375434976314e-06,
      "process_1": 7.06297399574414e-06,
      "process_2": 7.088135626762102e-06,
      "process_0": 6.614793262935232e-06
    },
    "total_energy_kwh": {
      "process_3": 0.011849149908472481,
      "process_1": 0.011986325835879982,
      "process_2": 0.01182454566186348,
      "process_0": 0.0117330508650946
    },
    "total_energy_joules": {
      "process_3": 42656.939670500935,
      "process_1": 43150.77300916793,
      "process_2": 42568.364382708525,
      "process_0": 42238.98311434056
    }
  },
  "global_experiment_results": {
    "cpu_power_avg": 112.5,
    "gpu_power_avg": 790.8684572866925,
    "ram_power_avg": 0.7042719125747681,
    "cpu_energy_total": 0.0053264070286204515,
    "gpu_energy_total": 0.04203882696436967,
    "ram_energy_total": 2.783827832041779e-05,
    "total_energy_kwh": 0.047393072271310545,
    "total_energy_joules": 170615.06017671793
  },
  "global_derived_quantities": {
    "tokens_per_joule": 0.09602903743098615,
    "joules_per_token": 10.413516856489132,
    "flops_per_joule": 308522484.7932096,
    "joules_per_flop": 3.241254849448851e-09
  },
  "per-process_emissions": [
    0.004513933657632592,
    0.00456619082717848,
    0.004504560669886893,
    0.004469705727057788
  ]
}