{
  "process_id": 3085986,
  "local_process_index": 0,
  "energy_results": {
    "cpu_power": 112.5,
    "gpu_power": 433.0155248849632,
    "ram_power": 0.6908583641052246,
    "cpu_energy": 0.0012787808066605066,
    "gpu_energy": 0.010630984615892736,
    "ram_energy": 6.445841536662202e-06,
    "total_energy_kwh": 0.011916211264089902,
    "total_energy_joules": 42898.36055072365,
    "final_emissions": 0.0045394806810550485
  }
}