{
  "process_id": 3085988,
  "local_process_index": 2,
  "energy_results": {
    "cpu_power": 112.5,
    "gpu_power": 985.2611741964819,
    "ram_power": 0.7336664199829103,
    "cpu_energy": 0.0012567051151963823,
    "gpu_energy": 0.010497770064874956,
    "ram_energy": 6.794352885519493e-06,
    "total_energy_kwh": 0.01176126953295686,
    "total_energy_joules": 42340.5703186447,
    "final_emissions": 0.004480455628579916
  }
}