{
  "process_id": 3085989,
  "local_process_index": 3,
  "energy_results": {
    "cpu_power": 112.5,
    "gpu_power": 0.0,
    "ram_power": 0.7320899963378906,
    "cpu_energy": 0.0013055925109747475,
    "gpu_energy": 0.01061026182153757,
    "ram_energy": 6.948627100494651e-06,
    "total_energy_kwh": 0.011922802959612813,
    "total_energy_joules": 42922.09065460612,
    "final_emissions": 0.004541991787464501
  }
}