{
  "process_id": 3085987,
  "local_process_index": 1,
  "energy_results": {
    "cpu_power": 112.5,
    "gpu_power": 803.9293085549857,
    "ram_power": 0.726038932800293,
    "cpu_energy": 0.001307188082559151,
    "gpu_energy": 0.010620183496140356,
    "ram_energy": 6.886658091787426e-06,
    "total_energy_kwh": 0.011934258236791291,
    "total_energy_joules": 42963.32965244865,
    "final_emissions": 0.004546355675305642
  }
}