{
  "experiment_id": "0152",
  "local_process_results": {
    "cpu_power": {
      "process_1": 112.5,
      "process_0": 112.5,
      "process_3": 112.5,
      "process_2": 112.5
    },
    "gpu_power": {
      "process_1": 803.9293085549857,
      "process_0": 433.0155248849632,
      "process_3": 0.0,
      "process_2": 985.2611741964819
    },
    "ram_power": {
      "process_1": 0.726038932800293,
      "process_0": 0.6908583641052246,
      "process_3": 0.7320899963378906,
      "process_2": 0.7336664199829103
    },
    "cpu_energy": {
      "process_1": 0.001307188082559151,
      "process_0": 0.0012787808066605066,
      "process_3": 0.0013055925109747475,
      "process_2": 0.0012567051151963823
    },
    "gpu_energy": {
      "process_1": 0.010620183496140356,
      "process_0": 0.010630984615892736,
      "process_3": 0.01061026182153757,
      "process_2": 0.010497770064874956
    },
    "ram_energy": {
      "process_1": 6.886658091787426e-06,
      "process_0": 6.445841536662202e-06,
      "process_3": 6.948627100494651e-06,
      "process_2": 6.794352885519493e-06
    },
    "total_energy_kwh": {
      "process_1": 0.011934258236791291,
      "process_0": 0.011916211264089902,
      "process_3": 0.011922802959612813,
      "process_2": 0.01176126953295686
    },
    "total_energy_joules": {
      "process_1": 42963.32965244865,
      "process_0": 42898.36055072365,
      "process_3": 42922.09065460612,
      "process_2": 42340.5703186447
    }
  },
  "global_experiment_results": {
    "cpu_power_avg": 112.5,
    "gpu_power_avg": 555.5515019091077,
    "ram_power_avg": 0.7206634283065796,
    "cpu_energy_total": 0.005148266515390788,
    "gpu_energy_total": 0.04235919999844562,
    "ram_energy_total": 2.7075479614463773e-05,
    "total_energy_kwh": 0.04753454199345086,
    "total_energy_joules": 171124.3511764231
  },
  "global_derived_quantities": {
    "tokens_per_joule": 0.0957432410254031,
    "joules_per_token": 10.444601512232856,
    "flops_per_joule": 307604276.93073034,
    "joules_per_flop": 3.250930091018178e-09
  },
  "per-process_emissions": [
    0.004546355675305642,
    0.0045394806810550485,
    0.004541991787464501,
    0.004480455628579916
  ]
}