{
  "process_id": 2759229,
  "local_process_index": 2,
  "energy_results": {
    "cpu_power": 112.5,
    "gpu_power": 582.7328106524748,
    "ram_power": 0.7071032524108887,
    "cpu_energy": 0.0014376261364686801,
    "gpu_energy": 0.01183734919209467,
    "ram_energy": 7.451637153870367e-06,
    "total_energy_kwh": 0.013282426965717221,
    "total_energy_joules": 47816.737076581994,
    "final_emissions": 0.005059940552589975
  }
}