{
  "process_id": 2759230,
  "local_process_index": 3,
  "energy_results": {
    "cpu_power": 112.5,
    "gpu_power": 455.27210724366716,
    "ram_power": 0.7305107116699219,
    "cpu_energy": 0.0014515165261545912,
    "gpu_energy": 0.011882918117437136,
    "ram_energy": 7.768250638443696e-06,
    "total_energy_kwh": 0.013342202894230177,
    "total_energy_joules": 48031.930419228636,
    "final_emissions": 0.005082712192556986
  }
}