{
  "process_id": 2759227,
  "local_process_index": 1,
  "energy_results": {
    "cpu_power": 112.5,
    "gpu_power": 699.8183007990601,
    "ram_power": 0.7227845191955566,
    "cpu_energy": 0.0014190834144756086,
    "gpu_energy": 0.011752196068415266,
    "ram_energy": 7.567976054047991e-06,
    "total_energy_kwh": 0.01317884745894492,
    "total_energy_joules": 47443.850852201715,
    "final_emissions": 0.005020481939485068
  }
}