{
  "experiment_id": "0022",
  "local_process_results": {
    "cpu_power": {
      "process_3": 112.5,
      "process_1": 112.5,
      "process_0": 112.5,
      "process_2": 112.5
    },
    "gpu_power": {
      "process_3": 455.27210724366716,
      "process_1": 699.8183007990601,
      "process_0": 602.0949071424668,
      "process_2": 582.7328106524748
    },
    "ram_power": {
      "process_3": 0.7305107116699219,
      "process_1": 0.7227845191955566,
      "process_0": 0.6857113838195801,
      "process_2": 0.7071032524108887
    },
    "cpu_energy": {
      "process_3": 0.0014515165261545912,
      "process_1": 0.0014190834144756086,
      "process_0": 0.0014362292870282545,
      "process_2": 0.0014376261364686801
    },
    "gpu_energy": {
      "process_3": 0.011882918117437136,
      "process_1": 0.011752196068415266,
      "process_0": 0.01182932029678252,
      "process_2": 0.01183734919209467
    },
    "ram_energy": {
      "process_3": 7.768250638443696e-06,
      "process_1": 7.567976054047991e-06,
      "process_0": 7.16575819130198e-06,
      "process_2": 7.451637153870367e-06
    },
    "total_energy_kwh": {
      "process_3": 0.013342202894230177,
      "process_1": 0.01317884745894492,
      "process_0": 0.01327271534200208,
      "process_2": 0.013282426965717221
    },
    "total_energy_joules": {
      "process_3": 48031.930419228636,
      "process_1": 47443.850852201715,
      "process_0": 47781.77523120749,
      "process_2": 47816.737076581994
    }
  },
  "global_experiment_results": {
    "cpu_power_avg": 112.5,
    "gpu_power_avg": 584.9795314594172,
    "ram_power_avg": 0.7115274667739868,
    "cpu_energy_total": 0.005744455364127135,
    "gpu_energy_total": 0.04730178367472959,
    "ram_energy_total": 2.9953622037664036e-05,
    "total_energy_kwh": 0.053076192660894396,
    "total_energy_joules": 191074.29357921984
  },
  "global_derived_quantities": {
    "tokens_per_joule": 0.08574675165922911,
    "joules_per_token": 11.662249363966055,
    "flops_per_joule": 275487514.9494661,
    "joules_per_flop": 3.6299285656681554e-09
  },
  "per-process_emissions": [
    0.005082712192556986,
    0.005020481939485068,
    0.0050562409095356925,
    0.005059940552589975
  ]
}