{
  "process_id": 2759223,
  "local_process_index": 0,
  "energy_results": {
    "cpu_power": 112.5,
    "gpu_power": 602.0949071424668,
    "ram_power": 0.6857113838195801,
    "cpu_energy": 0.0014362292870282545,
    "gpu_energy": 0.01182932029678252,
    "ram_energy": 7.16575819130198e-06,
    "total_energy_kwh": 0.01327271534200208,
    "total_energy_joules": 47781.77523120749,
    "final_emissions": 0.0050562409095356925
  }
}