{
  "process_id": 3893913,
  "local_process_index": 0,
  "energy_results": {
    "cpu_power": 112.5,
    "gpu_power": 963.9614585945693,
    "ram_power": 0.6889500617980957,
    "cpu_energy": 0.0011598204269757841,
    "gpu_energy": 0.010370588852021356,
    "ram_energy": 6.900074915760785e-06,
    "total_energy_kwh": 0.011537309353912902,
    "total_energy_joules": 41534.31367408644,
    "final_emissions": 0.00439513799837312
  }
}