{
  "experiment_id": "0498",
  "local_process_results": {
    "cpu_power": {
      "process_3": 112.5,
      "process_0": 112.5,
      "process_1": 112.5,
      "process_2": 112.5
    },
    "gpu_power": {
      "process_3": 459.78360892810787,
      "process_0": 963.9614585945693,
      "process_1": 964.882412251197,
      "process_2": 1339.261908328238
    },
    "ram_power": {
      "process_3": 0.7342815399169922,
      "process_0": 0.6889500617980957,
      "process_1": 0.7334403991699219,
      "process_2": 0.7328009605407715
    },
    "cpu_energy": {
      "process_3": 0.0012291597428047683,
      "process_0": 0.0011598204269757841,
      "process_1": 0.0011694721927433423,
      "process_2": 0.001217169557436137
    },
    "gpu_energy": {
      "process_3": 0.01041155499590296,
      "process_0": 0.010370588852021356,
      "process_1": 0.01038208441677213,
      "process_2": 0.010347467722411352
    },
    "ram_energy": {
      "process_3": 7.353130681313656e-06,
      "process_0": 6.900074915760785e-06,
      "process_1": 7.399463416904615e-06,
      "process_2": 7.301511849870363e-06
    },
    "total_energy_kwh": {
      "process_3": 0.01164806786938904,
      "process_0": 0.011537309353912902,
      "process_1": 0.011558956072932374,
      "process_2": 0.011571938791697357
    },
    "total_energy_joules": {
      "process_3": 41933.04432980054,
      "process_0": 41534.31367408644,
      "process_1": 41612.24186255655,
      "process_2": 41658.97965011049
    }
  },
  "global_experiment_results": {
    "cpu_power_avg": 112.5,
    "gpu_power_avg": 931.972347025528,
    "ram_power_avg": 0.7223682403564453,
    "cpu_energy_total": 0.004775621919960032,
    "gpu_energy_total": 0.0415116959871078,
    "ram_energy_total": 2.895418086384942e-05,
    "total_energy_kwh": 0.046316272087931674,
    "total_energy_joules": 166738.57951655402
  },
  "global_derived_quantities": {
    "tokens_per_joule": 0.09826160236883495,
    "joules_per_token": 10.176915253695924,
    "flops_per_joule": 315695278.5701162,
    "joules_per_flop": 3.1676115161725453e-09
  },
  "per-process_emissions": [
    0.004437331454843755,
    0.00439513799837312,
    0.004403384315983588,
    0.004408330082697108
  ]
}