{
  "process_id": 3893915,
  "local_process_index": 2,
  "energy_results": {
    "cpu_power": 112.5,
    "gpu_power": 1339.261908328238,
    "ram_power": 0.7328009605407715,
    "cpu_energy": 0.001217169557436137,
    "gpu_energy": 0.010347467722411352,
    "ram_energy": 7.301511849870363e-06,
    "total_energy_kwh": 0.011571938791697357,
    "total_energy_joules": 41658.97965011049,
    "final_emissions": 0.004408330082697108
  }
}