{
  "process_id": 3893916,
  "local_process_index": 3,
  "energy_results": {
    "cpu_power": 112.5,
    "gpu_power": 459.78360892810787,
    "ram_power": 0.7342815399169922,
    "cpu_energy": 0.0012291597428047683,
    "gpu_energy": 0.01041155499590296,
    "ram_energy": 7.353130681313656e-06,
    "total_energy_kwh": 0.01164806786938904,
    "total_energy_joules": 41933.04432980054,
    "final_emissions": 0.004437331454843755
  }
}