{
  "process_id": 3893914,
  "local_process_index": 1,
  "energy_results": {
    "cpu_power": 112.5,
    "gpu_power": 964.882412251197,
    "ram_power": 0.7334403991699219,
    "cpu_energy": 0.0011694721927433423,
    "gpu_energy": 0.01038208441677213,
    "ram_energy": 7.399463416904615e-06,
    "total_energy_kwh": 0.011558956072932374,
    "total_energy_joules": 41612.24186255655,
    "final_emissions": 0.004403384315983588
  }
}