{
  "process_id": 3098443,
  "local_process_index": 2,
  "energy_results": {
    "cpu_power": 112.5,
    "gpu_power": 19242.253115652355,
    "ram_power": 0.7312130928039552,
    "cpu_energy": 0.0014285012140917385,
    "gpu_energy": 0.010663167974973575,
    "ram_energy": 7.896091796726826e-06,
    "total_energy_kwh": 0.01209956528086204,
    "total_energy_joules": 43558.43501110334,
    "final_emissions": 0.004609329393744394
  }
}