{
  "process_id": 3098441,
  "local_process_index": 0,
  "energy_results": {
    "cpu_power": 112.5,
    "gpu_power": 645.0198747738151,
    "ram_power": 0.6866798400878906,
    "cpu_energy": 0.0014292541869999696,
    "gpu_energy": 0.010667656867451747,
    "ram_energy": 7.297093306400498e-06,
    "total_energy_kwh": 0.01210420814775812,
    "total_energy_joules": 43575.149331929235,
    "final_emissions": 0.004611098093888456
  }
}