{
  "experiment_id": "0159",
  "local_process_results": {
    "cpu_power": {
      "process_2": 112.5,
      "process_0": 112.5,
      "process_3": 112.5,
      "process_1": 112.5
    },
    "gpu_power": {
      "process_2": 19242.253115652355,
      "process_0": 645.0198747738151,
      "process_3": 776.5539916872815,
      "process_1": 762.4325481963931
    },
    "ram_power": {
      "process_2": 0.7312130928039552,
      "process_0": 0.6866798400878906,
      "process_3": 0.7232465744018555,
      "process_1": 0.7209620475769043
    },
    "cpu_energy": {
      "process_2": 0.0014285012140917385,
      "process_0": 0.0014292541869999696,
      "process_3": 0.0014338249763459316,
      "process_1": 0.001435037170751457
    },
    "gpu_energy": {
      "process_2": 0.010663167974973575,
      "process_0": 0.010667656867451747,
      "process_3": 0.010685558270664863,
      "process_1": 0.010685558270664863
    },
    "ram_energy": {
      "process_2": 7.896091796726826e-06,
      "process_0": 7.297093306400498e-06,
      "process_3": 7.805761271050176e-06,
      "process_1": 7.664638082410646e-06
    },
    "total_energy_kwh": {
      "process_2": 0.01209956528086204,
      "process_0": 0.01210420814775812,
      "process_3": 0.012127189008281846,
      "process_1": 0.012128260079498732
    },
    "total_energy_joules": {
      "process_2": 43558.43501110334,
      "process_0": 43575.149331929235,
      "process_3": 43657.88042981464,
      "process_1": 43661.73628619544
    }
  },
  "global_experiment_results": {
    "cpu_power_avg": 112.5,
    "gpu_power_avg": 5356.564882577461,
    "ram_power_avg": 0.7155253887176514,
    "cpu_energy_total": 0.005726617548189096,
    "gpu_energy_total": 0.04270194138375505,
    "ram_energy_total": 3.066358445658815e-05,
    "total_energy_kwh": 0.04845922251640074,
    "total_energy_joules": 174453.20105904265
  },
  "global_derived_quantities": {
    "tokens_per_joule": 0.09391630477708994,
    "joules_per_token": 10.647778384951334,
    "flops_per_joule": 301734688.6690189,
    "joules_per_flop": 3.3141698238644596e-09
  },
  "per-process_emissions": [
    0.004609329393744394,
    0.004611098093888456,
    0.004619852652704969,
    0.0046202606772850425
  ]
}