{
  "process_id": 3098444,
  "local_process_index": 3,
  "energy_results": {
    "cpu_power": 112.5,
    "gpu_power": 776.5539916872815,
    "ram_power": 0.7232465744018555,
    "cpu_energy": 0.0014338249763459316,
    "gpu_energy": 0.010685558270664863,
    "ram_energy": 7.805761271050176e-06,
    "total_energy_kwh": 0.012127189008281846,
    "total_energy_joules": 43657.88042981464,
    "final_emissions": 0.004619852652704969
  }
}