{
  "process_id": 3098442,
  "local_process_index": 1,
  "energy_results": {
    "cpu_power": 112.5,
    "gpu_power": 762.4325481963931,
    "ram_power": 0.7209620475769043,
    "cpu_energy": 0.001435037170751457,
    "gpu_energy": 0.010685558270664863,
    "ram_energy": 7.664638082410646e-06,
    "total_energy_kwh": 0.012128260079498732,
    "total_energy_joules": 43661.73628619544,
    "final_emissions": 0.0046202606772850425
  }
}