{
  "process_id": 2749688,
  "local_process_index": 1,
  "energy_results": {
    "cpu_power": 112.5,
    "gpu_power": 650.4695646195208,
    "ram_power": 0.7230391502380371,
    "cpu_energy": 0.0012156351515895951,
    "gpu_energy": 0.010279599890337998,
    "ram_energy": 6.3355980222656445e-06,
    "total_energy_kwh": 0.01150157063994986,
    "total_energy_joules": 41405.654303819494,
    "final_emissions": 0.004381523335288899
  }
}