{
  "process_id": 2749689,
  "local_process_index": 2,
  "energy_results": {
    "cpu_power": 112.5,
    "gpu_power": 979.5725517150182,
    "ram_power": 0.7226529121398926,
    "cpu_energy": 0.0012432054959390375,
    "gpu_energy": 0.010263095154911639,
    "ram_energy": 6.5875036772665745e-06,
    "total_energy_kwh": 0.01151288815452794,
    "total_energy_joules": 41446.397356300586,
    "final_emissions": 0.004385834742467419
  }
}