{
  "experiment_id": "0017",
  "local_process_results": {
    "cpu_power": {
      "process_0": 112.5,
      "process_3": 112.5,
      "process_1": 112.5,
      "process_2": 112.5
    },
    "gpu_power": {
      "process_0": 691.0676297765096,
      "process_3": 469.6838011086932,
      "process_1": 650.4695646195208,
      "process_2": 979.5725517150182
    },
    "ram_power": {
      "process_0": 0.6878914833068848,
      "process_3": 0.7052264213562012,
      "process_1": 0.7230391502380371,
      "process_2": 0.7226529121398926
    },
    "cpu_energy": {
      "process_0": 0.0012131225526245545,
      "process_3": 0.0012354112789016653,
      "process_1": 0.0012156351515895951,
      "process_2": 0.0012432054959390375
    },
    "gpu_energy": {
      "process_0": 0.010269773771364399,
      "process_3": 0.010356794952093296,
      "process_1": 0.010279599890337998,
      "process_2": 0.010263095154911639
    },
    "ram_energy": {
      "process_0": 6.2660497491574615e-06,
      "process_3": 6.37289366627106e-06,
      "process_1": 6.3355980222656445e-06,
      "process_2": 6.5875036772665745e-06
    },
    "total_energy_kwh": {
      "process_0": 0.01148916237373811,
      "process_3": 0.011598579124661234,
      "process_1": 0.01150157063994986,
      "process_2": 0.01151288815452794
    },
    "total_energy_joules": {
      "process_0": 41360.9845454572,
      "process_3": 41754.88484878044,
      "process_1": 41405.654303819494,
      "process_2": 41446.397356300586
    }
  },
  "global_experiment_results": {
    "cpu_power_avg": 112.5,
    "gpu_power_avg": 697.6983868049355,
    "ram_power_avg": 0.7097024917602539,
    "cpu_energy_total": 0.004907374479054852,
    "gpu_energy_total": 0.04116926376870733,
    "ram_energy_total": 2.556204511496074e-05,
    "total_energy_kwh": 0.04610220029287714,
    "total_energy_joules": 165967.92105435772
  },
  "global_derived_quantities": {
    "tokens_per_joule": 0.09871787207983355,
    "joules_per_token": 10.129877994040388,
    "flops_per_joule": 317161183.76649326,
    "joules_per_flop": 3.152970953520718e-09
  },
  "per-process_emissions": [
    0.004376796406275534,
    0.004418478717539697,
    0.004381523335288899,
    0.004385834742467419
  ]
}