{
  "process_id": 2749690,
  "local_process_index": 3,
  "energy_results": {
    "cpu_power": 112.5,
    "gpu_power": 469.6838011086932,
    "ram_power": 0.7052264213562012,
    "cpu_energy": 0.0012354112789016653,
    "gpu_energy": 0.010356794952093296,
    "ram_energy": 6.37289366627106e-06,
    "total_energy_kwh": 0.011598579124661234,
    "total_energy_joules": 41754.88484878044,
    "final_emissions": 0.004418478717539697
  }
}