{
  "process_id": 2749687,
  "local_process_index": 0,
  "energy_results": {
    "cpu_power": 112.5,
    "gpu_power": 691.0676297765096,
    "ram_power": 0.6878914833068848,
    "cpu_energy": 0.0012131225526245545,
    "gpu_energy": 0.010269773771364399,
    "ram_energy": 6.2660497491574615e-06,
    "total_energy_kwh": 0.01148916237373811,
    "total_energy_joules": 41360.9845454572,
    "final_emissions": 0.004376796406275534
  }
}