{
  "process_id": 3819919,
  "local_process_index": 2,
  "energy_results": {
    "cpu_power": 112.5,
    "gpu_power": 196.57534967379794,
    "ram_power": 0.7327680587768555,
    "cpu_energy": 0.001102500780318223,
    "gpu_energy": 0.010246978475354496,
    "ram_energy": 6.157067545899149e-06,
    "total_energy_kwh": 0.011355636323218623,
    "total_energy_joules": 40880.29076358704,
    "final_emissions": 0.004325929657330134
  }
}