{
  "process_id": 3819917,
  "local_process_index": 0,
  "energy_results": {
    "cpu_power": 112.5,
    "gpu_power": 170.33460278661724,
    "ram_power": 0.6889915466308594,
    "cpu_energy": 0.0011088489740614022,
    "gpu_energy": 0.010246978475354496,
    "ram_energy": 5.777468814734596e-06,
    "total_energy_kwh": 0.011361604918230631,
    "total_energy_joules": 40901.77770563027,
    "final_emissions": 0.004328203393599959
  }
}