{
  "experiment_id": "0467",
  "local_process_results": {
    "cpu_power": {
      "process_2": 112.5,
      "process_0": 112.5,
      "process_3": 112.5,
      "process_1": 112.5
    },
    "gpu_power": {
      "process_2": 196.57534967379794,
      "process_0": 170.33460278661724,
      "process_3": 14005.54784982647,
      "process_1": 168.9031156345602
    },
    "ram_power": {
      "process_2": 0.7327680587768555,
      "process_0": 0.6889915466308594,
      "process_3": 0.730865478515625,
      "process_1": 0.7325291633605958
    },
    "cpu_energy": {
      "process_2": 0.001102500780318223,
      "process_0": 0.0011088489740614022,
      "process_3": 0.0010690501551853236,
      "process_1": 0.001103778619721197
    },
    "gpu_energy": {
      "process_2": 0.010246978475354496,
      "process_0": 0.010246978475354496,
      "process_3": 0.010250864311798225,
      "process_1": 0.010246978475354496
    },
    "ram_energy": {
      "process_2": 6.157067545899149e-06,
      "process_0": 5.777468814734596e-06,
      "process_3": 6.199765180553043e-06,
      "process_1": 6.137018627436091e-06
    },
    "total_energy_kwh": {
      "process_2": 0.011355636323218623,
      "process_0": 0.011361604918230631,
      "process_3": 0.0113261142321641,
      "process_1": 0.011356894113703128
    },
    "total_energy_joules": {
      "process_2": 40880.29076358704,
      "process_0": 40901.77770563027,
      "process_3": 40774.011235790764,
      "process_1": 40884.818809331264
    }
  },
  "global_experiment_results": {
    "cpu_power_avg": 112.5,
    "gpu_power_avg": 3635.3402294803614,
    "ram_power_avg": 0.7212885618209839,
    "cpu_energy_total": 0.004384178529286146,
    "gpu_energy_total": 0.04099179973786171,
    "ram_energy_total": 2.427132016862288e-05,
    "total_energy_kwh": 0.045400249587316484,
    "total_energy_joules": 163440.89851433935
  },
  "global_derived_quantities": {
    "tokens_per_joule": 0.10024418703597963,
    "joules_per_token": 9.975640778463095,
    "flops_per_joule": 322064934.70938545,
    "joules_per_flop": 3.1049639132628568e-09
  },
  "per-process_emissions": [
    0.004325929657330134,
    0.004328203393599959,
    0.004314683216742914,
    0.004326408812615206
  ]
}