{
  "process_id": 3819918,
  "local_process_index": 1,
  "energy_results": {
    "cpu_power": 112.5,
    "gpu_power": 168.9031156345602,
    "ram_power": 0.7325291633605958,
    "cpu_energy": 0.001103778619721197,
    "gpu_energy": 0.010246978475354496,
    "ram_energy": 6.137018627436091e-06,
    "total_energy_kwh": 0.011356894113703128,
    "total_energy_joules": 40884.818809331264,
    "final_emissions": 0.004326408812615206
  }
}