{
  "process_id": 3819920,
  "local_process_index": 3,
  "energy_results": {
    "cpu_power": 112.5,
    "gpu_power": 14005.54784982647,
    "ram_power": 0.730865478515625,
    "cpu_energy": 0.0010690501551853236,
    "gpu_energy": 0.010250864311798225,
    "ram_energy": 6.199765180553043e-06,
    "total_energy_kwh": 0.0113261142321641,
    "total_energy_joules": 40774.011235790764,
    "final_emissions": 0.004314683216742914
  }
}