{
  "process_id": 3053567,
  "local_process_index": 0,
  "energy_results": {
    "cpu_power": 112.5,
    "gpu_power": 226.43320891066676,
    "ram_power": 0.8300871849060059,
    "cpu_energy": 0.0032258452700043567,
    "gpu_energy": 0.007655506124399025,
    "ram_energy": 1.860440352397798e-05,
    "total_energy_kwh": 0.010899955797927362,
    "total_energy_joules": 39239.8408725385,
    "final_emissions": 0.004152338161220429
  }
}