{
  "process_id": 3053568,
  "local_process_index": 1,
  "energy_results": {
    "cpu_power": 112.5,
    "gpu_power": 271.72292535604294,
    "ram_power": 0.862675666809082,
    "cpu_energy": 0.003152915248589124,
    "gpu_energy": 0.007492012660271996,
    "ram_energy": 1.88142295522236e-05,
    "total_energy_kwh": 0.010663742138413344,
    "total_energy_joules": 38389.471698288035,
    "final_emissions": 0.004062352567628563
  }
}