{
  "experiment_id": "0132",
  "local_process_results": {
    "cpu_power": {
      "process_1": 112.5,
      "process_3": 112.5,
      "process_2": 112.5,
      "process_0": 112.5
    },
    "gpu_power": {
      "process_1": 271.72292535604294,
      "process_3": 241.6427224804531,
      "process_2": 547.4744303332146,
      "process_0": 226.43320891066676
    },
    "ram_power": {
      "process_1": 0.862675666809082,
      "process_3": 0.8517866134643555,
      "process_2": 0.8567962646484375,
      "process_0": 0.8300871849060059
    },
    "cpu_energy": {
      "process_1": 0.003152915248589124,
      "process_3": 0.003207965875841184,
      "process_2": 0.0031895547938693186,
      "process_0": 0.0032258452700043567
    },
    "gpu_energy": {
      "process_1": 0.007492012660271996,
      "process_3": 0.0076126788679165,
      "process_2": 0.007587684681253926,
      "process_0": 0.007655506124399025
    },
    "ram_energy": {
      "process_1": 1.88142295522236e-05,
      "process_3": 1.8543955318259397e-05,
      "process_2": 1.9257914805172873e-05,
      "process_0": 1.860440352397798e-05
    },
    "total_energy_kwh": {
      "process_1": 0.010663742138413344,
      "process_3": 0.01083918869907594,
      "process_2": 0.010796497389928423,
      "process_0": 0.010899955797927362
    },
    "total_energy_joules": {
      "process_1": 38389.471698288035,
      "process_3": 39021.079316673386,
      "process_2": 38867.39060374232,
      "process_0": 39239.8408725385
    }
  },
  "global_experiment_results": {
    "cpu_power_avg": 112.5,
    "gpu_power_avg": 321.8183217700943,
    "ram_power_avg": 0.8503364324569702,
    "cpu_energy_total": 0.012776281188303984,
    "gpu_energy_total": 0.030347882333841447,
    "ram_energy_total": 7.522050319963385e-05,
    "total_energy_kwh": 0.04319938402534507,
    "total_energy_joules": 155517.78249124225
  },
  "global_derived_quantities": {
    "tokens_per_joule": 0.1053512964083232,
    "joules_per_token": 9.492052154006485,
    "flops_per_joule": 338473076.6195709,
    "joules_per_flop": 2.9544447374878115e-09
  },
  "per-process_emissions": [
    0.004062352567628563,
    0.00412918893491298,
    0.004112925680693233,
    0.004152338161220429
  ]
}