{
  "process_id": 3053570,
  "local_process_index": 3,
  "energy_results": {
    "cpu_power": 112.5,
    "gpu_power": 241.6427224804531,
    "ram_power": 0.8517866134643555,
    "cpu_energy": 0.003207965875841184,
    "gpu_energy": 0.0076126788679165,
    "ram_energy": 1.8543955318259397e-05,
    "total_energy_kwh": 0.01083918869907594,
    "total_energy_joules": 39021.079316673386,
    "final_emissions": 0.00412918893491298
  }
}