{
  "process_id": 3053569,
  "local_process_index": 2,
  "energy_results": {
    "cpu_power": 112.5,
    "gpu_power": 547.4744303332146,
    "ram_power": 0.8567962646484375,
    "cpu_energy": 0.0031895547938693186,
    "gpu_energy": 0.007587684681253926,
    "ram_energy": 1.9257914805172873e-05,
    "total_energy_kwh": 0.010796497389928423,
    "total_energy_joules": 38867.39060374232,
    "final_emissions": 0.004112925680693233
  }
}