{
  "process_id": 2793251,
  "local_process_index": 2,
  "energy_results": {
    "cpu_power": 112.5,
    "gpu_power": 410.9018459293904,
    "ram_power": 0.7278156280517578,
    "cpu_energy": 0.0011452278841952645,
    "gpu_energy": 0.010064406940407444,
    "ram_energy": 6.629344901622373e-06,
    "total_energy_kwh": 0.011216264169504333,
    "total_energy_joules": 40378.5510102156,
    "final_emissions": 0.0042728358353726755
  }
}