{
  "process_id": 2793249,
  "local_process_index": 0,
  "energy_results": {
    "cpu_power": 112.5,
    "gpu_power": 1110.2875720319316,
    "ram_power": 0.6781582832336426,
    "cpu_energy": 0.0011455904050599207,
    "gpu_energy": 0.010073623892224326,
    "ram_energy": 6.155572455445897e-06,
    "total_energy_kwh": 0.011225369869739692,
    "total_energy_joules": 40411.33153106289,
    "final_emissions": 0.004276304651877336
  }
}