{
  "process_id": 2793250,
  "local_process_index": 1,
  "energy_results": {
    "cpu_power": 112.5,
    "gpu_power": 840.0581895239986,
    "ram_power": 0.7222466468811035,
    "cpu_energy": 0.0011527348654999509,
    "gpu_energy": 0.01011745670507036,
    "ram_energy": 6.3862159960742195e-06,
    "total_energy_kwh": 0.011276577786566388,
    "total_energy_joules": 40595.68003163899,
    "final_emissions": 0.0042958123077924655
  }
}