{
  "process_id": 2793252,
  "local_process_index": 3,
  "energy_results": {
    "cpu_power": 112.5,
    "gpu_power": 608.9050194122461,
    "ram_power": 0.7219548225402832,
    "cpu_energy": 0.001155721082375749,
    "gpu_energy": 0.010125549767099784,
    "ram_energy": 6.412883136705611e-06,
    "total_energy_kwh": 0.011287683732612238,
    "total_energy_joules": 40635.66143740406,
    "final_emissions": 0.004300043117938632
  }
}