{
  "experiment_id": "0040",
  "local_process_results": {
    "cpu_power": {
      "process_2": 112.5,
      "process_3": 112.5,
      "process_1": 112.5,
      "process_0": 112.5
    },
    "gpu_power": {
      "process_2": 410.9018459293904,
      "process_3": 608.9050194122461,
      "process_1": 840.0581895239986,
      "process_0": 1110.2875720319316
    },
    "ram_power": {
      "process_2": 0.7278156280517578,
      "process_3": 0.7219548225402832,
      "process_1": 0.7222466468811035,
      "process_0": 0.6781582832336426
    },
    "cpu_energy": {
      "process_2": 0.0011452278841952645,
      "process_3": 0.001155721082375749,
      "process_1": 0.0011527348654999509,
      "process_0": 0.0011455904050599207
    },
    "gpu_energy": {
      "process_2": 0.010064406940407444,
      "process_3": 0.010125549767099784,
      "process_1": 0.01011745670507036,
      "process_0": 0.010073623892224326
    },
    "ram_energy": {
      "process_2": 6.629344901622373e-06,
      "process_3": 6.412883136705611e-06,
      "process_1": 6.3862159960742195e-06,
      "process_0": 6.155572455445897e-06
    },
    "total_energy_kwh": {
      "process_2": 0.011216264169504333,
      "process_3": 0.011287683732612238,
      "process_1": 0.011276577786566388,
      "process_0": 0.011225369869739692
    },
    "total_energy_joules": {
      "process_2": 40378.5510102156,
      "process_3": 40635.66143740406,
      "process_1": 40595.68003163899,
      "process_0": 40411.33153106289
    }
  },
  "global_experiment_results": {
    "cpu_power_avg": 112.5,
    "gpu_power_avg": 742.5381567243917,
    "ram_power_avg": 0.7125438451766968,
    "cpu_energy_total": 0.004599274237130885,
    "gpu_energy_total": 0.040381037304801914,
    "ram_energy_total": 2.5584016489848103e-05,
    "total_energy_kwh": 0.04500589555842266,
    "total_energy_joules": 162021.22401032154
  },
  "global_derived_quantities": {
    "tokens_per_joule": 0.10112255415967145,
    "joules_per_token": 9.888990723286227,
    "flops_per_joule": 324886956.20217425,
    "joules_per_flop": 3.0779936864492306e-09
  },
  "per-process_emissions": [
    0.0042728358353726755,
    0.004300043117938632,
    0.0042958123077924655,
    0.004276304651877336
  ]
}