{
  "process_id": 3131872,
  "local_process_index": 2,
  "energy_results": {
    "cpu_power": 112.5,
    "gpu_power": 608.6109401146247,
    "ram_power": 0.7228846549987793,
    "cpu_energy": 0.001401224381466818,
    "gpu_energy": 0.010660120750314306,
    "ram_energy": 7.478272440721958e-06,
    "total_energy_kwh": 0.01206882340422184,
    "total_energy_joules": 43447.76425519862,
    "final_emissions": 0.00459761827583831
  }
}