{
  "process_id": 3131871,
  "local_process_index": 1,
  "energy_results": {
    "cpu_power": 112.5,
    "gpu_power": 685.4236016944106,
    "ram_power": 0.7292447090148926,
    "cpu_energy": 0.0014016682462188324,
    "gpu_energy": 0.010659180471783714,
    "ram_energy": 7.570833977104518e-06,
    "total_energy_kwh": 0.012068419551979648,
    "total_energy_joules": 43446.31038712673,
    "final_emissions": 0.0045974644283266475
  }
}