{
  "process_id": 3131873,
  "local_process_index": 3,
  "energy_results": {
    "cpu_power": 112.5,
    "gpu_power": 1655.6470742684187,
    "ram_power": 0.7063922882080078,
    "cpu_energy": 0.0013965044003853113,
    "gpu_energy": 0.01063511434141784,
    "ram_energy": 7.525583262038922e-06,
    "total_energy_kwh": 0.012039144325065195,
    "total_energy_joules": 43340.919570234706,
    "final_emissions": 0.004586312030633586
  }
}