{
  "process_id": 3131870,
  "local_process_index": 0,
  "energy_results": {
    "cpu_power": 112.5,
    "gpu_power": 970.6089265611045,
    "ram_power": 0.6877098083496094,
    "cpu_energy": 0.0013990750444645528,
    "gpu_energy": 0.010660120750314306,
    "ram_energy": 7.163768774314371e-06,
    "total_energy_kwh": 0.012066359563553172,
    "total_energy_joules": 43438.89442879142,
    "final_emissions": 0.0045966796757355806
  }
}