{
  "experiment_id": "0176",
  "local_process_results": {
    "cpu_power": {
      "process_3": 112.5,
      "process_0": 112.5,
      "process_2": 112.5,
      "process_1": 112.5
    },
    "gpu_power": {
      "process_3": 1655.6470742684187,
      "process_0": 970.6089265611045,
      "process_2": 608.6109401146247,
      "process_1": 685.4236016944106
    },
    "ram_power": {
      "process_3": 0.7063922882080078,
      "process_0": 0.6877098083496094,
      "process_2": 0.7228846549987793,
      "process_1": 0.7292447090148926
    },
    "cpu_energy": {
      "process_3": 0.0013965044003853113,
      "process_0": 0.0013990750444645528,
      "process_2": 0.001401224381466818,
      "process_1": 0.0014016682462188324
    },
    "gpu_energy": {
      "process_3": 0.01063511434141784,
      "process_0": 0.010660120750314306,
      "process_2": 0.010660120750314306,
      "process_1": 0.010659180471783714
    },
    "ram_energy": {
      "process_3": 7.525583262038922e-06,
      "process_0": 7.163768774314371e-06,
      "process_2": 7.478272440721958e-06,
      "process_1": 7.570833977104518e-06
    },
    "total_energy_kwh": {
      "process_3": 0.012039144325065195,
      "process_0": 0.012066359563553172,
      "process_2": 0.01206882340422184,
      "process_1": 0.012068419551979648
    },
    "total_energy_joules": {
      "process_3": 43340.919570234706,
      "process_0": 43438.89442879142,
      "process_2": 43447.76425519862,
      "process_1": 43446.31038712673
    }
  },
  "global_experiment_results": {
    "cpu_power_avg": 112.5,
    "gpu_power_avg": 980.0726356596396,
    "ram_power_avg": 0.7115578651428223,
    "cpu_energy_total": 0.005598472072535514,
    "gpu_energy_total": 0.042614536313830165,
    "ram_energy_total": 2.973845845417977e-05,
    "total_energy_kwh": 0.04824274684481985,
    "total_energy_joules": 173673.88864135148
  },
  "global_derived_quantities": {
    "tokens_per_joule": 0.09433772761220362,
    "joules_per_token": 10.600212929769988,
    "flops_per_joule": 303088637.67982006,
    "joules_per_flop": 3.2993648579343656e-09
  },
  "per-process_emissions": [
    0.004586312030633586,
    0.0045966796757355806,
    0.00459761827583831,
    0.0045974644283266475
  ]
}