{
  "process_id": 3831850,
  "local_process_index": 2,
  "energy_results": {
    "cpu_power": 112.5,
    "gpu_power": 95.87328586999142,
    "ram_power": 0.731414794921875,
    "cpu_energy": 0.001084466526444885,
    "gpu_energy": 0.010219060397465896,
    "ram_energy": 7.5595259031532645e-06,
    "total_energy_kwh": 0.011311086449813932,
    "total_energy_joules": 40719.911219330155,
    "final_emissions": 0.0043089583830566176
  }
}