{
  "process_id": 3831849,
  "local_process_index": 1,
  "energy_results": {
    "cpu_power": 112.5,
    "gpu_power": 90.69348530803377,
    "ram_power": 0.7294549942016602,
    "cpu_energy": 0.0011204058500879908,
    "gpu_energy": 0.01021757206294005,
    "ram_energy": 6.676775600011031e-06,
    "total_energy_kwh": 0.01134465468862805,
    "total_energy_joules": 40840.75687906098,
    "final_emissions": 0.004321746203632856
  }
}