{
  "experiment_id": "0474",
  "local_process_results": {
    "cpu_power": {
      "process_1": 112.5,
      "process_0": 112.5,
      "process_2": 112.5,
      "process_3": 112.5
    },
    "gpu_power": {
      "process_1": 90.69348530803377,
      "process_0": 90.85889554365231,
      "process_2": 95.87328586999142,
      "process_3": 80.41579805010615
    },
    "ram_power": {
      "process_1": 0.7294549942016602,
      "process_0": 0.6873993873596193,
      "process_2": 0.731414794921875,
      "process_3": 0.7294507026672363
    },
    "cpu_energy": {
      "process_1": 0.0011204058500879908,
      "process_0": 0.0010845273536469904,
      "process_2": 0.001084466526444885,
      "process_3": 0.001099210612528623
    },
    "gpu_energy": {
      "process_1": 0.01021757206294005,
      "process_0": 0.01021757206294005,
      "process_2": 0.010219060397465896,
      "process_3": 0.01022231956673636
    },
    "ram_energy": {
      "process_1": 6.676775600011031e-06,
      "process_0": 6.413786682755987e-06,
      "process_2": 7.5595259031532645e-06,
      "process_3": 6.858045372788981e-06
    },
    "total_energy_kwh": {
      "process_1": 0.01134465468862805,
      "process_0": 0.011308513203269793,
      "process_2": 0.011311086449813932,
      "process_3": 0.01132838822463777
    },
    "total_energy_joules": {
      "process_1": 40840.75687906098,
      "process_0": 40710.647531771254,
      "process_2": 40719.911219330155,
      "process_3": 40782.19760869597
    }
  },
  "global_experiment_results": {
    "cpu_power_avg": 112.5,
    "gpu_power_avg": 89.46036619294591,
    "ram_power_avg": 0.7194299697875977,
    "cpu_energy_total": 0.0043886103427084894,
    "gpu_energy_total": 0.040876524090082356,
    "ram_energy_total": 2.750813355870926e-05,
    "total_energy_kwh": 0.045292642566349545,
    "total_energy_joules": 163053.51323885837
  },
  "global_derived_quantities": {
    "tokens_per_joule": 0.10048234885929105,
    "joules_per_token": 9.951996657645164,
    "flops_per_joule": 322830101.99083126,
    "joules_per_flop": 3.0976045722910968e-09
  },
  "per-process_emissions": [
    0.004321746203632856,
    0.004307978104785628,
    0.0043089583830566176,
    0.004315549494175759
  ]
}