{
  "process_id": 3831848,
  "local_process_index": 0,
  "energy_results": {
    "cpu_power": 112.5,
    "gpu_power": 90.85889554365231,
    "ram_power": 0.6873993873596193,
    "cpu_energy": 0.0010845273536469904,
    "gpu_energy": 0.01021757206294005,
    "ram_energy": 6.413786682755987e-06,
    "total_energy_kwh": 0.011308513203269793,
    "total_energy_joules": 40710.647531771254,
    "final_emissions": 0.004307978104785628
  }
}