{
  "process_id": 3831851,
  "local_process_index": 3,
  "energy_results": {
    "cpu_power": 112.5,
    "gpu_power": 80.41579805010615,
    "ram_power": 0.7294507026672363,
    "cpu_energy": 0.001099210612528623,
    "gpu_energy": 0.01022231956673636,
    "ram_energy": 6.858045372788981e-06,
    "total_energy_kwh": 0.01132838822463777,
    "total_energy_joules": 40782.19760869597,
    "final_emissions": 0.004315549494175759
  }
}