{
  "process_id": 3174468,
  "local_process_index": 2,
  "energy_results": {
    "cpu_power": 112.5,
    "gpu_power": 1007.4669389381081,
    "ram_power": 0.7258057594299316,
    "cpu_energy": 0.0011781066775984075,
    "gpu_energy": 0.010303456020535506,
    "ram_energy": 6.5835896556315e-06,
    "total_energy_kwh": 0.011488146287789547,
    "total_energy_joules": 41357.326636042366,
    "final_emissions": 0.004376409328333428
  }
}