{
  "experiment_id": "0202",
  "local_process_results": {
    "cpu_power": {
      "process_0": 112.5,
      "process_1": 112.5,
      "process_2": 112.5,
      "process_3": 112.5
    },
    "gpu_power": {
      "process_0": 969.2685534698049,
      "process_1": 849.0904285558237,
      "process_2": 1007.4669389381081,
      "process_3": 648.8588890934767
    },
    "ram_power": {
      "process_0": 0.6887927055358887,
      "process_1": 0.7261362075805664,
      "process_2": 0.7258057594299316,
      "process_3": 0.7260003089904786
    },
    "cpu_energy": {
      "process_0": 0.00117943282993474,
      "process_1": 0.0011867135448774206,
      "process_2": 0.0011781066775984075,
      "process_3": 0.001190179776693185
    },
    "gpu_energy": {
      "process_0": 0.010316347975291684,
      "process_1": 0.010353363004906413,
      "process_2": 0.010303456020535506,
      "process_3": 0.010368558572618092
    },
    "ram_energy": {
      "process_0": 6.261373639891244e-06,
      "process_1": 6.651030199147425e-06,
      "process_2": 6.5835896556315e-06,
      "process_3": 6.652024334744323e-06
    },
    "total_energy_kwh": {
      "process_0": 0.011502042178866313,
      "process_1": 0.011546727579982978,
      "process_2": 0.011488146287789547,
      "process_3": 0.011565390373646017
    },
    "total_energy_joules": {
      "process_0": 41407.351843918725,
      "process_1": 41568.21928793872,
      "process_2": 41357.326636042366,
      "process_3": 41635.40534512566
    }
  },
  "global_experiment_results": {
    "cpu_power_avg": 112.5,
    "gpu_power_avg": 868.6712025143033,
    "ram_power_avg": 0.7166837453842163,
    "cpu_energy_total": 0.004734432829103753,
    "gpu_energy_total": 0.041341725573351695,
    "ram_energy_total": 2.614801782941449e-05,
    "total_energy_kwh": 0.04610230642028486,
    "total_energy_joules": 165968.3031130255
  },
  "global_derived_quantities": {
    "tokens_per_joule": 0.09871764483150972,
    "joules_per_token": 10.129901313050873,
    "flops_per_joule": 317160453.66214764,
    "joules_per_flop": 3.1529782116696083e-09
  },
  "per-process_emissions": [
    0.004381702968039122,
    0.004398725871594515,
    0.004376409328333428,
    0.00440583546284045
  ]
}