{
  "process_id": 3174466,
  "local_process_index": 0,
  "energy_results": {
    "cpu_power": 112.5,
    "gpu_power": 969.2685534698049,
    "ram_power": 0.6887927055358887,
    "cpu_energy": 0.00117943282993474,
    "gpu_energy": 0.010316347975291684,
    "ram_energy": 6.261373639891244e-06,
    "total_energy_kwh": 0.011502042178866313,
    "total_energy_joules": 41407.351843918725,
    "final_emissions": 0.004381702968039122
  }
}