{
  "process_id": 3174467,
  "local_process_index": 1,
  "energy_results": {
    "cpu_power": 112.5,
    "gpu_power": 849.0904285558237,
    "ram_power": 0.7261362075805664,
    "cpu_energy": 0.0011867135448774206,
    "gpu_energy": 0.010353363004906413,
    "ram_energy": 6.651030199147425e-06,
    "total_energy_kwh": 0.011546727579982978,
    "total_energy_joules": 41568.21928793872,
    "final_emissions": 0.004398725871594515
  }
}