{
  "process_id": 3174469,
  "local_process_index": 3,
  "energy_results": {
    "cpu_power": 112.5,
    "gpu_power": 648.8588890934767,
    "ram_power": 0.7260003089904786,
    "cpu_energy": 0.001190179776693185,
    "gpu_energy": 0.010368558572618092,
    "ram_energy": 6.652024334744323e-06,
    "total_energy_kwh": 0.011565390373646017,
    "total_energy_joules": 41635.40534512566,
    "final_emissions": 0.00440583546284045
  }
}