{
  "process_id": 3825102,
  "local_process_index": 2,
  "energy_results": {
    "cpu_power": 112.5,
    "gpu_power": 0.0,
    "ram_power": 0.7119741439819336,
    "cpu_energy": 0.0010974134044099628,
    "gpu_energy": 0.010387374421005902,
    "ram_energy": 7.130894842647037e-06,
    "total_energy_kwh": 0.011491918720258508,
    "total_energy_joules": 41370.907392930625,
    "final_emissions": 0.004377846436482479
  }
}