{
  "process_id": 3825103,
  "local_process_index": 3,
  "energy_results": {
    "cpu_power": 112.5,
    "gpu_power": 2366.5407381332475,
    "ram_power": 0.7264037132263185,
    "cpu_energy": 0.001125453856184322,
    "gpu_energy": 0.010387374421005902,
    "ram_energy": 7.433167902271241e-06,
    "total_energy_kwh": 0.0115202614450925,
    "total_energy_joules": 41472.941202333,
    "final_emissions": 0.004388643597507988
  }
}