{
  "process_id": 3825100,
  "local_process_index": 0,
  "energy_results": {
    "cpu_power": 112.5,
    "gpu_power": 249.55126398282178,
    "ram_power": 0.6890602111816406,
    "cpu_energy": 0.0012324281351466194,
    "gpu_energy": 0.010376448578929498,
    "ram_energy": 7.000548734074898e-06,
    "total_energy_kwh": 0.01161587726281019,
    "total_energy_joules": 41817.158146116686,
    "final_emissions": 0.004425068443267542
  }
}