{
  "process_id": 3825101,
  "local_process_index": 1,
  "energy_results": {
    "cpu_power": 112.5,
    "gpu_power": 451.94942694510837,
    "ram_power": 0.7268900871276855,
    "cpu_energy": 0.001132448961685441,
    "gpu_energy": 0.01038912136684722,
    "ram_energy": 7.45465601560989e-06,
    "total_energy_kwh": 0.011529024984548273,
    "total_energy_joules": 41504.48994437378,
    "final_emissions": 0.004391982067863665
  }
}