{
  "experiment_id": "0470",
  "local_process_results": {
    "cpu_power": {
      "process_1": 112.5,
      "process_3": 112.5,
      "process_0": 112.5,
      "process_2": 112.5
    },
    "gpu_power": {
      "process_1": 451.94942694510837,
      "process_3": 2366.5407381332475,
      "process_0": 249.55126398282178,
      "process_2": 0.0
    },
    "ram_power": {
      "process_1": 0.7268900871276855,
      "process_3": 0.7264037132263185,
      "process_0": 0.6890602111816406,
      "process_2": 0.7119741439819336
    },
    "cpu_energy": {
      "process_1": 0.001132448961685441,
      "process_3": 0.001125453856184322,
      "process_0": 0.0012324281351466194,
      "process_2": 0.0010974134044099628
    },
    "gpu_energy": {
      "process_1": 0.01038912136684722,
      "process_3": 0.010387374421005902,
      "process_0": 0.010376448578929498,
      "process_2": 0.010387374421005902
    },
    "ram_energy": {
      "process_1": 7.45465601560989e-06,
      "process_3": 7.433167902271241e-06,
      "process_0": 7.000548734074898e-06,
      "process_2": 7.130894842647037e-06
    },
    "total_energy_kwh": {
      "process_1": 0.011529024984548273,
      "process_3": 0.0115202614450925,
      "process_0": 0.01161587726281019,
      "process_2": 0.011491918720258508
    },
    "total_energy_joules": {
      "process_1": 41504.48994437378,
      "process_3": 41472.941202333,
      "process_0": 41817.158146116686,
      "process_2": 41370.907392930625
    }
  },
  "global_experiment_results": {
    "cpu_power_avg": 112.5,
    "gpu_power_avg": 767.0103572652944,
    "ram_power_avg": 0.7135820388793945,
    "cpu_energy_total": 0.004587744357426345,
    "gpu_energy_total": 0.04154031878778852,
    "ram_energy_total": 2.9019267494603068e-05,
    "total_energy_kwh": 0.04615708241270947,
    "total_energy_joules": 166165.49668575407
  },
  "global_derived_quantities": {
    "tokens_per_joule": 0.09860049364510855,
    "joules_per_token": 10.141937053573857,
    "flops_per_joule": 316784069.8506267,
    "joules_per_flop": 3.1567243910703284e-09
  },
  "per-process_emissions": [
    0.004391982067863665,
    0.004388643597507988,
    0.004425068443267542,
    0.004377846436482479
  ]
}