{
  "process_id": 2957418,
  "local_process_index": 2,
  "energy_results": {
    "cpu_power": 112.5,
    "gpu_power": 799.9209379702883,
    "ram_power": 0.7247772216796875,
    "cpu_energy": 0.0012170828776888812,
    "gpu_energy": 0.010338234659468704,
    "ram_energy": 6.485265324718848e-06,
    "total_energy_kwh": 0.011561802802482302,
    "total_energy_joules": 41622.49008893629,
    "final_emissions": 0.0044044687776056335
  }
}