{
  "process_id": 2957419,
  "local_process_index": 3,
  "energy_results": {
    "cpu_power": 112.5,
    "gpu_power": 536.8798216510182,
    "ram_power": 0.7321300506591797,
    "cpu_energy": 0.0012272291085919276,
    "gpu_energy": 0.01038238886145848,
    "ram_energy": 6.471575685020266e-06,
    "total_energy_kwh": 0.011616089545735425,
    "total_energy_joules": 41817.92236464753,
    "final_emissions": 0.00442514931244791
  }
}