{
  "process_id": 2957416,
  "local_process_index": 0,
  "energy_results": {
    "cpu_power": 112.5,
    "gpu_power": 987.5700053440602,
    "ram_power": 0.6889529228210449,
    "cpu_energy": 0.0012453646273170305,
    "gpu_energy": 0.010309426580867864,
    "ram_energy": 6.363444752958331e-06,
    "total_energy_kwh": 0.011561154652937852,
    "total_energy_joules": 41620.156750576265,
    "final_emissions": 0.004404221865036675
  }
}