{
  "process_id": 2957417,
  "local_process_index": 1,
  "energy_results": {
    "cpu_power": 112.5,
    "gpu_power": 827.9457773321291,
    "ram_power": 0.7243666648864746,
    "cpu_energy": 0.0012183929879101925,
    "gpu_energy": 0.010341065217288836,
    "ram_energy": 6.485294652201407e-06,
    "total_energy_kwh": 0.011565943499851229,
    "total_energy_joules": 41637.396599464424,
    "final_emissions": 0.004406046176268326
  }
}