{
  "experiment_id": "0074",
  "local_process_results": {
    "cpu_power": {
      "process_0": 112.5,
      "process_3": 112.5,
      "process_1": 112.5,
      "process_2": 112.5
    },
    "gpu_power": {
      "process_0": 987.5700053440602,
      "process_3": 536.8798216510182,
      "process_1": 827.9457773321291,
      "process_2": 799.9209379702883
    },
    "ram_power": {
      "process_0": 0.6889529228210449,
      "process_3": 0.7321300506591797,
      "process_1": 0.7243666648864746,
      "process_2": 0.7247772216796875
    },
    "cpu_energy": {
      "process_0": 0.0012453646273170305,
      "process_3": 0.0012272291085919276,
      "process_1": 0.0012183929879101925,
      "process_2": 0.0012170828776888812
    },
    "gpu_energy": {
      "process_0": 0.010309426580867864,
      "process_3": 0.01038238886145848,
      "process_1": 0.010341065217288836,
      "process_2": 0.010338234659468704
    },
    "ram_energy": {
      "process_0": 6.363444752958331e-06,
      "process_3": 6.471575685020266e-06,
      "process_1": 6.485294652201407e-06,
      "process_2": 6.485265324718848e-06
    },
    "total_energy_kwh": {
      "process_0": 0.011561154652937852,
      "process_3": 0.011616089545735425,
      "process_1": 0.011565943499851229,
      "process_2": 0.011561802802482302
    },
    "total_energy_joules": {
      "process_0": 41620.156750576265,
      "process_3": 41817.92236464753,
      "process_1": 41637.396599464424,
      "process_2": 41622.49008893629
    }
  },
  "global_experiment_results": {
    "cpu_power_avg": 112.5,
    "gpu_power_avg": 788.0791355743739,
    "ram_power_avg": 0.7175567150115967,
    "cpu_energy_total": 0.004908069601508032,
    "gpu_energy_total": 0.041371115319083884,
    "ram_energy_total": 2.580558041489885e-05,
    "total_energy_kwh": 0.04630499050100681,
    "total_energy_joules": 166697.9658036245
  },
  "global_derived_quantities": {
    "tokens_per_joule": 0.09828554248406889,
    "joules_per_token": 10.174436389381379,
    "flops_per_joule": 315772193.47039855,
    "joules_per_flop": 3.166839958293361e-09
  },
  "per-process_emissions": [
    0.004404221865036675,
    0.00442514931244791,
    0.004406046176268326,
    0.0044044687776056335
  ]
}