{
  "experiment_id": "0193",
  "local_process_results": {
    "cpu_power": {
      "process_2": 112.5,
      "process_0": 112.5,
      "process_3": 112.5,
      "process_1": 112.5
    },
    "gpu_power": {
      "process_2": 1009.2830703400473,
      "process_0": 961.9519613694137,
      "process_3": 863.1125144449343,
      "process_1": 904.0324965375437
    },
    "ram_power": {
      "process_2": 0.7246298789978027,
      "process_0": 0.6880817413330078,
      "process_3": 0.7320427894592285,
      "process_1": 0.7322845458984375
    },
    "cpu_energy": {
      "process_2": 0.0011561620563807083,
      "process_0": 0.001162873279716223,
      "process_3": 0.0011672838657505054,
      "process_1": 0.001163027179934943
    },
    "gpu_energy": {
      "process_2": 0.010139892556349395,
      "process_0": 0.010188982040066463,
      "process_3": 0.010205438719897764,
      "process_1": 0.010205438719897764
    },
    "ram_energy": {
      "process_2": 6.408508914110735e-06,
      "process_0": 6.107507265740295e-06,
      "process_3": 6.5405438400616895e-06,
      "process_1": 6.521440477808713e-06
    },
    "total_energy_kwh": {
      "process_2": 0.011302463121644213,
      "process_0": 0.011357962827048424,
      "process_3": 0.011379263129488334,
      "process_1": 0.011374987340310515
    },
    "total_energy_joules": {
      "process_2": 40688.86723791916,
      "process_0": 40888.666177374325,
      "process_3": 40965.347266158,
      "process_1": 40949.95442511785
    }
  },
  "global_experiment_results": {
    "cpu_power_avg": 112.5,
    "gpu_power_avg": 934.5950106729847,
    "ram_power_avg": 0.7192597389221191,
    "cpu_energy_total": 0.0046493463817823795,
    "gpu_energy_total": 0.040739752036211385,
    "ram_energy_total": 2.557800049772143e-05,
    "total_energy_kwh": 0.04541467641849149,
    "total_energy_joules": 163492.83510656934
  },
  "global_derived_quantities": {
    "tokens_per_joule": 0.10021234257342493,
    "joules_per_token": 9.978810736484945,
    "flops_per_joule": 321962624.68965477,
    "joules_per_flop": 3.105950577225903e-09
  },
  "per-process_emissions": [
    0.004305673326190363,
    0.004326815938964097,
    0.004334930289178581,
    0.004333301427291291
  ]
}