{
  "process_id": 3160467,
  "local_process_index": 2,
  "energy_results": {
    "cpu_power": 112.5,
    "gpu_power": 1009.2830703400473,
    "ram_power": 0.7246298789978027,
    "cpu_energy": 0.0011561620563807083,
    "gpu_energy": 0.010139892556349395,
    "ram_energy": 6.408508914110735e-06,
    "total_energy_kwh": 0.011302463121644213,
    "total_energy_joules": 40688.86723791916,
    "final_emissions": 0.004305673326190363
  }
}