{
  "process_id": 3160466,
  "local_process_index": 1,
  "energy_results": {
    "cpu_power": 112.5,
    "gpu_power": 904.0324965375437,
    "ram_power": 0.7322845458984375,
    "cpu_energy": 0.001163027179934943,
    "gpu_energy": 0.010205438719897764,
    "ram_energy": 6.521440477808713e-06,
    "total_energy_kwh": 0.011374987340310515,
    "total_energy_joules": 40949.95442511785,
    "final_emissions": 0.004333301427291291
  }
}