{
  "process_id": 3160465,
  "local_process_index": 0,
  "energy_results": {
    "cpu_power": 112.5,
    "gpu_power": 961.9519613694137,
    "ram_power": 0.6880817413330078,
    "cpu_energy": 0.001162873279716223,
    "gpu_energy": 0.010188982040066463,
    "ram_energy": 6.107507265740295e-06,
    "total_energy_kwh": 0.011357962827048424,
    "total_energy_joules": 40888.666177374325,
    "final_emissions": 0.004326815938964097
  }
}