{
  "process_id": 3160468,
  "local_process_index": 3,
  "energy_results": {
    "cpu_power": 112.5,
    "gpu_power": 863.1125144449343,
    "ram_power": 0.7320427894592285,
    "cpu_energy": 0.0011672838657505054,
    "gpu_energy": 0.010205438719897764,
    "ram_energy": 6.5405438400616895e-06,
    "total_energy_kwh": 0.011379263129488334,
    "total_energy_joules": 40965.347266158,
    "final_emissions": 0.004334930289178581
  }
}