{
  "process_id": 2817311,
  "local_process_index": 0,
  "energy_results": {
    "cpu_power": 112.5,
    "gpu_power": 936.3899869846664,
    "ram_power": 0.6876668930053711,
    "cpu_energy": 0.0012989924540379434,
    "gpu_energy": 0.010453297807075046,
    "ram_energy": 6.527917329056997e-06,
    "total_energy_kwh": 0.011758818178442047,
    "total_energy_joules": 42331.745442391366,
    "final_emissions": 0.004479521785077498
  }
}