{
  "process_id": 2817314,
  "local_process_index": 3,
  "energy_results": {
    "cpu_power": 112.5,
    "gpu_power": 978.5291992384844,
    "ram_power": 0.7293362617492676,
    "cpu_energy": 0.0012943613120951342,
    "gpu_energy": 0.010444348077692567,
    "ram_energy": 6.941001609274141e-06,
    "total_energy_kwh": 0.011745650391396979,
    "total_energy_joules": 42284.341409029126,
    "final_emissions": 0.004474505516602679
  }
}