{
  "process_id": 2817313,
  "local_process_index": 2,
  "energy_results": {
    "cpu_power": 112.5,
    "gpu_power": 6.274695282110435,
    "ram_power": 0.7230892181396484,
    "cpu_energy": 0.0013361419850371021,
    "gpu_energy": 0.010486993111809007,
    "ram_energy": 7.081970695232544e-06,
    "total_energy_kwh": 0.01183021706754134,
    "total_energy_joules": 42588.78144314882,
    "final_emissions": 0.004506721191879873
  }
}