{
  "experiment_id": "0055",
  "local_process_results": {
    "cpu_power": {
      "process_3": 112.5,
      "process_2": 112.5,
      "process_0": 112.5,
      "process_1": 112.5
    },
    "gpu_power": {
      "process_3": 978.5291992384844,
      "process_2": 6.274695282110435,
      "process_0": 936.3899869846664,
      "process_1": 962.8708695981842
    },
    "ram_power": {
      "process_3": 0.7293362617492676,
      "process_2": 0.7230892181396484,
      "process_0": 0.6876668930053711,
      "process_1": 0.7078914642333984
    },
    "cpu_energy": {
      "process_3": 0.0012943613120951342,
      "process_2": 0.0013361419850371021,
      "process_0": 0.0012989924540379434,
      "process_1": 0.0012960531151293255
    },
    "gpu_energy": {
      "process_3": 0.010444348077692567,
      "process_2": 0.010486993111809007,
      "process_0": 0.010453297807075046,
      "process_1": 0.010453398918267354
    },
    "ram_energy": {
      "process_3": 6.941001609274141e-06,
      "process_2": 7.081970695232544e-06,
      "process_0": 6.527917329056997e-06,
      "process_1": 6.6687487583608e-06
    },
    "total_energy_kwh": {
      "process_3": 0.011745650391396979,
      "process_2": 0.01183021706754134,
      "process_0": 0.011758818178442047,
      "process_1": 0.011756120782155037
    },
    "total_energy_joules": {
      "process_3": 42284.341409029126,
      "process_2": 42588.78144314882,
      "process_0": 42331.745442391366,
      "process_1": 42322.03481575813
    }
  },
  "global_experiment_results": {
    "cpu_power_avg": 112.5,
    "gpu_power_avg": 721.0161877758613,
    "ram_power_avg": 0.7119959592819214,
    "cpu_energy_total": 0.005225548866299505,
    "gpu_energy_total": 0.04183803791484397,
    "ram_energy_total": 2.7219638391924483e-05,
    "total_energy_kwh": 0.0470908064195354,
    "total_energy_joules": 169526.90311032743
  },
  "global_derived_quantities": {
    "tokens_per_joule": 0.09664542735932219,
    "joules_per_token": 10.347101019917446,
    "flops_per_joule": 310502824.8797008,
    "joules_per_flop": 3.220582615914794e-09
  },
  "per-process_emissions": [
    0.004474505516602679,
    0.004506721191879873,
    0.004479521785077498,
    0.004478494211961961
  ]
}