{
  "process_id": 2817312,
  "local_process_index": 1,
  "energy_results": {
    "cpu_power": 112.5,
    "gpu_power": 962.8708695981842,
    "ram_power": 0.7078914642333984,
    "cpu_energy": 0.0012960531151293255,
    "gpu_energy": 0.010453398918267354,
    "ram_energy": 6.6687487583608e-06,
    "total_energy_kwh": 0.011756120782155037,
    "total_energy_joules": 42322.03481575813,
    "final_emissions": 0.004478494211961961
  }
}