{
  "experiment_id": "0012",
  "local_process_results": {
    "cpu_power": {
      "process_1": 112.5,
      "process_0": 112.5,
      "process_3": 112.5,
      "process_2": 112.5
    },
    "gpu_power": {
      "process_1": 1017.6070480113142,
      "process_0": 903.6543809906022,
      "process_3": 927.0526148578135,
      "process_2": 527.1969432390996
    },
    "ram_power": {
      "process_1": 0.7295422554016113,
      "process_0": 0.6874566078186035,
      "process_3": 0.7062077522277832,
      "process_2": 0.7304306030273438
    },
    "cpu_energy": {
      "process_1": 0.0011976977825925135,
      "process_0": 0.0012028516237751318,
      "process_3": 0.001202159921802377,
      "process_2": 0.0012190260347488223
    },
    "gpu_energy": {
      "process_1": 0.010208360111125359,
      "process_0": 0.010242811527575668,
      "process_3": 0.010236033188820493,
      "process_2": 0.010303314075978065
    },
    "ram_energy": {
      "process_1": 6.414958067344166e-06,
      "process_0": 6.060178462371907e-06,
      "process_3": 6.226446347624455e-06,
      "process_2": 6.607249769828963e-06
    },
    "total_energy_kwh": {
      "process_1": 0.011412472851785215,
      "process_0": 0.011451723329813177,
      "process_3": 0.01144441955697049,
      "process_2": 0.011528947360496717
    },
    "total_energy_joules": {
      "process_1": 41084.902266426776,
      "process_0": 41226.20398732744,
      "process_3": 41199.91040509376,
      "process_2": 41504.21049778818
    }
  },
  "global_experiment_results": {
    "cpu_power_avg": 112.5,
    "gpu_power_avg": 843.8777467747075,
    "ram_power_avg": 0.7134093046188354,
    "cpu_energy_total": 0.004821735362918845,
    "gpu_energy_total": 0.040990518903499584,
    "ram_energy_total": 2.530883264716949e-05,
    "total_energy_kwh": 0.0458375630990656,
    "total_energy_joules": 165015.22715663616
  },
  "global_derived_quantities": {
    "tokens_per_joule": 0.09928780684250393,
    "joules_per_token": 10.071730173134531,
    "flops_per_joule": 318992272.50645345,
    "joules_per_flop": 3.134872177757125e-09
  },
  "per-process_emissions": [
    0.0043475815328875775,
    0.00436253400249233,
    0.004359751630227908,
    0.004391952496981225
  ]
}