{
  "process_id": 2741684,
  "local_process_index": 2,
  "energy_results": {
    "cpu_power": 112.5,
    "gpu_power": 527.1969432390996,
    "ram_power": 0.7304306030273438,
    "cpu_energy": 0.0012190260347488223,
    "gpu_energy": 0.010303314075978065,
    "ram_energy": 6.607249769828963e-06,
    "total_energy_kwh": 0.011528947360496717,
    "total_energy_joules": 41504.21049778818,
    "final_emissions": 0.004391952496981225
  }
}