{
  "process_id": 2741683,
  "local_process_index": 1,
  "energy_results": {
    "cpu_power": 112.5,
    "gpu_power": 1017.6070480113142,
    "ram_power": 0.7295422554016113,
    "cpu_energy": 0.0011976977825925135,
    "gpu_energy": 0.010208360111125359,
    "ram_energy": 6.414958067344166e-06,
    "total_energy_kwh": 0.011412472851785215,
    "total_energy_joules": 41084.902266426776,
    "final_emissions": 0.0043475815328875775
  }
}