{
  "process_id": 2741685,
  "local_process_index": 3,
  "energy_results": {
    "cpu_power": 112.5,
    "gpu_power": 927.0526148578135,
    "ram_power": 0.7062077522277832,
    "cpu_energy": 0.001202159921802377,
    "gpu_energy": 0.010236033188820493,
    "ram_energy": 6.226446347624455e-06,
    "total_energy_kwh": 0.01144441955697049,
    "total_energy_joules": 41199.91040509376,
    "final_emissions": 0.004359751630227908
  }
}