{
  "process_id": 2741682,
  "local_process_index": 0,
  "energy_results": {
    "cpu_power": 112.5,
    "gpu_power": 903.6543809906022,
    "ram_power": 0.6874566078186035,
    "cpu_energy": 0.0012028516237751318,
    "gpu_energy": 0.010242811527575668,
    "ram_energy": 6.060178462371907e-06,
    "total_energy_kwh": 0.011451723329813177,
    "total_energy_joules": 41226.20398732744,
    "final_emissions": 0.00436253400249233
  }
}