{
  "process_id": 2730170,
  "local_process_index": 2,
  "energy_results": {
    "cpu_power": 112.5,
    "gpu_power": 1043.3522828873047,
    "ram_power": 0.7058687210083008,
    "cpu_energy": 0.001197027316255117,
    "gpu_energy": 0.010140419778996268,
    "ram_energy": 6.297907013105425e-06,
    "total_energy_kwh": 0.01134374500226449,
    "total_energy_joules": 40837.48200815216,
    "final_emissions": 0.0043213996586126575
  }
}