{
  "experiment_id": "0004",
  "local_process_results": {
    "cpu_power": {
      "process_1": 112.5,
      "process_0": 112.5,
      "process_3": 112.5,
      "process_2": 112.5
    },
    "gpu_power": {
      "process_1": 919.0597739745459,
      "process_0": 896.9993752788577,
      "process_3": 438.0167014711683,
      "process_2": 1043.3522828873047
    },
    "ram_power": {
      "process_1": 0.7293720245361328,
      "process_0": 0.6865725517272949,
      "process_3": 0.706028938293457,
      "process_2": 0.7058687210083008
    },
    "cpu_energy": {
      "process_1": 0.0012023621647185788,
      "process_0": 0.001213649177159823,
      "process_3": 0.0012367140034675688,
      "process_2": 0.001197027316255117
    },
    "gpu_energy": {
      "process_1": 0.0101695681356464,
      "process_0": 0.010233522353477298,
      "process_3": 0.010322402980138534,
      "process_2": 0.010140419778996268
    },
    "ram_energy": {
      "process_1": 6.486431518227442e-06,
      "process_0": 6.244646275862157e-06,
      "process_3": 6.379130426991041e-06,
      "process_2": 6.297907013105425e-06
    },
    "total_energy_kwh": {
      "process_1": 0.011378416731883207,
      "process_0": 0.011453416176912982,
      "process_3": 0.01156549611403309,
      "process_2": 0.01134374500226449
    },
    "total_energy_joules": {
      "process_1": 40962.30023477955,
      "process_0": 41232.29823688674,
      "process_3": 41635.78601051912,
      "process_2": 40837.48200815216
    }
  },
  "global_experiment_results": {
    "cpu_power_avg": 112.5,
    "gpu_power_avg": 824.3570334029691,
    "ram_power_avg": 0.7069605588912964,
    "cpu_energy_total": 0.004849752661601087,
    "gpu_energy_total": 0.0408659132482585,
    "ram_energy_total": 2.5408115234186066e-05,
    "total_energy_kwh": 0.04574107402509377,
    "total_energy_joules": 164667.86649033756
  },
  "global_derived_quantities": {
    "tokens_per_joule": 0.09949725073386669,
    "joules_per_token": 10.050528960591892,
    "flops_per_joule": 319665174.6985059,
    "joules_per_flop": 3.1282732031825362e-09
  },
  "per-process_emissions": [
    0.004334607854010908,
    0.004363178892595,
    0.004405875744640905,
    0.0043213996586126575
  ]
}