{
  "process_id": 2730168,
  "local_process_index": 0,
  "energy_results": {
    "cpu_power": 112.5,
    "gpu_power": 896.9993752788577,
    "ram_power": 0.6865725517272949,
    "cpu_energy": 0.001213649177159823,
    "gpu_energy": 0.010233522353477298,
    "ram_energy": 6.244646275862157e-06,
    "total_energy_kwh": 0.011453416176912982,
    "total_energy_joules": 41232.29823688674,
    "final_emissions": 0.004363178892595
  }
}