{
  "process_id": 2730169,
  "local_process_index": 1,
  "energy_results": {
    "cpu_power": 112.5,
    "gpu_power": 919.0597739745459,
    "ram_power": 0.7293720245361328,
    "cpu_energy": 0.0012023621647185788,
    "gpu_energy": 0.0101695681356464,
    "ram_energy": 6.486431518227442e-06,
    "total_energy_kwh": 0.011378416731883207,
    "total_energy_joules": 40962.30023477955,
    "final_emissions": 0.004334607854010908
  }
}