{
  "process_id": 2730171,
  "local_process_index": 3,
  "energy_results": {
    "cpu_power": 112.5,
    "gpu_power": 438.0167014711683,
    "ram_power": 0.706028938293457,
    "cpu_energy": 0.0012367140034675688,
    "gpu_energy": 0.010322402980138534,
    "ram_energy": 6.379130426991041e-06,
    "total_energy_kwh": 0.01156549611403309,
    "total_energy_joules": 41635.78601051912,
    "final_emissions": 0.004405875744640905
  }
}