{
  "process_id": 3596201,
  "local_process_index": 2,
  "energy_results": {
    "cpu_power": 112.5,
    "gpu_power": 1058.1477900629786,
    "ram_power": 0.723365306854248,
    "cpu_energy": 0.0011861803346528176,
    "gpu_energy": 0.010167119522579426,
    "ram_energy": 6.614432059609931e-06,
    "total_energy_kwh": 0.011359914289291851,
    "total_energy_joules": 40895.69144145067,
    "final_emissions": 0.004327559348505731
  }
}