{
  "process_id": 3596202,
  "local_process_index": 3,
  "energy_results": {
    "cpu_power": 112.5,
    "gpu_power": 841.9859280828947,
    "ram_power": 0.7292361259460449,
    "cpu_energy": 0.0011983443735352922,
    "gpu_energy": 0.01024092347051031,
    "ram_energy": 6.766845349561699e-06,
    "total_energy_kwh": 0.011446034689395162,
    "total_energy_joules": 41205.72488182258,
    "final_emissions": 0.004360366914925087
  }
}