{
  "process_id": 3596200,
  "local_process_index": 1,
  "energy_results": {
    "cpu_power": 112.5,
    "gpu_power": 1020.2355590268539,
    "ram_power": 0.7229790687561035,
    "cpu_energy": 0.0011920527101283369,
    "gpu_energy": 0.010213433726297794,
    "ram_energy": 6.656495719343043e-06,
    "total_energy_kwh": 0.01141214293214547,
    "total_energy_joules": 41083.714555723695,
    "final_emissions": 0.004347455850000817
  }
}