{
  "process_id": 3596199,
  "local_process_index": 0,
  "energy_results": {
    "cpu_power": 112.5,
    "gpu_power": 969.7929008226617,
    "ram_power": 0.6858987808227539,
    "cpu_energy": 0.0011926677046503757,
    "gpu_energy": 0.01021631261748901,
    "ram_energy": 6.295012716590014e-06,
    "total_energy_kwh": 0.011415275334855972,
    "total_energy_joules": 41094.9912054815,
    "final_emissions": 0.004348649138813382
  }
}