{
  "experiment_id": "0446",
  "local_process_results": {
    "cpu_power": {
      "process_3": 112.5,
      "process_2": 112.5,
      "process_1": 112.5,
      "process_0": 112.5
    },
    "gpu_power": {
      "process_3": 841.9859280828947,
      "process_2": 1058.1477900629786,
      "process_1": 1020.2355590268539,
      "process_0": 969.7929008226617
    },
    "ram_power": {
      "process_3": 0.7292361259460449,
      "process_2": 0.723365306854248,
      "process_1": 0.7229790687561035,
      "process_0": 0.6858987808227539
    },
    "cpu_energy": {
      "process_3": 0.0011983443735352922,
      "process_2": 0.0011861803346528176,
      "process_1": 0.0011920527101283369,
      "process_0": 0.0011926677046503757
    },
    "gpu_energy": {
      "process_3": 0.01024092347051031,
      "process_2": 0.010167119522579426,
      "process_1": 0.010213433726297794,
      "process_0": 0.01021631261748901
    },
    "ram_energy": {
      "process_3": 6.766845349561699e-06,
      "process_2": 6.614432059609931e-06,
      "process_1": 6.656495719343043e-06,
      "process_0": 6.295012716590014e-06
    },
    "total_energy_kwh": {
      "process_3": 0.011446034689395162,
      "process_2": 0.011359914289291851,
      "process_1": 0.01141214293214547,
      "process_0": 0.011415275334855972
    },
    "total_energy_joules": {
      "process_3": 41205.72488182258,
      "process_2": 40895.69144145067,
      "process_1": 41083.714555723695,
      "process_0": 41094.9912054815
    }
  },
  "global_experiment_results": {
    "cpu_power_avg": 112.5,
    "gpu_power_avg": 972.5405444988473,
    "ram_power_avg": 0.7153698205947876,
    "cpu_energy_total": 0.004769245122966823,
    "gpu_energy_total": 0.04083778933687654,
    "ram_energy_total": 2.6332785845104686e-05,
    "total_energy_kwh": 0.04563336724568846,
    "total_energy_joules": 164280.12208447844
  },
  "global_derived_quantities": {
    "tokens_per_joule": 0.09973209048125,
    "joules_per_token": 10.026862920195217,
    "flops_per_joule": 320419668.8008026,
    "joules_per_flop": 3.120907039641429e-09
  },
  "per-process_emissions": [
    0.004360366914925087,
    0.004327559348505731,
    0.004347455850000817,
    0.004348649138813382
  ]
}