{
  "experiment_id": "0116",
  "local_process_results": {
    "cpu_power": {
      "process_3": 112.5,
      "process_1": 112.5,
      "process_2": 112.5,
      "process_0": 112.5
    },
    "gpu_power": {
      "process_3": 906.7135077277362,
      "process_1": 738.0867502038474,
      "process_2": 861.6110493317461,
      "process_0": 919.2595425236017
    },
    "ram_power": {
      "process_3": 0.7293577194213867,
      "process_1": 0.721095085144043,
      "process_2": 0.7276968955993653,
      "process_0": 0.6861906051635742
    },
    "cpu_energy": {
      "process_3": 0.001222761253524368,
      "process_1": 0.0012390115991565839,
      "process_2": 0.0012309165797250898,
      "process_0": 0.001222666884345017
    },
    "gpu_energy": {
      "process_3": 0.010310517415072162,
      "process_1": 0.010395346371825376,
      "process_2": 0.010375304411347486,
      "process_0": 0.010330815764644008
    },
    "ram_energy": {
      "process_3": 6.522598024681224e-06,
      "process_1": 6.542569912473257e-06,
      "process_2": 6.526117786209082e-06,
      "process_0": 6.157577146203028e-06
    },
    "total_energy_kwh": {
      "process_3": 0.011539801266621208,
      "process_1": 0.01164090054089443,
      "process_2": 0.01161274710885879,
      "process_0": 0.011559640226135228
    },
    "total_energy_joules": {
      "process_3": 41543.28455983635,
      "process_1": 41907.241947219954,
      "process_2": 41805.889591891646,
      "process_0": 41614.70481408682
    }
  },
  "global_experiment_results": {
    "cpu_power_avg": 112.5,
    "gpu_power_avg": 856.4177124467328,
    "ram_power_avg": 0.7160850763320923,
    "cpu_energy_total": 0.004915356316751059,
    "gpu_energy_total": 0.04141198396288903,
    "ram_energy_total": 2.574886286956659e-05,
    "total_energy_kwh": 0.04635308914250966,
    "total_energy_joules": 166871.12091303477
  },
  "global_derived_quantities": {
    "tokens_per_joule": 0.0981835557306441,
    "joules_per_token": 10.18500493853972,
    "flops_per_joule": 315444530.01125765,
    "joules_per_flop": 3.1701294676573145e-09
  },
  "per-process_emissions": [
    0.00439608729251935,
    0.004434601061053734,
    0.004423876011119756,
    0.004403644944146215
  ]
}