{
  "process_id": 3027408,
  "local_process_index": 0,
  "energy_results": {
    "cpu_power": 112.5,
    "gpu_power": 919.2595425236017,
    "ram_power": 0.6861906051635742,
    "cpu_energy": 0.001222666884345017,
    "gpu_energy": 0.010330815764644008,
    "ram_energy": 6.157577146203028e-06,
    "total_energy_kwh": 0.011559640226135228,
    "total_energy_joules": 41614.70481408682,
    "final_emissions": 0.004403644944146215
  }
}