{
  "process_id": 3027411,
  "local_process_index": 3,
  "energy_results": {
    "cpu_power": 112.5,
    "gpu_power": 906.7135077277362,
    "ram_power": 0.7293577194213867,
    "cpu_energy": 0.001222761253524368,
    "gpu_energy": 0.010310517415072162,
    "ram_energy": 6.522598024681224e-06,
    "total_energy_kwh": 0.011539801266621208,
    "total_energy_joules": 41543.28455983635,
    "final_emissions": 0.00439608729251935
  }
}