{
  "process_id": 3027409,
  "local_process_index": 1,
  "energy_results": {
    "cpu_power": 112.5,
    "gpu_power": 738.0867502038474,
    "ram_power": 0.721095085144043,
    "cpu_energy": 0.0012390115991565839,
    "gpu_energy": 0.010395346371825376,
    "ram_energy": 6.542569912473257e-06,
    "total_energy_kwh": 0.01164090054089443,
    "total_energy_joules": 41907.241947219954,
    "final_emissions": 0.004434601061053734
  }
}