{
  "process_id": 3027410,
  "local_process_index": 2,
  "energy_results": {
    "cpu_power": 112.5,
    "gpu_power": 861.6110493317461,
    "ram_power": 0.7276968955993653,
    "cpu_energy": 0.0012309165797250898,
    "gpu_energy": 0.010375304411347486,
    "ram_energy": 6.526117786209082e-06,
    "total_energy_kwh": 0.01161274710885879,
    "total_energy_joules": 41805.889591891646,
    "final_emissions": 0.004423876011119756
  }
}