{
  "process_id": 3050287,
  "local_process_index": 1,
  "energy_results": {
    "cpu_power": 112.5,
    "gpu_power": 892.8240334848543,
    "ram_power": 0.7267541885375977,
    "cpu_energy": 0.001262995545564991,
    "gpu_energy": 0.010582788466225956,
    "ram_energy": 6.750979072445823e-06,
    "total_energy_kwh": 0.011852534990863396,
    "total_energy_joules": 42669.12596710823,
    "final_emissions": 0.004515223204769411
  }
}