{
  "experiment_id": "0130",
  "local_process_results": {
    "cpu_power": {
      "process_3": 112.5,
      "process_0": 112.5,
      "process_1": 112.5,
      "process_2": 112.5
    },
    "gpu_power": {
      "process_3": 869.6934049523736,
      "process_0": 958.8120309873076,
      "process_1": 892.8240334848543,
      "process_2": 1016.76800904462
    },
    "ram_power": {
      "process_3": 0.726386547088623,
      "process_0": 0.6901817321777344,
      "process_1": 0.7267541885375977,
      "process_2": 0.7267684936523438
    },
    "cpu_energy": {
      "process_3": 0.001264433765250942,
      "process_0": 0.0012600022697224632,
      "process_1": 0.001262995545564991,
      "process_2": 0.0012527716900603994
    },
    "gpu_energy": {
      "process_3": 0.01058586069090417,
      "process_0": 0.01057487123766876,
      "process_1": 0.010582788466225956,
      "process_2": 0.010515094523180224
    },
    "ram_energy": {
      "process_3": 6.721696214372536e-06,
      "process_0": 6.426527684777874e-06,
      "process_1": 6.750979072445823e-06,
      "process_2": 6.726544556527354e-06
    },
    "total_energy_kwh": {
      "process_3": 0.011857016152369478,
      "process_0": 0.011841300035075998,
      "process_1": 0.011852534990863396,
      "process_2": 0.01177459275779715
    },
    "total_energy_joules": {
      "process_3": 42685.25814853012,
      "process_0": 42628.6801262736,
      "process_1": 42669.12596710823,
      "process_2": 42388.53392806974
    }
  },
  "global_experiment_results": {
    "cpu_power_avg": 112.5,
    "gpu_power_avg": 934.5243696172889,
    "ram_power_avg": 0.7175227403640747,
    "cpu_energy_total": 0.005040203270598795,
    "gpu_energy_total": 0.04225861491797911,
    "ram_energy_total": 2.6625747528123586e-05,
    "total_energy_kwh": 0.04732544393610603,
    "total_energy_joules": 170371.59816998168
  },
  "global_derived_quantities": {
    "tokens_per_joule": 0.09616626348514673,
    "joules_per_token": 10.398657114867046,
    "flops_per_joule": 308963365.22209466,
    "joules_per_flop": 3.236629686762901e-09
  },
  "per-process_emissions": [
    0.004516930303245153,
    0.004510943248362201,
    0.004515223204769411,
    0.004485531111082824
  ]
}