{
  "process_id": 3050288,
  "local_process_index": 2,
  "energy_results": {
    "cpu_power": 112.5,
    "gpu_power": 1016.76800904462,
    "ram_power": 0.7267684936523438,
    "cpu_energy": 0.0012527716900603994,
    "gpu_energy": 0.010515094523180224,
    "ram_energy": 6.726544556527354e-06,
    "total_energy_kwh": 0.01177459275779715,
    "total_energy_joules": 42388.53392806974,
    "final_emissions": 0.004485531111082824
  }
}