{
  "process_id": 3050289,
  "local_process_index": 3,
  "energy_results": {
    "cpu_power": 112.5,
    "gpu_power": 869.6934049523736,
    "ram_power": 0.726386547088623,
    "cpu_energy": 0.001264433765250942,
    "gpu_energy": 0.01058586069090417,
    "ram_energy": 6.721696214372536e-06,
    "total_energy_kwh": 0.011857016152369478,
    "total_energy_joules": 42685.25814853012,
    "final_emissions": 0.004516930303245153
  }
}