{
  "process_id": 3050286,
  "local_process_index": 0,
  "energy_results": {
    "cpu_power": 112.5,
    "gpu_power": 958.8120309873076,
    "ram_power": 0.6901817321777344,
    "cpu_energy": 0.0012600022697224632,
    "gpu_energy": 0.01057487123766876,
    "ram_energy": 6.426527684777874e-06,
    "total_energy_kwh": 0.011841300035075998,
    "total_energy_joules": 42628.6801262736,
    "final_emissions": 0.004510943248362201
  }
}