{
  "process_id": 2810826,
  "local_process_index": 2,
  "energy_results": {
    "cpu_power": 112.5,
    "gpu_power": 1106.914120103561,
    "ram_power": 0.7310657501220703,
    "cpu_energy": 0.0012142300358791546,
    "gpu_energy": 0.010313324361763243,
    "ram_energy": 6.4294707645434075e-06,
    "total_energy_kwh": 0.01153398386840694,
    "total_energy_joules": 41522.341926264984,
    "final_emissions": 0.004393871154669624
  }
}