{
  "process_id": 2810825,
  "local_process_index": 1,
  "energy_results": {
    "cpu_power": 112.5,
    "gpu_power": 786.5348920840993,
    "ram_power": 0.7228574752807617,
    "cpu_energy": 0.001225042705660599,
    "gpu_energy": 0.01037220218664281,
    "ram_energy": 6.5111788969958805e-06,
    "total_energy_kwh": 0.0116037560712004,
    "total_energy_joules": 41773.52185632144,
    "final_emissions": 0.004420450875323792
  }
}