{
  "experiment_id": "0051",
  "local_process_results": {
    "cpu_power": {
      "process_2": 112.5,
      "process_0": 112.5,
      "process_3": 112.5,
      "process_1": 112.5
    },
    "gpu_power": {
      "process_2": 1106.914120103561,
      "process_0": 908.3911936963199,
      "process_3": 755.4461407862658,
      "process_1": 786.5348920840993
    },
    "ram_power": {
      "process_2": 0.7310657501220703,
      "process_0": 0.6857585906982422,
      "process_3": 0.730656623840332,
      "process_1": 0.7228574752807617
    },
    "cpu_energy": {
      "process_2": 0.0012142300358791546,
      "process_0": 0.0012193471883419984,
      "process_3": 0.0012254133736842056,
      "process_1": 0.001225042705660599
    },
    "gpu_energy": {
      "process_2": 0.010313324361763243,
      "process_0": 0.010347831333814561,
      "process_3": 0.010377141912817578,
      "process_1": 0.01037220218664281
    },
    "ram_energy": {
      "process_2": 6.4294707645434075e-06,
      "process_0": 6.0316654786699655e-06,
      "process_3": 6.532410971888398e-06,
      "process_1": 6.5111788969958805e-06
    },
    "total_energy_kwh": {
      "process_2": 0.01153398386840694,
      "process_0": 0.011573210187635238,
      "process_3": 0.011609087697473671,
      "process_1": 0.0116037560712004
    },
    "total_energy_joules": {
      "process_2": 41522.341926264984,
      "process_0": 41663.556675486856,
      "process_3": 41792.71571090522,
      "process_1": 41773.52185632144
    }
  },
  "global_experiment_results": {
    "cpu_power_avg": 112.5,
    "gpu_power_avg": 889.3215866675615,
    "ram_power_avg": 0.7175846099853516,
    "cpu_energy_total": 0.004884033303565958,
    "gpu_energy_total": 0.04141049979503819,
    "ram_energy_total": 2.550472611209765e-05,
    "total_energy_kwh": 0.04632003782471625,
    "total_energy_joules": 166752.1361689785
  },
  "global_derived_quantities": {
    "tokens_per_joule": 0.09825361387513053,
    "joules_per_token": 10.177742686094879,
    "flops_per_joule": 315669613.1048218,
    "joules_per_flop": 3.1678690582990587e-09
  },
  "per-process_emissions": [
    0.004393871154669624,
    0.004408814420979644,
    0.004422481958352595,
    0.004420450875323792
  ]
}