{
  "process_id": 2810824,
  "local_process_index": 0,
  "energy_results": {
    "cpu_power": 112.5,
    "gpu_power": 908.3911936963199,
    "ram_power": 0.6857585906982422,
    "cpu_energy": 0.0012193471883419984,
    "gpu_energy": 0.010347831333814561,
    "ram_energy": 6.0316654786699655e-06,
    "total_energy_kwh": 0.011573210187635238,
    "total_energy_joules": 41663.556675486856,
    "final_emissions": 0.004408814420979644
  }
}