{
  "process_id": 2810827,
  "local_process_index": 3,
  "energy_results": {
    "cpu_power": 112.5,
    "gpu_power": 755.4461407862658,
    "ram_power": 0.730656623840332,
    "cpu_energy": 0.0012254133736842056,
    "gpu_energy": 0.010377141912817578,
    "ram_energy": 6.532410971888398e-06,
    "total_energy_kwh": 0.011609087697473671,
    "total_energy_joules": 41792.71571090522,
    "final_emissions": 0.004422481958352595
  }
}