{
  "process_id": 3603206,
  "local_process_index": 0,
  "energy_results": {
    "cpu_power": 112.5,
    "gpu_power": 840.5244656160396,
    "ram_power": 0.6877570152282716,
    "cpu_energy": 0.001096727138561619,
    "gpu_energy": 0.009348470534325415,
    "ram_energy": 5.433472069760874e-06,
    "total_energy_kwh": 0.010450631144956795,
    "total_energy_joules": 37622.272121844464,
    "final_emissions": 0.003981167934671291
  }
}