{
  "process_id": 3603208,
  "local_process_index": 2,
  "energy_results": {
    "cpu_power": 112.5,
    "gpu_power": 0.0,
    "ram_power": 0.7215728759765625,
    "cpu_energy": 0.0011166929275605066,
    "gpu_energy": 0.009441592275491573,
    "ram_energy": 6.0730717450634485e-06,
    "total_energy_kwh": 0.010564358274797138,
    "total_energy_joules": 38031.689789269694,
    "final_emissions": 0.00402449228478397
  }
}