{
  "experiment_id": "0450",
  "local_process_results": {
    "cpu_power": {
      "process_0": 112.5,
      "process_3": 112.5,
      "process_1": 112.5,
      "process_2": 112.5
    },
    "gpu_power": {
      "process_0": 840.5244656160396,
      "process_3": 415.88692341337986,
      "process_1": 845.3488341524769,
      "process_2": 0.0
    },
    "ram_power": {
      "process_0": 0.6877570152282716,
      "process_3": 0.7076826095581055,
      "process_1": 0.7288212776184082,
      "process_2": 0.7215728759765625
    },
    "cpu_energy": {
      "process_0": 0.001096727138561619,
      "process_3": 0.001128766296817048,
      "process_1": 0.0010913056744648202,
      "process_2": 0.0011166929275605066
    },
    "gpu_energy": {
      "process_0": 0.009348470534325415,
      "process_3": 0.009491960649116393,
      "process_1": 0.009316081897303263,
      "process_2": 0.009441592275491573
    },
    "ram_energy": {
      "process_0": 5.433472069760874e-06,
      "process_3": 5.791454485700779e-06,
      "process_1": 5.791939325761943e-06,
      "process_2": 6.0730717450634485e-06
    },
    "total_energy_kwh": {
      "process_0": 0.010450631144956795,
      "process_3": 0.01062651840041914,
      "process_1": 0.01041317951109385,
      "process_2": 0.010564358274797138
    },
    "total_energy_joules": {
      "process_0": 37622.272121844464,
      "process_3": 38255.466241508904,
      "process_1": 37487.44623993786,
      "process_2": 38031.689789269694
    }
  },
  "global_experiment_results": {
    "cpu_power_avg": 112.5,
    "gpu_power_avg": 525.4400557954741,
    "ram_power_avg": 0.7114584445953369,
    "cpu_energy_total": 0.004433492037403994,
    "gpu_energy_total": 0.037598105356236644,
    "ram_energy_total": 2.3089937626287046e-05,
    "total_energy_kwh": 0.042054687331266924,
    "total_energy_joules": 151396.87439256092
  },
  "global_derived_quantities": {
    "tokens_per_joule": 0.10821887879612031,
    "joules_per_token": 9.24053188431158,
    "flops_per_joule": 347686057.06070286,
    "joules_per_flop": 2.8761579007622067e-09
  },
  "per-process_emissions": [
    0.003981167934671291,
    0.004048172184639672,
    0.003966900734751202,
    0.00402449228478397
  ]
}