{
  "process_id": 3603209,
  "local_process_index": 3,
  "energy_results": {
    "cpu_power": 112.5,
    "gpu_power": 415.88692341337986,
    "ram_power": 0.7076826095581055,
    "cpu_energy": 0.001128766296817048,
    "gpu_energy": 0.009491960649116393,
    "ram_energy": 5.791454485700779e-06,
    "total_energy_kwh": 0.01062651840041914,
    "total_energy_joules": 38255.466241508904,
    "final_emissions": 0.004048172184639672
  }
}