{
  "process_id": 3603207,
  "local_process_index": 1,
  "energy_results": {
    "cpu_power": 112.5,
    "gpu_power": 845.3488341524769,
    "ram_power": 0.7288212776184082,
    "cpu_energy": 0.0010913056744648202,
    "gpu_energy": 0.009316081897303263,
    "ram_energy": 5.791939325761943e-06,
    "total_energy_kwh": 0.01041317951109385,
    "total_energy_joules": 37487.44623993786,
    "final_emissions": 0.003966900734751202
  }
}