{
  "process_id": 3906265,
  "local_process_index": 3,
  "energy_results": {
    "cpu_power": 112.5,
    "gpu_power": 167.25426582506202,
    "ram_power": 0.7323360443115234,
    "cpu_energy": 0.0010979878500584164,
    "gpu_energy": 0.010251657090206479,
    "ram_energy": 7.241827547287961e-06,
    "total_energy_kwh": 0.011356886767812182,
    "total_energy_joules": 40884.79236412385,
    "final_emissions": 0.004326406014198051
  }
}