{
  "process_id": 3906264,
  "local_process_index": 2,
  "energy_results": {
    "cpu_power": 112.5,
    "gpu_power": 196.72541707725892,
    "ram_power": 0.7324604988098146,
    "cpu_energy": 0.0010779370783729973,
    "gpu_energy": 0.010242026804723636,
    "ram_energy": 7.909593077675798e-06,
    "total_energy_kwh": 0.011327873476174312,
    "total_energy_joules": 40780.34451422752,
    "final_emissions": 0.0043153534007486045
  }
}