{
  "process_id": 3906263,
  "local_process_index": 1,
  "energy_results": {
    "cpu_power": 112.5,
    "gpu_power": 1382.6215933990993,
    "ram_power": 0.724907398223877,
    "cpu_energy": 0.001093578200250704,
    "gpu_energy": 0.01024484041808904,
    "ram_energy": 6.762595276375794e-06,
    "total_energy_kwh": 0.011345181213616119,
    "total_energy_joules": 40842.652369018026,
    "final_emissions": 0.0043219467833270605
  }
}