{
  "experiment_id": "0505",
  "local_process_results": {
    "cpu_power": {
      "process_0": 112.5,
      "process_1": 112.5,
      "process_2": 112.5,
      "process_3": 112.5
    },
    "gpu_power": {
      "process_0": 189.7506855740273,
      "process_1": 1382.6215933990993,
      "process_2": 196.72541707725892,
      "process_3": 167.25426582506202
    },
    "ram_power": {
      "process_0": 0.6814126968383789,
      "process_1": 0.724907398223877,
      "process_2": 0.7324604988098146,
      "process_3": 0.7323360443115234
    },
    "cpu_energy": {
      "process_0": 0.0010859952632872592,
      "process_1": 0.001093578200250704,
      "process_2": 0.0010779370783729973,
      "process_3": 0.0010979878500584164
    },
    "gpu_energy": {
      "process_0": 0.010251005423018711,
      "process_1": 0.01024484041808904,
      "process_2": 0.010242026804723636,
      "process_3": 0.010251657090206479
    },
    "ram_energy": {
      "process_0": 7.376731208929375e-06,
      "process_1": 6.762595276375794e-06,
      "process_2": 7.909593077675798e-06,
      "process_3": 7.241827547287961e-06
    },
    "total_energy_kwh": {
      "process_0": 0.011344377417514902,
      "process_1": 0.011345181213616119,
      "process_2": 0.011327873476174312,
      "process_3": 0.011356886767812182
    },
    "total_energy_joules": {
      "process_0": 40839.758703053645,
      "process_1": 40842.652369018026,
      "process_2": 40780.34451422752,
      "process_3": 40884.79236412385
    }
  },
  "global_experiment_results": {
    "cpu_power_avg": 112.5,
    "gpu_power_avg": 484.0879904688619,
    "ram_power_avg": 0.7177791595458984,
    "cpu_energy_total": 0.004355498391969376,
    "gpu_energy_total": 0.040989529736037866,
    "ram_energy_total": 2.9290747110268927e-05,
    "total_energy_kwh": 0.04537431887511752,
    "total_energy_joules": 163347.54795042306
  },
  "global_derived_quantities": {
    "tokens_per_joule": 0.1003014750179944,
    "joules_per_token": 9.969943112208439,
    "flops_per_joule": 322248989.77265406,
    "joules_per_flop": 3.103190488527203e-09
  },
  "per-process_emissions": [
    0.004321640577202302,
    0.0043219467833270605,
    0.0043153534007486045,
    0.004326406014198051
  ]
}