{
  "process_id": 3906262,
  "local_process_index": 0,
  "energy_results": {
    "cpu_power": 112.5,
    "gpu_power": 189.7506855740273,
    "ram_power": 0.6814126968383789,
    "cpu_energy": 0.0010859952632872592,
    "gpu_energy": 0.010251005423018711,
    "ram_energy": 7.376731208929375e-06,
    "total_energy_kwh": 0.011344377417514902,
    "total_energy_joules": 40839.758703053645,
    "final_emissions": 0.004321640577202302
  }
}