{
  "experiment_id": "0558",
  "local_process_results": {
    "cpu_power": {
      "process_3": 112.5,
      "process_1": 112.5,
      "process_2": 112.5,
      "process_0": 112.5
    },
    "gpu_power": {
      "process_3": 248.57366372728958,
      "process_1": 438.9790022199862,
      "process_2": 900.535913808947,
      "process_0": 0.0
    },
    "ram_power": {
      "process_3": 0.7344789505004883,
      "process_1": 0.7099771499633789,
      "process_2": 0.7344846725463867,
      "process_0": 0.6816787719726562
    },
    "cpu_energy": {
      "process_3": 0.001378129540438749,
      "process_1": 0.0013405856860899796,
      "process_2": 0.0013322647620934733,
      "process_0": 0.0012929466074656374
    },
    "gpu_energy": {
      "process_3": 0.01065653908077735,
      "process_1": 0.010852586182062751,
      "process_2": 0.0107156510725126,
      "process_0": 0.010846069232400168
    },
    "ram_energy": {
      "process_3": 7.830486081596675e-06,
      "process_1": 7.905197457046609e-06,
      "process_2": 7.910319348615085e-06,
      "process_0": 7.270902382049576e-06
    },
    "total_energy_kwh": {
      "process_3": 0.012042499107297695,
      "process_1": 0.012201077065609781,
      "process_2": 0.012055826153954686,
      "process_0": 0.01214628674224786
    },
    "total_energy_joules": {
      "process_3": 43352.9967862717,
      "process_1": 43923.87743619521,
      "process_2": 43400.97415423687,
      "process_0": 43726.6322720923
    }
  },
  "global_experiment_results": {
    "cpu_power_avg": 112.5,
    "gpu_power_avg": 397.0221449390557,
    "ram_power_avg": 0.7151548862457275,
    "cpu_energy_total": 0.005343926596087839,
    "gpu_energy_total": 0.04307084556775287,
    "ram_energy_total": 3.091690526930794e-05,
    "total_energy_kwh": 0.04844568906911002,
    "total_energy_joules": 174404.48064879607
  },
  "global_derived_quantities": {
    "tokens_per_joule": 0.09394254057608181,
    "joules_per_token": 10.64480472709937,
    "flops_per_joule": 301818979.15148187,
    "joules_per_flop": 3.3132442592289853e-09
  },
  "per-process_emissions": [
    0.004587590034925057,
    0.004648000308144046,
    0.004592666973349038,
    0.004627127934459322
  ]
}