{
  "process_id": 4043379,
  "local_process_index": 0,
  "energy_results": {
    "cpu_power": 112.5,
    "gpu_power": 0.0,
    "ram_power": 0.6816787719726562,
    "cpu_energy": 0.0012929466074656374,
    "gpu_energy": 0.010846069232400168,
    "ram_energy": 7.270902382049576e-06,
    "total_energy_kwh": 0.01214628674224786,
    "total_energy_joules": 43726.6322720923,
    "final_emissions": 0.004627127934459322
  }
}