{
  "process_id": 4043381,
  "local_process_index": 2,
  "energy_results": {
    "cpu_power": 112.5,
    "gpu_power": 900.535913808947,
    "ram_power": 0.7344846725463867,
    "cpu_energy": 0.0013322647620934733,
    "gpu_energy": 0.0107156510725126,
    "ram_energy": 7.910319348615085e-06,
    "total_energy_kwh": 0.012055826153954686,
    "total_energy_joules": 43400.97415423687,
    "final_emissions": 0.004592666973349038
  }
}