{
  "process_id": 4043380,
  "local_process_index": 1,
  "energy_results": {
    "cpu_power": 112.5,
    "gpu_power": 438.9790022199862,
    "ram_power": 0.7099771499633789,
    "cpu_energy": 0.0013405856860899796,
    "gpu_energy": 0.010852586182062751,
    "ram_energy": 7.905197457046609e-06,
    "total_energy_kwh": 0.012201077065609781,
    "total_energy_joules": 43923.87743619521,
    "final_emissions": 0.004648000308144046
  }
}