{
  "process_id": 4043382,
  "local_process_index": 3,
  "energy_results": {
    "cpu_power": 112.5,
    "gpu_power": 248.57366372728958,
    "ram_power": 0.7344789505004883,
    "cpu_energy": 0.001378129540438749,
    "gpu_energy": 0.01065653908077735,
    "ram_energy": 7.830486081596675e-06,
    "total_energy_kwh": 0.012042499107297695,
    "total_energy_joules": 43352.9967862717,
    "final_emissions": 0.004587590034925057
  }
}