{
  "process_id": 3987509,
  "local_process_index": 2,
  "energy_results": {
    "cpu_power": 112.5,
    "gpu_power": 871.9665918717186,
    "ram_power": 0.7338624000549316,
    "cpu_energy": 0.0013507356161553614,
    "gpu_energy": 0.010643604070427415,
    "ram_energy": 8.13196610150355e-06,
    "total_energy_kwh": 0.012002471652684282,
    "total_energy_joules": 43208.89794966341,
    "final_emissions": 0.004572341576090077
  }
}