{
  "process_id": 3987508,
  "local_process_index": 1,
  "energy_results": {
    "cpu_power": 112.5,
    "gpu_power": 1176.0178598183454,
    "ram_power": 0.7334432601928711,
    "cpu_energy": 0.0012743280951945058,
    "gpu_energy": 0.010957555710479738,
    "ram_energy": 8.18473936578488e-06,
    "total_energy_kwh": 0.012240068545040029,
    "total_energy_joules": 44064.2467621441,
    "final_emissions": 0.004662854112232999
  }
}