{
  "process_id": 3987510,
  "local_process_index": 3,
  "energy_results": {
    "cpu_power": 112.5,
    "gpu_power": 421.93270057399315,
    "ram_power": 0.7108068466186523,
    "cpu_energy": 0.0013941948295214386,
    "gpu_energy": 0.011037064940756736,
    "ram_energy": 7.92854074257586e-06,
    "total_energy_kwh": 0.012439188311020742,
    "total_energy_joules": 44781.07791967467,
    "final_emissions": 0.004738708787083352
  }
}