{
  "experiment_id": "0538",
  "local_process_results": {
    "cpu_power": {
      "process_0": 112.5,
      "process_3": 112.5,
      "process_1": 112.5,
      "process_2": 112.5
    },
    "gpu_power": {
      "process_0": 134.74681950962133,
      "process_3": 421.93270057399315,
      "process_1": 1176.0178598183454,
      "process_2": 871.9665918717186
    },
    "ram_power": {
      "process_0": 0.6824512481689453,
      "process_3": 0.7108068466186523,
      "process_1": 0.7334432601928711,
      "process_2": 0.7338624000549316
    },
    "cpu_energy": {
      "process_0": 0.0013660061068749203,
      "process_3": 0.0013941948295214386,
      "process_1": 0.0012743280951945058,
      "process_2": 0.0013507356161553614
    },
    "gpu_energy": {
      "process_0": 0.010919247346500072,
      "process_3": 0.011037064940756736,
      "process_1": 0.010957555710479738,
      "process_2": 0.010643604070427415
    },
    "ram_energy": {
      "process_0": 7.81275387569153e-06,
      "process_3": 7.92854074257586e-06,
      "process_1": 8.18473936578488e-06,
      "process_2": 8.13196610150355e-06
    },
    "total_energy_kwh": {
      "process_0": 0.012293066207250685,
      "process_3": 0.012439188311020742,
      "process_1": 0.012240068545040029,
      "process_2": 0.012002471652684282
    },
    "total_energy_joules": {
      "process_0": 44255.03834610247,
      "process_3": 44781.07791967467,
      "process_1": 44064.2467621441,
      "process_2": 43208.89794966341
    }
  },
  "global_experiment_results": {
    "cpu_power_avg": 112.5,
    "gpu_power_avg": 651.1659929434196,
    "ram_power_avg": 0.7151409387588501,
    "cpu_energy_total": 0.005385264647746226,
    "gpu_energy_total": 0.04355747206816396,
    "ram_energy_total": 3.2058000085555813e-05,
    "total_energy_kwh": 0.04897479471599574,
    "total_energy_joules": 176309.26097758464
  },
  "global_derived_quantities": {
    "tokens_per_joule": 0.0929276199625328,
    "joules_per_token": 10.761063292088906,
    "flops_per_joule": 298558238.04715675,
    "joules_per_flop": 3.3494302704253357e-09
  },
  "per-process_emissions": [
    0.004683043571652149,
    0.004738708787083352,
    0.004662854112232999,
    0.004572341576090077
  ]
}