{
  "process_id": 3987507,
  "local_process_index": 0,
  "energy_results": {
    "cpu_power": 112.5,
    "gpu_power": 134.74681950962133,
    "ram_power": 0.6824512481689453,
    "cpu_energy": 0.0013660061068749203,
    "gpu_energy": 0.010919247346500072,
    "ram_energy": 7.81275387569153e-06,
    "total_energy_kwh": 0.012293066207250685,
    "total_energy_joules": 44255.03834610247,
    "final_emissions": 0.004683043571652149
  }
}