{
  "process_id": 3158892,
  "local_process_index": 2,
  "energy_results": {
    "cpu_power": 112.5,
    "gpu_power": 1062.6927029032984,
    "ram_power": 0.7320570945739747,
    "cpu_energy": 0.0011564254326658554,
    "gpu_energy": 0.010140276445550711,
    "ram_energy": 6.478510184054425e-06,
    "total_energy_kwh": 0.011303180388400613,
    "total_energy_joules": 40691.44939824221,
    "final_emissions": 0.004305946568961214
  }
}