{
  "process_id": 3158893,
  "local_process_index": 3,
  "energy_results": {
    "cpu_power": 112.5,
    "gpu_power": 834.1292087448784,
    "ram_power": 0.7320942878723145,
    "cpu_energy": 0.0011675804118767702,
    "gpu_energy": 0.010188558150842297,
    "ram_energy": 6.5559384955498385e-06,
    "total_energy_kwh": 0.011362694501214616,
    "total_energy_joules": 40905.70020437262,
    "final_emissions": 0.004328618470237708
  }
}