{
  "process_id": 3158890,
  "local_process_index": 0,
  "energy_results": {
    "cpu_power": 112.5,
    "gpu_power": 1027.9643615610216,
    "ram_power": 0.6884865760803223,
    "cpu_energy": 0.0011585910549056276,
    "gpu_energy": 0.010140276445550711,
    "ram_energy": 6.115140272552107e-06,
    "total_energy_kwh": 0.011304982640728892,
    "total_energy_joules": 40697.93750662401,
    "final_emissions": 0.004306633136985672
  }
}