{
  "process_id": 3158891,
  "local_process_index": 1,
  "energy_results": {
    "cpu_power": 112.5,
    "gpu_power": 848.8900787899878,
    "ram_power": 0.7251605987548828,
    "cpu_energy": 0.0011644674206236234,
    "gpu_energy": 0.010181697034240322,
    "ram_energy": 6.468209552662082e-06,
    "total_energy_kwh": 0.011352632664416608,
    "total_energy_joules": 40869.47759189979,
    "final_emissions": 0.004324785413509507
  }
}