{
  "experiment_id": "0192",
  "local_process_results": {
    "cpu_power": {
      "process_2": 112.5,
      "process_3": 112.5,
      "process_0": 112.5,
      "process_1": 112.5
    },
    "gpu_power": {
      "process_2": 1062.6927029032984,
      "process_3": 834.1292087448784,
      "process_0": 1027.9643615610216,
      "process_1": 848.8900787899878
    },
    "ram_power": {
      "process_2": 0.7320570945739747,
      "process_3": 0.7320942878723145,
      "process_0": 0.6884865760803223,
      "process_1": 0.7251605987548828
    },
    "cpu_energy": {
      "process_2": 0.0011564254326658554,
      "process_3": 0.0011675804118767702,
      "process_0": 0.0011585910549056276,
      "process_1": 0.0011644674206236234
    },
    "gpu_energy": {
      "process_2": 0.010140276445550711,
      "process_3": 0.010188558150842297,
      "process_0": 0.010140276445550711,
      "process_1": 0.010181697034240322
    },
    "ram_energy": {
      "process_2": 6.478510184054425e-06,
      "process_3": 6.5559384955498385e-06,
      "process_0": 6.115140272552107e-06,
      "process_1": 6.468209552662082e-06
    },
    "total_energy_kwh": {
      "process_2": 0.011303180388400613,
      "process_3": 0.011362694501214616,
      "process_0": 0.011304982640728892,
      "process_1": 0.011352632664416608
    },
    "total_energy_joules": {
      "process_2": 40691.44939824221,
      "process_3": 40905.70020437262,
      "process_0": 40697.93750662401,
      "process_1": 40869.47759189979
    }
  },
  "global_experiment_results": {
    "cpu_power_avg": 112.5,
    "gpu_power_avg": 943.4190879997966,
    "ram_power_avg": 0.7194496393203735,
    "cpu_energy_total": 0.004647064320071876,
    "gpu_energy_total": 0.04065080807618404,
    "ram_energy_total": 2.5617798504818452e-05,
    "total_energy_kwh": 0.04532349019476073,
    "total_energy_joules": 163164.56470113865
  },
  "global_derived_quantities": {
    "tokens_per_joule": 0.10041395955065276,
    "joules_per_token": 9.958774700997232,
    "flops_per_joule": 322610380.5399155,
    "joules_per_flop": 3.0997142693499705e-09
  },
  "per-process_emissions": [
    0.004305946568961214,
    0.004328618470237708,
    0.004306633136985672,
    0.004324785413509507
  ]
}