{
  "experiment_id": "0145",
  "local_process_results": {
    "cpu_power": {
      "process_0": 112.5,
      "process_3": 112.5,
      "process_2": 112.5,
      "process_1": 112.5
    },
    "gpu_power": {
      "process_0": 253.45967402644837,
      "process_3": 558.5959682639399,
      "process_2": 1025.6367538420302,
      "process_1": 713.5407063537051
    },
    "ram_power": {
      "process_0": 0.6808304786682129,
      "process_3": 0.732107162475586,
      "process_2": 0.7241635322570801,
      "process_1": 0.7171111106872559
    },
    "cpu_energy": {
      "process_0": 0.0012431600721502037,
      "process_3": 0.001256917549269929,
      "process_2": 0.0012408119189603899,
      "process_1": 0.0012482942061560606
    },
    "gpu_energy": {
      "process_0": 0.010435627237382228,
      "process_3": 0.010501483678957868,
      "process_2": 0.010435186125918428,
      "process_1": 0.010464549760523134
    },
    "ram_energy": {
      "process_0": 6.291383229344386e-06,
      "process_3": 6.7725261418042305e-06,
      "process_2": 6.672510884946776e-06,
      "process_1": 6.528224556969974e-06
    },
    "total_energy_kwh": {
      "process_0": 0.011685078692761778,
      "process_3": 0.011765173754369602,
      "process_2": 0.011682670555763764,
      "process_1": 0.01171937219123616
    },
    "total_energy_joules": {
      "process_0": 42066.283293942404,
      "process_3": 42354.625515730564,
      "process_2": 42057.61400074955,
      "process_1": 42189.739888450174
    }
  },
  "global_experiment_results": {
    "cpu_power_avg": 112.5,
    "gpu_power_avg": 637.8082756215309,
    "ram_power_avg": 0.7135530710220337,
    "cpu_energy_total": 0.004989183746536583,
    "gpu_energy_total": 0.04183684680278166,
    "ram_energy_total": 2.6264644813065367e-05,
    "total_energy_kwh": 0.046852295194131297,
    "total_energy_joules": 168668.2626988727
  },
  "global_derived_quantities": {
    "tokens_per_joule": 0.0971374207443562,
    "joules_per_token": 10.294693768241743,
    "flops_per_joule": 312083503.242343,
    "joules_per_flop": 3.2042706186346143e-09
  },
  "per-process_emissions": [
    0.0044514307280076,
    0.0044819429417271,
    0.004450513348218206,
    0.004464494836251415
  ]
}