{
  "process_id": 3075271,
  "local_process_index": 2,
  "energy_results": {
    "cpu_power": 112.5,
    "gpu_power": 1025.6367538420302,
    "ram_power": 0.7241635322570801,
    "cpu_energy": 0.0012408119189603899,
    "gpu_energy": 0.010435186125918428,
    "ram_energy": 6.672510884946776e-06,
    "total_energy_kwh": 0.011682670555763764,
    "total_energy_joules": 42057.61400074955,
    "final_emissions": 0.004450513348218206
  }
}