{
  "process_id": 3075267,
  "local_process_index": 0,
  "energy_results": {
    "cpu_power": 112.5,
    "gpu_power": 253.45967402644837,
    "ram_power": 0.6808304786682129,
    "cpu_energy": 0.0012431600721502037,
    "gpu_energy": 0.010435627237382228,
    "ram_energy": 6.291383229344386e-06,
    "total_energy_kwh": 0.011685078692761778,
    "total_energy_joules": 42066.283293942404,
    "final_emissions": 0.0044514307280076
  }
}