{
  "process_id": 3075273,
  "local_process_index": 3,
  "energy_results": {
    "cpu_power": 112.5,
    "gpu_power": 558.5959682639399,
    "ram_power": 0.732107162475586,
    "cpu_energy": 0.001256917549269929,
    "gpu_energy": 0.010501483678957868,
    "ram_energy": 6.7725261418042305e-06,
    "total_energy_kwh": 0.011765173754369602,
    "total_energy_joules": 42354.625515730564,
    "final_emissions": 0.0044819429417271
  }
}