{
  "process_id": 3075269,
  "local_process_index": 1,
  "energy_results": {
    "cpu_power": 112.5,
    "gpu_power": 713.5407063537051,
    "ram_power": 0.7171111106872559,
    "cpu_energy": 0.0012482942061560606,
    "gpu_energy": 0.010464549760523134,
    "ram_energy": 6.528224556969974e-06,
    "total_energy_kwh": 0.01171937219123616,
    "total_energy_joules": 42189.739888450174,
    "final_emissions": 0.004464494836251415
  }
}