{
  "process_id": 3584704,
  "local_process_index": 2,
  "energy_results": {
    "cpu_power": 112.5,
    "gpu_power": 1030.8600343169187,
    "ram_power": 0.7320971488952637,
    "cpu_energy": 0.001159915932623335,
    "gpu_energy": 0.010163463686323482,
    "ram_energy": 6.523211214306057e-06,
    "total_energy_kwh": 0.011329902830161127,
    "total_energy_joules": 40787.65018858005,
    "final_emissions": 0.004316126483149881
  }
}