{
  "experiment_id": "0439",
  "local_process_results": {
    "cpu_power": {
      "process_1": 112.5,
      "process_0": 112.5,
      "process_2": 112.5,
      "process_3": 112.5
    },
    "gpu_power": {
      "process_1": 934.1154195125711,
      "process_0": 1033.8226211302413,
      "process_2": 1030.8600343169187,
      "process_3": 892.7094979200388
    },
    "ram_power": {
      "process_1": 0.7244381904602051,
      "process_0": 0.680844783782959,
      "process_2": 0.7320971488952637,
      "process_3": 0.708409309387207
    },
    "cpu_energy": {
      "process_1": 0.001162268761663654,
      "process_0": 0.0011603588364068856,
      "process_2": 0.001159915932623335,
      "process_3": 0.00116511687025195
    },
    "gpu_energy": {
      "process_1": 0.01017107730352329,
      "process_0": 0.010163463686323482,
      "process_2": 0.010163463686323482,
      "process_3": 0.010193487043673954
    },
    "ram_energy": {
      "process_1": 6.441206250167532e-06,
      "process_0": 6.057537982748525e-06,
      "process_2": 6.523211214306057e-06,
      "process_3": 6.360581729585753e-06
    },
    "total_energy_kwh": {
      "process_1": 0.011339787271437113,
      "process_0": 0.011329880060713112,
      "process_2": 0.011329902830161127,
      "process_3": 0.011364964495655494
    },
    "total_energy_joules": {
      "process_1": 40823.2341771736,
      "process_0": 40787.568218567205,
      "process_2": 40787.65018858005,
      "process_3": 40913.87218435978
    }
  },
  "global_experiment_results": {
    "cpu_power_avg": 112.5,
    "gpu_power_avg": 972.8768932199424,
    "ram_power_avg": 0.7114473581314087,
    "cpu_energy_total": 0.004647660400945825,
    "gpu_energy_total": 0.04069149171984421,
    "ram_energy_total": 2.5382537176807866e-05,
    "total_energy_kwh": 0.045364534657966846,
    "total_energy_joules": 163312.32476868064
  },
  "global_derived_quantities": {
    "tokens_per_joule": 0.1003231080275581,
    "joules_per_token": 9.967793259807168,
    "flops_per_joule": 322318492.39438915,
    "joules_per_flop": 3.1025213371139726e-09
  },
  "per-process_emissions": [
    0.004319891961053968,
    0.00431611780912866,
    0.004316126483149881,
    0.004329483224619961
  ]
}