{
  "process_id": 3584702,
  "local_process_index": 0,
  "energy_results": {
    "cpu_power": 112.5,
    "gpu_power": 1033.8226211302413,
    "ram_power": 0.680844783782959,
    "cpu_energy": 0.0011603588364068856,
    "gpu_energy": 0.010163463686323482,
    "ram_energy": 6.057537982748525e-06,
    "total_energy_kwh": 0.011329880060713112,
    "total_energy_joules": 40787.568218567205,
    "final_emissions": 0.00431611780912866
  }
}