{
  "process_id": 3584705,
  "local_process_index": 3,
  "energy_results": {
    "cpu_power": 112.5,
    "gpu_power": 892.7094979200388,
    "ram_power": 0.708409309387207,
    "cpu_energy": 0.00116511687025195,
    "gpu_energy": 0.010193487043673954,
    "ram_energy": 6.360581729585753e-06,
    "total_energy_kwh": 0.011364964495655494,
    "total_energy_joules": 40913.87218435978,
    "final_emissions": 0.004329483224619961
  }
}