{
  "process_id": 3584703,
  "local_process_index": 1,
  "energy_results": {
    "cpu_power": 112.5,
    "gpu_power": 934.1154195125711,
    "ram_power": 0.7244381904602051,
    "cpu_energy": 0.001162268761663654,
    "gpu_energy": 0.01017107730352329,
    "ram_energy": 6.441206250167532e-06,
    "total_energy_kwh": 0.011339787271437113,
    "total_energy_joules": 40823.2341771736,
    "final_emissions": 0.004319891961053968
  }
}