{
  "process_id": 3048645,
  "local_process_index": 1,
  "energy_results": {
    "cpu_power": 112.5,
    "gpu_power": 845.9827985533899,
    "ram_power": 0.7323746681213379,
    "cpu_energy": 0.0012547340476321554,
    "gpu_energy": 0.010560957615427746,
    "ram_energy": 6.732999370827164e-06,
    "total_energy_kwh": 0.01182242466243073,
    "total_energy_joules": 42560.72878475063,
    "final_emissions": 0.004503752675152987
  }
}