{
  "experiment_id": "0129",
  "local_process_results": {
    "cpu_power": {
      "process_1": 112.5,
      "process_3": 112.5,
      "process_0": 112.5,
      "process_2": 112.5
    },
    "gpu_power": {
      "process_1": 845.9827985533899,
      "process_3": 895.5200289147805,
      "process_0": 1045.7040469951876,
      "process_2": 960.09097810363
    },
    "ram_power": {
      "process_1": 0.7323746681213379,
      "process_3": 0.7089757919311523,
      "process_0": 0.6896266937255859,
      "process_2": 0.7253680229187012
    },
    "cpu_energy": {
      "process_1": 0.0012547340476321554,
      "process_3": 0.0012543315267812432,
      "process_0": 0.0012493651158783905,
      "process_2": 0.0012526481599379625
    },
    "gpu_energy": {
      "process_1": 0.010560957615427746,
      "process_3": 0.010553517609474206,
      "process_0": 0.010532488148206731,
      "process_2": 0.010546916770860726
    },
    "ram_energy": {
      "process_1": 6.732999370827164e-06,
      "process_3": 6.573282454357433e-06,
      "process_0": 6.427909396144595e-06,
      "process_2": 6.678568045220342e-06
    },
    "total_energy_kwh": {
      "process_1": 0.01182242466243073,
      "process_3": 0.01181442241870981,
      "process_0": 0.011788281173481269,
      "process_2": 0.011806243498843903
    },
    "total_energy_joules": {
      "process_1": 42560.72878475063,
      "process_3": 42531.92070735531,
      "process_0": 42437.812224532565,
      "process_2": 42502.47659583805
    }
  },
  "global_experiment_results": {
    "cpu_power_avg": 112.5,
    "gpu_power_avg": 936.824463141747,
    "ram_power_avg": 0.7140862941741943,
    "cpu_energy_total": 0.005011078850229752,
    "gpu_energy_total": 0.04219388014396941,
    "ram_energy_total": 2.6412759266549532e-05,
    "total_energy_kwh": 0.047231371753465715,
    "total_energy_joules": 170032.93831247656
  },
  "global_derived_quantities": {
    "tokens_per_joule": 0.09635780080380923,
    "joules_per_token": 10.377986957548618,
    "flops_per_joule": 309578737.10403043,
    "joules_per_flop": 3.230196005560813e-09
  },
  "per-process_emissions": [
    0.004503752675152987,
    0.0045007042204075025,
    0.00449074571303769,
    0.004497588460884585
  ]
}