{
  "process_id": 3048644,
  "local_process_index": 0,
  "energy_results": {
    "cpu_power": 112.5,
    "gpu_power": 1045.7040469951876,
    "ram_power": 0.6896266937255859,
    "cpu_energy": 0.0012493651158783905,
    "gpu_energy": 0.010532488148206731,
    "ram_energy": 6.427909396144595e-06,
    "total_energy_kwh": 0.011788281173481269,
    "total_energy_joules": 42437.812224532565,
    "final_emissions": 0.00449074571303769
  }
}