{
  "process_id": 3048647,
  "local_process_index": 3,
  "energy_results": {
    "cpu_power": 112.5,
    "gpu_power": 895.5200289147805,
    "ram_power": 0.7089757919311523,
    "cpu_energy": 0.0012543315267812432,
    "gpu_energy": 0.010553517609474206,
    "ram_energy": 6.573282454357433e-06,
    "total_energy_kwh": 0.01181442241870981,
    "total_energy_joules": 42531.92070735531,
    "final_emissions": 0.0045007042204075025
  }
}