{
  "process_id": 3048646,
  "local_process_index": 2,
  "energy_results": {
    "cpu_power": 112.5,
    "gpu_power": 960.09097810363,
    "ram_power": 0.7253680229187012,
    "cpu_energy": 0.0012526481599379625,
    "gpu_energy": 0.010546916770860726,
    "ram_energy": 6.678568045220342e-06,
    "total_energy_kwh": 0.011806243498843903,
    "total_energy_joules": 42502.47659583805,
    "final_emissions": 0.004497588460884585
  }
}