{
  "process_id": 3112868,
  "local_process_index": 0,
  "energy_results": {
    "cpu_power": 112.5,
    "gpu_power": 839.4678079854625,
    "ram_power": 0.6862692832946777,
    "cpu_energy": 0.0012928181429106187,
    "gpu_energy": 0.010520664805412139,
    "ram_energy": 6.49127653768976e-06,
    "total_energy_kwh": 0.011819974224860445,
    "total_energy_joules": 42551.9072094976,
    "final_emissions": 0.004502819180960587
  }
}