{
  "experiment_id": "0166",
  "local_process_results": {
    "cpu_power": {
      "process_0": 112.5,
      "process_1": 112.5,
      "process_3": 112.5,
      "process_2": 112.5
    },
    "gpu_power": {
      "process_0": 839.4678079854625,
      "process_1": 1010.3965505951483,
      "process_3": 979.6943343041455,
      "process_2": 712.4269105075929
    },
    "ram_power": {
      "process_0": 0.6862692832946777,
      "process_1": 0.7237944602966309,
      "process_3": 0.7312359809875488,
      "process_2": 0.7145047187805176
    },
    "cpu_energy": {
      "process_0": 0.0012928181429106187,
      "process_1": 0.0012816452409078916,
      "process_3": 0.0012851022231570824,
      "process_2": 0.0012962996163114445
    },
    "gpu_energy": {
      "process_0": 0.010520664805412139,
      "process_1": 0.010466505873199416,
      "process_3": 0.010474504768487769,
      "process_2": 0.010542556489594013
    },
    "ram_energy": {
      "process_0": 6.49127653768976e-06,
      "process_1": 6.787711543801702e-06,
      "process_3": 6.910646575525143e-06,
      "process_2": 6.698024494043297e-06
    },
    "total_energy_kwh": {
      "process_0": 0.011819974224860445,
      "process_1": 0.011754938825651111,
      "process_3": 0.011766517638220373,
      "process_2": 0.011845554130399503
    },
    "total_energy_joules": {
      "process_0": 42551.9072094976,
      "process_1": 42317.779772344,
      "process_3": 42359.463497593344,
      "process_2": 42643.99486943821
    }
  },
  "global_experiment_results": {
    "cpu_power_avg": 112.5,
    "gpu_power_avg": 885.4964008480872,
    "ram_power_avg": 0.7139511108398438,
    "cpu_energy_total": 0.005155865223287037,
    "gpu_energy_total": 0.04200423193669334,
    "ram_energy_total": 2.68876591510599e-05,
    "total_energy_kwh": 0.04718698481913143,
    "total_energy_joules": 169873.14534887316
  },
  "global_derived_quantities": {
    "tokens_per_joule": 0.09644844078416119,
    "joules_per_token": 10.368233969047434,
    "flops_per_joule": 309869945.6041665,
    "joules_per_flop": 3.2271603431893265e-09
  },
  "per-process_emissions": [
    0.004502819180960587,
    0.004478043945631791,
    0.004482454894280051,
    0.004512563845975691
  ]
}