{
  "process_id": 3112870,
  "local_process_index": 2,
  "energy_results": {
    "cpu_power": 112.5,
    "gpu_power": 712.4269105075929,
    "ram_power": 0.7145047187805176,
    "cpu_energy": 0.0012962996163114445,
    "gpu_energy": 0.010542556489594013,
    "ram_energy": 6.698024494043297e-06,
    "total_energy_kwh": 0.011845554130399503,
    "total_energy_joules": 42643.99486943821,
    "final_emissions": 0.004512563845975691
  }
}