{
  "process_id": 3112871,
  "local_process_index": 3,
  "energy_results": {
    "cpu_power": 112.5,
    "gpu_power": 979.6943343041455,
    "ram_power": 0.7312359809875488,
    "cpu_energy": 0.0012851022231570824,
    "gpu_energy": 0.010474504768487769,
    "ram_energy": 6.910646575525143e-06,
    "total_energy_kwh": 0.011766517638220373,
    "total_energy_joules": 42359.463497593344,
    "final_emissions": 0.004482454894280051
  }
}