{
  "process_id": 3112869,
  "local_process_index": 1,
  "energy_results": {
    "cpu_power": 112.5,
    "gpu_power": 1010.3965505951483,
    "ram_power": 0.7237944602966309,
    "cpu_energy": 0.0012816452409078916,
    "gpu_energy": 0.010466505873199416,
    "ram_energy": 6.787711543801702e-06,
    "total_energy_kwh": 0.011754938825651111,
    "total_energy_joules": 42317.779772344,
    "final_emissions": 0.004478043945631791
  }
}