{
  "process_id": 3092750,
  "local_process_index": 0,
  "energy_results": {
    "cpu_power": 112.5,
    "gpu_power": 994.8607255657076,
    "ram_power": 0.6897540092468262,
    "cpu_energy": 0.0012264413686552868,
    "gpu_energy": 0.010435269459318164,
    "ram_energy": 6.402030891186862e-06,
    "total_energy_kwh": 0.01166811285886464,
    "total_energy_joules": 42005.206291912706,
    "final_emissions": 0.004444967593584485
  }
}