{
  "process_id": 3092751,
  "local_process_index": 1,
  "energy_results": {
    "cpu_power": 112.5,
    "gpu_power": 473.72421481352933,
    "ram_power": 0.718564510345459,
    "cpu_energy": 0.0012375982115045195,
    "gpu_energy": 0.010475340046931514,
    "ram_energy": 6.753518249795446e-06,
    "total_energy_kwh": 0.01171969177668583,
    "total_energy_joules": 42190.890396068986,
    "final_emissions": 0.004464616582328467
  }
}