{
  "process_id": 3092753,
  "local_process_index": 3,
  "energy_results": {
    "cpu_power": 112.5,
    "gpu_power": 989.0125874178995,
    "ram_power": 0.708545207977295,
    "cpu_energy": 0.0012321981849072467,
    "gpu_energy": 0.010450830027323832,
    "ram_energy": 6.600354193915323e-06,
    "total_energy_kwh": 0.011689628566424992,
    "total_energy_joules": 42082.662839129975,
    "final_emissions": 0.004453164002379601
  }
}