{
  "process_id": 3092752,
  "local_process_index": 2,
  "energy_results": {
    "cpu_power": 112.5,
    "gpu_power": 1026.4006908509361,
    "ram_power": 0.7257871627807617,
    "cpu_energy": 0.0012266008796323151,
    "gpu_energy": 0.010419945002613673,
    "ram_energy": 6.649966021798134e-06,
    "total_energy_kwh": 0.011653195848267786,
    "total_energy_joules": 41951.50505376403,
    "final_emissions": 0.004439284958397613
  }
}