{
  "experiment_id": "0156",
  "local_process_results": {
    "cpu_power": {
      "process_2": 112.5,
      "process_0": 112.5,
      "process_1": 112.5,
      "process_3": 112.5
    },
    "gpu_power": {
      "process_2": 1026.4006908509361,
      "process_0": 994.8607255657076,
      "process_1": 473.72421481352933,
      "process_3": 989.0125874178995
    },
    "ram_power": {
      "process_2": 0.7257871627807617,
      "process_0": 0.6897540092468262,
      "process_1": 0.718564510345459,
      "process_3": 0.708545207977295
    },
    "cpu_energy": {
      "process_2": 0.0012266008796323151,
      "process_0": 0.0012264413686552868,
      "process_1": 0.0012375982115045195,
      "process_3": 0.0012321981849072467
    },
    "gpu_energy": {
      "process_2": 0.010419945002613673,
      "process_0": 0.010435269459318164,
      "process_1": 0.010475340046931514,
      "process_3": 0.010450830027323832
    },
    "ram_energy": {
      "process_2": 6.649966021798134e-06,
      "process_0": 6.402030891186862e-06,
      "process_1": 6.753518249795446e-06,
      "process_3": 6.600354193915323e-06
    },
    "total_energy_kwh": {
      "process_2": 0.011653195848267786,
      "process_0": 0.01166811285886464,
      "process_1": 0.01171969177668583,
      "process_3": 0.011689628566424992
    },
    "total_energy_joules": {
      "process_2": 41951.50505376403,
      "process_0": 42005.206291912706,
      "process_1": 42190.890396068986,
      "process_3": 42082.662839129975
    }
  },
  "global_experiment_results": {
    "cpu_power_avg": 112.5,
    "gpu_power_avg": 870.9995546620181,
    "ram_power_avg": 0.7106627225875854,
    "cpu_energy_total": 0.004922838644699368,
    "gpu_energy_total": 0.04178138453618718,
    "ram_energy_total": 2.6405869356695765e-05,
    "total_energy_kwh": 0.04673062905024325,
    "total_energy_joules": 168230.2645808757
  },
  "global_derived_quantities": {
    "tokens_per_joule": 0.09739032415373448,
    "joules_per_token": 10.267960484672589,
    "flops_per_joule": 312896032.35188586,
    "joules_per_flop": 3.195949761598097e-09
  },
  "per-process_emissions": [
    0.004439284958397613,
    0.004444967593584485,
    0.004464616582328467,
    0.004453164002379601
  ]
}