{
  "experiment_id": "0473",
  "local_process_results": {
    "cpu_power": {
      "process_2": 112.5,
      "process_3": 112.5,
      "process_0": 112.5,
      "process_1": 112.5
    },
    "gpu_power": {
      "process_2": 5.860075688566076,
      "process_3": 965.4631181436447,
      "process_0": 30.0206239390712,
      "process_1": 29.312943401062245
    },
    "ram_power": {
      "process_2": 0.7313947677612305,
      "process_3": 0.7236328125,
      "process_0": 0.6891603469848633,
      "process_1": 0.7309784889221191
    },
    "cpu_energy": {
      "process_2": 0.0012200035836867754,
      "process_3": 0.0011343924333432366,
      "process_0": 0.0012649392049843304,
      "process_1": 0.0011727080904402106
    },
    "gpu_energy": {
      "process_2": 0.010223895679111195,
      "process_3": 0.010237070967429318,
      "process_0": 0.010223895679111195,
      "process_1": 0.010225550402655159
    },
    "ram_energy": {
      "process_2": 6.873936244942335e-06,
      "process_3": 6.630591113033601e-06,
      "process_0": 6.752269270229888e-06,
      "process_1": 6.985818613417141e-06
    },
    "total_energy_kwh": {
      "process_2": 0.01145077319904291,
      "process_3": 0.011378093991885586,
      "process_0": 0.011495587153365756,
      "process_1": 0.011405244311708784
    },
    "total_energy_joules": {
      "process_2": 41222.783516554475,
      "process_3": 40961.13837078811,
      "process_0": 41384.11375211672,
      "process_1": 41058.87952215162
    }
  },
  "global_experiment_results": {
    "cpu_power_avg": 112.5,
    "gpu_power_avg": 257.66419029308605,
    "ram_power_avg": 0.7187916040420532,
    "cpu_energy_total": 0.004792043312454553,
    "gpu_energy_total": 0.040910412728306866,
    "ram_energy_total": 2.7242615241622965e-05,
    "total_energy_kwh": 0.045729698656003036,
    "total_energy_joules": 164626.91516161093
  },
  "global_derived_quantities": {
    "tokens_per_joule": 0.09952200090681501,
    "joules_per_token": 10.048029489844417,
    "flops_per_joule": 319744692.155531,
    "joules_per_flop": 3.1274952314566575e-09
  },
  "per-process_emissions": [
    0.004362172050175397,
    0.004334484906208814,
    0.0043792439260746845,
    0.004344827820545461
  ]
}