{
  "process_id": 3830151,
  "local_process_index": 2,
  "energy_results": {
    "cpu_power": 112.5,
    "gpu_power": 5.860075688566076,
    "ram_power": 0.7313947677612305,
    "cpu_energy": 0.0012200035836867754,
    "gpu_energy": 0.010223895679111195,
    "ram_energy": 6.873936244942335e-06,
    "total_energy_kwh": 0.01145077319904291,
    "total_energy_joules": 41222.783516554475,
    "final_emissions": 0.004362172050175397
  }
}