{
  "process_id": 3830152,
  "local_process_index": 3,
  "energy_results": {
    "cpu_power": 112.5,
    "gpu_power": 965.4631181436447,
    "ram_power": 0.7236328125,
    "cpu_energy": 0.0011343924333432366,
    "gpu_energy": 0.010237070967429318,
    "ram_energy": 6.630591113033601e-06,
    "total_energy_kwh": 0.011378093991885586,
    "total_energy_joules": 40961.13837078811,
    "final_emissions": 0.004334484906208814
  }
}