{
  "process_id": 3830150,
  "local_process_index": 1,
  "energy_results": {
    "cpu_power": 112.5,
    "gpu_power": 29.312943401062245,
    "ram_power": 0.7309784889221191,
    "cpu_energy": 0.0011727080904402106,
    "gpu_energy": 0.010225550402655159,
    "ram_energy": 6.985818613417141e-06,
    "total_energy_kwh": 0.011405244311708784,
    "total_energy_joules": 41058.87952215162,
    "final_emissions": 0.004344827820545461
  }
}