{
  "process_id": 3830149,
  "local_process_index": 0,
  "energy_results": {
    "cpu_power": 112.5,
    "gpu_power": 30.0206239390712,
    "ram_power": 0.6891603469848633,
    "cpu_energy": 0.0012649392049843304,
    "gpu_energy": 0.010223895679111195,
    "ram_energy": 6.752269270229888e-06,
    "total_energy_kwh": 0.011495587153365756,
    "total_energy_joules": 41384.11375211672,
    "final_emissions": 0.0043792439260746845
  }
}