{
  "process_id": 2746474,
  "local_process_index": 2,
  "energy_results": {
    "cpu_power": 112.5,
    "gpu_power": 873.5226166783713,
    "ram_power": 0.7084908485412598,
    "cpu_energy": 0.0012109463353099272,
    "gpu_energy": 0.010247450420177273,
    "ram_energy": 6.528109894050343e-06,
    "total_energy_kwh": 0.011464924865381252,
    "total_energy_joules": 41273.729515372506,
    "final_emissions": 0.004367563127466988
  }
}