{
  "experiment_id": "0015",
  "local_process_results": {
    "cpu_power": {
      "process_3": 112.5,
      "process_0": 112.5,
      "process_1": 112.5,
      "process_2": 112.5
    },
    "gpu_power": {
      "process_3": 476.0773420006191,
      "process_0": 648.1228514777755,
      "process_1": 978.31066504119,
      "process_2": 873.5226166783713
    },
    "ram_power": {
      "process_3": 0.725163459777832,
      "process_0": 0.6886439323425293,
      "process_1": 0.7087383270263672,
      "process_2": 0.7084908485412598
    },
    "cpu_energy": {
      "process_3": 0.0012465398088424993,
      "process_0": 0.0012330268219939169,
      "process_1": 0.0011986474920613547,
      "process_2": 0.0012109463353099272
    },
    "gpu_energy": {
      "process_3": 0.010411737496051288,
      "process_0": 0.010367780516440384,
      "process_1": 0.010158603960211288,
      "process_2": 0.010247450420177273
    },
    "ram_energy": {
      "process_3": 6.564410195038885e-06,
      "process_0": 6.21012321096908e-06,
      "process_1": 6.255732671377525e-06,
      "process_2": 6.528109894050343e-06
    },
    "total_energy_kwh": {
      "process_3": 0.011664841715088824,
      "process_0": 0.011607017461645266,
      "process_1": 0.011363507184944024,
      "process_2": 0.011464924865381252
    },
    "total_energy_joules": {
      "process_3": 41993.430174319765,
      "process_0": 41785.26286192296,
      "process_1": 40908.62586579849,
      "process_2": 41273.729515372506
    }
  },
  "global_experiment_results": {
    "cpu_power_avg": 112.5,
    "gpu_power_avg": 744.008368799489,
    "ram_power_avg": 0.7077591419219971,
    "cpu_energy_total": 0.004889160458207698,
    "gpu_energy_total": 0.04118557239288023,
    "ram_energy_total": 2.5558375971435833e-05,
    "total_energy_kwh": 0.04610029122705937,
    "total_energy_joules": 165961.04841741372
  },
  "global_derived_quantities": {
    "tokens_per_joule": 0.09872196009989102,
    "joules_per_token": 10.129458521570662,
    "flops_per_joule": 317174317.7740784,
    "joules_per_flop": 3.1528403907919637e-09
  },
  "per-process_emissions": [
    0.004443721451363088,
    0.004421693302013765,
    0.004328928062104426,
    0.004367563127466988
  ]
}