{
  "process_id": 2746475,
  "local_process_index": 3,
  "energy_results": {
    "cpu_power": 112.5,
    "gpu_power": 476.0773420006191,
    "ram_power": 0.725163459777832,
    "cpu_energy": 0.0012465398088424993,
    "gpu_energy": 0.010411737496051288,
    "ram_energy": 6.564410195038885e-06,
    "total_energy_kwh": 0.011664841715088824,
    "total_energy_joules": 41993.430174319765,
    "final_emissions": 0.004443721451363088
  }
}