{
  "process_id": 2746473,
  "local_process_index": 1,
  "energy_results": {
    "cpu_power": 112.5,
    "gpu_power": 978.31066504119,
    "ram_power": 0.7087383270263672,
    "cpu_energy": 0.0011986474920613547,
    "gpu_energy": 0.010158603960211288,
    "ram_energy": 6.255732671377525e-06,
    "total_energy_kwh": 0.011363507184944024,
    "total_energy_joules": 40908.62586579849,
    "final_emissions": 0.004328928062104426
  }
}