{
  "process_id": 2746472,
  "local_process_index": 0,
  "energy_results": {
    "cpu_power": 112.5,
    "gpu_power": 648.1228514777755,
    "ram_power": 0.6886439323425293,
    "cpu_energy": 0.0012330268219939169,
    "gpu_energy": 0.010367780516440384,
    "ram_energy": 6.21012321096908e-06,
    "total_energy_kwh": 0.011607017461645266,
    "total_energy_joules": 41785.26286192296,
    "final_emissions": 0.004421693302013765
  }
}