{
  "process_id": 2960654,
  "local_process_index": 2,
  "energy_results": {
    "cpu_power": 112.5,
    "gpu_power": 607.6944864201924,
    "ram_power": 0.7042193412780762,
    "cpu_energy": 0.003474694167933194,
    "gpu_energy": 0.022718305119075133,
    "ram_energy": 1.795197835404114e-05,
    "total_energy_kwh": 0.02621095126536236,
    "total_energy_joules": 94359.4245553045,
    "final_emissions": 0.009985061884539792
  }
}