{
  "process_id": 2960651,
  "local_process_index": 0,
  "energy_results": {
    "cpu_power": 112.5,
    "gpu_power": 743.0975516894302,
    "ram_power": 0.6865825653076172,
    "cpu_energy": 0.0034708862631177917,
    "gpu_energy": 0.022667017578044124,
    "ram_energy": 1.739028315491163e-05,
    "total_energy_kwh": 0.026155294124316823,
    "total_energy_joules": 94159.05884754057,
    "final_emissions": 0.009963859296658495
  }
}