{
  "experiment_id": "0076",
  "local_process_results": {
    "cpu_power": {
      "process_0": 112.5,
      "process_3": 112.5,
      "process_2": 112.5,
      "process_1": 112.5
    },
    "gpu_power": {
      "process_0": 743.0975516894302,
      "process_3": 643.9325578238833,
      "process_2": 607.6944864201924,
      "process_1": 654.2396014121399
    },
    "ram_power": {
      "process_0": 0.6865825653076172,
      "process_3": 0.7205400466918945,
      "process_2": 0.7042193412780762,
      "process_1": 0.7220220565795898
    },
    "cpu_energy": {
      "process_0": 0.0034708862631177917,
      "process_3": 0.0035279444136594985,
      "process_2": 0.003474694167933194,
      "process_1": 0.0035051908489986115
    },
    "gpu_energy": {
      "process_0": 0.022667017578044124,
      "process_3": 0.02290506276848081,
      "process_2": 0.022718305119075133,
      "process_1": 0.022823292147509555
    },
    "ram_energy": {
      "process_0": 1.739028315491163e-05,
      "process_3": 1.856307406782698e-05,
      "process_2": 1.795197835404114e-05,
      "process_1": 1.828849950570566e-05
    },
    "total_energy_kwh": {
      "process_0": 0.026155294124316823,
      "process_3": 0.026451570256208153,
      "process_2": 0.02621095126536236,
      "process_1": 0.026346771496013853
    },
    "total_energy_joules": {
      "process_0": 94159.05884754057,
      "process_3": 95225.65292234936,
      "process_2": 94359.4245553045,
      "process_1": 94848.37738564987
    }
  },
  "global_experiment_results": {
    "cpu_power_avg": 112.5,
    "gpu_power_avg": 662.2410493364115,
    "ram_power_avg": 0.7083410024642944,
    "cpu_energy_total": 0.013978715693709095,
    "gpu_energy_total": 0.09111367761310962,
    "ram_energy_total": 7.219383508248541e-05,
    "total_energy_kwh": 0.10516458714190119,
    "total_energy_joules": 378592.51371084433
  },
  "global_derived_quantities": {
    "tokens_per_joule": 0.04327608023573737,
    "joules_per_token": 23.10745322942165,
    "flops_per_joule": 139037567.84020168,
    "joules_per_flop": 7.192300725148743e-09
  },
  "per-process_emissions": [
    0.009963859296658495,
    0.010076725689102495,
    0.009985061884539792,
    0.010036802601406478
  ]
}