{
  "process_id": 2960653,
  "local_process_index": 1,
  "energy_results": {
    "cpu_power": 112.5,
    "gpu_power": 654.2396014121399,
    "ram_power": 0.7220220565795898,
    "cpu_energy": 0.0035051908489986115,
    "gpu_energy": 0.022823292147509555,
    "ram_energy": 1.828849950570566e-05,
    "total_energy_kwh": 0.026346771496013853,
    "total_energy_joules": 94848.37738564987,
    "final_emissions": 0.010036802601406478
  }
}