{
  "process_id": 2960655,
  "local_process_index": 3,
  "energy_results": {
    "cpu_power": 112.5,
    "gpu_power": 643.9325578238833,
    "ram_power": 0.7205400466918945,
    "cpu_energy": 0.0035279444136594985,
    "gpu_energy": 0.02290506276848081,
    "ram_energy": 1.856307406782698e-05,
    "total_energy_kwh": 0.026451570256208153,
    "total_energy_joules": 95225.65292234936,
    "final_emissions": 0.010076725689102495
  }
}