{
  "process_id": 3103787,
  "local_process_index": 0,
  "energy_results": {
    "cpu_power": 112.5,
    "gpu_power": 1017.1473629703816,
    "ram_power": 0.6798491477966309,
    "cpu_energy": 0.0009255389980644395,
    "gpu_energy": 0.008032078925656272,
    "ram_energy": 4.624219753378352e-06,
    "total_energy_kwh": 0.008962242143474089,
    "total_energy_joules": 32264.07171650672,
    "final_emissions": 0.003414166144556454
  }
}