{
  "process_id": 3103790,
  "local_process_index": 3,
  "energy_results": {
    "cpu_power": 112.5,
    "gpu_power": 759.8410433977172,
    "ram_power": 0.7315478324890138,
    "cpu_energy": 0.0009319050235935723,
    "gpu_energy": 0.008064241173610043,
    "ram_energy": 5.1496044740723905e-06,
    "total_energy_kwh": 0.009001295801677689,
    "total_energy_joules": 32404.66488603968,
    "final_emissions": 0.003429043635649116
  }
}