{
  "experiment_id": "0162",
  "local_process_results": {
    "cpu_power": {
      "process_0": 112.5,
      "process_1": 112.5,
      "process_2": 112.5,
      "process_3": 112.5
    },
    "gpu_power": {
      "process_0": 1017.1473629703816,
      "process_1": 0.0,
      "process_2": 2193.140163841264,
      "process_3": 759.8410433977172
    },
    "ram_power": {
      "process_0": 0.6798491477966309,
      "process_1": 0.706047534942627,
      "process_2": 0.7072563171386719,
      "process_3": 0.7315478324890138
    },
    "cpu_energy": {
      "process_0": 0.0009255389980644395,
      "process_1": 0.0009338180732429464,
      "process_2": 0.0009285168691258152,
      "process_3": 0.0009319050235935723
    },
    "gpu_energy": {
      "process_0": 0.008032078925656272,
      "process_1": 0.008061483115848311,
      "process_2": 0.00805694200110274,
      "process_3": 0.008064241173610043
    },
    "ram_energy": {
      "process_0": 4.624219753378352e-06,
      "process_1": 5.038911989477242e-06,
      "process_2": 4.9862800607407465e-06,
      "process_3": 5.1496044740723905e-06
    },
    "total_energy_kwh": {
      "process_0": 0.008962242143474089,
      "process_1": 0.009000340101080733,
      "process_2": 0.008990445150289296,
      "process_3": 0.009001295801677689
    },
    "total_energy_joules": {
      "process_0": 32264.07171650672,
      "process_1": 32401.22436389064,
      "process_2": 32365.602541041466,
      "process_3": 32404.66488603968
    }
  },
  "global_experiment_results": {
    "cpu_power_avg": 112.5,
    "gpu_power_avg": 992.5321425523407,
    "ram_power_avg": 0.7061752080917358,
    "cpu_energy_total": 0.0037197789640267733,
    "gpu_energy_total": 0.032214745216217366,
    "ram_energy_total": 1.9799016277668732e-05,
    "total_energy_kwh": 0.03595432319652181,
    "total_energy_joules": 129435.56350747851
  },
  "global_derived_quantities": {
    "tokens_per_joule": 0.12658035825720623,
    "joules_per_token": 7.90011984298575,
    "flops_per_joule": 406677893.4818996,
    "joules_per_flop": 2.4589485094411897e-09
  },
  "per-process_emissions": [
    0.003414166144556454,
    0.0034286795615067053,
    0.0034249100800027073,
    0.003429043635649116
  ]
}