{
  "process_id": 3103788,
  "local_process_index": 1,
  "energy_results": {
    "cpu_power": 112.5,
    "gpu_power": 0.0,
    "ram_power": 0.706047534942627,
    "cpu_energy": 0.0009338180732429464,
    "gpu_energy": 0.008061483115848311,
    "ram_energy": 5.038911989477242e-06,
    "total_energy_kwh": 0.009000340101080733,
    "total_energy_joules": 32401.22436389064,
    "final_emissions": 0.0034286795615067053
  }
}