{
  "process_id": 3103789,
  "local_process_index": 2,
  "energy_results": {
    "cpu_power": 112.5,
    "gpu_power": 2193.140163841264,
    "ram_power": 0.7072563171386719,
    "cpu_energy": 0.0009285168691258152,
    "gpu_energy": 0.00805694200110274,
    "ram_energy": 4.9862800607407465e-06,
    "total_energy_kwh": 0.008990445150289296,
    "total_energy_joules": 32365.602541041466,
    "final_emissions": 0.0034249100800027073
  }
}