{
  "process_id": 3835326,
  "local_process_index": 0,
  "energy_results": {
    "cpu_power": 112.5,
    "gpu_power": 104.73868759329973,
    "ram_power": 0.929004192352295,
    "cpu_energy": 0.0002855642200647708,
    "gpu_energy": 0.002357403830364646,
    "ram_energy": 2.4882572991942934e-06,
    "total_energy_kwh": 0.0026454563077286113,
    "total_energy_joules": 9523.642707823,
    "final_emissions": 0.0010077865804292146
  }
}