{
  "process_id": 3835328,
  "local_process_index": 2,
  "energy_results": {
    "cpu_power": 112.5,
    "gpu_power": 115.66290090005452,
    "ram_power": 0.9723916053771973,
    "cpu_energy": 0.00029045512372067613,
    "gpu_energy": 0.002363095779362112,
    "ram_energy": 2.6327555938761537e-06,
    "total_energy_kwh": 0.0026561836586766648,
    "total_energy_joules": 9562.261171235994,
    "final_emissions": 0.0010118731647728754
  }
}