{
  "process_id": 3835327,
  "local_process_index": 1,
  "energy_results": {
    "cpu_power": 112.5,
    "gpu_power": 105.51179300144517,
    "ram_power": 0.9645309448242188,
    "cpu_energy": 0.0002873504928793409,
    "gpu_energy": 0.0023588907759961586,
    "ram_energy": 2.594540081660655e-06,
    "total_energy_kwh": 0.0026488358089571604,
    "total_energy_joules": 9535.808912245777,
    "final_emissions": 0.0010090740014222302
  }
}