{
  "experiment_id": "0476",
  "local_process_results": {
    "cpu_power": {
      "process_0": 112.5,
      "process_1": 112.5,
      "process_2": 112.5,
      "process_3": 112.5
    },
    "gpu_power": {
      "process_0": 104.73868759329973,
      "process_1": 105.51179300144517,
      "process_2": 115.66290090005452,
      "process_3": 104.94855947881321
    },
    "ram_power": {
      "process_0": 0.929004192352295,
      "process_1": 0.9645309448242188,
      "process_2": 0.9723916053771973,
      "process_3": 0.9716205596923828
    },
    "cpu_energy": {
      "process_0": 0.0002855642200647708,
      "process_1": 0.0002873504928793409,
      "process_2": 0.00029045512372067613,
      "process_3": 0.0002870008334411977
    },
    "gpu_energy": {
      "process_0": 0.002357403830364646,
      "process_1": 0.0023588907759961586,
      "process_2": 0.002363095779362112,
      "process_3": 0.002360108832526464
    },
    "ram_energy": {
      "process_0": 2.4882572991942934e-06,
      "process_1": 2.594540081660655e-06,
      "process_2": 2.6327555938761537e-06,
      "process_3": 2.6204022582372496e-06
    },
    "total_energy_kwh": {
      "process_0": 0.0026454563077286113,
      "process_1": 0.0026488358089571604,
      "process_2": 0.0026561836586766648,
      "process_3": 0.0026497300682258996
    },
    "total_energy_joules": {
      "process_0": 9523.642707823,
      "process_1": 9535.808912245777,
      "process_2": 9562.261171235994,
      "process_3": 9539.028245613239
    }
  },
  "global_experiment_results": {
    "cpu_power_avg": 112.5,
    "gpu_power_avg": 107.71548524340315,
    "ram_power_avg": 0.9593868255615234,
    "cpu_energy_total": 0.0011503706701059854,
    "gpu_energy_total": 0.009439499218249381,
    "ram_energy_total": 1.0335955232968353e-05,
    "total_energy_kwh": 0.010600205843588336,
    "total_energy_joules": 38160.741036918014
  },
  "global_derived_quantities": {
    "tokens_per_joule": 0.4293417673453866,
    "joules_per_token": 2.329146791804078,
    "flops_per_joule": 1379390988.711137,
    "joules_per_flop": 7.249576140368809e-10
  },
  "per-process_emissions": [
    0.0010077865804292146,
    0.0010090740014222302,
    0.0010118731647728754,
    0.0010094146694906564
  ]
}