{
  "process_id": 3835329,
  "local_process_index": 3,
  "energy_results": {
    "cpu_power": 112.5,
    "gpu_power": 104.94855947881321,
    "ram_power": 0.9716205596923828,
    "cpu_energy": 0.0002870008334411977,
    "gpu_energy": 0.002360108832526464,
    "ram_energy": 2.6204022582372496e-06,
    "total_energy_kwh": 0.0026497300682258996,
    "total_energy_joules": 9539.028245613239,
    "final_emissions": 0.0010094146694906564
  }
}