{
  "process_id": 2805939,
  "local_process_index": 2,
  "energy_results": {
    "cpu_power": 112.5,
    "gpu_power": 1058.3956417648376,
    "ram_power": 0.7060375213623048,
    "cpu_energy": 0.0012104020341921569,
    "gpu_energy": 0.010254428481313305,
    "ram_energy": 6.459974053602273e-06,
    "total_energy_kwh": 0.011471290489559059,
    "total_energy_joules": 41296.64576241261,
    "final_emissions": 0.004369988111997523
  }
}