{
  "process_id": 2805940,
  "local_process_index": 3,
  "energy_results": {
    "cpu_power": 112.5,
    "gpu_power": 0.0,
    "ram_power": 0.7284679412841797,
    "cpu_energy": 0.001242124544467515,
    "gpu_energy": 0.010258071262006396,
    "ram_energy": 6.6006993374818e-06,
    "total_energy_kwh": 0.011506796505811394,
    "total_energy_joules": 41424.46742092102,
    "final_emissions": 0.004383514128888851
  }
}