{
  "process_id": 2805937,
  "local_process_index": 0,
  "energy_results": {
    "cpu_power": 112.5,
    "gpu_power": 756.7807956593393,
    "ram_power": 0.6843981742858887,
    "cpu_energy": 0.001194641851212509,
    "gpu_energy": 0.01016450424270765,
    "ram_energy": 6.076002455277356e-06,
    "total_energy_kwh": 0.011365222096375433,
    "total_energy_joules": 40914.79954695156,
    "final_emissions": 0.004329581357614221
  }
}