{
  "process_id": 2805938,
  "local_process_index": 1,
  "energy_results": {
    "cpu_power": 112.5,
    "gpu_power": 1121.7659812293775,
    "ram_power": 0.7046284675598145,
    "cpu_energy": 0.001195297437119734,
    "gpu_energy": 0.010044830813637162,
    "ram_energy": 6.203838939571582e-06,
    "total_energy_kwh": 0.011246332089696467,
    "total_energy_joules": 40486.79552290728,
    "final_emissions": 0.004284290209569869
  }
}