{
  "experiment_id": "0048",
  "local_process_results": {
    "cpu_power": {
      "process_2": 112.5,
      "process_3": 112.5,
      "process_0": 112.5,
      "process_1": 112.5
    },
    "gpu_power": {
      "process_2": 1058.3956417648376,
      "process_3": 0.0,
      "process_0": 756.7807956593393,
      "process_1": 1121.7659812293775
    },
    "ram_power": {
      "process_2": 0.7060375213623048,
      "process_3": 0.7284679412841797,
      "process_0": 0.6843981742858887,
      "process_1": 0.7046284675598145
    },
    "cpu_energy": {
      "process_2": 0.0012104020341921569,
      "process_3": 0.001242124544467515,
      "process_0": 0.001194641851212509,
      "process_1": 0.001195297437119734
    },
    "gpu_energy": {
      "process_2": 0.010254428481313305,
      "process_3": 0.010258071262006396,
      "process_0": 0.01016450424270765,
      "process_1": 0.010044830813637162
    },
    "ram_energy": {
      "process_2": 6.459974053602273e-06,
      "process_3": 6.6006993374818e-06,
      "process_0": 6.076002455277356e-06,
      "process_1": 6.203838939571582e-06
    },
    "total_energy_kwh": {
      "process_2": 0.011471290489559059,
      "process_3": 0.011506796505811394,
      "process_0": 0.011365222096375433,
      "process_1": 0.011246332089696467
    },
    "total_energy_joules": {
      "process_2": 41296.64576241261,
      "process_3": 41424.46742092102,
      "process_0": 40914.79954695156,
      "process_1": 40486.79552290728
    }
  },
  "global_experiment_results": {
    "cpu_power_avg": 112.5,
    "gpu_power_avg": 734.2356046633886,
    "ram_power_avg": 0.7058830261230469,
    "cpu_energy_total": 0.004842465866991915,
    "gpu_energy_total": 0.040721834799664514,
    "ram_energy_total": 2.534051478593301e-05,
    "total_energy_kwh": 0.04558964118144236,
    "total_energy_joules": 164122.70825319248
  },
  "global_derived_quantities": {
    "tokens_per_joule": 0.09982774580300226,
    "joules_per_token": 10.017255142406768,
    "flops_per_joule": 320726990.6103325,
    "joules_per_flop": 3.11791657476982e-09
  },
  "per-process_emissions": [
    0.004369988111997523,
    0.004383514128888851,
    0.004329581357614221,
    0.004284290209569869
  ]
}