{
  "process_id": 4079446,
  "local_process_index": 1,
  "energy_results": {
    "cpu_power": 112.5,
    "gpu_power": 20763.100149884525,
    "ram_power": 0.7074251174926758,
    "cpu_energy": 0.001028689659158772,
    "gpu_energy": 0.010204083441035294,
    "ram_energy": 7.602886197080792e-06,
    "total_energy_kwh": 0.011240375986391148,
    "total_energy_joules": 40465.353551008135,
    "final_emissions": 0.004282021232015708
  }
}