{
  "experiment_id": "0578",
  "local_process_results": {
    "cpu_power": {
      "process_1": 112.5,
      "process_3": 112.5,
      "process_2": 112.5,
      "process_0": 112.5
    },
    "gpu_power": {
      "process_1": 20763.100149884525,
      "process_3": 524.7966738275261,
      "process_2": 769.2091305569588,
      "process_0": 7891.479979896407
    },
    "ram_power": {
      "process_1": 0.7074251174926758,
      "process_3": 0.7168793678283691,
      "process_2": 0.7075867652893068,
      "process_0": 0.6876411437988281
    },
    "cpu_energy": {
      "process_1": 0.001028689659158772,
      "process_3": 0.0010644790880560322,
      "process_2": 0.001072975555402081,
      "process_0": 0.0010469016549741357
    },
    "gpu_energy": {
      "process_1": 0.010204083441035294,
      "process_3": 0.010318037698864302,
      "process_2": 0.010296109347988747,
      "process_0": 0.010207091776777588
    },
    "ram_energy": {
      "process_1": 7.602886197080792e-06,
      "process_3": 7.376955260593422e-06,
      "process_2": 7.321802527381626e-06,
      "process_0": 7.4184290400185994e-06
    },
    "total_energy_kwh": {
      "process_1": 0.011240375986391148,
      "process_3": 0.01138989374218093,
      "process_2": 0.01137640670591821,
      "process_0": 0.011261411860791742
    },
    "total_energy_joules": {
      "process_1": 40465.353551008135,
      "process_3": 41003.61747185134,
      "process_2": 40955.06414130556,
      "process_0": 40541.082698850274
    }
  },
  "global_experiment_results": {
    "cpu_power_avg": 112.5,
    "gpu_power_avg": 7487.1464835413535,
    "ram_power_avg": 0.7048830986022949,
    "cpu_energy_total": 0.004213045957591021,
    "gpu_energy_total": 0.04102532226466593,
    "ram_energy_total": 2.9720073025074438e-05,
    "total_energy_kwh": 0.04526808829528203,
    "total_energy_joules": 162965.1178630153
  },
  "global_derived_quantities": {
    "tokens_per_joule": 0.10053685239421611,
    "joules_per_token": 9.946601432068805,
    "flops_per_joule": 323005211.17108494,
    "joules_per_flop": 3.095925283602728e-09
  },
  "per-process_emissions": [
    0.004282021232015708,
    0.004338980021083825,
    0.004333842134619542,
    0.004290034848368615
  ]
}