{
  "process_id": 4079448,
  "local_process_index": 3,
  "energy_results": {
    "cpu_power": 112.5,
    "gpu_power": 524.7966738275261,
    "ram_power": 0.7168793678283691,
    "cpu_energy": 0.0010644790880560322,
    "gpu_energy": 0.010318037698864302,
    "ram_energy": 7.376955260593422e-06,
    "total_energy_kwh": 0.01138989374218093,
    "total_energy_joules": 41003.61747185134,
    "final_emissions": 0.004338980021083825
  }
}