{
  "process_id": 4079447,
  "local_process_index": 2,
  "energy_results": {
    "cpu_power": 112.5,
    "gpu_power": 769.2091305569588,
    "ram_power": 0.7075867652893068,
    "cpu_energy": 0.001072975555402081,
    "gpu_energy": 0.010296109347988747,
    "ram_energy": 7.321802527381626e-06,
    "total_energy_kwh": 0.01137640670591821,
    "total_energy_joules": 40955.06414130556,
    "final_emissions": 0.004333842134619542
  }
}