{
  "process_id": 4079445,
  "local_process_index": 0,
  "energy_results": {
    "cpu_power": 112.5,
    "gpu_power": 7891.479979896407,
    "ram_power": 0.6876411437988281,
    "cpu_energy": 0.0010469016549741357,
    "gpu_energy": 0.010207091776777588,
    "ram_energy": 7.4184290400185994e-06,
    "total_energy_kwh": 0.011261411860791742,
    "total_energy_joules": 40541.082698850274,
    "final_emissions": 0.004290034848368615
  }
}