{
  "process_id": 3197417,
  "local_process_index": 3,
  "energy_results": {
    "cpu_power": 112.5,
    "gpu_power": 509.4524723621583,
    "ram_power": 0.7241606712341309,
    "cpu_energy": 0.0012425796465013262,
    "gpu_energy": 0.010407027492282062,
    "ram_energy": 6.3941566046217775e-06,
    "total_energy_kwh": 0.011656001295388017,
    "total_energy_joules": 41961.60466339686,
    "final_emissions": 0.004440353693478065
  }
}