{
  "process_id": 3197415,
  "local_process_index": 1,
  "energy_results": {
    "cpu_power": 112.5,
    "gpu_power": 1037.7402037030668,
    "ram_power": 0.7320513725280762,
    "cpu_energy": 0.001234913760221389,
    "gpu_energy": 0.010364815514067871,
    "ram_energy": 6.563543826681311e-06,
    "total_energy_kwh": 0.011606292818115947,
    "total_energy_joules": 41782.65414521741,
    "final_emissions": 0.00442141724906127
  }
}