{
  "experiment_id": "0212",
  "local_process_results": {
    "cpu_power": {
      "process_2": 112.5,
      "process_1": 112.5,
      "process_0": 112.5,
      "process_3": 112.5
    },
    "gpu_power": {
      "process_2": 693.2180386136808,
      "process_1": 1037.7402037030668,
      "process_0": 978.1461675382544,
      "process_3": 509.4524723621583
    },
    "ram_power": {
      "process_2": 0.7322487831115723,
      "process_1": 0.7320513725280762,
      "process_0": 0.6888799667358398,
      "process_3": 0.7241606712341309
    },
    "cpu_energy": {
      "process_2": 0.0012399588099651735,
      "process_1": 0.001234913760221389,
      "process_0": 0.0012344724013109952,
      "process_3": 0.0012425796465013262
    },
    "gpu_energy": {
      "process_2": 0.010400288598000351,
      "process_1": 0.010364815514067871,
      "process_0": 0.010365828570435554,
      "process_3": 0.010407027492282062
    },
    "ram_energy": {
      "process_2": 6.586882890984907e-06,
      "process_1": 6.563543826681311e-06,
      "process_0": 6.1232139069737494e-06,
      "process_3": 6.3941566046217775e-06
    },
    "total_energy_kwh": {
      "process_2": 0.011646834290856514,
      "process_1": 0.011606292818115947,
      "process_0": 0.011606424185653524,
      "process_3": 0.011656001295388017
    },
    "total_energy_joules": {
      "process_2": 41928.60344708345,
      "process_1": 41782.65414521741,
      "process_0": 41783.12706835269,
      "process_3": 41961.60466339686
    }
  },
  "global_experiment_results": {
    "cpu_power_avg": 112.5,
    "gpu_power_avg": 804.6392205542901,
    "ram_power_avg": 0.7193351984024048,
    "cpu_energy_total": 0.004951924617998884,
    "gpu_energy_total": 0.04153796017478584,
    "ram_energy_total": 2.5667797229261746e-05,
    "total_energy_kwh": 0.046515552590014005,
    "total_energy_joules": 167455.9893240504
  },
  "global_derived_quantities": {
    "tokens_per_joule": 0.09784063302922359,
    "joules_per_token": 10.220702473391748,
    "flops_per_joule": 314342786.55152243,
    "joules_per_flop": 3.181240488991131e-09
  },
  "per-process_emissions": [
    0.00443686152310179,
    0.00442141724906127,
    0.00442146729352471,
    0.004440353693478065
  ]
}