{
  "process_id": 3197414,
  "local_process_index": 0,
  "energy_results": {
    "cpu_power": 112.5,
    "gpu_power": 978.1461675382544,
    "ram_power": 0.6888799667358398,
    "cpu_energy": 0.0012344724013109952,
    "gpu_energy": 0.010365828570435554,
    "ram_energy": 6.1232139069737494e-06,
    "total_energy_kwh": 0.011606424185653524,
    "total_energy_joules": 41783.12706835269,
    "final_emissions": 0.00442146729352471
  }
}