{
  "process_id": 3197416,
  "local_process_index": 2,
  "energy_results": {
    "cpu_power": 112.5,
    "gpu_power": 693.2180386136808,
    "ram_power": 0.7322487831115723,
    "cpu_energy": 0.0012399588099651735,
    "gpu_energy": 0.010400288598000351,
    "ram_energy": 6.586882890984907e-06,
    "total_energy_kwh": 0.011646834290856514,
    "total_energy_joules": 41928.60344708345,
    "final_emissions": 0.00443686152310179
  }
}