{
  "experiment_id": "0091",
  "local_process_results": {
    "cpu_power": {
      "process_3": 112.5,
      "process_2": 112.5,
      "process_1": 112.5,
      "process_0": 112.5
    },
    "gpu_power": {
      "process_3": 585.0457740582721,
      "process_2": 874.240443684947,
      "process_1": 943.3017820408896,
      "process_0": 1336.5970275567627
    },
    "ram_power": {
      "process_3": 0.7102675437927246,
      "process_2": 0.7325420379638672,
      "process_1": 0.7275166511535645,
      "process_0": 0.6902360916137695
    },
    "cpu_energy": {
      "process_3": 0.0012596774216526684,
      "process_2": 0.0012496527821822384,
      "process_1": 0.0012505933724660282,
      "process_0": 0.0012462707730010155
    },
    "gpu_energy": {
      "process_3": 0.01055817400208614,
      "process_2": 0.010517574525162665,
      "process_1": 0.010519507026709007,
      "process_0": 0.010499071732584575
    },
    "ram_energy": {
      "process_3": 6.628819095698842e-06,
      "process_2": 6.7900555050759605e-06,
      "process_1": 6.722409604989805e-06,
      "process_0": 6.304241508639112e-06
    },
    "total_energy_kwh": {
      "process_3": 0.011824480242834506,
      "process_2": 0.011774017362849982,
      "process_1": 0.011776822808780023,
      "process_0": 0.011751646747094231
    },
    "total_energy_joules": {
      "process_3": 42568.12887420422,
      "process_2": 42386.46250625994,
      "process_1": 42396.56211160808,
      "process_0": 42305.92828953923
    }
  },
  "global_experiment_results": {
    "cpu_power_avg": 112.5,
    "gpu_power_avg": 934.7962568352177,
    "ram_power_avg": 0.7151405811309814,
    "cpu_energy_total": 0.0050061943493019505,
    "gpu_energy_total": 0.04209432728654239,
    "ram_energy_total": 2.644552571440372e-05,
    "total_energy_kwh": 0.047126967161558744,
    "total_energy_joules": 169657.0817816115
  },
  "global_derived_quantities": {
    "tokens_per_joule": 0.09657127087149864,
    "joules_per_token": 10.355046495459685,
    "flops_per_joule": 310264574.6118763,
    "joules_per_flop": 3.223055681593505e-09
  },
  "per-process_emissions": [
    0.004504535748507805,
    0.004485311914377701,
    0.00448638064900475,
    0.0044767898283055475
  ]
}