{
  "process_id": 2986254,
  "local_process_index": 1,
  "energy_results": {
    "cpu_power": 112.5,
    "gpu_power": 943.3017820408896,
    "ram_power": 0.7275166511535645,
    "cpu_energy": 0.0012505933724660282,
    "gpu_energy": 0.010519507026709007,
    "ram_energy": 6.722409604989805e-06,
    "total_energy_kwh": 0.011776822808780023,
    "total_energy_joules": 42396.56211160808,
    "final_emissions": 0.00448638064900475
  }
}