{
  "process_id": 2986256,
  "local_process_index": 3,
  "energy_results": {
    "cpu_power": 112.5,
    "gpu_power": 585.0457740582721,
    "ram_power": 0.7102675437927246,
    "cpu_energy": 0.0012596774216526684,
    "gpu_energy": 0.01055817400208614,
    "ram_energy": 6.628819095698842e-06,
    "total_energy_kwh": 0.011824480242834506,
    "total_energy_joules": 42568.12887420422,
    "final_emissions": 0.004504535748507805
  }
}