{
  "process_id": 2986255,
  "local_process_index": 2,
  "energy_results": {
    "cpu_power": 112.5,
    "gpu_power": 874.240443684947,
    "ram_power": 0.7325420379638672,
    "cpu_energy": 0.0012496527821822384,
    "gpu_energy": 0.010517574525162665,
    "ram_energy": 6.7900555050759605e-06,
    "total_energy_kwh": 0.011774017362849982,
    "total_energy_joules": 42386.46250625994,
    "final_emissions": 0.004485311914377701
  }
}