{
  "process_id": 2986253,
  "local_process_index": 0,
  "energy_results": {
    "cpu_power": 112.5,
    "gpu_power": 1336.5970275567627,
    "ram_power": 0.6902360916137695,
    "cpu_energy": 0.0012462707730010155,
    "gpu_energy": 0.010499071732584575,
    "ram_energy": 6.304241508639112e-06,
    "total_energy_kwh": 0.011751646747094231,
    "total_energy_joules": 42305.92828953923,
    "final_emissions": 0.0044767898283055475
  }
}