{
  "process_id": 3993072,
  "local_process_index": 0,
  "energy_results": {
    "cpu_power": 112.5,
    "gpu_power": 175.5497614015274,
    "ram_power": 0.6893577575683594,
    "cpu_energy": 0.0013173984523746189,
    "gpu_energy": 0.01052330758531106,
    "ram_energy": 7.53247272168058e-06,
    "total_energy_kwh": 0.011848238510407356,
    "total_energy_joules": 42653.658637466484,
    "final_emissions": 0.004513586460539682
  }
}