{
  "process_id": 3993073,
  "local_process_index": 1,
  "energy_results": {
    "cpu_power": 112.5,
    "gpu_power": 459.4199881030602,
    "ram_power": 0.7331886291503906,
    "cpu_energy": 0.001275697424876853,
    "gpu_energy": 0.010939557362746655,
    "ram_energy": 7.965416950399595e-06,
    "total_energy_kwh": 0.012223220204573908,
    "total_energy_joules": 44003.59273646607,
    "final_emissions": 0.0046564357369324304
  }
}