{
  "experiment_id": "0541",
  "local_process_results": {
    "cpu_power": {
      "process_3": 112.5,
      "process_0": 112.5,
      "process_2": 112.5,
      "process_1": 112.5
    },
    "gpu_power": {
      "process_3": 824.6239442963572,
      "process_0": 175.5497614015274,
      "process_2": 2936.976765755806,
      "process_1": 459.4199881030602
    },
    "ram_power": {
      "process_3": 0.7263121604919435,
      "process_0": 0.6893577575683594,
      "process_2": 0.7107367515563966,
      "process_1": 0.7331886291503906
    },
    "cpu_energy": {
      "process_3": 0.0012977024226856883,
      "process_0": 0.0013173984523746189,
      "process_2": 0.0011653473320002382,
      "process_1": 0.001275697424876853
    },
    "gpu_energy": {
      "process_3": 0.010852054792751531,
      "process_0": 0.01052330758531106,
      "process_2": 0.010576737628051447,
      "process_1": 0.010939557362746655
    },
    "ram_energy": {
      "process_3": 7.987332427929127e-06,
      "process_0": 7.53247272168058e-06,
      "process_2": 7.937740825521188e-06,
      "process_1": 7.965416950399595e-06
    },
    "total_energy_kwh": {
      "process_3": 0.01215774454786515,
      "process_0": 0.011848238510407356,
      "process_2": 0.011750022700877202,
      "process_1": 0.012223220204573908
    },
    "total_energy_joules": {
      "process_3": 43767.88037231454,
      "process_0": 42653.658637466484,
      "process_2": 42300.08172315793,
      "process_1": 44003.59273646607
    }
  },
  "global_experiment_results": {
    "cpu_power_avg": 112.5,
    "gpu_power_avg": 1099.1426148891876,
    "ram_power_avg": 0.7148988246917725,
    "cpu_energy_total": 0.005056145631937398,
    "gpu_energy_total": 0.04289165736886069,
    "ram_energy_total": 3.1422962925530496e-05,
    "total_energy_kwh": 0.047979225963723615,
    "total_energy_joules": 172725.21346940502
  },
  "global_derived_quantities": {
    "tokens_per_joule": 0.09485586771558463,
    "joules_per_token": 10.54231039241974,
    "flops_per_joule": 304753320.3262645,
    "joules_per_flop": 3.2813424278016546e-09
  },
  "per-process_emissions": [
    0.004631492785509229,
    0.004513586460539682,
    0.0044761711478991705,
    0.0046564357369324304
  ]
}