{
  "process_id": 3993074,
  "local_process_index": 2,
  "energy_results": {
    "cpu_power": 112.5,
    "gpu_power": 2936.976765755806,
    "ram_power": 0.7107367515563966,
    "cpu_energy": 0.0011653473320002382,
    "gpu_energy": 0.010576737628051447,
    "ram_energy": 7.937740825521188e-06,
    "total_energy_kwh": 0.011750022700877202,
    "total_energy_joules": 42300.08172315793,
    "final_emissions": 0.0044761711478991705
  }
}