{
  "process_id": 3993075,
  "local_process_index": 3,
  "energy_results": {
    "cpu_power": 112.5,
    "gpu_power": 824.6239442963572,
    "ram_power": 0.7263121604919435,
    "cpu_energy": 0.0012977024226856883,
    "gpu_energy": 0.010852054792751531,
    "ram_energy": 7.987332427929127e-06,
    "total_energy_kwh": 0.01215774454786515,
    "total_energy_joules": 43767.88037231454,
    "final_emissions": 0.004631492785509229
  }
}