{
  "process_id": 2797868,
  "local_process_index": 1,
  "energy_results": {
    "cpu_power": 112.5,
    "gpu_power": 933.7495225056731,
    "ram_power": 0.7228875160217285,
    "cpu_energy": 0.0011614531762115803,
    "gpu_energy": 0.010176971197126683,
    "ram_energy": 6.473711553611424e-06,
    "total_energy_kwh": 0.011344898084891879,
    "total_energy_joules": 40841.63310561077,
    "final_emissions": 0.0043218389254395615
  }
}