{
  "experiment_id": "0043",
  "local_process_results": {
    "cpu_power": {
      "process_0": 112.5,
      "process_2": 112.5,
      "process_1": 112.5,
      "process_3": 112.5
    },
    "gpu_power": {
      "process_0": 971.0412301970783,
      "process_2": 982.023526666534,
      "process_1": 933.7495225056731,
      "process_3": 782.4177577808387
    },
    "ram_power": {
      "process_0": 0.6877970695495605,
      "process_2": 0.7227344512939453,
      "process_1": 0.7228875160217285,
      "process_3": 0.7302789688110352
    },
    "cpu_energy": {
      "process_0": 0.0011572150561551095,
      "process_2": 0.0011531958822488379,
      "process_1": 0.0011614531762115803,
      "process_3": 0.0011663535043062434
    },
    "gpu_energy": {
      "process_0": 0.010164485909361254,
      "process_2": 0.010132491994878201,
      "process_1": 0.010176971197126683,
      "process_3": 0.010196811768555136
    },
    "ram_energy": {
      "process_0": 6.127783787687779e-06,
      "process_2": 6.419029173716694e-06,
      "process_1": 6.473711553611424e-06,
      "process_3": 6.549439671232754e-06
    },
    "total_energy_kwh": {
      "process_0": 0.011327828749304047,
      "process_2": 0.011292106906300756,
      "process_1": 0.011344898084891879,
      "process_3": 0.011369714712532612
    },
    "total_energy_joules": {
      "process_0": 40780.183497494574,
      "process_2": 40651.58486268272,
      "process_1": 40841.63310561077,
      "process_3": 40930.972965117406
    }
  },
  "global_experiment_results": {
    "cpu_power_avg": 112.5,
    "gpu_power_avg": 917.308009287531,
    "ram_power_avg": 0.7159245014190674,
    "cpu_energy_total": 0.004638217618921771,
    "gpu_energy_total": 0.040670760869921274,
    "ram_energy_total": 2.556996418624865e-05,
    "total_energy_kwh": 0.0453345484530293,
    "total_energy_joules": 163204.37443090545
  },
  "global_derived_quantities": {
    "tokens_per_joule": 0.10038946601236087,
    "joules_per_token": 9.961204494073819,
    "flops_per_joule": 322531687.5997658,
    "joules_per_flop": 3.100470553581434e-09
  },
  "per-process_emissions": [
    0.004315336362047377,
    0.0043017281259552734,
    0.0043218389254395615,
    0.004331292819739299
  ]
}