{
  "process_id": 2797870,
  "local_process_index": 3,
  "energy_results": {
    "cpu_power": 112.5,
    "gpu_power": 782.4177577808387,
    "ram_power": 0.7302789688110352,
    "cpu_energy": 0.0011663535043062434,
    "gpu_energy": 0.010196811768555136,
    "ram_energy": 6.549439671232754e-06,
    "total_energy_kwh": 0.011369714712532612,
    "total_energy_joules": 40930.972965117406,
    "final_emissions": 0.004331292819739299
  }
}