{
  "process_id": 2797867,
  "local_process_index": 0,
  "energy_results": {
    "cpu_power": 112.5,
    "gpu_power": 971.0412301970783,
    "ram_power": 0.6877970695495605,
    "cpu_energy": 0.0011572150561551095,
    "gpu_energy": 0.010164485909361254,
    "ram_energy": 6.127783787687779e-06,
    "total_energy_kwh": 0.011327828749304047,
    "total_energy_joules": 40780.183497494574,
    "final_emissions": 0.004315336362047377
  }
}