{
  "process_id": 2797869,
  "local_process_index": 2,
  "energy_results": {
    "cpu_power": 112.5,
    "gpu_power": 982.023526666534,
    "ram_power": 0.7227344512939453,
    "cpu_energy": 0.0011531958822488379,
    "gpu_energy": 0.010132491994878201,
    "ram_energy": 6.419029173716694e-06,
    "total_energy_kwh": 0.011292106906300756,
    "total_energy_joules": 40651.58486268272,
    "final_emissions": 0.0043017281259552734
  }
}