{
  "process_id": 3813349,
  "local_process_index": 3,
  "energy_results": {
    "cpu_power": 112.5,
    "gpu_power": 666.759453171169,
    "ram_power": 0.7215571403503418,
    "cpu_energy": 0.004612267166479796,
    "gpu_energy": 0.03248060209557124,
    "ram_energy": 2.8505920118873623e-05,
    "total_energy_kwh": 0.0371213751821699,
    "total_energy_joules": 133636.95065581164,
    "final_emissions": 0.014141387875647624
  }
}