{
  "process_id": 3813346,
  "local_process_index": 0,
  "energy_results": {
    "cpu_power": 112.5,
    "gpu_power": 845.5026802043863,
    "ram_power": 0.6772069931030275,
    "cpu_energy": 0.004704962065470679,
    "gpu_energy": 0.03278737872988202,
    "ram_energy": 2.7285770023745857e-05,
    "total_energy_kwh": 0.037519626565376434,
    "total_energy_joules": 135070.65563535516,
    "final_emissions": 0.014293101740080152
  }
}