{
  "experiment_id": "0464",
  "local_process_results": {
    "cpu_power": {
      "process_2": 112.5,
      "process_1": 112.5,
      "process_0": 112.5,
      "process_3": 112.5
    },
    "gpu_power": {
      "process_2": 1353.971546976407,
      "process_1": 939.5168775529195,
      "process_0": 845.5026802043863,
      "process_3": 666.759453171169
    },
    "ram_power": {
      "process_2": 0.7288470268249512,
      "process_1": 0.7210721969604492,
      "process_0": 0.6772069931030275,
      "process_3": 0.7215571403503418
    },
    "cpu_energy": {
      "process_2": 0.0045259918569772704,
      "process_1": 0.0046666138065302246,
      "process_0": 0.004704962065470679,
      "process_3": 0.004612267166479796
    },
    "gpu_energy": {
      "process_2": 0.032244745518001494,
      "process_1": 0.03257742383969564,
      "process_0": 0.03278737872988202,
      "process_3": 0.03248060209557124
    },
    "ram_energy": {
      "process_2": 2.8435234984412853e-05,
      "process_1": 2.840232612075307e-05,
      "process_0": 2.7285770023745857e-05,
      "process_3": 2.8505920118873623e-05
    },
    "total_energy_kwh": {
      "process_2": 0.03679917260996314,
      "process_1": 0.03727243997234661,
      "process_0": 0.037519626565376434,
      "process_3": 0.0371213751821699
    },
    "total_energy_joules": {
      "process_2": 132477.0213958673,
      "process_1": 134180.7839004478,
      "process_0": 135070.65563535516,
      "process_3": 133636.95065581164
    }
  },
  "global_experiment_results": {
    "cpu_power_avg": 112.5,
    "gpu_power_avg": 951.4376394762204,
    "ram_power_avg": 0.7121708393096924,
    "cpu_energy_total": 0.01850983489545797,
    "gpu_energy_total": 0.1300901501831504,
    "ram_energy_total": 0.0001126292512477854,
    "total_energy_kwh": 0.14871261432985608,
    "total_energy_joules": 535365.4115874819
  },
  "global_derived_quantities": {
    "tokens_per_joule": 0.03060339656874295,
    "joules_per_token": 32.676111547087515,
    "flops_per_joule": 98322717.8475697,
    "joules_per_flop": 1.0170589482181585e-08
  },
  "per-process_emissions": [
    0.014018644805765458,
    0.014198936007465442,
    0.014293101740080152,
    0.014141387875647624
  ]
}