{
  "process_id": 3813348,
  "local_process_index": 2,
  "energy_results": {
    "cpu_power": 112.5,
    "gpu_power": 1353.971546976407,
    "ram_power": 0.7288470268249512,
    "cpu_energy": 0.0045259918569772704,
    "gpu_energy": 0.032244745518001494,
    "ram_energy": 2.8435234984412853e-05,
    "total_energy_kwh": 0.03679917260996314,
    "total_energy_joules": 132477.0213958673,
    "final_emissions": 0.014018644805765458
  }
}