{
  "process_id": 3813347,
  "local_process_index": 1,
  "energy_results": {
    "cpu_power": 112.5,
    "gpu_power": 939.5168775529195,
    "ram_power": 0.7210721969604492,
    "cpu_energy": 0.0046666138065302246,
    "gpu_energy": 0.03257742383969564,
    "ram_energy": 2.840232612075307e-05,
    "total_energy_kwh": 0.03727243997234661,
    "total_energy_joules": 134180.7839004478,
    "final_emissions": 0.014198936007465442
  }
}