{
  "process_id": 3163584,
  "local_process_index": 0,
  "energy_results": {
    "cpu_power": 112.5,
    "gpu_power": 954.0746016869157,
    "ram_power": 0.6889815330505371,
    "cpu_energy": 0.001159450731753168,
    "gpu_energy": 0.010160704239669194,
    "ram_energy": 6.113971211492628e-06,
    "total_energy_kwh": 0.011326268942633855,
    "total_energy_joules": 40774.56819348188,
    "final_emissions": 0.004314742153696367
  }
}