{
  "experiment_id": "0195",
  "local_process_results": {
    "cpu_power": {
      "process_3": 112.5,
      "process_1": 112.5,
      "process_0": 112.5,
      "process_2": 112.5
    },
    "gpu_power": {
      "process_3": 842.3242037562536,
      "process_1": 899.5405900986899,
      "process_0": 954.0746016869157,
      "process_2": 985.6855168451895
    },
    "ram_power": {
      "process_3": 0.7175531387329102,
      "process_1": 0.7246026992797852,
      "process_0": 0.6889815330505371,
      "process_2": 0.7239947319030762
    },
    "cpu_energy": {
      "process_3": 0.0011670176496227215,
      "process_1": 0.0011643435352798408,
      "process_0": 0.001159450731753168,
      "process_2": 0.0011553406878410898
    },
    "gpu_energy": {
      "process_3": 0.010195407878542007,
      "process_1": 0.010195407878542007,
      "process_0": 0.010160704239669194,
      "process_2": 0.01014432672656529
    },
    "ram_energy": {
      "process_3": 6.426746336093926e-06,
      "process_1": 6.4572476155553176e-06,
      "process_0": 6.113971211492628e-06,
      "process_2": 6.409247585826587e-06
    },
    "total_energy_kwh": {
      "process_3": 0.011368852274500825,
      "process_1": 0.011366208661437406,
      "process_0": 0.011326268942633855,
      "process_2": 0.011306076661992202
    },
    "total_energy_joules": {
      "process_3": 40927.86818820297,
      "process_1": 40918.35118117466,
      "process_0": 40774.56819348188,
      "process_2": 40701.87598317193
    }
  },
  "global_experiment_results": {
    "cpu_power_avg": 112.5,
    "gpu_power_avg": 920.4062280967621,
    "ram_power_avg": 0.7137830257415771,
    "cpu_energy_total": 0.00464615260449682,
    "gpu_energy_total": 0.040695846723318496,
    "ram_energy_total": 2.5407212748968456e-05,
    "total_energy_kwh": 0.04536740654056429,
    "total_energy_joules": 163322.66354603143
  },
  "global_derived_quantities": {
    "tokens_per_joule": 0.1003167572967133,
    "joules_per_token": 9.968424288698207,
    "flops_per_joule": 322298088.74031836,
    "joules_per_flop": 3.102717747748479e-09
  },
  "per-process_emissions": [
    0.004330964273971089,
    0.00432995718957458,
    0.004314742153696367,
    0.004307049904385929
  ]
}