{
  "process_id": 3163587,
  "local_process_index": 3,
  "energy_results": {
    "cpu_power": 112.5,
    "gpu_power": 842.3242037562536,
    "ram_power": 0.7175531387329102,
    "cpu_energy": 0.0011670176496227215,
    "gpu_energy": 0.010195407878542007,
    "ram_energy": 6.426746336093926e-06,
    "total_energy_kwh": 0.011368852274500825,
    "total_energy_joules": 40927.86818820297,
    "final_emissions": 0.004330964273971089
  }
}