{
  "process_id": 3163585,
  "local_process_index": 1,
  "energy_results": {
    "cpu_power": 112.5,
    "gpu_power": 899.5405900986899,
    "ram_power": 0.7246026992797852,
    "cpu_energy": 0.0011643435352798408,
    "gpu_energy": 0.010195407878542007,
    "ram_energy": 6.4572476155553176e-06,
    "total_energy_kwh": 0.011366208661437406,
    "total_energy_joules": 40918.35118117466,
    "final_emissions": 0.00432995718957458
  }
}