{
  "process_id": 3163586,
  "local_process_index": 2,
  "energy_results": {
    "cpu_power": 112.5,
    "gpu_power": 985.6855168451895,
    "ram_power": 0.7239947319030762,
    "cpu_energy": 0.0011553406878410898,
    "gpu_energy": 0.01014432672656529,
    "ram_energy": 6.409247585826587e-06,
    "total_energy_kwh": 0.011306076661992202,
    "total_energy_joules": 40701.87598317193,
    "final_emissions": 0.004307049904385929
  }
}