{
  "process_id": 2952016,
  "local_process_index": 3,
  "energy_results": {
    "cpu_power": 112.5,
    "gpu_power": 648.8421603939698,
    "ram_power": 0.7213840484619141,
    "cpu_energy": 0.002801943944446974,
    "gpu_energy": 0.019714055771231642,
    "ram_energy": 1.5086928146999152e-05,
    "total_energy_kwh": 0.022531086643825624,
    "total_energy_joules": 81111.91191777225,
    "final_emissions": 0.00858321745696537
  }
}