{
  "process_id": 2952013,
  "local_process_index": 0,
  "energy_results": {
    "cpu_power": 112.5,
    "gpu_power": 342.9441108398723,
    "ram_power": 0.6854367256164551,
    "cpu_energy": 0.002814104929746463,
    "gpu_energy": 0.019770859427785226,
    "ram_energy": 1.451629261236235e-05,
    "total_energy_kwh": 0.022599480650144055,
    "total_energy_joules": 81358.1303405186,
    "final_emissions": 0.008609272153672378
  }
}