{
  "process_id": 2952015,
  "local_process_index": 2,
  "energy_results": {
    "cpu_power": 112.5,
    "gpu_power": 399.2613224404071,
    "ram_power": 0.7281346321105957,
    "cpu_energy": 0.0028148166905702966,
    "gpu_energy": 0.019787151663042124,
    "ram_energy": 1.5345069357879333e-05,
    "total_energy_kwh": 0.0226173134229703,
    "total_energy_joules": 81422.32832269308,
    "final_emissions": 0.008616065548480536
  }
}