{
  "process_id": 2952014,
  "local_process_index": 1,
  "energy_results": {
    "cpu_power": 112.5,
    "gpu_power": 697.2780649111558,
    "ram_power": 0.7215356826782227,
    "cpu_energy": 0.002793287313372275,
    "gpu_energy": 0.019668674068260117,
    "ram_energy": 1.4887560965336188e-05,
    "total_energy_kwh": 0.022476848942597716,
    "total_energy_joules": 80916.65619335178,
    "final_emissions": 0.0085625556046826
  }
}