{
  "experiment_id": "0071",
  "local_process_results": {
    "cpu_power": {
      "process_3": 112.5,
      "process_0": 112.5,
      "process_2": 112.5,
      "process_1": 112.5
    },
    "gpu_power": {
      "process_3": 648.8421603939698,
      "process_0": 342.9441108398723,
      "process_2": 399.2613224404071,
      "process_1": 697.2780649111558
    },
    "ram_power": {
      "process_3": 0.7213840484619141,
      "process_0": 0.6854367256164551,
      "process_2": 0.7281346321105957,
      "process_1": 0.7215356826782227
    },
    "cpu_energy": {
      "process_3": 0.002801943944446974,
      "process_0": 0.002814104929746463,
      "process_2": 0.0028148166905702966,
      "process_1": 0.002793287313372275
    },
    "gpu_energy": {
      "process_3": 0.019714055771231642,
      "process_0": 0.019770859427785226,
      "process_2": 0.019787151663042124,
      "process_1": 0.019668674068260117
    },
    "ram_energy": {
      "process_3": 1.5086928146999152e-05,
      "process_0": 1.451629261236235e-05,
      "process_2": 1.5345069357879333e-05,
      "process_1": 1.4887560965336188e-05
    },
    "total_energy_kwh": {
      "process_3": 0.022531086643825624,
      "process_0": 0.022599480650144055,
      "process_2": 0.0226173134229703,
      "process_1": 0.022476848942597716
    },
    "total_energy_joules": {
      "process_3": 81111.91191777225,
      "process_0": 81358.1303405186,
      "process_2": 81422.32832269308,
      "process_1": 80916.65619335178
    }
  },
  "global_experiment_results": {
    "cpu_power_avg": 112.5,
    "gpu_power_avg": 522.0814146463513,
    "ram_power_avg": 0.7141227722167969,
    "cpu_energy_total": 0.011224152878136008,
    "gpu_energy_total": 0.07894074093031911,
    "ram_energy_total": 5.9835851082577025e-05,
    "total_energy_kwh": 0.09022472965953769,
    "total_energy_joules": 324809.0267743357
  },
  "global_derived_quantities": {
    "tokens_per_joule": 0.050441947881525305,
    "joules_per_token": 19.824769700582014,
    "flops_per_joule": 162060096.76398304,
    "joules_per_flop": 6.17055043140172e-09
  },
  "per-process_emissions": [
    0.00858321745696537,
    0.008609272153672378,
    0.008616065548480536,
    0.0085625556046826
  ]
}