{
  "experiment_id": "0438",
  "local_process_results": {
    "cpu_power": {
      "process_1": 112.5,
      "process_0": 112.5,
      "process_2": 112.5,
      "process_3": 112.5
    },
    "gpu_power": {
      "process_1": 957.1615925647953,
      "process_0": 1221.3604361752343,
      "process_2": 605.8507138762842,
      "process_3": 567.9295422171424
    },
    "ram_power": {
      "process_1": 0.7279915809631348,
      "process_0": 0.6845912933349609,
      "process_2": 0.7274751663208008,
      "process_3": 0.7278614044189453
    },
    "cpu_energy": {
      "process_1": 0.0011467350358743717,
      "process_0": 0.0011460512306275634,
      "process_2": 0.0011461278005881466,
      "process_3": 0.0011562875548097509
    },
    "gpu_energy": {
      "process_1": 0.01009456196453229,
      "process_0": 0.010088383070700147,
      "process_2": 0.010074334726127177,
      "process_3": 0.010125933100741946
    },
    "ram_energy": {
      "process_1": 6.414596883466104e-06,
      "process_0": 6.227762666266324e-06,
      "process_2": 6.406228970903705e-06,
      "process_3": 6.457192754407603e-06
    },
    "total_energy_kwh": {
      "process_1": 0.011247711597290128,
      "process_0": 0.011240662063993968,
      "process_2": 0.011226868755686232,
      "process_3": 0.011288677848306103
    },
    "total_energy_joules": {
      "process_1": 40491.76175024446,
      "process_0": 40466.383430378286,
      "process_2": 40416.727520470435,
      "process_3": 40639.24025390197
    }
  },
  "global_experiment_results": {
    "cpu_power_avg": 112.5,
    "gpu_power_avg": 838.0755712083642,
    "ram_power_avg": 0.7169798612594604,
    "cpu_energy_total": 0.004595201621899832,
    "gpu_energy_total": 0.04038321286210156,
    "ram_energy_total": 2.5505781275043735e-05,
    "total_energy_kwh": 0.04500392026527643,
    "total_energy_joules": 162014.11295499516
  },
  "global_derived_quantities": {
    "tokens_per_joule": 0.10112699258830127,
    "joules_per_token": 9.888556698913279,
    "flops_per_joule": 324901216.00385594,
    "joules_per_flop": 3.0778585943739033e-09
  },
  "per-process_emissions": [
    0.004284815732987674,
    0.004282130213278502,
    0.00427687565247867,
    0.00430042182631221
  ]
}