{
  "process_id": 3583142,
  "local_process_index": 2,
  "energy_results": {
    "cpu_power": 112.5,
    "gpu_power": 605.8507138762842,
    "ram_power": 0.7274751663208008,
    "cpu_energy": 0.0011461278005881466,
    "gpu_energy": 0.010074334726127177,
    "ram_energy": 6.406228970903705e-06,
    "total_energy_kwh": 0.011226868755686232,
    "total_energy_joules": 40416.727520470435,
    "final_emissions": 0.00427687565247867
  }
}