{
  "process_id": 3583141,
  "local_process_index": 1,
  "energy_results": {
    "cpu_power": 112.5,
    "gpu_power": 957.1615925647953,
    "ram_power": 0.7279915809631348,
    "cpu_energy": 0.0011467350358743717,
    "gpu_energy": 0.01009456196453229,
    "ram_energy": 6.414596883466104e-06,
    "total_energy_kwh": 0.011247711597290128,
    "total_energy_joules": 40491.76175024446,
    "final_emissions": 0.004284815732987674
  }
}