{
  "process_id": 3583143,
  "local_process_index": 3,
  "energy_results": {
    "cpu_power": 112.5,
    "gpu_power": 567.9295422171424,
    "ram_power": 0.7278614044189453,
    "cpu_energy": 0.0011562875548097509,
    "gpu_energy": 0.010125933100741946,
    "ram_energy": 6.457192754407603e-06,
    "total_energy_kwh": 0.011288677848306103,
    "total_energy_joules": 40639.24025390197,
    "final_emissions": 0.00430042182631221
  }
}