{
  "process_id": 3583140,
  "local_process_index": 0,
  "energy_results": {
    "cpu_power": 112.5,
    "gpu_power": 1221.3604361752343,
    "ram_power": 0.6845912933349609,
    "cpu_energy": 0.0011460512306275634,
    "gpu_energy": 0.010088383070700147,
    "ram_energy": 6.227762666266324e-06,
    "total_energy_kwh": 0.011240662063993968,
    "total_energy_joules": 40466.383430378286,
    "final_emissions": 0.004282130213278502
  }
}