{
  "process_id": 3176033,
  "local_process_index": 0,
  "energy_results": {
    "cpu_power": 112.5,
    "gpu_power": 1061.142847302107,
    "ram_power": 0.6887912750244141,
    "cpu_energy": 0.0011612486392696157,
    "gpu_energy": 0.01016618896627719,
    "ram_energy": 6.134135301892165e-06,
    "total_energy_kwh": 0.011333571740848699,
    "total_energy_joules": 40800.858267055315,
    "final_emissions": 0.004317524154676312
  }
}