{
  "process_id": 3176034,
  "local_process_index": 1,
  "energy_results": {
    "cpu_power": 112.5,
    "gpu_power": 900.3249354529122,
    "ram_power": 0.7248344421386719,
    "cpu_energy": 0.001168661186880854,
    "gpu_energy": 0.010199760659801882,
    "ram_energy": 6.48155520350797e-06,
    "total_energy_kwh": 0.011374903401886245,
    "total_energy_joules": 40949.65224679048,
    "final_emissions": 0.004333269450948566
  }
}