{
  "experiment_id": "0203",
  "local_process_results": {
    "cpu_power": {
      "process_3": 112.5,
      "process_2": 112.5,
      "process_0": 112.5,
      "process_1": 112.5
    },
    "gpu_power": {
      "process_3": 916.1876142874037,
      "process_2": 1031.9761458547055,
      "process_0": 1061.142847302107,
      "process_1": 900.3249354529122
    },
    "ram_power": {
      "process_3": 0.7246685028076172,
      "process_2": 0.730682373046875,
      "process_0": 0.6887912750244141,
      "process_1": 0.7248344421386719
    },
    "cpu_energy": {
      "process_3": 0.0011659526742496384,
      "process_2": 0.001158911069684109,
      "process_0": 0.0011612486392696157,
      "process_1": 0.001168661186880854
    },
    "gpu_energy": {
      "process_3": 0.010199760659801882,
      "process_2": 0.010161105351100375,
      "process_0": 0.01016618896627719,
      "process_1": 0.010199760659801882
    },
    "ram_energy": {
      "process_3": 6.485322665065837e-06,
      "process_2": 6.497360015762749e-06,
      "process_0": 6.134135301892165e-06,
      "process_1": 6.48155520350797e-06
    },
    "total_energy_kwh": {
      "process_3": 0.011372198656716586,
      "process_2": 0.011326513780800249,
      "process_0": 0.011333571740848699,
      "process_1": 0.011374903401886245
    },
    "total_energy_joules": {
      "process_3": 40939.91516417971,
      "process_2": 40775.449610880896,
      "process_0": 40800.858267055315,
      "process_1": 40949.65224679048
    }
  },
  "global_experiment_results": {
    "cpu_power_avg": 112.5,
    "gpu_power_avg": 977.407885724282,
    "ram_power_avg": 0.7172441482543945,
    "cpu_energy_total": 0.004654773570084217,
    "gpu_energy_total": 0.04072681563698133,
    "ram_energy_total": 2.5598373186228723e-05,
    "total_energy_kwh": 0.04540718758025178,
    "total_energy_joules": 163465.8752889064
  },
  "global_derived_quantities": {
    "tokens_per_joule": 0.10022887022164864,
    "joules_per_token": 9.977165239801415,
    "flops_per_joule": 322015724.7855652,
    "joules_per_flop": 3.1054384088414133e-09
  },
  "per-process_emissions": [
    0.004332239078276183,
    0.004314835424795855,
    0.004317524154676312,
    0.004333269450948566
  ]
}