{
  "process_id": 3176036,
  "local_process_index": 3,
  "energy_results": {
    "cpu_power": 112.5,
    "gpu_power": 916.1876142874037,
    "ram_power": 0.7246685028076172,
    "cpu_energy": 0.0011659526742496384,
    "gpu_energy": 0.010199760659801882,
    "ram_energy": 6.485322665065837e-06,
    "total_energy_kwh": 0.011372198656716586,
    "total_energy_joules": 40939.91516417971,
    "final_emissions": 0.004332239078276183
  }
}