{
  "process_id": 3176035,
  "local_process_index": 2,
  "energy_results": {
    "cpu_power": 112.5,
    "gpu_power": 1031.9761458547055,
    "ram_power": 0.730682373046875,
    "cpu_energy": 0.001158911069684109,
    "gpu_energy": 0.010161105351100375,
    "ram_energy": 6.497360015762749e-06,
    "total_energy_kwh": 0.011326513780800249,
    "total_energy_joules": 40775.449610880896,
    "final_emissions": 0.004314835424795855
  }
}