{
  "process_id": 3940762,
  "local_process_index": 2,
  "energy_results": {
    "cpu_power": 112.5,
    "gpu_power": 262.7415302815239,
    "ram_power": 0.7064065933227539,
    "cpu_energy": 0.001253837665060928,
    "gpu_energy": 0.010335461046139471,
    "ram_energy": 7.590371758395444e-06,
    "total_energy_kwh": 0.011596889082958795,
    "total_energy_joules": 41748.80069865166,
    "final_emissions": 0.004417834896153153
  }
}