{
  "process_id": 3940760,
  "local_process_index": 0,
  "energy_results": {
    "cpu_power": 112.5,
    "gpu_power": 237.00673121889304,
    "ram_power": 0.6864151954650879,
    "cpu_energy": 0.001230440537532559,
    "gpu_energy": 0.010338081326013437,
    "ram_energy": 7.246661406530092e-06,
    "total_energy_kwh": 0.011575768524952524,
    "total_energy_joules": 41672.766689829084,
    "final_emissions": 0.004409789019580664
  }
}