{
  "experiment_id": "0512",
  "local_process_results": {
    "cpu_power": {
      "process_1": 112.5,
      "process_0": 112.5,
      "process_2": 112.5,
      "process_3": 112.5
    },
    "gpu_power": {
      "process_1": 239.86441599505156,
      "process_0": 237.00673121889304,
      "process_2": 262.7415302815239,
      "process_3": 31616.950916633512
    },
    "ram_power": {
      "process_1": 0.7229719161987305,
      "process_0": 0.6864151954650879,
      "process_2": 0.7064065933227539,
      "process_3": 0.7237429618835449
    },
    "cpu_energy": {
      "process_1": 0.00122725398316652,
      "process_0": 0.001230440537532559,
      "process_2": 0.001253837665060928,
      "process_3": 0.0011951930655068283
    },
    "gpu_energy": {
      "process_1": 0.010335262712649396,
      "process_0": 0.010338081326013437,
      "process_2": 0.010335461046139471,
      "process_3": 0.010339354660365174
    },
    "ram_energy": {
      "process_1": 7.214752636695398e-06,
      "process_0": 7.246661406530092e-06,
      "process_2": 7.590371758395444e-06,
      "process_3": 7.783089214417104e-06
    },
    "total_energy_kwh": {
      "process_1": 0.011569731448452612,
      "process_0": 0.011575768524952524,
      "process_2": 0.011596889082958795,
      "process_3": 0.011542330815086418
    },
    "total_energy_joules": {
      "process_1": 41651.0332144294,
      "process_0": 41672.766689829084,
      "process_2": 41748.80069865166,
      "process_3": 41552.39093431111
    }
  },
  "global_experiment_results": {
    "cpu_power_avg": 112.5,
    "gpu_power_avg": 8089.140898532245,
    "ram_power_avg": 0.7098841667175293,
    "cpu_energy_total": 0.004906725251266835,
    "gpu_energy_total": 0.04134815974516748,
    "ram_energy_total": 2.9834875016038036e-05,
    "total_energy_kwh": 0.046284719871450344,
    "total_energy_joules": 166624.99153722127
  },
  "global_derived_quantities": {
    "tokens_per_joule": 0.09832858713958335,
    "joules_per_token": 10.169982393629228,
    "flops_per_joule": 315910487.5159463,
    "joules_per_flop": 3.1654536317016783e-09
  },
  "per-process_emissions": [
    0.004407489195288022,
    0.004409789019580664,
    0.004417834896153153,
    0.0043970509240071716
  ]
}