{
  "process_id": 3940761,
  "local_process_index": 1,
  "energy_results": {
    "cpu_power": 112.5,
    "gpu_power": 239.86441599505156,
    "ram_power": 0.7229719161987305,
    "cpu_energy": 0.00122725398316652,
    "gpu_energy": 0.010335262712649396,
    "ram_energy": 7.214752636695398e-06,
    "total_energy_kwh": 0.011569731448452612,
    "total_energy_joules": 41651.0332144294,
    "final_emissions": 0.004407489195288022
  }
}