{
  "process_id": 3940763,
  "local_process_index": 3,
  "energy_results": {
    "cpu_power": 112.5,
    "gpu_power": 31616.950916633512,
    "ram_power": 0.7237429618835449,
    "cpu_energy": 0.0011951930655068283,
    "gpu_energy": 0.010339354660365174,
    "ram_energy": 7.783089214417104e-06,
    "total_energy_kwh": 0.011542330815086418,
    "total_energy_joules": 41552.39093431111,
    "final_emissions": 0.0043970509240071716
  }
}