{
  "process_id": 3166711,
  "local_process_index": 2,
  "energy_results": {
    "cpu_power": 112.5,
    "gpu_power": 1070.8305981496028,
    "ram_power": 0.7321586608886719,
    "cpu_energy": 0.0011549025609037926,
    "gpu_energy": 0.010137633387876654,
    "ram_energy": 6.490671197093481e-06,
    "total_energy_kwh": 0.011299026619977537,
    "total_energy_joules": 40676.49583191913,
    "final_emissions": 0.004304364190880442
  }
}