{
  "process_id": 3166709,
  "local_process_index": 0,
  "energy_results": {
    "cpu_power": 112.5,
    "gpu_power": 931.0193892019691,
    "ram_power": 0.6879558563232422,
    "cpu_energy": 0.001159570803374663,
    "gpu_energy": 0.010167977301041908,
    "ram_energy": 6.1283047075266475e-06,
    "total_energy_kwh": 0.0113336764091241,
    "total_energy_joules": 40801.23507284676,
    "final_emissions": 0.004317564028055826
  }
}