{
  "experiment_id": "0197",
  "local_process_results": {
    "cpu_power": {
      "process_0": 112.5,
      "process_3": 112.5,
      "process_2": 112.5,
      "process_1": 112.5
    },
    "gpu_power": {
      "process_0": 931.0193892019691,
      "process_3": 789.0804018642003,
      "process_2": 1070.8305981496028,
      "process_1": 898.9267268526369
    },
    "ram_power": {
      "process_0": 0.6879558563232422,
      "process_3": 0.7241463661193848,
      "process_2": 0.7321586608886719,
      "process_1": 0.7321929931640625
    },
    "cpu_energy": {
      "process_0": 0.001159570803374663,
      "process_3": 0.0011696742102449208,
      "process_2": 0.0011549025609037926,
      "process_1": 0.0011635375823170761
    },
    "gpu_energy": {
      "process_0": 0.010167977301041908,
      "process_3": 0.010211127057782932,
      "process_2": 0.010137633387876654,
      "process_1": 0.010188486484113746
    },
    "ram_energy": {
      "process_0": 6.1283047075266475e-06,
      "process_3": 6.484869722207784e-06,
      "process_2": 6.490671197093481e-06,
      "process_1": 6.557597838249042e-06
    },
    "total_energy_kwh": {
      "process_0": 0.0113336764091241,
      "process_3": 0.011387286137750054,
      "process_2": 0.011299026619977537,
      "process_1": 0.011358581664269072
    },
    "total_energy_joules": {
      "process_0": 40801.23507284676,
      "process_3": 40994.230095900195,
      "process_2": 40676.49583191913,
      "process_1": 40890.893991368655
    }
  },
  "global_experiment_results": {
    "cpu_power_avg": 112.5,
    "gpu_power_avg": 922.4642790171023,
    "ram_power_avg": 0.7191134691238403,
    "cpu_energy_total": 0.0046476851568404524,
    "gpu_energy_total": 0.04070522423081524,
    "ram_energy_total": 2.5661443465076954e-05,
    "total_energy_kwh": 0.04537857083112076,
    "total_energy_joules": 163362.85499203473
  },
  "global_derived_quantities": {
    "tokens_per_joule": 0.10029207680533529,
    "joules_per_token": 9.970877379884932,
    "flops_per_joule": 322218795.1565278,
    "joules_per_flop": 3.1034812836235044e-09
  },
  "per-process_emissions": [
    0.004317564028055826,
    0.004337986654175883,
    0.004304364190880442,
    0.004327051685003303
  ]
}