{
  "process_id": 3166710,
  "local_process_index": 1,
  "energy_results": {
    "cpu_power": 112.5,
    "gpu_power": 898.9267268526369,
    "ram_power": 0.7321929931640625,
    "cpu_energy": 0.0011635375823170761,
    "gpu_energy": 0.010188486484113746,
    "ram_energy": 6.557597838249042e-06,
    "total_energy_kwh": 0.011358581664269072,
    "total_energy_joules": 40890.893991368655,
    "final_emissions": 0.004327051685003303
  }
}