{
  "process_id": 3166712,
  "local_process_index": 3,
  "energy_results": {
    "cpu_power": 112.5,
    "gpu_power": 789.0804018642003,
    "ram_power": 0.7241463661193848,
    "cpu_energy": 0.0011696742102449208,
    "gpu_energy": 0.010211127057782932,
    "ram_energy": 6.484869722207784e-06,
    "total_energy_kwh": 0.011387286137750054,
    "total_energy_joules": 40994.230095900195,
    "final_emissions": 0.004337986654175883
  }
}