{
  "process_id": 3094784,
  "local_process_index": 1,
  "energy_results": {
    "cpu_power": 112.5,
    "gpu_power": 798.3029894661291,
    "ram_power": 0.7263808250427247,
    "cpu_energy": 0.0012041338732542498,
    "gpu_energy": 0.010415915832724387,
    "ram_energy": 6.747813942435009e-06,
    "total_energy_kwh": 0.011626797519921073,
    "total_energy_joules": 41856.47107171586,
    "final_emissions": 0.004429228515213933
  }
}