{
  "process_id": 3094783,
  "local_process_index": 0,
  "energy_results": {
    "cpu_power": 112.5,
    "gpu_power": 988.6633236542298,
    "ram_power": 0.689176082611084,
    "cpu_energy": 0.0011941534589095682,
    "gpu_energy": 0.010356806618772474,
    "ram_energy": 6.260826817755848e-06,
    "total_energy_kwh": 0.0115572209044998,
    "total_energy_joules": 41605.995256199276,
    "final_emissions": 0.004402723303569199
  }
}