{
  "process_id": 3094785,
  "local_process_index": 2,
  "energy_results": {
    "cpu_power": 112.5,
    "gpu_power": 1052.9035235160486,
    "ram_power": 0.7258687019348145,
    "cpu_energy": 0.001193556777592676,
    "gpu_energy": 0.01034809550069049,
    "ram_energy": 6.624138638448475e-06,
    "total_energy_kwh": 0.011548276416921613,
    "total_energy_joules": 41573.79510091781,
    "final_emissions": 0.004399315901026288
  }
}