{
  "experiment_id": "0157",
  "local_process_results": {
    "cpu_power": {
      "process_3": 112.5,
      "process_1": 112.5,
      "process_0": 112.5,
      "process_2": 112.5
    },
    "gpu_power": {
      "process_3": 779.9420310730616,
      "process_1": 798.3029894661291,
      "process_0": 988.6633236542298,
      "process_2": 1052.9035235160486
    },
    "ram_power": {
      "process_3": 0.7338123321533203,
      "process_1": 0.7263808250427247,
      "process_0": 0.689176082611084,
      "process_2": 0.7258687019348145
    },
    "cpu_energy": {
      "process_3": 0.0012081435555082864,
      "process_1": 0.0012041338732542498,
      "process_0": 0.0011941534589095682,
      "process_2": 0.001193556777592676
    },
    "gpu_energy": {
      "process_3": 0.010421261114778702,
      "process_1": 0.010415915832724387,
      "process_0": 0.010356806618772474,
      "process_2": 0.01034809550069049
    },
    "ram_energy": {
      "process_3": 6.922820154279519e-06,
      "process_1": 6.747813942435009e-06,
      "process_0": 6.260826817755848e-06,
      "process_2": 6.624138638448475e-06
    },
    "total_energy_kwh": {
      "process_3": 0.011636327490441268,
      "process_1": 0.011626797519921073,
      "process_0": 0.0115572209044998,
      "process_2": 0.011548276416921613
    },
    "total_energy_joules": {
      "process_3": 41890.778965588564,
      "process_1": 41856.47107171586,
      "process_0": 41605.995256199276,
      "process_2": 41573.79510091781
    }
  },
  "global_experiment_results": {
    "cpu_power_avg": 112.5,
    "gpu_power_avg": 904.9529669273672,
    "ram_power_avg": 0.7188094854354858,
    "cpu_energy_total": 0.00479998766526478,
    "gpu_energy_total": 0.04154207906696605,
    "ram_energy_total": 2.655559955291885e-05,
    "total_energy_kwh": 0.04636862233178375,
    "total_energy_joules": 166927.0403944215
  },
  "global_derived_quantities": {
    "tokens_per_joule": 0.09815066487303237,
    "joules_per_token": 10.188417992823577,
    "flops_per_joule": 315338858.1292017,
    "joules_per_flop": 3.171191796446084e-09
  },
  "per-process_emissions": [
    0.004432858957483601,
    0.004429228515213933,
    0.004402723303569199,
    0.004399315901026288
  ]
}