{
  "process_id": 3094786,
  "local_process_index": 3,
  "energy_results": {
    "cpu_power": 112.5,
    "gpu_power": 779.9420310730616,
    "ram_power": 0.7338123321533203,
    "cpu_energy": 0.0012081435555082864,
    "gpu_energy": 0.010421261114778702,
    "ram_energy": 6.922820154279519e-06,
    "total_energy_kwh": 0.011636327490441268,
    "total_energy_joules": 41890.778965588564,
    "final_emissions": 0.004432858957483601
  }
}