{
  "process_id": 3838559,
  "local_process_index": 0,
  "energy_results": {
    "cpu_power": 112.5,
    "gpu_power": 60.67091244626632,
    "ram_power": 0.8123059272766113,
    "cpu_energy": 0.03774509508984742,
    "gpu_energy": 0.02097228594448275,
    "ram_energy": 0.0002493571029519287,
    "total_energy_kwh": 0.05896673813728229,
    "total_energy_joules": 212280.25729421622,
    "final_emissions": 0.02246337889339769
  }
}