{
  "experiment_id": "0478",
  "local_process_results": {
    "cpu_power": {
      "process_0": 112.5
    },
    "gpu_power": {
      "process_0": 60.67091244626632
    },
    "ram_power": {
      "process_0": 0.8123059272766113
    },
    "cpu_energy": {
      "process_0": 0.03774509508984742
    },
    "gpu_energy": {
      "process_0": 0.02097228594448275
    },
    "ram_energy": {
      "process_0": 0.0002493571029519287
    },
    "total_energy_kwh": {
      "process_0": 0.05896673813728229
    },
    "total_energy_joules": {
      "process_0": 212280.25729421622
    }
  },
  "global_experiment_results": {
    "cpu_power_avg": 112.5,
    "gpu_power_avg": 60.67091244626632,
    "ram_power_avg": 0.8123059272766113,
    "cpu_energy_total": 0.03774509508984742,
    "gpu_energy_total": 0.02097228594448275,
    "ram_energy_total": 0.0002493571029519287,
    "total_energy_kwh": 0.05896673813728229,
    "total_energy_joules": 212280.25729421622
  },
  "global_derived_quantities": {
    "tokens_per_joule": 0.07718098804304774,
    "joules_per_token": 12.95655867274269,
    "flops_per_joule": 247967394.5180308,
    "joules_per_flop": 4.032788270182375e-09
  },
  "per-process_emissions": [
    0.02246337889339769
  ]
}