{
  "experiment_id": "0094",
  "local_process_results": {
    "cpu_power": {
      "process_3": 112.5,
      "process_0": 112.5,
      "process_1": 112.5,
      "process_2": 112.5
    },
    "gpu_power": {
      "process_3": 1351.0976431618249,
      "process_0": 1058.358627323759,
      "process_1": 617.9065507973579,
      "process_2": 679.2861713533538
    },
    "ram_power": {
      "process_3": 0.7259573936462402,
      "process_0": 0.6905050277709961,
      "process_1": 0.7319283485412599,
      "process_2": 0.7334518432617188
    },
    "cpu_energy": {
      "process_3": 0.0012401195970578559,
      "process_0": 0.0012459409684088317,
      "process_1": 0.0012650789365343368,
      "process_2": 0.001259523253993393
    },
    "gpu_energy": {
      "process_3": 0.010446371968202861,
      "process_0": 0.010473663101146613,
      "process_1": 0.01056720345375517,
      "process_2": 0.01054357815707796
    },
    "ram_energy": {
      "process_3": 6.856209169609561e-06,
      "process_0": 6.418750762901126e-06,
      "process_1": 6.87690778144309e-06,
      "process_2": 6.8545055011855745e-06
    },
    "total_energy_kwh": {
      "process_3": 0.01169334777443032,
      "process_0": 0.011726022820318347,
      "process_1": 0.011839159298070955,
      "process_2": 0.011809955916572539
    },
    "total_energy_joules": {
      "process_3": 42096.051987949155,
      "process_0": 42213.68215314605,
      "process_1": 42620.97347305544,
      "process_2": 42515.84129966114
    }
  },
  "global_experiment_results": {
    "cpu_power_avg": 112.5,
    "gpu_power_avg": 926.6622481590739,
    "ram_power_avg": 0.7204606533050537,
    "cpu_energy_total": 0.005010662755994417,
    "gpu_energy_total": 0.0420308166801826,
    "ram_energy_total": 2.700637321513935e-05,
    "total_energy_kwh": 0.04706848580939216,
    "total_energy_joules": 169446.5489138118
  },
  "global_derived_quantities": {
    "tokens_per_joule": 0.0966912581284476,
    "joules_per_token": 10.342196588977771,
    "flops_per_joule": 310650070.16246974,
    "joules_per_flop": 3.219056089306533e-09
  },
  "per-process_emissions": [
    0.004454580834669231,
    0.004467028393400275,
    0.004510127734600131,
    0.004499002706418309
  ]
}