{
  "process_id": 2991164,
  "local_process_index": 3,
  "energy_results": {
    "cpu_power": 112.5,
    "gpu_power": 1351.0976431618249,
    "ram_power": 0.7259573936462402,
    "cpu_energy": 0.0012401195970578559,
    "gpu_energy": 0.010446371968202861,
    "ram_energy": 6.856209169609561e-06,
    "total_energy_kwh": 0.01169334777443032,
    "total_energy_joules": 42096.051987949155,
    "final_emissions": 0.004454580834669231
  }
}