{
  "process_id": 2991163,
  "local_process_index": 2,
  "energy_results": {
    "cpu_power": 112.5,
    "gpu_power": 679.2861713533538,
    "ram_power": 0.7334518432617188,
    "cpu_energy": 0.001259523253993393,
    "gpu_energy": 0.01054357815707796,
    "ram_energy": 6.8545055011855745e-06,
    "total_energy_kwh": 0.011809955916572539,
    "total_energy_joules": 42515.84129966114,
    "final_emissions": 0.004499002706418309
  }
}