{
  "process_id": 2991161,
  "local_process_index": 0,
  "energy_results": {
    "cpu_power": 112.5,
    "gpu_power": 1058.358627323759,
    "ram_power": 0.6905050277709961,
    "cpu_energy": 0.0012459409684088317,
    "gpu_energy": 0.010473663101146613,
    "ram_energy": 6.418750762901126e-06,
    "total_energy_kwh": 0.011726022820318347,
    "total_energy_joules": 42213.68215314605,
    "final_emissions": 0.004467028393400275
  }
}