{
  "process_id": 2991162,
  "local_process_index": 1,
  "energy_results": {
    "cpu_power": 112.5,
    "gpu_power": 617.9065507973579,
    "ram_power": 0.7319283485412599,
    "cpu_energy": 0.0012650789365343368,
    "gpu_energy": 0.01056720345375517,
    "ram_energy": 6.87690778144309e-06,
    "total_energy_kwh": 0.011839159298070955,
    "total_energy_joules": 42620.97347305544,
    "final_emissions": 0.004510127734600131
  }
}