{
  "experiment_id": "0089",
  "local_process_results": {
    "cpu_power": {
      "process_2": 112.5,
      "process_3": 112.5,
      "process_1": 112.5,
      "process_0": 112.5
    },
    "gpu_power": {
      "process_2": 1042.1653349973512,
      "process_3": 945.8538915560347,
      "process_1": 419.9041279500687,
      "process_0": 932.9026554850766
    },
    "ram_power": {
      "process_2": 0.7327322959899902,
      "process_3": 0.7248287200927734,
      "process_1": 0.7082161903381348,
      "process_0": 0.6889071464538574
    },
    "cpu_energy": {
      "process_2": 0.0012274840341233361,
      "process_3": 0.0012317834653385949,
      "process_1": 0.0012462855047760965,
      "process_0": 0.0012319598848444001
    },
    "gpu_energy": {
      "process_2": 0.010337559381152772,
      "process_3": 0.010365926626067612,
      "process_1": 0.010420689447657061,
      "process_0": 0.010365926626067612
    },
    "ram_energy": {
      "process_2": 6.560601452934463e-06,
      "process_3": 6.47680688184113e-06,
      "process_1": 6.526629233611069e-06,
      "process_0": 6.205518154038284e-06
    },
    "total_energy_kwh": {
      "process_2": 0.011571604016729041,
      "process_3": 0.011604186898288045,
      "process_1": 0.011673501581666768,
      "process_0": 0.01160409202906605
    },
    "total_energy_joules": {
      "process_2": 41657.77446022455,
      "process_3": 41775.072833836966,
      "process_1": 42024.60569400036,
      "process_0": 41774.73130463778
    }
  },
  "global_experiment_results": {
    "cpu_power_avg": 112.5,
    "gpu_power_avg": 835.2065024971329,
    "ram_power_avg": 0.713671088218689,
    "cpu_energy_total": 0.004937512889082428,
    "gpu_energy_total": 0.04149010208094506,
    "ram_energy_total": 2.5769555722424946e-05,
    "total_energy_kwh": 0.0464533845257499,
    "total_energy_joules": 167232.18429269968
  },
  "global_derived_quantities": {
    "tokens_per_joule": 0.09797157209478143,
    "joules_per_token": 10.20704249833372,
    "flops_per_joule": 314763468.11767304,
    "joules_per_flop": 3.1769887591470875e-09
  },
  "per-process_emissions": [
    0.004408202550172928,
    0.004420614998902831,
    0.004447020427535956,
    0.004420578858472712
  ]
}