{
  "process_id": 2982980,
  "local_process_index": 1,
  "energy_results": {
    "cpu_power": 112.5,
    "gpu_power": 419.9041279500687,
    "ram_power": 0.7082161903381348,
    "cpu_energy": 0.0012462855047760965,
    "gpu_energy": 0.010420689447657061,
    "ram_energy": 6.526629233611069e-06,
    "total_energy_kwh": 0.011673501581666768,
    "total_energy_joules": 42024.60569400036,
    "final_emissions": 0.004447020427535956
  }
}