{
  "process_id": 2982979,
  "local_process_index": 0,
  "energy_results": {
    "cpu_power": 112.5,
    "gpu_power": 932.9026554850766,
    "ram_power": 0.6889071464538574,
    "cpu_energy": 0.0012319598848444001,
    "gpu_energy": 0.010365926626067612,
    "ram_energy": 6.205518154038284e-06,
    "total_energy_kwh": 0.01160409202906605,
    "total_energy_joules": 41774.73130463778,
    "final_emissions": 0.004420578858472712
  }
}