{
  "process_id": 2982982,
  "local_process_index": 3,
  "energy_results": {
    "cpu_power": 112.5,
    "gpu_power": 945.8538915560347,
    "ram_power": 0.7248287200927734,
    "cpu_energy": 0.0012317834653385949,
    "gpu_energy": 0.010365926626067612,
    "ram_energy": 6.47680688184113e-06,
    "total_energy_kwh": 0.011604186898288045,
    "total_energy_joules": 41775.072833836966,
    "final_emissions": 0.004420614998902831
  }
}