{
  "process_id": 2982981,
  "local_process_index": 2,
  "energy_results": {
    "cpu_power": 112.5,
    "gpu_power": 1042.1653349973512,
    "ram_power": 0.7327322959899902,
    "cpu_energy": 0.0012274840341233361,
    "gpu_energy": 0.010337559381152772,
    "ram_energy": 6.560601452934463e-06,
    "total_energy_kwh": 0.011571604016729041,
    "total_energy_joules": 41657.77446022455,
    "final_emissions": 0.004408202550172928
  }
}