{
  "process_id": 2777173,
  "local_process_index": 0,
  "energy_results": {
    "cpu_power": 112.5,
    "gpu_power": 988.5373052922392,
    "ram_power": 0.6876654624938966,
    "cpu_energy": 0.0012042437531890756,
    "gpu_energy": 0.010203789274134678,
    "ram_energy": 6.038212122727467e-06,
    "total_energy_kwh": 0.011414071239446483,
    "total_energy_joules": 41090.65646200734,
    "final_emissions": 0.004348190438667138
  }
}