{
  "process_id": 2777174,
  "local_process_index": 1,
  "energy_results": {
    "cpu_power": 112.5,
    "gpu_power": 696.5144179853111,
    "ram_power": 0.7074594497680664,
    "cpu_energy": 0.0012357077238611964,
    "gpu_energy": 0.010392379702786947,
    "ram_energy": 6.4479155743746466e-06,
    "total_energy_kwh": 0.011634535342222517,
    "total_energy_joules": 41884.327232001066,
    "final_emissions": 0.004432176238619668
  }
}