{
  "process_id": 2777176,
  "local_process_index": 3,
  "energy_results": {
    "cpu_power": 112.5,
    "gpu_power": 852.7844374986256,
    "ram_power": 0.7072477340698243,
    "cpu_energy": 0.0012271683715243853,
    "gpu_energy": 0.010353742171875346,
    "ram_energy": 6.3353175224725495e-06,
    "total_energy_kwh": 0.011587245860922205,
    "total_energy_joules": 41714.085099319935,
    "final_emissions": 0.004414161310718314
  }
}