{
  "experiment_id": "0030",
  "local_process_results": {
    "cpu_power": {
      "process_1": 112.5,
      "process_0": 112.5,
      "process_2": 112.5,
      "process_3": 112.5
    },
    "gpu_power": {
      "process_1": 696.5144179853111,
      "process_0": 988.5373052922392,
      "process_2": 789.3780836683173,
      "process_3": 852.7844374986256
    },
    "ram_power": {
      "process_1": 0.7074594497680664,
      "process_0": 0.6876654624938966,
      "process_2": 0.7227301597595215,
      "process_3": 0.7072477340698243
    },
    "cpu_energy": {
      "process_1": 0.0012357077238611964,
      "process_0": 0.0012042437531890756,
      "process_2": 0.0012261225292841118,
      "process_3": 0.0012271683715243853
    },
    "gpu_energy": {
      "process_1": 0.010392379702786947,
      "process_0": 0.010203789274134678,
      "process_2": 0.010353742171875346,
      "process_3": 0.010353742171875346
    },
    "ram_energy": {
      "process_1": 6.4479155743746466e-06,
      "process_0": 6.038212122727467e-06,
      "process_2": 6.489234195866742e-06,
      "process_3": 6.3353175224725495e-06
    },
    "total_energy_kwh": {
      "process_1": 0.011634535342222517,
      "process_0": 0.011414071239446483,
      "process_2": 0.011586353935355325,
      "process_3": 0.011587245860922205
    },
    "total_energy_joules": {
      "process_1": 41884.327232001066,
      "process_0": 41090.65646200734,
      "process_2": 41710.87416727917,
      "process_3": 41714.085099319935
    }
  },
  "global_experiment_results": {
    "cpu_power_avg": 112.5,
    "gpu_power_avg": 831.8035611111234,
    "ram_power_avg": 0.7062757015228271,
    "cpu_energy_total": 0.004893242377858769,
    "gpu_energy_total": 0.04130365332067232,
    "ram_energy_total": 2.5310679415441408e-05,
    "total_energy_kwh": 0.04622220637794653,
    "total_energy_joules": 166399.9429606075
  },
  "global_derived_quantities": {
    "tokens_per_joule": 0.09846157221266985,
    "joules_per_token": 10.156246518591766,
    "flops_per_joule": 316337742.5034655,
    "joules_per_flop": 3.161178277641167e-09
  },
  "per-process_emissions": [
    0.004432176238619668,
    0.004348190438667138,
    0.0044138215316736115,
    0.004414161310718314
  ]
}