{
  "process_id": 2777175,
  "local_process_index": 2,
  "energy_results": {
    "cpu_power": 112.5,
    "gpu_power": 789.3780836683173,
    "ram_power": 0.7227301597595215,
    "cpu_energy": 0.0012261225292841118,
    "gpu_energy": 0.010353742171875346,
    "ram_energy": 6.489234195866742e-06,
    "total_energy_kwh": 0.011586353935355325,
    "total_energy_joules": 41710.87416727917,
    "final_emissions": 0.0044138215316736115
  }
}