{
  "process_id": 3171391,
  "local_process_index": 2,
  "energy_results": {
    "cpu_power": 112.5,
    "gpu_power": 964.8161348182717,
    "ram_power": 0.7307395935058594,
    "cpu_energy": 0.0011559837315617187,
    "gpu_energy": 0.010124118654841752,
    "ram_energy": 6.413150066853077e-06,
    "total_energy_kwh": 0.011286515536470322,
    "total_energy_joules": 40631.45593129316,
    "final_emissions": 0.004299598093618369
  }
}