{
  "process_id": 3171392,
  "local_process_index": 3,
  "energy_results": {
    "cpu_power": 112.5,
    "gpu_power": 846.3205380920651,
    "ram_power": 0.7289958000183105,
    "cpu_energy": 0.0011664966141488548,
    "gpu_energy": 0.010177372586334776,
    "ram_energy": 6.471041194513144e-06,
    "total_energy_kwh": 0.011350340241678143,
    "total_energy_joules": 40861.22487004132,
    "final_emissions": 0.004323912115067289
  }
}