{
  "process_id": 3171390,
  "local_process_index": 1,
  "energy_results": {
    "cpu_power": 112.5,
    "gpu_power": 850.9690224129837,
    "ram_power": 0.7229933738708496,
    "cpu_energy": 0.0011659320414728423,
    "gpu_energy": 0.010175410640320237,
    "ram_energy": 6.387862449314946e-06,
    "total_energy_kwh": 0.011347730544242395,
    "total_energy_joules": 40851.82995927262,
    "final_emissions": 0.00432291795082914
  }
}