{
  "experiment_id": "0200",
  "local_process_results": {
    "cpu_power": {
      "process_1": 112.5,
      "process_0": 112.5,
      "process_2": 112.5,
      "process_3": 112.5
    },
    "gpu_power": {
      "process_1": 850.9690224129837,
      "process_0": 929.101296639439,
      "process_2": 964.8161348182717,
      "process_3": 846.3205380920651
    },
    "ram_power": {
      "process_1": 0.7229933738708496,
      "process_0": 0.685920238494873,
      "process_2": 0.7307395935058594,
      "process_3": 0.7289958000183105
    },
    "cpu_energy": {
      "process_1": 0.0011659320414728423,
      "process_0": 0.0011551452053790853,
      "process_2": 0.0011559837315617187,
      "process_3": 0.0011664966141488548
    },
    "gpu_energy": {
      "process_1": 0.010175410640320237,
      "process_0": 0.010121384763765562,
      "process_2": 0.010124118654841752,
      "process_3": 0.010177372586334776
    },
    "ram_energy": {
      "process_1": 6.387862449314946e-06,
      "process_0": 6.0329370361483065e-06,
      "process_2": 6.413150066853077e-06,
      "process_3": 6.471041194513144e-06
    },
    "total_energy_kwh": {
      "process_1": 0.011347730544242395,
      "process_0": 0.011282562906180797,
      "process_2": 0.011286515536470322,
      "process_3": 0.011350340241678143
    },
    "total_energy_joules": {
      "process_1": 40851.82995927262,
      "process_0": 40617.22646225087,
      "process_2": 40631.45593129316,
      "process_3": 40861.22487004132
    }
  },
  "global_experiment_results": {
    "cpu_power_avg": 112.5,
    "gpu_power_avg": 897.8017479906898,
    "ram_power_avg": 0.7171622514724731,
    "cpu_energy_total": 0.0046435575925625,
    "gpu_energy_total": 0.04059828664526233,
    "ram_energy_total": 2.5304990746829473e-05,
    "total_energy_kwh": 0.045267149228571654,
    "total_energy_joules": 162961.73722285795
  },
  "global_derived_quantities": {
    "tokens_per_joule": 0.10053893803055192,
    "joules_per_token": 9.946395094168576,
    "flops_per_joule": 323011911.9120473,
    "joules_per_flop": 3.095861059985581e-09
  },
  "per-process_emissions": [
    0.00432291795082914,
    0.0042980923391095745,
    0.004299598093618369,
    0.004323912115067289
  ]
}