{
  "process_id": 3171389,
  "local_process_index": 0,
  "energy_results": {
    "cpu_power": 112.5,
    "gpu_power": 929.101296639439,
    "ram_power": 0.685920238494873,
    "cpu_energy": 0.0011551452053790853,
    "gpu_energy": 0.010121384763765562,
    "ram_energy": 6.0329370361483065e-06,
    "total_energy_kwh": 0.011282562906180797,
    "total_energy_joules": 40617.22646225087,
    "final_emissions": 0.0042980923391095745
  }
}