{
  "process_id": 3040468,
  "local_process_index": 0,
  "energy_results": {
    "cpu_power": 112.5,
    "gpu_power": 2956.6471797648414,
    "ram_power": 0.686286449432373,
    "cpu_energy": 0.0012083802739925886,
    "gpu_energy": 0.010324888815458344,
    "ram_energy": 6.316191966732944e-06,
    "total_energy_kwh": 0.011539585281417662,
    "total_energy_joules": 41542.50701310358,
    "final_emissions": 0.004396005012956059
  }
}