{
  "process_id": 3040470,
  "local_process_index": 2,
  "energy_results": {
    "cpu_power": 112.5,
    "gpu_power": 959.2129180780634,
    "ram_power": 0.7296881675720215,
    "cpu_energy": 0.0012439452187500135,
    "gpu_energy": 0.010323855203519194,
    "ram_energy": 6.612915546567627e-06,
    "total_energy_kwh": 0.01157441333781578,
    "total_energy_joules": 41667.88801613681,
    "final_emissions": 0.004409272761040921
  }
}