{
  "experiment_id": "0124",
  "local_process_results": {
    "cpu_power": {
      "process_1": 112.5,
      "process_0": 112.5,
      "process_2": 112.5,
      "process_3": 112.5
    },
    "gpu_power": {
      "process_1": 585.8252480574299,
      "process_0": 2956.6471797648414,
      "process_2": 959.2129180780634,
      "process_3": 592.6311856252266
    },
    "ram_power": {
      "process_1": 0.7243251800537109,
      "process_0": 0.686286449432373,
      "process_2": 0.7296881675720215,
      "process_3": 0.7291932106018066
    },
    "cpu_energy": {
      "process_1": 0.001217476474534124,
      "process_0": 0.0012083802739925886,
      "process_2": 0.0012439452187500135,
      "process_3": 0.0012219822330880564
    },
    "gpu_energy": {
      "process_1": 0.01034854994550205,
      "process_0": 0.010324888815458344,
      "process_2": 0.010323855203519194,
      "process_3": 0.010369908573697906
    },
    "ram_energy": {
      "process_1": 6.505613971037387e-06,
      "process_0": 6.316191966732944e-06,
      "process_2": 6.612915546567627e-06,
      "process_3": 6.537453494937336e-06
    },
    "total_energy_kwh": {
      "process_1": 0.011572532034007208,
      "process_0": 0.011539585281417662,
      "process_2": 0.01157441333781578,
      "process_3": 0.011598428260280898
    },
    "total_energy_joules": {
      "process_1": 41661.11532242595,
      "process_0": 41542.50701310358,
      "process_2": 41667.88801613681,
      "process_3": 41754.34173701124
    }
  },
  "global_experiment_results": {
    "cpu_power_avg": 112.5,
    "gpu_power_avg": 1273.5791328813903,
    "ram_power_avg": 0.717373251914978,
    "cpu_energy_total": 0.004891784200364783,
    "gpu_energy_total": 0.041367202538177494,
    "ram_energy_total": 2.5972174979275293e-05,
    "total_energy_kwh": 0.04628495891352155,
    "total_energy_joules": 166625.85208867758
  },
  "global_derived_quantities": {
    "tokens_per_joule": 0.09832807931437015,
    "joules_per_token": 10.170034917521825,
    "flops_per_joule": 315908855.9730213,
    "joules_per_flop": 3.16546998000398e-09
  },
  "per-process_emissions": [
    0.0044085560783550465,
    0.004396005012956059,
    0.004409272761040921,
    0.004418421245754009
  ]
}