{
  "process_id": 3040469,
  "local_process_index": 1,
  "energy_results": {
    "cpu_power": 112.5,
    "gpu_power": 585.8252480574299,
    "ram_power": 0.7243251800537109,
    "cpu_energy": 0.001217476474534124,
    "gpu_energy": 0.01034854994550205,
    "ram_energy": 6.505613971037387e-06,
    "total_energy_kwh": 0.011572532034007208,
    "total_energy_joules": 41661.11532242595,
    "final_emissions": 0.0044085560783550465
  }
}