{
  "process_id": 3040471,
  "local_process_index": 3,
  "energy_results": {
    "cpu_power": 112.5,
    "gpu_power": 592.6311856252266,
    "ram_power": 0.7291932106018066,
    "cpu_energy": 0.0012219822330880564,
    "gpu_energy": 0.010369908573697906,
    "ram_energy": 6.537453494937336e-06,
    "total_energy_kwh": 0.011598428260280898,
    "total_energy_joules": 41754.34173701124,
    "final_emissions": 0.004418421245754009
  }
}