{
  "process_id": 3956725,
  "local_process_index": 1,
  "energy_results": {
    "cpu_power": 112.5,
    "gpu_power": 54.96189623375469,
    "ram_power": 0.7066669464111328,
    "cpu_energy": 0.001262658686717259,
    "gpu_energy": 0.010462170314170294,
    "ram_energy": 7.247324271694747e-06,
    "total_energy_kwh": 0.011732076325159243,
    "total_energy_joules": 42235.47477057327,
    "final_emissions": 0.004469334476069413
  }
}