{
  "process_id": 3956724,
  "local_process_index": 0,
  "energy_results": {
    "cpu_power": 112.5,
    "gpu_power": 1423.847703625635,
    "ram_power": 0.6860747337341309,
    "cpu_energy": 0.0012749568987819662,
    "gpu_energy": 0.010445765578827704,
    "ram_energy": 6.809582156469257e-06,
    "total_energy_kwh": 0.01172753205976614,
    "total_energy_joules": 42219.11541515811,
    "final_emissions": 0.004467603338167912
  }
}