{
  "experiment_id": "0521",
  "local_process_results": {
    "cpu_power": {
      "process_2": 112.5,
      "process_0": 112.5,
      "process_1": 112.5,
      "process_3": 112.5
    },
    "gpu_power": {
      "process_2": 74.98778401551111,
      "process_0": 1423.847703625635,
      "process_1": 54.96189623375469,
      "process_3": 61.95387998255332
    },
    "ram_power": {
      "process_2": 0.723428249359131,
      "process_0": 0.6860747337341309,
      "process_1": 0.7066669464111328,
      "process_3": 0.7066926956176759
    },
    "cpu_energy": {
      "process_2": 0.0013200345098430262,
      "process_0": 0.0012749568987819662,
      "process_1": 0.001262658686717259,
      "process_3": 0.0012810055753398047
    },
    "gpu_energy": {
      "process_2": 0.010471652266202724,
      "process_0": 0.010445765578827704,
      "process_1": 0.010462170314170294,
      "process_3": 0.010475337546928642
    },
    "ram_energy": {
      "process_2": 7.421379425756329e-06,
      "process_0": 6.809582156469257e-06,
      "process_1": 7.247324271694747e-06,
      "process_3": 7.3734365340852295e-06
    },
    "total_energy_kwh": {
      "process_2": 0.011799108155471505,
      "process_0": 0.01172753205976614,
      "process_1": 0.011732076325159243,
      "process_3": 0.011763716558802534
    },
    "total_energy_joules": {
      "process_2": 42476.78935969742,
      "process_0": 42219.11541515811,
      "process_1": 42235.47477057327,
      "process_3": 42349.379611689124
    }
  },
  "global_experiment_results": {
    "cpu_power_avg": 112.5,
    "gpu_power_avg": 403.93781596436355,
    "ram_power_avg": 0.7057156562805176,
    "cpu_energy_total": 0.005138655670682056,
    "gpu_energy_total": 0.041854925706129364,
    "ram_energy_total": 2.8851722388005563e-05,
    "total_energy_kwh": 0.04702243309919942,
    "total_energy_joules": 169280.75915711792
  },
  "global_derived_quantities": {
    "tokens_per_joule": 0.09678595536538911,
    "joules_per_token": 10.33207758527331,
    "flops_per_joule": 310954313.8331953,
    "joules_per_flop": 3.215906503025484e-09
  },
  "per-process_emissions": [
    0.00449487025182687,
    0.004467603338167912,
    0.004469334476069413,
    0.004481387823075825
  ]
}