{
  "process_id": 3956726,
  "local_process_index": 2,
  "energy_results": {
    "cpu_power": 112.5,
    "gpu_power": 74.98778401551111,
    "ram_power": 0.723428249359131,
    "cpu_energy": 0.0013200345098430262,
    "gpu_energy": 0.010471652266202724,
    "ram_energy": 7.421379425756329e-06,
    "total_energy_kwh": 0.011799108155471505,
    "total_energy_joules": 42476.78935969742,
    "final_emissions": 0.00449487025182687
  }
}