{
  "process_id": 3956727,
  "local_process_index": 3,
  "energy_results": {
    "cpu_power": 112.5,
    "gpu_power": 61.95387998255332,
    "ram_power": 0.7066926956176759,
    "cpu_energy": 0.0012810055753398047,
    "gpu_energy": 0.010475337546928642,
    "ram_energy": 7.3734365340852295e-06,
    "total_energy_kwh": 0.011763716558802534,
    "total_energy_joules": 42349.379611689124,
    "final_emissions": 0.004481387823075825
  }
}