{
  "process_id": 3965736,
  "local_process_index": 0,
  "energy_results": {
    "cpu_power": 112.5,
    "gpu_power": 54.369799932797406,
    "ram_power": 0.6855926513671875,
    "cpu_energy": 0.0011771013128727644,
    "gpu_energy": 0.01019234204275854,
    "ram_energy": 6.155589616632877e-06,
    "total_energy_kwh": 0.011375598945247938,
    "total_energy_joules": 40952.15620289258,
    "final_emissions": 0.004333534418192202
  }
}