{
  "process_id": 3965739,
  "local_process_index": 3,
  "energy_results": {
    "cpu_power": 112.5,
    "gpu_power": 62.19316521452224,
    "ram_power": 0.7045812606811523,
    "cpu_energy": 0.0011873869881255815,
    "gpu_energy": 0.010199257326068079,
    "ram_energy": 6.418671487645785e-06,
    "total_energy_kwh": 0.011393062985681305,
    "total_energy_joules": 41015.0267484527,
    "final_emissions": 0.004340187344395293
  }
}