{
  "process_id": 3965738,
  "local_process_index": 2,
  "energy_results": {
    "cpu_power": 112.5,
    "gpu_power": 79.00204277639637,
    "ram_power": 0.7216372489929199,
    "cpu_energy": 0.0011159272684344616,
    "gpu_energy": 0.010198441214301468,
    "ram_energy": 6.891053440984273e-06,
    "total_energy_kwh": 0.011321259536176914,
    "total_energy_joules": 40756.53433023689,
    "final_emissions": 0.0043128338203065955
  }
}