{
  "experiment_id": "0526",
  "local_process_results": {
    "cpu_power": {
      "process_1": 112.5,
      "process_3": 112.5,
      "process_0": 112.5,
      "process_2": 112.5
    },
    "gpu_power": {
      "process_1": 52.127991407288754,
      "process_3": 62.19316521452224,
      "process_0": 54.369799932797406,
      "process_2": 79.00204277639637
    },
    "ram_power": {
      "process_1": 0.7046012878417969,
      "process_3": 0.7045812606811523,
      "process_0": 0.6855926513671875,
      "process_2": 0.7216372489929199
    },
    "cpu_energy": {
      "process_1": 0.001177287868151325,
      "process_3": 0.0011873869881255815,
      "process_0": 0.0011771013128727644,
      "process_2": 0.0011159272684344616
    },
    "gpu_energy": {
      "process_1": 0.01019234204275854,
      "process_3": 0.010199257326068079,
      "process_0": 0.01019234204275854,
      "process_2": 0.010198441214301468
    },
    "ram_energy": {
      "process_1": 6.3578182182294165e-06,
      "process_3": 6.418671487645785e-06,
      "process_0": 6.155589616632877e-06,
      "process_2": 6.891053440984273e-06
    },
    "total_energy_kwh": {
      "process_1": 0.011375987729128097,
      "process_3": 0.011393062985681305,
      "process_0": 0.011375598945247938,
      "process_2": 0.011321259536176914
    },
    "total_energy_joules": {
      "process_1": 40953.55582486115,
      "process_3": 41015.0267484527,
      "process_0": 40952.15620289258,
      "process_2": 40756.53433023689
    }
  },
  "global_experiment_results": {
    "cpu_power_avg": 112.5,
    "gpu_power_avg": 61.92324983275119,
    "ram_power_avg": 0.7041031122207642,
    "cpu_energy_total": 0.004657703437584133,
    "gpu_energy_total": 0.040782382625886626,
    "ram_energy_total": 2.5823132763492352e-05,
    "total_energy_kwh": 0.04546590919623426,
    "total_energy_joules": 163677.27310644332
  },
  "global_derived_quantities": {
    "tokens_per_joule": 0.1000994193576593,
    "joules_per_token": 9.99006793862569,
    "flops_per_joule": 321599824.5195095,
    "joules_per_flop": 3.1094544329869065e-09
  },
  "per-process_emissions": [
    0.004333682525411348,
    0.004340187344395293,
    0.004333534418192202,
    0.0043128338203065955
  ]
}