{
  "process_id": 3965737,
  "local_process_index": 1,
  "energy_results": {
    "cpu_power": 112.5,
    "gpu_power": 52.127991407288754,
    "ram_power": 0.7046012878417969,
    "cpu_energy": 0.001177287868151325,
    "gpu_energy": 0.01019234204275854,
    "ram_energy": 6.3578182182294165e-06,
    "total_energy_kwh": 0.011375987729128097,
    "total_energy_joules": 40953.55582486115,
    "final_emissions": 0.004333682525411348
  }
}