{
  "process_id": 2735797,
  "local_process_index": 0,
  "energy_results": {
    "cpu_power": 112.5,
    "gpu_power": 536.3703841666895,
    "ram_power": 0.6872220039367676,
    "cpu_energy": 0.0011926489455308911,
    "gpu_energy": 0.0058300216084568035,
    "ram_energy": 6.123003361230828e-06,
    "total_energy_kwh": 0.007028793557348924,
    "total_energy_joules": 25303.656806456125,
    "final_emissions": 0.0026776189056720726
  }
}