{
  "process_id": 2735801,
  "local_process_index": 1,
  "energy_results": {
    "cpu_power": 112.5,
    "gpu_power": 624.5634685442159,
    "ram_power": 0.7295894622802734,
    "cpu_energy": 0.0011914612223736184,
    "gpu_energy": 0.005820991045677459,
    "ram_energy": 6.512623388522256e-06,
    "total_energy_kwh": 0.007018964891439598,
    "total_energy_joules": 25268.273609182554,
    "final_emissions": 0.002673874675393915
  }
}