{
  "experiment_id": "0008",
  "local_process_results": {
    "cpu_power": {
      "process_0": 112.5,
      "process_1": 112.5
    },
    "gpu_power": {
      "process_0": 536.3703841666895,
      "process_1": 624.5634685442159
    },
    "ram_power": {
      "process_0": 0.6872220039367676,
      "process_1": 0.7295894622802734
    },
    "cpu_energy": {
      "process_0": 0.0011926489455308911,
      "process_1": 0.0011914612223736184
    },
    "gpu_energy": {
      "process_0": 0.0058300216084568035,
      "process_1": 0.005820991045677459
    },
    "ram_energy": {
      "process_0": 6.123003361230828e-06,
      "process_1": 6.512623388522256e-06
    },
    "total_energy_kwh": {
      "process_0": 0.007028793557348924,
      "process_1": 0.007018964891439598
    },
    "total_energy_joules": {
      "process_0": 25303.656806456125,
      "process_1": 25268.273609182554
    }
  },
  "global_experiment_results": {
    "cpu_power_avg": 112.5,
    "gpu_power_avg": 580.4669263554526,
    "ram_power_avg": 0.7084057331085205,
    "cpu_energy_total": 0.00238411016790451,
    "gpu_energy_total": 0.011651012654134263,
    "ram_energy_total": 1.2635626749753083e-05,
    "total_energy_kwh": 0.014047758448788522,
    "total_energy_joules": 50571.93041563868
  },
  "global_derived_quantities": {
    "tokens_per_joule": 0.3239741861808279,
    "joules_per_token": 3.086665674782634,
    "flops_per_joule": 1040865592.3600305,
    "joules_per_flop": 9.60738838270777e-10
  },
  "per-process_emissions": [
    0.0026776189056720726,
    0.002673874675393915
  ]
}