{
  "process_id": 2790073,
  "local_process_index": 3,
  "energy_results": {
    "cpu_power": 112.5,
    "gpu_power": 344.3916127533575,
    "ram_power": 0.7309083938598633,
    "cpu_energy": 0.001329820230694168,
    "gpu_energy": 0.01046613337289859,
    "ram_energy": 7.572988818228767e-06,
    "total_energy_kwh": 0.011803526592410987,
    "total_energy_joules": 42492.69573267955,
    "final_emissions": 0.004496553455378966
  }
}