{
  "process_id": 2790072,
  "local_process_index": 2,
  "energy_results": {
    "cpu_power": 112.5,
    "gpu_power": 1039.3289824494964,
    "ram_power": 0.7158980369567871,
    "cpu_energy": 0.0013179786263772262,
    "gpu_energy": 0.010401868599265285,
    "ram_energy": 7.328979199411285e-06,
    "total_energy_kwh": 0.011727176204841918,
    "total_energy_joules": 42217.834337430904,
    "final_emissions": 0.004467467775234529
  }
}