{
  "experiment_id": "0038",
  "local_process_results": {
    "cpu_power": {
      "process_3": 112.5,
      "process_2": 112.5,
      "process_0": 112.5,
      "process_1": 112.5
    },
    "gpu_power": {
      "process_3": 344.3916127533575,
      "process_2": 1039.3289824494964,
      "process_0": 965.5762808722723,
      "process_1": 0.0
    },
    "ram_power": {
      "process_3": 0.7309083938598633,
      "process_2": 0.7158980369567871,
      "process_0": 0.6854267120361328,
      "process_1": 0.7234840393066406
    },
    "cpu_energy": {
      "process_3": 0.001329820230694168,
      "process_2": 0.0013179786263772262,
      "process_0": 0.0013220589022130294,
      "process_1": 0.0013585667758798084
    },
    "gpu_energy": {
      "process_3": 0.01046613337289859,
      "process_2": 0.010401868599265285,
      "process_0": 0.010427726119950798,
      "process_1": 0.010454684474850318
    },
    "ram_energy": {
      "process_3": 7.572988818228767e-06,
      "process_2": 7.328979199411285e-06,
      "process_0": 7.059938053404929e-06,
      "process_1": 7.61067815176488e-06
    },
    "total_energy_kwh": {
      "process_3": 0.011803526592410987,
      "process_2": 0.011727176204841918,
      "process_0": 0.011756844960217236,
      "process_1": 0.011820861928881887
    },
    "total_energy_joules": {
      "process_3": 42492.69573267955,
      "process_2": 42217.834337430904,
      "process_0": 42324.64185678205,
      "process_1": 42555.102943974794
    }
  },
  "global_experiment_results": {
    "cpu_power_avg": 112.5,
    "gpu_power_avg": 587.3242190187816,
    "ram_power_avg": 0.713929295539856,
    "cpu_energy_total": 0.005328424535164232,
    "gpu_energy_total": 0.04175041256696499,
    "ram_energy_total": 2.957258422280986e-05,
    "total_energy_kwh": 0.04710840968635202,
    "total_energy_joules": 169590.27487086732
  },
  "global_derived_quantities": {
    "tokens_per_joule": 0.09660931331395871,
    "joules_per_token": 10.350968925223835,
    "flops_per_joule": 310386797.5268339,
    "joules_per_flop": 3.2217865191690277e-09
  },
  "per-process_emissions": [
    0.004496553455378966,
    0.004467467775234529,
    0.004478770087594756,
    0.004503157351807555
  ]
}