{
  "process_id": 2790071,
  "local_process_index": 1,
  "energy_results": {
    "cpu_power": 112.5,
    "gpu_power": 0.0,
    "ram_power": 0.7234840393066406,
    "cpu_energy": 0.0013585667758798084,
    "gpu_energy": 0.010454684474850318,
    "ram_energy": 7.61067815176488e-06,
    "total_energy_kwh": 0.011820861928881887,
    "total_energy_joules": 42555.102943974794,
    "final_emissions": 0.004503157351807555
  }
}