{
  "process_id": 2790070,
  "local_process_index": 0,
  "energy_results": {
    "cpu_power": 112.5,
    "gpu_power": 965.5762808722723,
    "ram_power": 0.6854267120361328,
    "cpu_energy": 0.0013220589022130294,
    "gpu_energy": 0.010427726119950798,
    "ram_energy": 7.059938053404929e-06,
    "total_energy_kwh": 0.011756844960217236,
    "total_energy_joules": 42324.64185678205,
    "final_emissions": 0.004478770087594756
  }
}