{
  "process_id": 3951477,
  "local_process_index": 3,
  "energy_results": {
    "cpu_power": 112.5,
    "gpu_power": 599.3854515429516,
    "ram_power": 0.710310459136963,
    "cpu_energy": 0.0011590967934062067,
    "gpu_energy": 0.010397536651357342,
    "ram_energy": 7.07593733609526e-06,
    "total_energy_kwh": 0.011563709382099644,
    "total_energy_joules": 41629.35377555872,
    "final_emissions": 0.004405195089110859
  }
}