{
  "process_id": 3951475,
  "local_process_index": 1,
  "energy_results": {
    "cpu_power": 112.5,
    "gpu_power": 183.70669863188536,
    "ram_power": 0.7323260307312012,
    "cpu_energy": 0.0011870342283218634,
    "gpu_energy": 0.010381643027526977,
    "ram_energy": 6.750422512818581e-06,
    "total_energy_kwh": 0.011575427678361658,
    "total_energy_joules": 41671.53964210197,
    "final_emissions": 0.004409659174071874
  }
}