{
  "process_id": 3951476,
  "local_process_index": 2,
  "energy_results": {
    "cpu_power": 112.5,
    "gpu_power": 1423.963528194875,
    "ram_power": 0.7105278968811035,
    "cpu_energy": 0.0011656333016635471,
    "gpu_energy": 0.010360219399281334,
    "ram_energy": 7.109193644825042e-06,
    "total_energy_kwh": 0.011532961894589706,
    "total_energy_joules": 41518.66282052294,
    "final_emissions": 0.004393481833743948
  }
}