{
  "experiment_id": "0518",
  "local_process_results": {
    "cpu_power": {
      "process_2": 112.5,
      "process_3": 112.5,
      "process_0": 112.5,
      "process_1": 112.5
    },
    "gpu_power": {
      "process_2": 1423.963528194875,
      "process_3": 599.3854515429516,
      "process_0": 1311.3429624612731,
      "process_1": 183.70669863188536
    },
    "ram_power": {
      "process_2": 0.7105278968811035,
      "process_3": 0.710310459136963,
      "process_0": 0.6908955574035645,
      "process_1": 0.7323260307312012
    },
    "cpu_energy": {
      "process_2": 0.0011656333016635471,
      "process_3": 0.0011590967934062067,
      "process_0": 0.0012212274813809927,
      "process_1": 0.0011870342283218634
    },
    "gpu_energy": {
      "process_2": 0.010360219399281334,
      "process_3": 0.010397536651357342,
      "process_0": 0.010361148288911437,
      "process_1": 0.010381643027526977
    },
    "ram_energy": {
      "process_2": 7.109193644825042e-06,
      "process_3": 7.07593733609526e-06,
      "process_0": 6.90791628687046e-06,
      "process_1": 6.750422512818581e-06
    },
    "total_energy_kwh": {
      "process_2": 0.011532961894589706,
      "process_3": 0.011563709382099644,
      "process_0": 0.011589283686579297,
      "process_1": 0.011575427678361658
    },
    "total_energy_joules": {
      "process_2": 41518.66282052294,
      "process_3": 41629.35377555872,
      "process_0": 41721.42127168547,
      "process_1": 41671.53964210197
    }
  },
  "global_experiment_results": {
    "cpu_power_avg": 112.5,
    "gpu_power_avg": 879.5996602077463,
    "ram_power_avg": 0.711014986038208,
    "cpu_energy_total": 0.004732991804772609,
    "gpu_energy_total": 0.04150054736707709,
    "ram_energy_total": 2.7843469780609342e-05,
    "total_energy_kwh": 0.04626138264163031,
    "total_energy_joules": 166540.9775098691
  },
  "global_derived_quantities": {
    "tokens_per_joule": 0.09837819043081512,
    "joules_per_token": 10.164854584342596,
    "flops_per_joule": 316069853.17319083,
    "joules_per_flop": 3.1638575775591255e-09
  },
  "per-process_emissions": [
    0.004393481833743948,
    0.004405195089110859,
    0.004414937620402384,
    0.004409659174071874
  ]
}