{
  "process_id": 3951474,
  "local_process_index": 0,
  "energy_results": {
    "cpu_power": 112.5,
    "gpu_power": 1311.3429624612731,
    "ram_power": 0.6908955574035645,
    "cpu_energy": 0.0012212274813809927,
    "gpu_energy": 0.010361148288911437,
    "ram_energy": 6.90791628687046e-06,
    "total_energy_kwh": 0.011589283686579297,
    "total_energy_joules": 41721.42127168547,
    "final_emissions": 0.004414937620402384
  }
}