{
  "process_id": 3116396,
  "local_process_index": 0,
  "energy_results": {
    "cpu_power": 112.5,
    "gpu_power": 1144.9562302549916,
    "ram_power": 0.6886439323425293,
    "cpu_energy": 0.0012449274091668485,
    "gpu_energy": 0.01039400970408888,
    "ram_energy": 6.185449716024401e-06,
    "total_energy_kwh": 0.011645122562971753,
    "total_energy_joules": 41922.44122669831,
    "final_emissions": 0.00443620944036409
  }
}