{
  "process_id": 3116398,
  "local_process_index": 2,
  "energy_results": {
    "cpu_power": 112.5,
    "gpu_power": 837.7357038387406,
    "ram_power": 0.7323317527770996,
    "cpu_energy": 0.0012570579165912935,
    "gpu_energy": 0.010481656996430999,
    "ram_energy": 6.725979628202162e-06,
    "total_energy_kwh": 0.011745440892650493,
    "total_energy_joules": 42283.587213541774,
    "final_emissions": 0.004474425708055205
  }
}