{
  "process_id": 3116399,
  "local_process_index": 3,
  "energy_results": {
    "cpu_power": 112.5,
    "gpu_power": 678.7791887033535,
    "ram_power": 0.725775718688965,
    "cpu_energy": 0.0012660862100656234,
    "gpu_energy": 0.010511019797697863,
    "ram_energy": 6.7793002820013896e-06,
    "total_energy_kwh": 0.011783885308045491,
    "total_energy_joules": 42421.98710896377,
    "final_emissions": 0.00448907110809993
  }
}