{
  "experiment_id": "0167",
  "local_process_results": {
    "cpu_power": {
      "process_2": 112.5,
      "process_0": 112.5,
      "process_1": 112.5,
      "process_3": 112.5
    },
    "gpu_power": {
      "process_2": 837.7357038387406,
      "process_0": 1144.9562302549916,
      "process_1": 818.3409131197769,
      "process_3": 678.7791887033535
    },
    "ram_power": {
      "process_2": 0.7323317527770996,
      "process_0": 0.6886439323425293,
      "process_1": 0.731938362121582,
      "process_3": 0.725775718688965
    },
    "cpu_energy": {
      "process_2": 0.0012570579165912935,
      "process_0": 0.0012449274091668485,
      "process_1": 0.0012565794285310406,
      "process_3": 0.0012660862100656234
    },
    "gpu_energy": {
      "process_2": 0.010481656996430999,
      "process_0": 0.01039400970408888,
      "process_1": 0.010465754205930544,
      "process_3": 0.010511019797697863
    },
    "ram_energy": {
      "process_2": 6.725979628202162e-06,
      "process_0": 6.185449716024401e-06,
      "process_1": 6.734614188834128e-06,
      "process_3": 6.7793002820013896e-06
    },
    "total_energy_kwh": {
      "process_2": 0.011745440892650493,
      "process_0": 0.011645122562971753,
      "process_1": 0.011729068248650424,
      "process_3": 0.011783885308045491
    },
    "total_energy_joules": {
      "process_2": 42283.587213541774,
      "process_0": 41922.44122669831,
      "process_1": 42224.645695141524,
      "process_3": 42421.98710896377
    }
  },
  "global_experiment_results": {
    "cpu_power_avg": 112.5,
    "gpu_power_avg": 869.9530089792157,
    "ram_power_avg": 0.719672441482544,
    "cpu_energy_total": 0.0050246509643548055,
    "gpu_energy_total": 0.041852440704148286,
    "ram_energy_total": 2.642534381506208e-05,
    "total_energy_kwh": 0.04690351701231816,
    "total_energy_joules": 168852.6612443454
  },
  "global_derived_quantities": {
    "tokens_per_joule": 0.09703134010005823,
    "joules_per_token": 10.30594856227694,
    "flops_per_joule": 311742686.9138361,
    "joules_per_flop": 3.2077737248617292e-09
  },
  "per-process_emissions": [
    0.004474425708055205,
    0.00443620944036409,
    0.004468188549323379,
    0.00448907110809993
  ]
}