{
  "process_id": 3116397,
  "local_process_index": 1,
  "energy_results": {
    "cpu_power": 112.5,
    "gpu_power": 818.3409131197769,
    "ram_power": 0.731938362121582,
    "cpu_energy": 0.0012565794285310406,
    "gpu_energy": 0.010465754205930544,
    "ram_energy": 6.734614188834128e-06,
    "total_energy_kwh": 0.011729068248650424,
    "total_energy_joules": 42224.645695141524,
    "final_emissions": 0.004468188549323379
  }
}