{
  "process_id": 3974410,
  "local_process_index": 2,
  "energy_results": {
    "cpu_power": 112.5,
    "gpu_power": 225.78229119339483,
    "ram_power": 0.7245526313781738,
    "cpu_energy": 0.0011126798684672392,
    "gpu_energy": 0.010259174873997523,
    "ram_energy": 8.073958201012244e-06,
    "total_energy_kwh": 0.011379928700665778,
    "total_energy_joules": 40967.743322396804,
    "final_emissions": 0.004335183838518628
  }
}