{
  "process_id": 3974408,
  "local_process_index": 0,
  "energy_results": {
    "cpu_power": 112.5,
    "gpu_power": 213.29516168426298,
    "ram_power": 0.6887698173522949,
    "cpu_energy": 0.0010778542811549414,
    "gpu_energy": 0.010259174873997523,
    "ram_energy": 7.462053576604496e-06,
    "total_energy_kwh": 0.01134449120872907,
    "total_energy_joules": 40840.168351424654,
    "final_emissions": 0.00432168392596534
  }
}