{
  "process_id": 3974411,
  "local_process_index": 3,
  "energy_results": {
    "cpu_power": 112.5,
    "gpu_power": 308956.28466582927,
    "ram_power": 0.7086181640625,
    "cpu_energy": 0.001134835094020673,
    "gpu_energy": 0.010264664322836126,
    "ram_energy": 7.619890205735442e-06,
    "total_energy_kwh": 0.011407119307062532,
    "total_energy_joules": 41065.62950542512,
    "final_emissions": 0.004345542100025471
  }
}