{
  "experiment_id": "0531",
  "local_process_results": {
    "cpu_power": {
      "process_0": 112.5,
      "process_2": 112.5,
      "process_3": 112.5,
      "process_1": 112.5
    },
    "gpu_power": {
      "process_0": 213.29516168426298,
      "process_2": 225.78229119339483,
      "process_3": 308956.28466582927,
      "process_1": 204.30746135680118
    },
    "ram_power": {
      "process_0": 0.6887698173522949,
      "process_2": 0.7245526313781738,
      "process_3": 0.7086181640625,
      "process_1": 0.7329239845275879
    },
    "cpu_energy": {
      "process_0": 0.0010778542811549414,
      "process_2": 0.0011126798684672392,
      "process_3": 0.001134835094020673,
      "process_1": 0.0010755141644094692
    },
    "gpu_energy": {
      "process_0": 0.010259174873997523,
      "process_2": 0.010259174873997523,
      "process_3": 0.010264664322836126,
      "process_1": 0.010261795987206668
    },
    "ram_energy": {
      "process_0": 7.462053576604496e-06,
      "process_2": 8.073958201012244e-06,
      "process_3": 7.619890205735442e-06,
      "process_1": 7.936373104837936e-06
    },
    "total_energy_kwh": {
      "process_0": 0.01134449120872907,
      "process_2": 0.011379928700665778,
      "process_3": 0.011407119307062532,
      "process_1": 0.011345246524720971
    },
    "total_energy_joules": {
      "process_0": 40840.168351424654,
      "process_2": 40967.743322396804,
      "process_3": 41065.62950542512,
      "process_1": 40842.8874889955
    }
  },
  "global_experiment_results": {
    "cpu_power_avg": 112.5,
    "gpu_power_avg": 77399.91739501593,
    "ram_power_avg": 0.7137161493301392,
    "cpu_energy_total": 0.004400883408052322,
    "gpu_energy_total": 0.04104481005803784,
    "ram_energy_total": 3.109227508819012e-05,
    "total_energy_kwh": 0.045476785741178354,
    "total_energy_joules": 163716.42866824206
  },
  "global_derived_quantities": {
    "tokens_per_joule": 0.1000754788830682,
    "joules_per_token": 9.992457804458134,
    "flops_per_joule": 321522908.464683,
    "joules_per_flop": 3.1101982896806333e-09
  },
  "per-process_emissions": [
    0.00432168392596534,
    0.004335183838518628,
    0.004345542100025471,
    0.004321971663592454
  ]
}