{
  "process_id": 3974409,
  "local_process_index": 1,
  "energy_results": {
    "cpu_power": 112.5,
    "gpu_power": 204.30746135680118,
    "ram_power": 0.7329239845275879,
    "cpu_energy": 0.0010755141644094692,
    "gpu_energy": 0.010261795987206668,
    "ram_energy": 7.936373104837936e-06,
    "total_energy_kwh": 0.011345246524720971,
    "total_energy_joules": 40842.8874889955,
    "final_emissions": 0.004321971663592454
  }
}