{
  "process_id": 4099251,
  "local_process_index": 2,
  "energy_results": {
    "cpu_power": 112.5,
    "gpu_power": 118.20387658569533,
    "ram_power": 0.7277812957763672,
    "cpu_energy": 0.001083921632962301,
    "gpu_energy": 0.010210686501874733,
    "ram_energy": 7.466058804453991e-06,
    "total_energy_kwh": 0.011302074193641484,
    "total_energy_joules": 40687.467097109344,
    "final_emissions": 0.004305525164067723
  }
}