{
  "experiment_id": "0588",
  "local_process_results": {
    "cpu_power": {
      "process_0": 112.5,
      "process_3": 112.5,
      "process_2": 112.5,
      "process_1": 112.5
    },
    "gpu_power": {
      "process_0": 113.35688747141592,
      "process_3": 89.79435379752248,
      "process_2": 118.20387658569533,
      "process_1": 118.86071005430063
    },
    "ram_power": {
      "process_0": 0.6785573959350586,
      "process_3": 0.7064309120178223,
      "process_2": 0.7277812957763672,
      "process_1": 0.7220749855041504
    },
    "cpu_energy": {
      "process_0": 0.001073305024216097,
      "process_3": 0.0011050903386167195,
      "process_2": 0.001083921632962301,
      "process_1": 0.001096117932280322
    },
    "gpu_energy": {
      "process_0": 0.010210686501874733,
      "process_3": 0.010214077337920457,
      "process_2": 0.010210686501874733,
      "process_1": 0.010212355114319394
    },
    "ram_energy": {
      "process_0": 7.249164286368287e-06,
      "process_3": 6.266745563310578e-06,
      "process_2": 7.466058804453991e-06,
      "process_1": 6.759428883786037e-06
    },
    "total_energy_kwh": {
      "process_0": 0.011291240690377199,
      "process_3": 0.011325434422100487,
      "process_2": 0.011302074193641484,
      "process_1": 0.011315232475483501
    },
    "total_energy_joules": {
      "process_0": 40648.466485357916,
      "process_3": 40771.563919561755,
      "process_2": 40687.467097109344,
      "process_1": 40734.836911740604
    }
  },
  "global_experiment_results": {
    "cpu_power_avg": 112.5,
    "gpu_power_avg": 110.05395697723358,
    "ram_power_avg": 0.7087111473083496,
    "cpu_energy_total": 0.004358434928075439,
    "gpu_energy_total": 0.04084780545598932,
    "ram_energy_total": 2.7741397537918892e-05,
    "total_energy_kwh": 0.04523398178160267,
    "total_energy_joules": 162842.33441376963
  },
  "global_derived_quantities": {
    "tokens_per_joule": 0.10061265738410222,
    "joules_per_token": 9.939107325059181,
    "flops_per_joule": 323248757.75308824,
    "joules_per_flop": 3.093592708448533e-09
  },
  "per-process_emissions": [
    0.004301398140999194,
    0.00431442424309918,
    0.004305525164067723,
    0.00431053781153544
  ]
}