{
  "process_id": 4099249,
  "local_process_index": 0,
  "energy_results": {
    "cpu_power": 112.5,
    "gpu_power": 113.35688747141592,
    "ram_power": 0.6785573959350586,
    "cpu_energy": 0.001073305024216097,
    "gpu_energy": 0.010210686501874733,
    "ram_energy": 7.249164286368287e-06,
    "total_energy_kwh": 0.011291240690377199,
    "total_energy_joules": 40648.466485357916,
    "final_emissions": 0.004301398140999194
  }
}