{
  "process_id": 4099252,
  "local_process_index": 3,
  "energy_results": {
    "cpu_power": 112.5,
    "gpu_power": 89.79435379752248,
    "ram_power": 0.7064309120178223,
    "cpu_energy": 0.0011050903386167195,
    "gpu_energy": 0.010214077337920457,
    "ram_energy": 6.266745563310578e-06,
    "total_energy_kwh": 0.011325434422100487,
    "total_energy_joules": 40771.563919561755,
    "final_emissions": 0.00431442424309918
  }
}