{
  "process_id": 4099250,
  "local_process_index": 1,
  "energy_results": {
    "cpu_power": 112.5,
    "gpu_power": 118.86071005430063,
    "ram_power": 0.7220749855041504,
    "cpu_energy": 0.001096117932280322,
    "gpu_energy": 0.010212355114319394,
    "ram_energy": 6.759428883786037e-06,
    "total_energy_kwh": 0.011315232475483501,
    "total_energy_joules": 40734.836911740604,
    "final_emissions": 0.00431053781153544
  }
}