{
  "process_id": 4074145,
  "local_process_index": 1,
  "energy_results": {
    "cpu_power": 112.5,
    "gpu_power": 3689.5955056178664,
    "ram_power": 0.7231149673461914,
    "cpu_energy": 0.0010550855271922045,
    "gpu_energy": 0.010245403751872217,
    "ram_energy": 6.814575555502725e-06,
    "total_energy_kwh": 0.011307303854619925,
    "total_energy_joules": 40706.29387663173,
    "final_emissions": 0.00430751740341746
  }
}