{
  "experiment_id": "0575",
  "local_process_results": {
    "cpu_power": {
      "process_2": 112.5,
      "process_3": 112.5,
      "process_0": 112.5,
      "process_1": 112.5
    },
    "gpu_power": {
      "process_2": 190.46287439609478,
      "process_3": 196.48470334764875,
      "process_0": 186.1427259933737,
      "process_1": 3689.5955056178664
    },
    "ram_power": {
      "process_2": 0.7296624183654785,
      "process_3": 0.7311630249023439,
      "process_0": 0.6880602836608887,
      "process_1": 0.7231149673461914
    },
    "cpu_energy": {
      "process_2": 0.0011468354734388414,
      "process_3": 0.001157000340768718,
      "process_0": 0.0011355715468780543,
      "process_1": 0.0010550855271922045
    },
    "gpu_energy": {
      "process_2": 0.010233829298167407,
      "process_3": 0.010245403751872217,
      "process_0": 0.010233829298167407,
      "process_1": 0.010245403751872217
    },
    "ram_energy": {
      "process_2": 7.118604595737624e-06,
      "process_3": 7.223502931225416e-06,
      "process_0": 6.66322628264005e-06,
      "process_1": 6.814575555502725e-06
    },
    "total_energy_kwh": {
      "process_2": 0.011387783376201981,
      "process_3": 0.011409627595572161,
      "process_0": 0.011376064071328103,
      "process_1": 0.011307303854619925
    },
    "total_energy_joules": {
      "process_2": 40996.02015432713,
      "process_3": 41074.65934405978,
      "process_0": 40953.830656781174,
      "process_1": 40706.29387663173
    }
  },
  "global_experiment_results": {
    "cpu_power_avg": 112.5,
    "gpu_power_avg": 1065.671452338746,
    "ram_power_avg": 0.7180001735687256,
    "cpu_energy_total": 0.004494492888277819,
    "gpu_energy_total": 0.04095846610007925,
    "ram_energy_total": 2.7819909365105816e-05,
    "total_energy_kwh": 0.045480778897722174,
    "total_energy_joules": 163730.80403179984
  },
  "global_derived_quantities": {
    "tokens_per_joule": 0.10006669237889955,
    "joules_per_token": 9.993335207019033,
    "flops_per_joule": 321494679.14810044,
    "joules_per_flop": 3.1104713852490783e-09
  },
  "per-process_emissions": [
    0.004338176077164145,
    0.0043464976325332146,
    0.004333711607972441,
    0.00430751740341746
  ]
}