{
  "process_id": 4074144,
  "local_process_index": 0,
  "energy_results": {
    "cpu_power": 112.5,
    "gpu_power": 186.1427259933737,
    "ram_power": 0.6880602836608887,
    "cpu_energy": 0.0011355715468780543,
    "gpu_energy": 0.010233829298167407,
    "ram_energy": 6.66322628264005e-06,
    "total_energy_kwh": 0.011376064071328103,
    "total_energy_joules": 40953.830656781174,
    "final_emissions": 0.004333711607972441
  }
}