{
  "process_id": 4074146,
  "local_process_index": 2,
  "energy_results": {
    "cpu_power": 112.5,
    "gpu_power": 190.46287439609478,
    "ram_power": 0.7296624183654785,
    "cpu_energy": 0.0011468354734388414,
    "gpu_energy": 0.010233829298167407,
    "ram_energy": 7.118604595737624e-06,
    "total_energy_kwh": 0.011387783376201981,
    "total_energy_joules": 40996.02015432713,
    "final_emissions": 0.004338176077164145
  }
}