{
  "process_id": 4074147,
  "local_process_index": 3,
  "energy_results": {
    "cpu_power": 112.5,
    "gpu_power": 196.48470334764875,
    "ram_power": 0.7311630249023439,
    "cpu_energy": 0.001157000340768718,
    "gpu_energy": 0.010245403751872217,
    "ram_energy": 7.223502931225416e-06,
    "total_energy_kwh": 0.011409627595572161,
    "total_energy_joules": 41074.65934405978,
    "final_emissions": 0.0043464976325332146
  }
}