{
  "process_id": 2966435,
  "local_process_index": 0,
  "energy_results": {
    "cpu_power": 112.5,
    "gpu_power": 496.572180869541,
    "ram_power": 0.6887941360473633,
    "cpu_energy": 0.0012505276061292533,
    "gpu_energy": 0.010447760302645825,
    "ram_energy": 6.33936640515569e-06,
    "total_energy_kwh": 0.011704627275180231,
    "total_energy_joules": 42136.658190648835,
    "final_emissions": 0.004458877760479909
  }
}