{
  "process_id": 2966436,
  "local_process_index": 1,
  "energy_results": {
    "cpu_power": 112.5,
    "gpu_power": 283.9283701464032,
    "ram_power": 0.7080302238464355,
    "cpu_energy": 0.0012439515823371044,
    "gpu_energy": 0.010425779451725958,
    "ram_energy": 6.3176893813229965e-06,
    "total_energy_kwh": 0.011676048723444386,
    "total_energy_joules": 42033.775404399785,
    "final_emissions": 0.004447990761196139
  }
}