{
  "process_id": 2966437,
  "local_process_index": 2,
  "energy_results": {
    "cpu_power": 112.5,
    "gpu_power": 0.0,
    "ram_power": 0.7244024276733398,
    "cpu_energy": 0.0012693168569658162,
    "gpu_energy": 0.010406430825136148,
    "ram_energy": 6.723320677396833e-06,
    "total_energy_kwh": 0.01168247100277936,
    "total_energy_joules": 42056.8956100057,
    "final_emissions": 0.004450437328508797
  }
}