{
  "process_id": 2966438,
  "local_process_index": 3,
  "energy_results": {
    "cpu_power": 112.5,
    "gpu_power": 931.2653689548756,
    "ram_power": 0.7321372032165527,
    "cpu_energy": 0.0012766339521822377,
    "gpu_energy": 0.01042096861454489,
    "ram_energy": 6.804462040358487e-06,
    "total_energy_kwh": 0.011704407028767483,
    "total_energy_joules": 42135.86530356294,
    "final_emissions": 0.0044587938576089725
  }
}