{
  "experiment_id": "0079",
  "local_process_results": {
    "cpu_power": {
      "process_0": 112.5,
      "process_1": 112.5,
      "process_2": 112.5,
      "process_3": 112.5
    },
    "gpu_power": {
      "process_0": 496.572180869541,
      "process_1": 283.9283701464032,
      "process_2": 0.0,
      "process_3": 931.2653689548756
    },
    "ram_power": {
      "process_0": 0.6887941360473633,
      "process_1": 0.7080302238464355,
      "process_2": 0.7244024276733398,
      "process_3": 0.7321372032165527
    },
    "cpu_energy": {
      "process_0": 0.0012505276061292533,
      "process_1": 0.0012439515823371044,
      "process_2": 0.0012693168569658162,
      "process_3": 0.0012766339521822377
    },
    "gpu_energy": {
      "process_0": 0.010447760302645825,
      "process_1": 0.010425779451725958,
      "process_2": 0.010406430825136148,
      "process_3": 0.01042096861454489
    },
    "ram_energy": {
      "process_0": 6.33936640515569e-06,
      "process_1": 6.3176893813229965e-06,
      "process_2": 6.723320677396833e-06,
      "process_3": 6.804462040358487e-06
    },
    "total_energy_kwh": {
      "process_0": 0.011704627275180231,
      "process_1": 0.011676048723444386,
      "process_2": 0.01168247100277936,
      "process_3": 0.011704407028767483
    },
    "total_energy_joules": {
      "process_0": 42136.658190648835,
      "process_1": 42033.775404399785,
      "process_2": 42056.8956100057,
      "process_3": 42135.86530356294
    }
  },
  "global_experiment_results": {
    "cpu_power_avg": 112.5,
    "gpu_power_avg": 427.94147999270496,
    "ram_power_avg": 0.7133409976959229,
    "cpu_energy_total": 0.005040429997614412,
    "gpu_energy_total": 0.04170093919405282,
    "ram_energy_total": 2.618483850423401e-05,
    "total_energy_kwh": 0.04676755403017146,
    "total_energy_joules": 168363.19450861725
  },
  "global_derived_quantities": {
    "tokens_per_joule": 0.09731343033623317,
    "joules_per_token": 10.276073883582596,
    "flops_per_joule": 312648987.5800606,
    "joules_per_flop": 3.198475094194662e-09
  },
  "per-process_emissions": [
    0.004458877760479909,
    0.004447990761196139,
    0.004450437328508797,
    0.0044587938576089725
  ]
}