{
  "process_id": 3580020,
  "local_process_index": 0,
  "energy_results": {
    "cpu_power": 112.5,
    "gpu_power": 863.3904196375335,
    "ram_power": 0.6908969879150391,
    "cpu_energy": 0.0011865149062159615,
    "gpu_energy": 0.010350669113860178,
    "ram_energy": 6.249274495462788e-06,
    "total_energy_kwh": 0.011543433294571604,
    "total_energy_joules": 41556.35986045777,
    "final_emissions": 0.004397470913567052
  }
}