{
  "process_id": 3580023,
  "local_process_index": 3,
  "energy_results": {
    "cpu_power": 112.5,
    "gpu_power": 801.071143033574,
    "ram_power": 0.7265625,
    "cpu_energy": 0.0011923583492534813,
    "gpu_energy": 0.010368374405802072,
    "ram_energy": 6.606008433847519e-06,
    "total_energy_kwh": 0.011567338763489398,
    "total_energy_joules": 41642.41954856183,
    "final_emissions": 0.004406577701951286
  }
}