{
  "experiment_id": "0436",
  "local_process_results": {
    "cpu_power": {
      "process_2": 112.5,
      "process_1": 112.5,
      "process_0": 112.5,
      "process_3": 112.5
    },
    "gpu_power": {
      "process_2": 1044.0080553810956,
      "process_1": 903.8532773713977,
      "process_0": 863.3904196375335,
      "process_3": 801.071143033574
    },
    "ram_power": {
      "process_2": 0.732125759124756,
      "process_1": 0.7263879776000977,
      "process_0": 0.6908969879150391,
      "process_3": 0.7265625
    },
    "cpu_energy": {
      "process_2": 0.0011802263630252127,
      "process_1": 0.001190105598376249,
      "process_0": 0.0011865149062159615,
      "process_3": 0.0011923583492534813
    },
    "gpu_energy": {
      "process_2": 0.010291286010797762,
      "process_1": 0.010353924394243208,
      "process_0": 0.010350669113860178,
      "process_3": 0.010368374405802072
    },
    "ram_energy": {
      "process_2": 6.589013659085142e-06,
      "process_1": 6.581444868838157e-06,
      "process_0": 6.249274495462788e-06,
      "process_3": 6.606008433847519e-06
    },
    "total_energy_kwh": {
      "process_2": 0.01147810138748206,
      "process_1": 0.011550611437488298,
      "process_0": 0.011543433294571604,
      "process_3": 0.011567338763489398
    },
    "total_energy_joules": {
      "process_2": 41321.16499493542,
      "process_1": 41582.201174957874,
      "process_0": 41556.35986045777,
      "process_3": 41642.41954856183
    }
  },
  "global_experiment_results": {
    "cpu_power_avg": 112.5,
    "gpu_power_avg": 903.0807238559001,
    "ram_power_avg": 0.7189933061599731,
    "cpu_energy_total": 0.004749205216870904,
    "gpu_energy_total": 0.04136425392470322,
    "ram_energy_total": 2.6025741457233605e-05,
    "total_energy_kwh": 0.04613948488303136,
    "total_energy_joules": 166102.1455789129
  },
  "global_derived_quantities": {
    "tokens_per_joule": 0.09863809972410129,
    "joules_per_token": 10.138070408869195,
    "flops_per_joule": 316904890.8152491,
    "joules_per_flop": 3.1555208801841603e-09
  },
  "per-process_emissions": [
    0.004372582723561291,
    0.0044002054271111675,
    0.004397470913567052,
    0.004406577701951286
  ]
}