{
  "process_id": 3580021,
  "local_process_index": 1,
  "energy_results": {
    "cpu_power": 112.5,
    "gpu_power": 903.8532773713977,
    "ram_power": 0.7263879776000977,
    "cpu_energy": 0.001190105598376249,
    "gpu_energy": 0.010353924394243208,
    "ram_energy": 6.581444868838157e-06,
    "total_energy_kwh": 0.011550611437488298,
    "total_energy_joules": 41582.201174957874,
    "final_emissions": 0.0044002054271111675
  }
}