{
  "process_id": 3580022,
  "local_process_index": 2,
  "energy_results": {
    "cpu_power": 112.5,
    "gpu_power": 1044.0080553810956,
    "ram_power": 0.732125759124756,
    "cpu_energy": 0.0011802263630252127,
    "gpu_energy": 0.010291286010797762,
    "ram_energy": 6.589013659085142e-06,
    "total_energy_kwh": 0.01147810138748206,
    "total_energy_joules": 41321.16499493542,
    "final_emissions": 0.004372582723561291
  }
}