{
  "process_id": 4110094,
  "local_process_index": 1,
  "energy_results": {
    "cpu_power": 112.5,
    "gpu_power": 129.70833197123565,
    "ram_power": 0.7248988151550293,
    "cpu_energy": 0.0011516319723432389,
    "gpu_energy": 0.01030747602375115,
    "ram_energy": 6.37959698656615e-06,
    "total_energy_kwh": 0.01146548759308095,
    "total_energy_joules": 41275.755335091424,
    "final_emissions": 0.0043677774985841885
  }
}