{
  "experiment_id": "0594",
  "local_process_results": {
    "cpu_power": {
      "process_0": 112.5,
      "process_3": 112.5,
      "process_2": 112.5,
      "process_1": 112.5
    },
    "gpu_power": {
      "process_0": 134.45693232089494,
      "process_3": 134.20997818029426,
      "process_2": 134.581327707021,
      "process_1": 129.70833197123565
    },
    "ram_power": {
      "process_0": 0.6889801025390625,
      "process_3": 0.7246971130371094,
      "process_2": 0.7251663208007812,
      "process_1": 0.7248988151550293
    },
    "cpu_energy": {
      "process_0": 0.001238739025337054,
      "process_3": 0.0012142816928189858,
      "process_2": 0.0012787719937132351,
      "process_1": 0.0011516319723432389
    },
    "gpu_energy": {
      "process_0": 0.010308044079762269,
      "process_3": 0.010314551862746768,
      "process_2": 0.01030747602375115,
      "process_1": 0.01030747602375115
    },
    "ram_energy": {
      "process_0": 6.578536396351095e-06,
      "process_3": 6.757004631855176e-06,
      "process_2": 7.174516880298051e-06,
      "process_1": 6.37959698656615e-06
    },
    "total_energy_kwh": {
      "process_0": 0.011553361641495678,
      "process_3": 0.01153559056019761,
      "process_2": 0.01159342253434468,
      "process_1": 0.01146548759308095
    },
    "total_energy_joules": {
      "process_0": 41592.10190938444,
      "process_3": 41528.1260167114,
      "process_2": 41736.321123640846,
      "process_1": 41275.755335091424
    }
  },
  "global_experiment_results": {
    "cpu_power_avg": 112.5,
    "gpu_power_avg": 133.23914254486147,
    "ram_power_avg": 0.7159355878829956,
    "cpu_energy_total": 0.004883424684212514,
    "gpu_energy_total": 0.041237547990011336,
    "ram_energy_total": 2.6889654895070475e-05,
    "total_energy_kwh": 0.04614786232911892,
    "total_energy_joules": 166132.30438482808
  },
  "global_derived_quantities": {
    "tokens_per_joule": 0.09862019346970702,
    "joules_per_token": 10.139911156300542,
    "flops_per_joule": 316847361.52778715,
    "joules_per_flop": 3.156093821258793e-09
  },
  "per-process_emissions": [
    0.0044012531173277785,
    0.00439448322390728,
    0.004416514314458606,
    0.0043677774985841885
  ]
}