{
  "process_id": 4110095,
  "local_process_index": 2,
  "energy_results": {
    "cpu_power": 112.5,
    "gpu_power": 134.581327707021,
    "ram_power": 0.7251663208007812,
    "cpu_energy": 0.0012787719937132351,
    "gpu_energy": 0.01030747602375115,
    "ram_energy": 7.174516880298051e-06,
    "total_energy_kwh": 0.01159342253434468,
    "total_energy_joules": 41736.321123640846,
    "final_emissions": 0.004416514314458606
  }
}