{
  "process_id": 4110093,
  "local_process_index": 0,
  "energy_results": {
    "cpu_power": 112.5,
    "gpu_power": 134.45693232089494,
    "ram_power": 0.6889801025390625,
    "cpu_energy": 0.001238739025337054,
    "gpu_energy": 0.010308044079762269,
    "ram_energy": 6.578536396351095e-06,
    "total_energy_kwh": 0.011553361641495678,
    "total_energy_joules": 41592.10190938444,
    "final_emissions": 0.0044012531173277785
  }
}