{
  "process_id": 4110096,
  "local_process_index": 3,
  "energy_results": {
    "cpu_power": 112.5,
    "gpu_power": 134.20997818029426,
    "ram_power": 0.7246971130371094,
    "cpu_energy": 0.0012142816928189858,
    "gpu_energy": 0.010314551862746768,
    "ram_energy": 6.757004631855176e-06,
    "total_energy_kwh": 0.01153559056019761,
    "total_energy_joules": 41528.1260167114,
    "final_emissions": 0.00439448322390728
  }
}