{
  "process_id": 3608112,
  "local_process_index": 2,
  "energy_results": {
    "cpu_power": 112.5,
    "gpu_power": 2216.0916468166283,
    "ram_power": 0.7060246467590332,
    "cpu_energy": 0.0010130321273718436,
    "gpu_energy": 0.00718972380733085,
    "ram_energy": 5.872631869054701e-06,
    "total_energy_kwh": 0.008208628566571747,
    "total_energy_joules": 29551.06283965829,
    "final_emissions": 0.003127077052435507
  }
}