{
  "experiment_id": "0453",
  "local_process_results": {
    "cpu_power": {
      "process_3": 112.5,
      "process_0": 112.5,
      "process_2": 112.5,
      "process_1": 112.5
    },
    "gpu_power": {
      "process_3": 561.0344903643223,
      "process_0": 0.0,
      "process_2": 2216.0916468166283,
      "process_1": 492.48905769290496
    },
    "ram_power": {
      "process_3": 0.7249188423156738,
      "process_0": 0.6872291564941406,
      "process_2": 0.7060246467590332,
      "process_1": 0.7307567596435547
    },
    "cpu_energy": {
      "process_3": 0.0010400996567186665,
      "process_0": 0.0010715520203539199,
      "process_2": 0.0010130321273718436,
      "process_1": 0.001043142349102709
    },
    "gpu_energy": {
      "process_3": 0.007421712326253882,
      "process_0": 0.007406290091696022,
      "process_2": 0.00718972380733085,
      "process_1": 0.007431099833766552
    },
    "ram_energy": {
      "process_3": 5.986895343005645e-06,
      "process_0": 5.849754556515631e-06,
      "process_2": 5.872631869054701e-06,
      "process_1": 6.055004380925991e-06
    },
    "total_energy_kwh": {
      "process_3": 0.008467798878315554,
      "process_0": 0.008483691866606457,
      "process_2": 0.008208628566571747,
      "process_1": 0.008480297187250189
    },
    "total_energy_joules": {
      "process_3": 30484.075961935996,
      "process_0": 30541.290719783243,
      "process_2": 29551.06283965829,
      "process_1": 30529.069874100678
    }
  },
  "global_experiment_results": {
    "cpu_power_avg": 112.5,
    "gpu_power_avg": 817.4037987184639,
    "ram_power_avg": 0.7122323513031006,
    "cpu_energy_total": 0.004167826153547139,
    "gpu_energy_total": 0.029448826059047306,
    "ram_energy_total": 2.3764286149501966e-05,
    "total_energy_kwh": 0.03364041649874395,
    "total_energy_joules": 121105.49939547821
  },
  "global_derived_quantities": {
    "tokens_per_joule": 0.13528700250429535,
    "joules_per_token": 7.391693078337293,
    "flops_per_joule": 0.0,
    "joules_per_flop": 0
  },
  "per-process_emissions": [
    0.0032258079826943107,
    0.0032318624165837296,
    0.003127077052435507,
    0.0032305692134829596
  ]
}