{
  "process_id": 3608110,
  "local_process_index": 0,
  "energy_results": {
    "cpu_power": 112.5,
    "gpu_power": 0.0,
    "ram_power": 0.6872291564941406,
    "cpu_energy": 0.0010715520203539199,
    "gpu_energy": 0.007406290091696022,
    "ram_energy": 5.849754556515631e-06,
    "total_energy_kwh": 0.008483691866606457,
    "total_energy_joules": 30541.290719783243,
    "final_emissions": 0.0032318624165837296
  }
}