{
  "process_id": 3608111,
  "local_process_index": 1,
  "energy_results": {
    "cpu_power": 112.5,
    "gpu_power": 492.48905769290496,
    "ram_power": 0.7307567596435547,
    "cpu_energy": 0.001043142349102709,
    "gpu_energy": 0.007431099833766552,
    "ram_energy": 6.055004380925991e-06,
    "total_energy_kwh": 0.008480297187250189,
    "total_energy_joules": 30529.069874100678,
    "final_emissions": 0.0032305692134829596
  }
}