{
  "process_id": 3608113,
  "local_process_index": 3,
  "energy_results": {
    "cpu_power": 112.5,
    "gpu_power": 561.0344903643223,
    "ram_power": 0.7249188423156738,
    "cpu_energy": 0.0010400996567186665,
    "gpu_energy": 0.007421712326253882,
    "ram_energy": 5.986895343005645e-06,
    "total_energy_kwh": 0.008467798878315554,
    "total_energy_joules": 30484.075961935996,
    "final_emissions": 0.0032258079826943107
  }
}