{
  "process_id": 3593122,
  "local_process_index": 3,
  "energy_results": {
    "cpu_power": 112.5,
    "gpu_power": 743.8411638858247,
    "ram_power": 0.7313246726989746,
    "cpu_energy": 0.0010514397710630872,
    "gpu_energy": 0.007402460088629326,
    "ram_energy": 6.189024193957679e-06,
    "total_energy_kwh": 0.008460088883886371,
    "total_energy_joules": 30456.31998199094,
    "final_emissions": 0.0032228708603165134
  }
}