{
  "process_id": 3593121,
  "local_process_index": 2,
  "energy_results": {
    "cpu_power": 112.5,
    "gpu_power": 890.1927873117719,
    "ram_power": 0.7232837677001953,
    "cpu_energy": 0.0010302057242697628,
    "gpu_energy": 0.0073270461394088215,
    "ram_energy": 6.178765391588522e-06,
    "total_energy_kwh": 0.008363430629070173,
    "total_energy_joules": 30108.35026465262,
    "final_emissions": 0.0031860488981442824
  }
}