{
  "process_id": 3593119,
  "local_process_index": 0,
  "energy_results": {
    "cpu_power": 112.5,
    "gpu_power": 1059.9566118863606,
    "ram_power": 0.6801910400390625,
    "cpu_energy": 0.001033509848935864,
    "gpu_energy": 0.007362015611828809,
    "ram_energy": 5.630378542798504e-06,
    "total_energy_kwh": 0.008401155839307473,
    "total_energy_joules": 30244.1610215069,
    "final_emissions": 0.003200420316984182
  }
}