{
  "process_id": 3593120,
  "local_process_index": 1,
  "energy_results": {
    "cpu_power": 112.5,
    "gpu_power": 722.1508373302636,
    "ram_power": 0.7311887741088867,
    "cpu_energy": 0.001046746596784942,
    "gpu_energy": 0.007403877867540487,
    "ram_energy": 6.142313416743379e-06,
    "total_energy_kwh": 0.008456766777742174,
    "total_energy_joules": 30444.360399871824,
    "final_emissions": 0.003221605303980881
  }
}