{
  "experiment_id": "0444",
  "local_process_results": {
    "cpu_power": {
      "process_1": 112.5,
      "process_2": 112.5,
      "process_0": 112.5,
      "process_3": 112.5
    },
    "gpu_power": {
      "process_1": 722.1508373302636,
      "process_2": 890.1927873117719,
      "process_0": 1059.9566118863606,
      "process_3": 743.8411638858247
    },
    "ram_power": {
      "process_1": 0.7311887741088867,
      "process_2": 0.7232837677001953,
      "process_0": 0.6801910400390625,
      "process_3": 0.7313246726989746
    },
    "cpu_energy": {
      "process_1": 0.001046746596784942,
      "process_2": 0.0010302057242697628,
      "process_0": 0.001033509848935864,
      "process_3": 0.0010514397710630872
    },
    "gpu_energy": {
      "process_1": 0.007403877867540487,
      "process_2": 0.0073270461394088215,
      "process_0": 0.007362015611828809,
      "process_3": 0.007402460088629326
    },
    "ram_energy": {
      "process_1": 6.142313416743379e-06,
      "process_2": 6.178765391588522e-06,
      "process_0": 5.630378542798504e-06,
      "process_3": 6.189024193957679e-06
    },
    "total_energy_kwh": {
      "process_1": 0.008456766777742174,
      "process_2": 0.008363430629070173,
      "process_0": 0.008401155839307473,
      "process_3": 0.008460088883886371
    },
    "total_energy_joules": {
      "process_1": 30444.360399871824,
      "process_2": 30108.35026465262,
      "process_0": 30244.1610215069,
      "process_3": 30456.31998199094
    }
  },
  "global_experiment_results": {
    "cpu_power_avg": 112.5,
    "gpu_power_avg": 854.0353501035553,
    "ram_power_avg": 0.7164970636367798,
    "cpu_energy_total": 0.004161901941053656,
    "gpu_energy_total": 0.029495399707407444,
    "ram_energy_total": 2.4140481545088082e-05,
    "total_energy_kwh": 0.03368144213000619,
    "total_energy_joules": 121253.19166802228
  },
  "global_derived_quantities": {
    "tokens_per_joule": 0.13512221636901373,
    "joules_per_token": 7.400707499268939,
    "flops_per_joule": 434121210.2109656,
    "joules_per_flop": 2.30350412852217e-09
  },
  "per-process_emissions": [
    0.003221605303980881,
    0.0031860488981442824,
    0.003200420316984182,
    0.0032228708603165134
  ]
}