{
  "process_id": 2752934,
  "local_process_index": 1,
  "energy_results": {
    "cpu_power": 112.5,
    "gpu_power": 518.6397722399701,
    "ram_power": 0.7231507301330566,
    "cpu_energy": 0.0012424645297433022,
    "gpu_energy": 0.010364409958188325,
    "ram_energy": 6.647626705408566e-06,
    "total_energy_kwh": 0.011613522114637039,
    "total_energy_joules": 41808.67961269334,
    "final_emissions": 0.00442417124957098
  }
}