{
  "process_id": 2752933,
  "local_process_index": 0,
  "energy_results": {
    "cpu_power": 112.5,
    "gpu_power": 1004.5768535179777,
    "ram_power": 0.6875309944152832,
    "cpu_energy": 0.001231700608068422,
    "gpu_energy": 0.010275624331605115,
    "ram_energy": 6.261217681685621e-06,
    "total_energy_kwh": 0.01151358615735523,
    "total_energy_joules": 41448.91016647883,
    "final_emissions": 0.004386100646644475
  }
}