{
  "experiment_id": "0019",
  "local_process_results": {
    "cpu_power": {
      "process_1": 112.5,
      "process_3": 112.5,
      "process_2": 112.5,
      "process_0": 112.5
    },
    "gpu_power": {
      "process_1": 518.6397722399701,
      "process_3": 668.1189797248086,
      "process_2": 1059.829528040651,
      "process_0": 1004.5768535179777
    },
    "ram_power": {
      "process_1": 0.7231507301330566,
      "process_3": 0.7229733467102051,
      "process_2": 0.7231478691101074,
      "process_0": 0.6875309944152832
    },
    "cpu_energy": {
      "process_1": 0.0012424645297433022,
      "process_3": 0.0012417745269031005,
      "process_2": 0.0012422912458732755,
      "process_0": 0.001231700608068422
    },
    "gpu_energy": {
      "process_1": 0.010364409958188325,
      "process_3": 0.010359645787710647,
      "process_2": 0.010359645787710647,
      "process_0": 0.010275624331605115
    },
    "ram_energy": {
      "process_1": 6.647626705408566e-06,
      "process_3": 6.667315758073096e-06,
      "process_2": 6.8165071115295785e-06,
      "process_0": 6.261217681685621e-06
    },
    "total_energy_kwh": {
      "process_1": 0.011613522114637039,
      "process_3": 0.011608087630371819,
      "process_2": 0.011608753540695451,
      "process_0": 0.01151358615735523
    },
    "total_energy_joules": {
      "process_1": 41808.67961269334,
      "process_3": 41789.11546933855,
      "process_2": 41791.51274650363,
      "process_0": 41448.91016647883
    }
  },
  "global_experiment_results": {
    "cpu_power_avg": 112.5,
    "gpu_power_avg": 812.7912833808518,
    "ram_power_avg": 0.7142007350921631,
    "cpu_energy_total": 0.004958230910588101,
    "gpu_energy_total": 0.041359325865214736,
    "ram_energy_total": 2.639266725669686e-05,
    "total_energy_kwh": 0.04634394944305954,
    "total_energy_joules": 166838.21799501436
  },
  "global_derived_quantities": {
    "tokens_per_joule": 0.09820291895283612,
    "joules_per_token": 10.182996703797263,
    "flops_per_joule": 315506740.2508279,
    "joules_per_flop": 3.1695043953894607e-09
  },
  "per-process_emissions": [
    0.00442417124957098,
    0.004422100982790144,
    0.004422354661327932,
    0.004386100646644475
  ]
}