{
  "process_id": 2752936,
  "local_process_index": 3,
  "energy_results": {
    "cpu_power": 112.5,
    "gpu_power": 668.1189797248086,
    "ram_power": 0.7229733467102051,
    "cpu_energy": 0.0012417745269031005,
    "gpu_energy": 0.010359645787710647,
    "ram_energy": 6.667315758073096e-06,
    "total_energy_kwh": 0.011608087630371819,
    "total_energy_joules": 41789.11546933855,
    "final_emissions": 0.004422100982790144
  }
}