{
  "process_id": 2752935,
  "local_process_index": 2,
  "energy_results": {
    "cpu_power": 112.5,
    "gpu_power": 1059.829528040651,
    "ram_power": 0.7231478691101074,
    "cpu_energy": 0.0012422912458732755,
    "gpu_energy": 0.010359645787710647,
    "ram_energy": 6.8165071115295785e-06,
    "total_energy_kwh": 0.011608753540695451,
    "total_energy_joules": 41791.51274650363,
    "final_emissions": 0.004422354661327932
  }
}