{
  "process_id": 3606426,
  "local_process_index": 1,
  "energy_results": {
    "cpu_power": 112.5,
    "gpu_power": 998.078361394994,
    "ram_power": 0.7295522689819336,
    "cpu_energy": 0.001347356245347328,
    "gpu_energy": 0.01053993176527257,
    "ram_energy": 7.339120480432214e-06,
    "total_energy_kwh": 0.01189462713110033,
    "total_energy_joules": 42820.657671961184,
    "final_emissions": 0.004531258205592671
  }
}