{
  "process_id": 3606427,
  "local_process_index": 2,
  "energy_results": {
    "cpu_power": 112.5,
    "gpu_power": 889.2822776405027,
    "ram_power": 0.7292690277099609,
    "cpu_energy": 0.0013494586821925622,
    "gpu_energy": 0.010553966498720868,
    "ram_energy": 7.284713958038828e-06,
    "total_energy_kwh": 0.01191070989487147,
    "total_energy_joules": 42878.55562153729,
    "final_emissions": 0.0045373849344512865
  }
}