{
  "experiment_id": "0452",
  "local_process_results": {
    "cpu_power": {
      "process_2": 112.5,
      "process_1": 112.5,
      "process_3": 112.5,
      "process_0": 112.5
    },
    "gpu_power": {
      "process_2": 889.2822776405027,
      "process_1": 998.078361394994,
      "process_3": 1071.7097093419839,
      "process_0": 819.4331819027603
    },
    "ram_power": {
      "process_2": 0.7292690277099609,
      "process_1": 0.7295522689819336,
      "process_3": 0.7075996398925781,
      "process_0": 0.6879715919494629
    },
    "cpu_energy": {
      "process_2": 0.0013494586821925622,
      "process_1": 0.001347356245347328,
      "process_3": 0.0013446023591313855,
      "process_0": 0.0013539056475565306
    },
    "gpu_energy": {
      "process_2": 0.010553966498720868,
      "process_1": 0.01053993176527257,
      "process_3": 0.010527886200080161,
      "process_0": 0.010565808452639658
    },
    "ram_energy": {
      "process_2": 7.284713958038828e-06,
      "process_1": 7.339120480432214e-06,
      "process_3": 7.010329050965063e-06,
      "process_0": 6.8931561028301945e-06
    },
    "total_energy_kwh": {
      "process_2": 0.01191070989487147,
      "process_1": 0.01189462713110033,
      "process_3": 0.011879498888262511,
      "process_0": 0.01192660725629902
    },
    "total_energy_joules": {
      "process_2": 42878.55562153729,
      "process_1": 42820.657671961184,
      "process_3": 42766.19599774504,
      "process_0": 42935.78612267647
    }
  },
  "global_experiment_results": {
    "cpu_power_avg": 112.5,
    "gpu_power_avg": 944.6258825700602,
    "ram_power_avg": 0.7135981321334839,
    "cpu_energy_total": 0.005395322934227806,
    "gpu_energy_total": 0.04218759291671326,
    "ram_energy_total": 2.85273195922663e-05,
    "total_energy_kwh": 0.047611443170533334,
    "total_energy_joules": 171401.19541391998
  },
  "global_derived_quantities": {
    "tokens_per_joule": 0.09558859820337874,
    "joules_per_token": 10.46149874352539,
    "flops_per_joule": 307107439.83871347,
    "joules_per_flop": 3.256189431702402e-09
  },
  "per-process_emissions": [
    0.0045373849344512865,
    0.004531258205592671,
    0.004525495101483604,
    0.004543441034287112
  ]
}