{
  "process_id": 3606428,
  "local_process_index": 3,
  "energy_results": {
    "cpu_power": 112.5,
    "gpu_power": 1071.7097093419839,
    "ram_power": 0.7075996398925781,
    "cpu_energy": 0.0013446023591313855,
    "gpu_energy": 0.010527886200080161,
    "ram_energy": 7.010329050965063e-06,
    "total_energy_kwh": 0.011879498888262511,
    "total_energy_joules": 42766.19599774504,
    "final_emissions": 0.004525495101483604
  }
}