{
  "process_id": 3606425,
  "local_process_index": 0,
  "energy_results": {
    "cpu_power": 112.5,
    "gpu_power": 819.4331819027603,
    "ram_power": 0.6879715919494629,
    "cpu_energy": 0.0013539056475565306,
    "gpu_energy": 0.010565808452639658,
    "ram_energy": 6.8931561028301945e-06,
    "total_energy_kwh": 0.01192660725629902,
    "total_energy_joules": 42935.78612267647,
    "final_emissions": 0.004543441034287112
  }
}