{
  "process_id": 3983457,
  "local_process_index": 3,
  "energy_results": {
    "cpu_power": 112.5,
    "gpu_power": 460.6183949415985,
    "ram_power": 0.7063393592834473,
    "cpu_energy": 0.001115508151502581,
    "gpu_energy": 0.010476281714350222,
    "ram_energy": 7.722065386146924e-06,
    "total_energy_kwh": 0.011599511931238949,
    "total_energy_joules": 41758.24295246021,
    "final_emissions": 0.004418834070205478
  }
}