{
  "process_id": 3983455,
  "local_process_index": 1,
  "energy_results": {
    "cpu_power": 112.5,
    "gpu_power": 263.932314143437,
    "ram_power": 0.721886157989502,
    "cpu_energy": 0.0011861991637488246,
    "gpu_energy": 0.010424408061744828,
    "ram_energy": 7.994553380091264e-06,
    "total_energy_kwh": 0.011618601778873748,
    "total_energy_joules": 41826.966403945495,
    "final_emissions": 0.004426106347661955
  }
}