{
  "experiment_id": "0536",
  "local_process_results": {
    "cpu_power": {
      "process_3": 112.5,
      "process_1": 112.5,
      "process_2": 112.5,
      "process_0": 112.5
    },
    "gpu_power": {
      "process_3": 460.6183949415985,
      "process_1": 263.932314143437,
      "process_2": 565.1182009955911,
      "process_0": 0.0
    },
    "ram_power": {
      "process_3": 0.7063393592834473,
      "process_1": 0.721886157989502,
      "process_2": 0.7058944702148438,
      "process_0": 0.6782855987548828
    },
    "cpu_energy": {
      "process_3": 0.001115508151502581,
      "process_1": 0.0011861991637488246,
      "process_2": 0.0011346761380991665,
      "process_0": 0.0011916744323989404
    },
    "gpu_energy": {
      "process_3": 0.010476281714350222,
      "process_1": 0.010424408061744828,
      "process_2": 0.010445308356240801,
      "process_0": 0.010440113629861969
    },
    "ram_energy": {
      "process_3": 7.722065386146924e-06,
      "process_1": 7.994553380091264e-06,
      "process_2": 7.539695450438147e-06,
      "process_0": 7.519559532991054e-06
    },
    "total_energy_kwh": {
      "process_3": 0.011599511931238949,
      "process_1": 0.011618601778873748,
      "process_2": 0.011587524189790404,
      "process_0": 0.011639307621793901
    },
    "total_energy_joules": {
      "process_3": 41758.24295246021,
      "process_1": 41826.966403945495,
      "process_2": 41715.08708324545,
      "process_0": 41901.507438458044
    }
  },
  "global_experiment_results": {
    "cpu_power_avg": 112.5,
    "gpu_power_avg": 322.41722752015664,
    "ram_power_avg": 0.703101396560669,
    "cpu_energy_total": 0.0046280578857495125,
    "gpu_energy_total": 0.04178611176219782,
    "ram_energy_total": 3.077587374966739e-05,
    "total_energy_kwh": 0.046444945521697,
    "total_energy_joules": 167201.8038781092
  },
  "global_derived_quantities": {
    "tokens_per_joule": 0.09798937343967894,
    "joules_per_token": 10.205188224982251,
    "flops_per_joule": 314820660.3514741,
    "joules_per_flop": 3.1764116080678237e-09
  },
  "per-process_emissions": [
    0.004418834070205478,
    0.004426106347661955,
    0.004414267340100655,
    0.004433994238522387
  ]
}