{
  "process_id": 3983456,
  "local_process_index": 2,
  "energy_results": {
    "cpu_power": 112.5,
    "gpu_power": 565.1182009955911,
    "ram_power": 0.7058944702148438,
    "cpu_energy": 0.0011346761380991665,
    "gpu_energy": 0.010445308356240801,
    "ram_energy": 7.539695450438147e-06,
    "total_energy_kwh": 0.011587524189790404,
    "total_energy_joules": 41715.08708324545,
    "final_emissions": 0.004414267340100655
  }
}