{
  "process_id": 3983454,
  "local_process_index": 0,
  "energy_results": {
    "cpu_power": 112.5,
    "gpu_power": 0.0,
    "ram_power": 0.6782855987548828,
    "cpu_energy": 0.0011916744323989404,
    "gpu_energy": 0.010440113629861969,
    "ram_energy": 7.519559532991054e-06,
    "total_energy_kwh": 0.011639307621793901,
    "total_energy_joules": 41901.507438458044,
    "final_emissions": 0.004433994238522387
  }
}