{
  "process_id": 3100428,
  "local_process_index": 3,
  "energy_results": {
    "cpu_power": 112.5,
    "gpu_power": 452.1197657533486,
    "ram_power": 0.7324562072753906,
    "cpu_energy": 0.0012512253584700374,
    "gpu_energy": 0.010442663076347003,
    "ram_energy": 6.744366435602244e-06,
    "total_energy_kwh": 0.011700632801252645,
    "total_energy_joules": 42122.27808450952,
    "final_emissions": 0.004457356065637195
  }
}