{
  "experiment_id": "0160",
  "local_process_results": {
    "cpu_power": {
      "process_3": 112.5,
      "process_1": 112.5,
      "process_0": 112.5,
      "process_2": 112.5
    },
    "gpu_power": {
      "process_3": 452.1197657533486,
      "process_1": 989.7140053832861,
      "process_0": 588.623118057042,
      "process_2": 1014.2502826479144
    },
    "ram_power": {
      "process_3": 0.7324562072753906,
      "process_1": 0.7252049446105957,
      "process_0": 0.6822009086608887,
      "process_2": 0.7321658134460449
    },
    "cpu_energy": {
      "process_3": 0.0012512253584700374,
      "process_1": 0.0012374455844073966,
      "process_0": 0.001243530051682683,
      "process_2": 0.0012351697145586511
    },
    "gpu_energy": {
      "process_3": 0.010442663076347003,
      "process_1": 0.010373275243058089,
      "process_0": 0.010408689993612441,
      "process_2": 0.010371771352964743
    },
    "ram_energy": {
      "process_3": 6.744366435602244e-06,
      "process_1": 6.548837827618742e-06,
      "process_0": 6.128262982453224e-06,
      "process_2": 6.5952393441092516e-06
    },
    "total_energy_kwh": {
      "process_3": 0.011700632801252645,
      "process_1": 0.0116172696652931,
      "process_0": 0.011658348308277576,
      "process_2": 0.011613536306867503
    },
    "total_energy_joules": {
      "process_3": 42122.27808450952,
      "process_1": 41822.17079505516,
      "process_0": 41970.05390979927,
      "process_2": 41808.730704723006
    }
  },
  "global_experiment_results": {
    "cpu_power_avg": 112.5,
    "gpu_power_avg": 761.1767929603978,
    "ram_power_avg": 0.71800696849823,
    "cpu_energy_total": 0.0049673707091187685,
    "gpu_energy_total": 0.041596399665982275,
    "ram_energy_total": 2.601670658978346e-05,
    "total_energy_kwh": 0.04658978708169082,
    "total_energy_joules": 167723.23349408695
  },
  "global_derived_quantities": {
    "tokens_per_joule": 0.09768473728225384,
    "joules_per_token": 10.23701376306683,
    "flops_per_joule": 313841924.057109,
    "joules_per_flop": 3.1863174526613993e-09
  },
  "per-process_emissions": [
    0.004457356065637195,
    0.004425598878993406,
    0.004441247788038343,
    0.004424176656101175
  ]
}