{
  "process_id": 3100425,
  "local_process_index": 0,
  "energy_results": {
    "cpu_power": 112.5,
    "gpu_power": 588.623118057042,
    "ram_power": 0.6822009086608887,
    "cpu_energy": 0.001243530051682683,
    "gpu_energy": 0.010408689993612441,
    "ram_energy": 6.128262982453224e-06,
    "total_energy_kwh": 0.011658348308277576,
    "total_energy_joules": 41970.05390979927,
    "final_emissions": 0.004441247788038343
  }
}