{
  "process_id": 3100427,
  "local_process_index": 2,
  "energy_results": {
    "cpu_power": 112.5,
    "gpu_power": 1014.2502826479144,
    "ram_power": 0.7321658134460449,
    "cpu_energy": 0.0012351697145586511,
    "gpu_energy": 0.010371771352964743,
    "ram_energy": 6.5952393441092516e-06,
    "total_energy_kwh": 0.011613536306867503,
    "total_energy_joules": 41808.730704723006,
    "final_emissions": 0.004424176656101175
  }
}