{
  "process_id": 3100426,
  "local_process_index": 1,
  "energy_results": {
    "cpu_power": 112.5,
    "gpu_power": 989.7140053832861,
    "ram_power": 0.7252049446105957,
    "cpu_energy": 0.0012374455844073966,
    "gpu_energy": 0.010373275243058089,
    "ram_energy": 6.548837827618742e-06,
    "total_energy_kwh": 0.0116172696652931,
    "total_energy_joules": 41822.17079505516,
    "final_emissions": 0.004425598878993406
  }
}