{
  "experiment_id": "0080",
  "local_process_results": {
    "cpu_power": {
      "process_0": 112.5,
      "process_3": 112.5,
      "process_1": 112.5,
      "process_2": 112.5
    },
    "gpu_power": {
      "process_0": 796.1659571578998,
      "process_3": 792.9109708924848,
      "process_1": 998.6561312857858,
      "process_2": 892.2093110573562
    },
    "ram_power": {
      "process_0": 0.6898598670959473,
      "process_3": 0.7188777923583984,
      "process_1": 0.725830078125,
      "process_2": 0.7262134552001953
    },
    "cpu_energy": {
      "process_0": 0.0012631455948358054,
      "process_3": 0.0012648456432762035,
      "process_1": 0.0012555193582174978,
      "process_2": 0.001254644932032534
    },
    "gpu_energy": {
      "process_0": 0.010584020411652517,
      "process_3": 0.010600408202542155,
      "process_1": 0.010546406214895221,
      "process_2": 0.01053418037178222
    },
    "ram_energy": {
      "process_0": 6.472594966728055e-06,
      "process_3": 6.823220575784077e-06,
      "process_1": 6.685111773558953e-06,
      "process_2": 6.791665250765916e-06
    },
    "total_energy_kwh": {
      "process_0": 0.011853638601455052,
      "process_3": 0.011872077066394144,
      "process_1": 0.011808610684886282,
      "process_2": 0.01179561696906552
    },
    "total_energy_joules": {
      "process_0": 42673.09896523819,
      "process_3": 42739.47743901892,
      "process_1": 42510.998465590616,
      "process_2": 42464.22108863587
    }
  },
  "global_experiment_results": {
    "cpu_power_avg": 112.5,
    "gpu_power_avg": 869.9855925983816,
    "ram_power_avg": 0.7151952981948853,
    "cpu_energy_total": 0.005038155528362041,
    "gpu_energy_total": 0.042265015200872114,
    "ram_energy_total": 2.6772592566837e-05,
    "total_energy_kwh": 0.047329943321801,
    "total_energy_joules": 170387.7959584836
  },
  "global_derived_quantities": {
    "tokens_per_joule": 0.09615712151116797,
    "joules_per_token": 10.399645749419165,
    "flops_per_joule": 308933993.85065013,
    "joules_per_flop": 3.2369374037984185e-09
  },
  "per-process_emissions": [
    0.004515643625224303,
    0.0045226677584428495,
    0.004498490240407429,
    0.00449354028436551
  ]
}