{
  "process_id": 2968084,
  "local_process_index": 0,
  "energy_results": {
    "cpu_power": 112.5,
    "gpu_power": 796.1659571578998,
    "ram_power": 0.6898598670959473,
    "cpu_energy": 0.0012631455948358054,
    "gpu_energy": 0.010584020411652517,
    "ram_energy": 6.472594966728055e-06,
    "total_energy_kwh": 0.011853638601455052,
    "total_energy_joules": 42673.09896523819,
    "final_emissions": 0.004515643625224303
  }
}