{
  "process_id": 2968086,
  "local_process_index": 2,
  "energy_results": {
    "cpu_power": 112.5,
    "gpu_power": 892.2093110573562,
    "ram_power": 0.7262134552001953,
    "cpu_energy": 0.001254644932032534,
    "gpu_energy": 0.01053418037178222,
    "ram_energy": 6.791665250765916e-06,
    "total_energy_kwh": 0.01179561696906552,
    "total_energy_joules": 42464.22108863587,
    "final_emissions": 0.00449354028436551
  }
}