{
  "process_id": 2968085,
  "local_process_index": 1,
  "energy_results": {
    "cpu_power": 112.5,
    "gpu_power": 998.6561312857858,
    "ram_power": 0.725830078125,
    "cpu_energy": 0.0012555193582174978,
    "gpu_energy": 0.010546406214895221,
    "ram_energy": 6.685111773558953e-06,
    "total_energy_kwh": 0.011808610684886282,
    "total_energy_joules": 42510.998465590616,
    "final_emissions": 0.004498490240407429
  }
}