{
  "process_id": 2968087,
  "local_process_index": 3,
  "energy_results": {
    "cpu_power": 112.5,
    "gpu_power": 792.9109708924848,
    "ram_power": 0.7188777923583984,
    "cpu_energy": 0.0012648456432762035,
    "gpu_energy": 0.010600408202542155,
    "ram_energy": 6.823220575784077e-06,
    "total_energy_kwh": 0.011872077066394144,
    "total_energy_joules": 42739.47743901892,
    "final_emissions": 0.0045226677584428495
  }
}