{
  "process_id": 2728503,
  "local_process_index": 3,
  "energy_results": {
    "cpu_power": 112.5,
    "gpu_power": 983.4089931418598,
    "ram_power": 0.731022834777832,
    "cpu_energy": 0.001208124386559575,
    "gpu_energy": 0.01019759232473394,
    "ram_energy": 6.561204121659401e-06,
    "total_energy_kwh": 0.011412277915415171,
    "total_energy_joules": 41084.20049549462,
    "final_emissions": 0.004347507271877409
  }
}