{
  "process_id": 2728501,
  "local_process_index": 1,
  "energy_results": {
    "cpu_power": 112.5,
    "gpu_power": 479.58056881866435,
    "ram_power": 0.7160725593566895,
    "cpu_energy": 0.001219937018968267,
    "gpu_energy": 0.01025500014843761,
    "ram_energy": 6.440003534554911e-06,
    "total_energy_kwh": 0.011481377170940435,
    "total_energy_joules": 41332.95781538556,
    "final_emissions": 0.004373830633269759
  }
}