{
  "process_id": 2728500,
  "local_process_index": 0,
  "energy_results": {
    "cpu_power": 112.5,
    "gpu_power": 1550.990577068409,
    "ram_power": 0.6881203651428223,
    "cpu_energy": 0.0012141755012489738,
    "gpu_energy": 0.010232993741943197,
    "ram_energy": 6.331044717039398e-06,
    "total_energy_kwh": 0.01145350028790921,
    "total_energy_joules": 41232.601036473156,
    "final_emissions": 0.004363210934679014
  }
}