{
  "process_id": 2728502,
  "local_process_index": 2,
  "energy_results": {
    "cpu_power": 112.5,
    "gpu_power": 983.3152790007291,
    "ram_power": 0.7175788879394531,
    "cpu_energy": 0.0012085261680949767,
    "gpu_energy": 0.010187843705824484,
    "ram_energy": 6.34312378596253e-06,
    "total_energy_kwh": 0.011402712997705422,
    "total_energy_joules": 41049.76679173952,
    "final_emissions": 0.004343863516475881
  }
}