{
  "experiment_id": "0003",
  "local_process_results": {
    "cpu_power": {
      "process_2": 112.5,
      "process_3": 112.5,
      "process_1": 112.5,
      "process_0": 112.5
    },
    "gpu_power": {
      "process_2": 983.3152790007291,
      "process_3": 983.4089931418598,
      "process_1": 479.58056881866435,
      "process_0": 1550.990577068409
    },
    "ram_power": {
      "process_2": 0.7175788879394531,
      "process_3": 0.731022834777832,
      "process_1": 0.7160725593566895,
      "process_0": 0.6881203651428223
    },
    "cpu_energy": {
      "process_2": 0.0012085261680949767,
      "process_3": 0.001208124386559575,
      "process_1": 0.001219937018968267,
      "process_0": 0.0012141755012489738
    },
    "gpu_energy": {
      "process_2": 0.010187843705824484,
      "process_3": 0.01019759232473394,
      "process_1": 0.01025500014843761,
      "process_0": 0.010232993741943197
    },
    "ram_energy": {
      "process_2": 6.34312378596253e-06,
      "process_3": 6.561204121659401e-06,
      "process_1": 6.440003534554911e-06,
      "process_0": 6.331044717039398e-06
    },
    "total_energy_kwh": {
      "process_2": 0.011402712997705422,
      "process_3": 0.011412277915415171,
      "process_1": 0.011481377170940435,
      "process_0": 0.01145350028790921
    },
    "total_energy_joules": {
      "process_2": 41049.76679173952,
      "process_3": 41084.20049549462,
      "process_1": 41332.95781538556,
      "process_0": 41232.601036473156
    }
  },
  "global_experiment_results": {
    "cpu_power_avg": 112.5,
    "gpu_power_avg": 999.3238545074156,
    "ram_power_avg": 0.7131986618041992,
    "cpu_energy_total": 0.004850763074871792,
    "gpu_energy_total": 0.04087342992093923,
    "ram_energy_total": 2.567537615921624e-05,
    "total_energy_kwh": 0.04574986837197024,
    "total_energy_joules": 164699.52613909286
  },
  "global_derived_quantities": {
    "tokens_per_joule": 0.09947812470427694,
    "joules_per_token": 10.052461312200492,
    "flops_per_joule": 319603726.5122998,
    "joules_per_flop": 3.128874656477185e-09
  },
  "per-process_emissions": [
    0.004343863516475881,
    0.004347507271877409,
    0.004373830633269759,
    0.004363210934679014
  ]
}