{
  "process_id": 3976138,
  "local_process_index": 0,
  "energy_results": {
    "cpu_power": 112.5,
    "gpu_power": 154.62374496047872,
    "ram_power": 0.6887869834899902,
    "cpu_energy": 0.0012865887589086926,
    "gpu_energy": 0.010342098551451073,
    "ram_energy": 6.871534197051731e-06,
    "total_energy_kwh": 0.011635558844556816,
    "total_energy_joules": 41888.011840404535,
    "final_emissions": 0.004432566141833919
  }
}