{
  "experiment_id": "0532",
  "local_process_results": {
    "cpu_power": {
      "process_2": 112.5,
      "process_3": 112.5,
      "process_0": 112.5,
      "process_1": 112.5
    },
    "gpu_power": {
      "process_2": 0.0,
      "process_3": 0.0,
      "process_0": 154.62374496047872,
      "process_1": 8.30721105520246
    },
    "ram_power": {
      "process_2": 0.7244067192077637,
      "process_3": 0.7249059677124023,
      "process_0": 0.6887869834899902,
      "process_1": 0.7246341705322267
    },
    "cpu_energy": {
      "process_2": 0.001283091626872192,
      "process_3": 0.0013549428122805692,
      "process_0": 0.0012865887589086926,
      "process_1": 0.001319873454845947
    },
    "gpu_energy": {
      "process_2": 0.010346325221496144,
      "process_3": 0.010346325221496144,
      "process_0": 0.010342098551451073,
      "process_1": 0.01034786688939704
    },
    "ram_energy": {
      "process_2": 7.571255318855286e-06,
      "process_3": 7.646054427448608e-06,
      "process_0": 6.871534197051731e-06,
      "process_1": 7.813475926419098e-06
    },
    "total_energy_kwh": {
      "process_2": 0.011636988103687188,
      "process_3": 0.011708914088204169,
      "process_0": 0.011635558844556816,
      "process_1": 0.01167555382016941
    },
    "total_energy_joules": {
      "process_2": 41893.157173273874,
      "process_3": 42152.09071753501,
      "process_0": 41888.011840404535,
      "process_1": 42031.99375260987
    }
  },
  "global_experiment_results": {
    "cpu_power_avg": 112.5,
    "gpu_power_avg": 40.732739003920294,
    "ram_power_avg": 0.7156834602355957,
    "cpu_energy_total": 0.005244496652907401,
    "gpu_energy_total": 0.0413826158838404,
    "ram_energy_total": 2.9902319869774723e-05,
    "total_energy_kwh": 0.046657014856617586,
    "total_energy_joules": 167965.2534838233
  },
  "global_derived_quantities": {
    "tokens_per_joule": 0.09754398400963292,
    "joules_per_token": 10.251785490956012,
    "flops_per_joule": 313389711.36630714,
    "joules_per_flop": 3.190915220669593e-09
  },
  "per-process_emissions": [
    0.0044331106180996345,
    0.0044605108219013785,
    0.004432566141833919,
    0.0044478022277935365
  ]
}