{
  "process_id": 3976140,
  "local_process_index": 2,
  "energy_results": {
    "cpu_power": 112.5,
    "gpu_power": 0.0,
    "ram_power": 0.7244067192077637,
    "cpu_energy": 0.001283091626872192,
    "gpu_energy": 0.010346325221496144,
    "ram_energy": 7.571255318855286e-06,
    "total_energy_kwh": 0.011636988103687188,
    "total_energy_joules": 41893.157173273874,
    "final_emissions": 0.0044331106180996345
  }
}