{
  "process_id": 3976139,
  "local_process_index": 1,
  "energy_results": {
    "cpu_power": 112.5,
    "gpu_power": 8.30721105520246,
    "ram_power": 0.7246341705322267,
    "cpu_energy": 0.001319873454845947,
    "gpu_energy": 0.01034786688939704,
    "ram_energy": 7.813475926419098e-06,
    "total_energy_kwh": 0.01167555382016941,
    "total_energy_joules": 42031.99375260987,
    "final_emissions": 0.0044478022277935365
  }
}