{
  "process_id": 3976141,
  "local_process_index": 3,
  "energy_results": {
    "cpu_power": 112.5,
    "gpu_power": 0.0,
    "ram_power": 0.7249059677124023,
    "cpu_energy": 0.0013549428122805692,
    "gpu_energy": 0.010346325221496144,
    "ram_energy": 7.646054427448608e-06,
    "total_energy_kwh": 0.011708914088204169,
    "total_energy_joules": 42152.09071753501,
    "final_emissions": 0.0044605108219013785
  }
}