{
  "process_id": 3576612,
  "local_process_index": 2,
  "energy_results": {
    "cpu_power": 112.5,
    "gpu_power": 1051.4012729234876,
    "ram_power": 0.7286968231201172,
    "cpu_energy": 0.0012492329829619845,
    "gpu_energy": 0.01021660872883956,
    "ram_energy": 6.952346230523459e-06,
    "total_energy_kwh": 0.011472794058032072,
    "total_energy_joules": 41302.05860891546,
    "final_emissions": 0.004370560896407318
  }
}