{
  "process_id": 3576610,
  "local_process_index": 0,
  "energy_results": {
    "cpu_power": 112.5,
    "gpu_power": 943.7213300520317,
    "ram_power": 0.6795201301574707,
    "cpu_energy": 0.0012560275830583124,
    "gpu_energy": 0.010269930160385243,
    "ram_energy": 6.5224243260973986e-06,
    "total_energy_kwh": 0.01153248016776965,
    "total_energy_joules": 41516.92860397074,
    "final_emissions": 0.004393298319911848
  }
}