{
  "experiment_id": "0434",
  "local_process_results": {
    "cpu_power": {
      "process_3": 112.5,
      "process_1": 112.5,
      "process_0": 112.5,
      "process_2": 112.5
    },
    "gpu_power": {
      "process_3": 890.1659149990265,
      "process_1": 830.8013117685306,
      "process_0": 943.7213300520317,
      "process_2": 1051.4012729234876
    },
    "ram_power": {
      "process_3": 0.7070932388305664,
      "process_1": 0.7295322418212891,
      "process_0": 0.6795201301574707,
      "process_2": 0.7286968231201172
    },
    "cpu_energy": {
      "process_3": 0.0012606065939762632,
      "process_1": 0.0012609264494421947,
      "process_0": 0.0012560275830583124,
      "process_2": 0.0012492329829619845
    },
    "gpu_energy": {
      "process_3": 0.010296384903771383,
      "process_1": 0.010296384903771383,
      "process_0": 0.010269930160385243,
      "process_2": 0.01021660872883956
    },
    "ram_energy": {
      "process_3": 6.834482546350638e-06,
      "process_1": 7.050048929727729e-06,
      "process_0": 6.5224243260973986e-06,
      "process_2": 6.952346230523459e-06
    },
    "total_energy_kwh": {
      "process_3": 0.011563825980293997,
      "process_1": 0.011564361402143305,
      "process_0": 0.01153248016776965,
      "process_2": 0.011472794058032072
    },
    "total_energy_joules": {
      "process_3": 41629.77352905839,
      "process_1": 41631.7010477159,
      "process_0": 41516.92860397074,
      "process_2": 41302.05860891546
    }
  },
  "global_experiment_results": {
    "cpu_power_avg": 112.5,
    "gpu_power_avg": 929.0224574357692,
    "ram_power_avg": 0.7112106084823608,
    "cpu_energy_total": 0.0050267936094387546,
    "gpu_energy_total": 0.04107930869676757,
    "ram_energy_total": 2.7359302032699225e-05,
    "total_energy_kwh": 0.04613346160823903,
    "total_energy_joules": 166080.46178966048
  },
  "global_derived_quantities": {
    "tokens_per_joule": 0.09865097810692627,
    "joules_per_token": 10.136746935404082,
    "flops_per_joule": 316946266.53633904,
    "joules_per_flop": 3.155108943002319e-09
  },
  "per-process_emissions": [
    0.004405239507192999,
    0.004405443476146492,
    0.004393298319911848,
    0.004370560896407318
  ]
}