{
  "process_id": 3576611,
  "local_process_index": 1,
  "energy_results": {
    "cpu_power": 112.5,
    "gpu_power": 830.8013117685306,
    "ram_power": 0.7295322418212891,
    "cpu_energy": 0.0012609264494421947,
    "gpu_energy": 0.010296384903771383,
    "ram_energy": 7.050048929727729e-06,
    "total_energy_kwh": 0.011564361402143305,
    "total_energy_joules": 41631.7010477159,
    "final_emissions": 0.004405443476146492
  }
}