{
  "process_id": 3576613,
  "local_process_index": 3,
  "energy_results": {
    "cpu_power": 112.5,
    "gpu_power": 890.1659149990265,
    "ram_power": 0.7070932388305664,
    "cpu_energy": 0.0012606065939762632,
    "gpu_energy": 0.010296384903771383,
    "ram_energy": 6.834482546350638e-06,
    "total_energy_kwh": 0.011563825980293997,
    "total_energy_joules": 41629.77352905839,
    "final_emissions": 0.004405239507192999
  }
}