{
  "process_id": 3165143,
  "local_process_index": 3,
  "energy_results": {
    "cpu_power": 112.5,
    "gpu_power": 847.9220087546275,
    "ram_power": 0.732062816619873,
    "cpu_energy": 0.001166364841559698,
    "gpu_energy": 0.010195357322945853,
    "ram_energy": 6.545142668830853e-06,
    "total_energy_kwh": 0.011368267307174381,
    "total_energy_joules": 40925.762305827775,
    "final_emissions": 0.004330741430668081
  }
}