{
  "process_id": 3165140,
  "local_process_index": 0,
  "energy_results": {
    "cpu_power": 112.5,
    "gpu_power": 984.9390551464135,
    "ram_power": 0.6886324882507325,
    "cpu_energy": 0.0011604848593069616,
    "gpu_energy": 0.010172235915559824,
    "ram_energy": 6.121594194296938e-06,
    "total_energy_kwh": 0.011338842369061077,
    "total_energy_joules": 40819.832528619874,
    "final_emissions": 0.004319532000493818
  }
}