{
  "process_id": 3165142,
  "local_process_index": 2,
  "energy_results": {
    "cpu_power": 112.5,
    "gpu_power": 1019.4324545081353,
    "ram_power": 0.7087426185607911,
    "cpu_energy": 0.0011575579691598251,
    "gpu_energy": 0.010142567280714943,
    "ram_energy": 6.289562652412553e-06,
    "total_energy_kwh": 0.01130641481252718,
    "total_energy_joules": 40703.09332509785,
    "final_emissions": 0.004307178722832229
  }
}