{
  "process_id": 3165141,
  "local_process_index": 1,
  "energy_results": {
    "cpu_power": 112.5,
    "gpu_power": 924.4270360812757,
    "ram_power": 0.7260432243347168,
    "cpu_energy": 0.0011612010451572136,
    "gpu_energy": 0.010178165920303073,
    "ram_energy": 6.479086378924224e-06,
    "total_energy_kwh": 0.01134584605183921,
    "total_energy_joules": 40845.04578662116,
    "final_emissions": 0.004322200053448147
  }
}