{
  "experiment_id": "0196",
  "local_process_results": {
    "cpu_power": {
      "process_2": 112.5,
      "process_1": 112.5,
      "process_3": 112.5,
      "process_0": 112.5
    },
    "gpu_power": {
      "process_2": 1019.4324545081353,
      "process_1": 924.4270360812757,
      "process_3": 847.9220087546275,
      "process_0": 984.9390551464135
    },
    "ram_power": {
      "process_2": 0.7087426185607911,
      "process_1": 0.7260432243347168,
      "process_3": 0.732062816619873,
      "process_0": 0.6886324882507325
    },
    "cpu_energy": {
      "process_2": 0.0011575579691598251,
      "process_1": 0.0011612010451572136,
      "process_3": 0.001166364841559698,
      "process_0": 0.0011604848593069616
    },
    "gpu_energy": {
      "process_2": 0.010142567280714943,
      "process_1": 0.010178165920303073,
      "process_3": 0.010195357322945853,
      "process_0": 0.010172235915559824
    },
    "ram_energy": {
      "process_2": 6.289562652412553e-06,
      "process_1": 6.479086378924224e-06,
      "process_3": 6.545142668830853e-06,
      "process_0": 6.121594194296938e-06
    },
    "total_energy_kwh": {
      "process_2": 0.01130641481252718,
      "process_1": 0.01134584605183921,
      "process_3": 0.011368267307174381,
      "process_0": 0.011338842369061077
    },
    "total_energy_joules": {
      "process_2": 40703.09332509785,
      "process_1": 40845.04578662116,
      "process_3": 40925.762305827775,
      "process_0": 40819.832528619874
    }
  },
  "global_experiment_results": {
    "cpu_power_avg": 112.5,
    "gpu_power_avg": 944.1801386226131,
    "ram_power_avg": 0.7138702869415283,
    "cpu_energy_total": 0.004645608715183699,
    "gpu_energy_total": 0.04068832643952369,
    "ram_energy_total": 2.5435385894464566e-05,
    "total_energy_kwh": 0.04535937054060185,
    "total_energy_joules": 163293.73394616667
  },
  "global_derived_quantities": {
    "tokens_per_joule": 0.1003345297095193,
    "joules_per_token": 9.966658566050212,
    "flops_per_joule": 322355188.0209773,
    "joules_per_flop": 3.102168158481522e-09
  },
  "per-process_emissions": [
    0.004307178722832229,
    0.004322200053448147,
    0.004330741430668081,
    0.004319532000493818
  ]
}