{
  "process_id": 4050971,
  "local_process_index": 2,
  "energy_results": {
    "cpu_power": 112.5,
    "gpu_power": 782.125449674452,
    "ram_power": 0.7326779365539551,
    "cpu_energy": 0.0011794633500285272,
    "gpu_energy": 0.010526990643811018,
    "ram_energy": 7.737138350566793e-06,
    "total_energy_kwh": 0.011714191132190108,
    "total_energy_joules": 42171.08807588439,
    "final_emissions": 0.004462521111807822
  }
}