{
  "experiment_id": "0562",
  "local_process_results": {
    "cpu_power": {
      "process_0": 112.5,
      "process_3": 112.5,
      "process_2": 112.5,
      "process_1": 112.5
    },
    "gpu_power": {
      "process_0": 1010.1949469098661,
      "process_3": 1298.7804809844229,
      "process_2": 782.125449674452,
      "process_1": 680.3686902886607
    },
    "ram_power": {
      "process_0": 0.6905064582824707,
      "process_3": 0.7091631889343262,
      "process_2": 0.7326779365539551,
      "process_1": 0.7262020111083985
    },
    "cpu_energy": {
      "process_0": 0.001129420993196618,
      "process_3": 0.0012095188658240658,
      "process_2": 0.0011794633500285272,
      "process_1": 0.0011870570284172575
    },
    "gpu_energy": {
      "process_0": 0.010500552567103583,
      "process_3": 0.010457861421839354,
      "process_2": 0.010526990643811018,
      "process_1": 0.010531825092122915
    },
    "ram_energy": {
      "process_0": 7.332725746995924e-06,
      "process_3": 7.719900395034427e-06,
      "process_2": 7.737138350566793e-06,
      "process_1": 7.75688671424638e-06
    },
    "total_energy_kwh": {
      "process_0": 0.011637306286047202,
      "process_3": 0.011675100188058448,
      "process_2": 0.011714191132190108,
      "process_1": 0.011726639007254416
    },
    "total_energy_joules": {
      "process_0": 41894.302629769925,
      "process_3": 42030.360677010416,
      "process_2": 42171.08807588439,
      "process_1": 42215.9004261159
    }
  },
  "global_experiment_results": {
    "cpu_power_avg": 112.5,
    "gpu_power_avg": 942.8673919643505,
    "ram_power_avg": 0.7146373987197876,
    "cpu_energy_total": 0.004705460237466468,
    "gpu_energy_total": 0.04201722972487687,
    "ram_energy_total": 3.0546651206843524e-05,
    "total_energy_kwh": 0.04675323661355017,
    "total_energy_joules": 168311.65180878062
  },
  "global_derived_quantities": {
    "tokens_per_joule": 0.09734323098803589,
    "joules_per_token": 10.27292796684452,
    "flops_per_joule": 312744731.2362358,
    "joules_per_flop": 3.197495913191378e-09
  },
  "per-process_emissions": [
    0.004433231829669681,
    0.004447629416640866,
    0.004462521111807822,
    0.0044672631298135704
  ]
}