{
  "process_id": 4050972,
  "local_process_index": 3,
  "energy_results": {
    "cpu_power": 112.5,
    "gpu_power": 1298.7804809844229,
    "ram_power": 0.7091631889343262,
    "cpu_energy": 0.0012095188658240658,
    "gpu_energy": 0.010457861421839354,
    "ram_energy": 7.719900395034427e-06,
    "total_energy_kwh": 0.011675100188058448,
    "total_energy_joules": 42030.360677010416,
    "final_emissions": 0.004447629416640866
  }
}