{
  "process_id": 4050970,
  "local_process_index": 1,
  "energy_results": {
    "cpu_power": 112.5,
    "gpu_power": 680.3686902886607,
    "ram_power": 0.7262020111083985,
    "cpu_energy": 0.0011870570284172575,
    "gpu_energy": 0.010531825092122915,
    "ram_energy": 7.75688671424638e-06,
    "total_energy_kwh": 0.011726639007254416,
    "total_energy_joules": 42215.9004261159,
    "final_emissions": 0.0044672631298135704
  }
}