{
  "process_id": 4050969,
  "local_process_index": 0,
  "energy_results": {
    "cpu_power": 112.5,
    "gpu_power": 1010.1949469098661,
    "ram_power": 0.6905064582824707,
    "cpu_energy": 0.001129420993196618,
    "gpu_energy": 0.010500552567103583,
    "ram_energy": 7.332725746995924e-06,
    "total_energy_kwh": 0.011637306286047202,
    "total_energy_joules": 41894.302629769925,
    "final_emissions": 0.004433231829669681
  }
}