{
  "process_id": 3035640,
  "local_process_index": 3,
  "energy_results": {
    "cpu_power": 112.5,
    "gpu_power": 788.4398490965934,
    "ram_power": 0.717714786529541,
    "cpu_energy": 0.0011852290117840315,
    "gpu_energy": 0.01032358103663622,
    "ram_energy": 6.62108986418237e-06,
    "total_energy_kwh": 0.011515431138284427,
    "total_energy_joules": 41455.55209782394,
    "final_emissions": 0.0043868034921294525
  }
}