{
  "process_id": 3035637,
  "local_process_index": 0,
  "energy_results": {
    "cpu_power": 112.5,
    "gpu_power": 912.048015783178,
    "ram_power": 0.6905808448791504,
    "cpu_energy": 0.0011810667753779857,
    "gpu_energy": 0.010314833529637468,
    "ram_energy": 6.3081864322031845e-06,
    "total_energy_kwh": 0.011502208491447657,
    "total_energy_joules": 41407.95056921156,
    "final_emissions": 0.0043817663248169846
  }
}