{
  "process_id": 3035639,
  "local_process_index": 2,
  "energy_results": {
    "cpu_power": 112.5,
    "gpu_power": 1307.2291801379058,
    "ram_power": 0.7086696624755859,
    "cpu_energy": 0.0011739997487202345,
    "gpu_energy": 0.010261082653304499,
    "ram_energy": 6.656287524612654e-06,
    "total_energy_kwh": 0.011441738689549348,
    "total_energy_joules": 41190.25928237765,
    "final_emissions": 0.004358730353783824
  }
}