{
  "experiment_id": "0121",
  "local_process_results": {
    "cpu_power": {
      "process_3": 112.5,
      "process_1": 112.5,
      "process_2": 112.5,
      "process_0": 112.5
    },
    "gpu_power": {
      "process_3": 788.4398490965934,
      "process_1": 796.6336004290429,
      "process_2": 1307.2291801379058,
      "process_0": 912.048015783178
    },
    "ram_power": {
      "process_3": 0.717714786529541,
      "process_1": 0.726064682006836,
      "process_2": 0.7086696624755859,
      "process_0": 0.6905808448791504
    },
    "cpu_energy": {
      "process_3": 0.0011852290117840315,
      "process_1": 0.0011867541163119314,
      "process_2": 0.0011739997487202345,
      "process_0": 0.0011810667753779857
    },
    "gpu_energy": {
      "process_3": 0.01032358103663622,
      "process_1": 0.010333349377782852,
      "process_2": 0.010261082653304499,
      "process_0": 0.010314833529637468
    },
    "ram_energy": {
      "process_3": 6.62108986418237e-06,
      "process_1": 6.66953842255412e-06,
      "process_2": 6.656287524612654e-06,
      "process_0": 6.3081864322031845e-06
    },
    "total_energy_kwh": {
      "process_3": 0.011515431138284427,
      "process_1": 0.011526773032517342,
      "process_2": 0.011441738689549348,
      "process_0": 0.011502208491447657
    },
    "total_energy_joules": {
      "process_3": 41455.55209782394,
      "process_1": 41496.38291706243,
      "process_2": 41190.25928237765,
      "process_0": 41407.95056921156
    }
  },
  "global_experiment_results": {
    "cpu_power_avg": 112.5,
    "gpu_power_avg": 951.08766136168,
    "ram_power_avg": 0.7107574939727783,
    "cpu_energy_total": 0.004727049652194183,
    "gpu_energy_total": 0.04123284659736104,
    "ram_energy_total": 2.6255102243552327e-05,
    "total_energy_kwh": 0.045986151351798774,
    "total_energy_joules": 165550.1448664756
  },
  "global_derived_quantities": {
    "tokens_per_joule": 0.09896699282996405,
    "joules_per_token": 10.104378959135474,
    "flops_per_joule": 317961559.9329111,
    "joules_per_flop": 3.1450342620378287e-09
  },
  "per-process_emissions": [
    0.0043868034921294525,
    0.004391124186737481,
    0.004358730353783824,
    0.0043817663248169846
  ]
}