{
  "process_id": 3035638,
  "local_process_index": 1,
  "energy_results": {
    "cpu_power": 112.5,
    "gpu_power": 796.6336004290429,
    "ram_power": 0.726064682006836,
    "cpu_energy": 0.0011867541163119314,
    "gpu_energy": 0.010333349377782852,
    "ram_energy": 6.66953842255412e-06,
    "total_energy_kwh": 0.011526773032517342,
    "total_energy_joules": 41496.38291706243,
    "final_emissions": 0.004391124186737481
  }
}