{
  "process_id": 4081200,
  "local_process_index": 1,
  "energy_results": {
    "cpu_power": 112.5,
    "gpu_power": 989.5488047150285,
    "ram_power": 0.7228002548217773,
    "cpu_energy": 0.0011481196576569345,
    "gpu_energy": 0.01026405432234867,
    "ram_energy": 6.536570472974708e-06,
    "total_energy_kwh": 0.011418710550478581,
    "total_energy_joules": 41107.3579817229,
    "final_emissions": 0.0043499577842048155
  }
}