{
  "process_id": 4081202,
  "local_process_index": 3,
  "energy_results": {
    "cpu_power": 112.5,
    "gpu_power": 592.7294953833913,
    "ram_power": 0.7235941886901855,
    "cpu_energy": 0.001153324286100542,
    "gpu_energy": 0.010285911562052164,
    "ram_energy": 6.315519257624207e-06,
    "total_energy_kwh": 0.011445551367410326,
    "total_energy_joules": 41203.98492267718,
    "final_emissions": 0.004360182793414964
  }
}