{
  "process_id": 4081201,
  "local_process_index": 2,
  "energy_results": {
    "cpu_power": 112.5,
    "gpu_power": 1283.9013473577068,
    "ram_power": 0.722834587097168,
    "cpu_energy": 0.0011350406704368654,
    "gpu_energy": 0.010229057349903314,
    "ram_energy": 6.853984017987019e-06,
    "total_energy_kwh": 0.011370952004358172,
    "total_energy_joules": 40935.42721568942,
    "final_emissions": 0.0043317641660602455
  }
}