{
  "experiment_id": "0579",
  "local_process_results": {
    "cpu_power": {
      "process_2": 112.5,
      "process_0": 112.5,
      "process_1": 112.5,
      "process_3": 112.5
    },
    "gpu_power": {
      "process_2": 1283.9013473577068,
      "process_0": 3632.155343042642,
      "process_1": 989.5488047150285,
      "process_3": 592.7294953833913
    },
    "ram_power": {
      "process_2": 0.722834587097168,
      "process_0": 0.6875381469726562,
      "process_1": 0.7228002548217773,
      "process_3": 0.7235941886901855
    },
    "cpu_energy": {
      "process_2": 0.0011350406704368654,
      "process_0": 0.0010860375167812892,
      "process_1": 0.0011481196576569345,
      "process_3": 0.001153324286100542
    },
    "gpu_energy": {
      "process_2": 0.010229057349903314,
      "process_0": 0.010180474811040341,
      "process_1": 0.01026405432234867,
      "process_3": 0.010285911562052164
    },
    "ram_energy": {
      "process_2": 6.853984017987019e-06,
      "process_0": 7.102496859116842e-06,
      "process_1": 6.536570472974708e-06,
      "process_3": 6.315519257624207e-06
    },
    "total_energy_kwh": {
      "process_2": 0.011370952004358172,
      "process_0": 0.011273614824680747,
      "process_1": 0.011418710550478581,
      "process_3": 0.011445551367410326
    },
    "total_energy_joules": {
      "process_2": 40935.42721568942,
      "process_0": 40585.01336885069,
      "process_1": 41107.3579817229,
      "process_3": 41203.98492267718
    }
  },
  "global_experiment_results": {
    "cpu_power_avg": 112.5,
    "gpu_power_avg": 1624.5837476246923,
    "ram_power_avg": 0.7141917943954468,
    "cpu_energy_total": 0.004522522130975631,
    "gpu_energy_total": 0.04095949804534449,
    "ram_energy_total": 2.6808570607702776e-05,
    "total_energy_kwh": 0.045508828746927826,
    "total_energy_joules": 163831.78348894016
  },
  "global_derived_quantities": {
    "tokens_per_joule": 0.10000501521187456,
    "joules_per_token": 9.999498503963633,
    "flops_per_joule": 321296522.4932529,
    "joules_per_flop": 3.112389739671084e-09
  },
  "per-process_emissions": [
    0.0043317641660602455,
    0.004294683567462131,
    0.0043499577842048155,
    0.004360182793414964
  ]
}