{
  "process_id": 4081199,
  "local_process_index": 0,
  "energy_results": {
    "cpu_power": 112.5,
    "gpu_power": 3632.155343042642,
    "ram_power": 0.6875381469726562,
    "cpu_energy": 0.0010860375167812892,
    "gpu_energy": 0.010180474811040341,
    "ram_energy": 7.102496859116842e-06,
    "total_energy_kwh": 0.011273614824680747,
    "total_energy_joules": 40585.01336885069,
    "final_emissions": 0.004294683567462131
  }
}