{
  "process_id": 3969212,
  "local_process_index": 0,
  "energy_results": {
    "cpu_power": 112.5,
    "gpu_power": 643.0532337831696,
    "ram_power": 0.6904864311218262,
    "cpu_energy": 0.0010569146261514108,
    "gpu_energy": 0.010396308594817327,
    "ram_energy": 6.910350055433288e-06,
    "total_energy_kwh": 0.011460133571024168,
    "total_energy_joules": 41256.480855687005,
    "final_emissions": 0.004365737883881657
  }
}