{
  "process_id": 3969214,
  "local_process_index": 2,
  "energy_results": {
    "cpu_power": 112.5,
    "gpu_power": 2387.39323066273,
    "ram_power": 0.7104306221008301,
    "cpu_energy": 0.0011089587082460637,
    "gpu_energy": 0.010352640504324384,
    "ram_energy": 6.010463961373154e-06,
    "total_energy_kwh": 0.011467609676531825,
    "total_energy_joules": 41283.39483551457,
    "final_emissions": 0.004368585906274799
  }
}