{
  "experiment_id": "0528",
  "local_process_results": {
    "cpu_power": {
      "process_1": 112.5,
      "process_3": 112.5,
      "process_0": 112.5,
      "process_2": 112.5
    },
    "gpu_power": {
      "process_1": 5115.957781558799,
      "process_3": 558.507952884512,
      "process_0": 643.0532337831696,
      "process_2": 2387.39323066273
    },
    "ram_power": {
      "process_1": 0.7342929840087891,
      "process_3": 0.732454776763916,
      "process_0": 0.6904864311218262,
      "process_2": 0.7104306221008301
    },
    "cpu_energy": {
      "process_1": 0.001060794747218097,
      "process_3": 0.0010709136451259838,
      "process_0": 0.0010569146261514108,
      "process_2": 0.0011089587082460637
    },
    "gpu_energy": {
      "process_1": 0.010390102200961593,
      "process_3": 0.010403716934080265,
      "process_0": 0.010396308594817327,
      "process_2": 0.010352640504324384
    },
    "ram_energy": {
      "process_1": 5.964114116573469e-06,
      "process_3": 6.6637803091087346e-06,
      "process_0": 6.910350055433288e-06,
      "process_2": 6.010463961373154e-06
    },
    "total_energy_kwh": {
      "process_1": 0.011456861062296259,
      "process_3": 0.011481294359515361,
      "process_0": 0.011460133571024168,
      "process_2": 0.011467609676531825
    },
    "total_energy_joules": {
      "process_1": 41244.69982426653,
      "process_3": 41332.6596942553,
      "process_0": 41256.480855687005,
      "process_2": 41283.39483551457
    }
  },
  "global_experiment_results": {
    "cpu_power_avg": 112.5,
    "gpu_power_avg": 2176.228049722303,
    "ram_power_avg": 0.7169162034988403,
    "cpu_energy_total": 0.004297581726741555,
    "gpu_energy_total": 0.04154276823418357,
    "ram_energy_total": 2.5548708442488646e-05,
    "total_energy_kwh": 0.04586589866936762,
    "total_energy_joules": 165117.2352097234
  },
  "global_derived_quantities": {
    "tokens_per_joule": 0.09922646766214252,
    "joules_per_token": 10.07795625059347,
    "flops_per_joule": 318795201.736543,
    "joules_per_flop": 3.136810072901958e-09
  },
  "per-process_emissions": [
    0.00436449122168176,
    0.004373799086257377,
    0.004365737883881657,
    0.004368585906274799
  ]
}