{
  "process_id": 3969215,
  "local_process_index": 3,
  "energy_results": {
    "cpu_power": 112.5,
    "gpu_power": 558.507952884512,
    "ram_power": 0.732454776763916,
    "cpu_energy": 0.0010709136451259838,
    "gpu_energy": 0.010403716934080265,
    "ram_energy": 6.6637803091087346e-06,
    "total_energy_kwh": 0.011481294359515361,
    "total_energy_joules": 41332.6596942553,
    "final_emissions": 0.004373799086257377
  }
}