{
  "process_id": 3969213,
  "local_process_index": 1,
  "energy_results": {
    "cpu_power": 112.5,
    "gpu_power": 5115.957781558799,
    "ram_power": 0.7342929840087891,
    "cpu_energy": 0.001060794747218097,
    "gpu_energy": 0.010390102200961593,
    "ram_energy": 5.964114116573469e-06,
    "total_energy_kwh": 0.011456861062296259,
    "total_energy_joules": 41244.69982426653,
    "final_emissions": 0.00436449122168176
  }
}