{
  "process_id": 3073670,
  "local_process_index": 1,
  "energy_results": {
    "cpu_power": 112.5,
    "gpu_power": 214.0513805245324,
    "ram_power": 0.7324404716491699,
    "cpu_energy": 0.0012442729922731816,
    "gpu_energy": 0.010454113363286055,
    "ram_energy": 6.902851405385948e-06,
    "total_energy_kwh": 0.011705289206964621,
    "total_energy_joules": 42139.04114507264,
    "final_emissions": 0.004459129923393173
  }
}