{
  "process_id": 3073669,
  "local_process_index": 0,
  "energy_results": {
    "cpu_power": 112.5,
    "gpu_power": 955.6424609204904,
    "ram_power": 0.6876940727233887,
    "cpu_energy": 0.001239363403816242,
    "gpu_energy": 0.010431507789644634,
    "ram_energy": 6.123860025092001e-06,
    "total_energy_kwh": 0.01167699505348597,
    "total_energy_joules": 42037.182192549495,
    "final_emissions": 0.0044483512656254805
  }
}