{
  "process_id": 3073672,
  "local_process_index": 3,
  "energy_results": {
    "cpu_power": 112.5,
    "gpu_power": 463.3071282264077,
    "ram_power": 0.7088212966918945,
    "cpu_energy": 0.0012420708577792537,
    "gpu_energy": 0.010451839472579216,
    "ram_energy": 6.533822156475192e-06,
    "total_energy_kwh": 0.011700444152514946,
    "total_energy_joules": 42121.598949053805,
    "final_emissions": 0.004457284199900569
  }
}