{
  "process_id": 3073671,
  "local_process_index": 2,
  "energy_results": {
    "cpu_power": 112.5,
    "gpu_power": 1003.8790706691809,
    "ram_power": 0.7320828437805176,
    "cpu_energy": 0.0012312014406252274,
    "gpu_energy": 0.01038470275220238,
    "ram_energy": 6.534934611123491e-06,
    "total_energy_kwh": 0.01162243912743873,
    "total_energy_joules": 41840.78085877943,
    "final_emissions": 0.004427568185597784
  }
}