{
  "experiment_id": "0144",
  "local_process_results": {
    "cpu_power": {
      "process_0": 112.5,
      "process_2": 112.5,
      "process_1": 112.5,
      "process_3": 112.5
    },
    "gpu_power": {
      "process_0": 955.6424609204904,
      "process_2": 1003.8790706691809,
      "process_1": 214.0513805245324,
      "process_3": 463.3071282264077
    },
    "ram_power": {
      "process_0": 0.6876940727233887,
      "process_2": 0.7320828437805176,
      "process_1": 0.7324404716491699,
      "process_3": 0.7088212966918945
    },
    "cpu_energy": {
      "process_0": 0.001239363403816242,
      "process_2": 0.0012312014406252274,
      "process_1": 0.0012442729922731816,
      "process_3": 0.0012420708577792537
    },
    "gpu_energy": {
      "process_0": 0.010431507789644634,
      "process_2": 0.01038470275220238,
      "process_1": 0.010454113363286055,
      "process_3": 0.010451839472579216
    },
    "ram_energy": {
      "process_0": 6.123860025092001e-06,
      "process_2": 6.534934611123491e-06,
      "process_1": 6.902851405385948e-06,
      "process_3": 6.533822156475192e-06
    },
    "total_energy_kwh": {
      "process_0": 0.01167699505348597,
      "process_2": 0.01162243912743873,
      "process_1": 0.011705289206964621,
      "process_3": 0.011700444152514946
    },
    "total_energy_joules": {
      "process_0": 42037.182192549495,
      "process_2": 41840.78085877943,
      "process_1": 42139.04114507264,
      "process_3": 42121.598949053805
    }
  },
  "global_experiment_results": {
    "cpu_power_avg": 112.5,
    "gpu_power_avg": 659.2200100851528,
    "ram_power_avg": 0.7152596712112427,
    "cpu_energy_total": 0.0049569086944939045,
    "gpu_energy_total": 0.041722163377712285,
    "ram_energy_total": 2.609546819807663e-05,
    "total_energy_kwh": 0.04670516754040427,
    "total_energy_joules": 168138.60314545536
  },
  "global_derived_quantities": {
    "tokens_per_joule": 0.09744341688045506,
    "joules_per_token": 10.26236591463961,
    "flops_per_joule": 313066608.88176155,
    "joules_per_flop": 3.194208426033957e-09
  },
  "per-process_emissions": [
    0.0044483512656254805,
    0.004427568185597784,
    0.004459129923393173,
    0.004457284199900569
  ]
}