{
  "process_id": 4045274,
  "local_process_index": 1,
  "energy_results": {
    "cpu_power": 112.5,
    "gpu_power": 0.0,
    "ram_power": 0.7252821922302246,
    "cpu_energy": 0.0012455951588981405,
    "gpu_energy": 0.01065150713230878,
    "ram_energy": 7.576447583358436e-06,
    "total_energy_kwh": 0.011904678738790276,
    "total_energy_joules": 42856.843459644995,
    "final_emissions": 0.004535087365542156
  }
}