{
  "experiment_id": "0559",
  "local_process_results": {
    "cpu_power": {
      "process_1": 112.5,
      "process_2": 112.5,
      "process_3": 112.5,
      "process_0": 112.5
    },
    "gpu_power": {
      "process_1": 0.0,
      "process_2": 893.0135889564275,
      "process_3": 902.1121387796609,
      "process_0": 977.2312166735524
    },
    "ram_power": {
      "process_1": 0.7252821922302246,
      "process_2": 0.7323875427246094,
      "process_3": 0.7323946952819824,
      "process_0": 0.689051628112793
    },
    "cpu_energy": {
      "process_1": 0.0012455951588981405,
      "process_2": 0.001199326623283923,
      "process_3": 0.001146078898062115,
      "process_0": 0.0011904712482155447
    },
    "gpu_energy": {
      "process_1": 0.01065150713230878,
      "process_2": 0.010584518467608106,
      "process_3": 0.010585456801692317,
      "process_0": 0.010540603710254004
    },
    "ram_energy": {
      "process_1": 7.576447583358436e-06,
      "process_2": 7.847304927908964e-06,
      "process_3": 7.946765683711538e-06,
      "process_0": 6.962349168832051e-06
    },
    "total_energy_kwh": {
      "process_1": 0.011904678738790276,
      "process_2": 0.011791692395819942,
      "process_3": 0.011739482465438142,
      "process_0": 0.011738037307638375
    },
    "total_energy_joules": {
      "process_1": 42856.843459644995,
      "process_2": 42450.092624951794,
      "process_3": 42262.13687557731,
      "process_0": 42256.93430749815
    }
  },
  "global_experiment_results": {
    "cpu_power_avg": 112.5,
    "gpu_power_avg": 693.0892361024102,
    "ram_power_avg": 0.7197790145874023,
    "cpu_energy_total": 0.004781471928459723,
    "gpu_energy_total": 0.042362086111863206,
    "ram_energy_total": 3.033286736381099e-05,
    "total_energy_kwh": 0.047173890907686734,
    "total_energy_joules": 169826.00726767225
  },
  "global_derived_quantities": {
    "tokens_per_joule": 0.09647521168048344,
    "joules_per_token": 10.365356888896011,
    "flops_per_joule": 309955955.24952424,
    "joules_per_flop": 3.2262648388057866e-09
  },
  "per-process_emissions": [
    0.004535087365542156,
    0.004492045218187607,
    0.00447215584520866,
    0.004471605312344839
  ]
}