{
  "process_id": 4045273,
  "local_process_index": 0,
  "energy_results": {
    "cpu_power": 112.5,
    "gpu_power": 977.2312166735524,
    "ram_power": 0.689051628112793,
    "cpu_energy": 0.0011904712482155447,
    "gpu_energy": 0.010540603710254004,
    "ram_energy": 6.962349168832051e-06,
    "total_energy_kwh": 0.011738037307638375,
    "total_energy_joules": 42256.93430749815,
    "final_emissions": 0.004471605312344839
  }
}