{
  "process_id": 4045276,
  "local_process_index": 3,
  "energy_results": {
    "cpu_power": 112.5,
    "gpu_power": 902.1121387796609,
    "ram_power": 0.7323946952819824,
    "cpu_energy": 0.001146078898062115,
    "gpu_energy": 0.010585456801692317,
    "ram_energy": 7.946765683711538e-06,
    "total_energy_kwh": 0.011739482465438142,
    "total_energy_joules": 42262.13687557731,
    "final_emissions": 0.00447215584520866
  }
}