{
  "process_id": 4045275,
  "local_process_index": 2,
  "energy_results": {
    "cpu_power": 112.5,
    "gpu_power": 893.0135889564275,
    "ram_power": 0.7323875427246094,
    "cpu_energy": 0.001199326623283923,
    "gpu_energy": 0.010584518467608106,
    "ram_energy": 7.847304927908964e-06,
    "total_energy_kwh": 0.011791692395819942,
    "total_energy_joules": 42450.092624951794,
    "final_emissions": 0.004492045218187607
  }
}