{
  "process_id": 2743299,
  "local_process_index": 1,
  "energy_results": {
    "cpu_power": 112.5,
    "gpu_power": 860.8155062529344,
    "ram_power": 0.7290701866149902,
    "cpu_energy": 0.0010071262104629569,
    "gpu_energy": 0.008541870166825838,
    "ram_energy": 5.419477778065249e-06,
    "total_energy_kwh": 0.00955441585506686,
    "total_energy_joules": 34395.89707824069,
    "final_emissions": 0.0036397547199877203
  }
}