{
  "process_id": 2743301,
  "local_process_index": 3,
  "energy_results": {
    "cpu_power": 112.5,
    "gpu_power": 826.0694310911497,
    "ram_power": 0.7294106483459473,
    "cpu_energy": 0.0010164695543098787,
    "gpu_energy": 0.00860221604843403,
    "ram_energy": 5.462943521036323e-06,
    "total_energy_kwh": 0.009624148546264942,
    "total_energy_joules": 34646.93476655379,
    "final_emissions": 0.0036663193886996297
  }
}