{
  "experiment_id": "0013",
  "local_process_results": {
    "cpu_power": {
      "process_3": 112.5,
      "process_0": 112.5,
      "process_2": 112.5,
      "process_1": 112.5
    },
    "gpu_power": {
      "process_3": 826.0694310911497,
      "process_0": 578.4461039292017,
      "process_2": 530.5238515473019,
      "process_1": 860.8155062529344
    },
    "ram_power": {
      "process_3": 0.7294106483459473,
      "process_0": 0.6870074272155762,
      "process_2": 0.7212309837341309,
      "process_1": 0.7290701866149902
    },
    "cpu_energy": {
      "process_3": 0.0010164695543098787,
      "process_0": 0.001005669620437402,
      "process_2": 0.0010081522233140279,
      "process_1": 0.0010071262104629569
    },
    "gpu_energy": {
      "process_3": 0.00860221604843403,
      "process_0": 0.00858339520004403,
      "process_2": 0.008598712712297285,
      "process_1": 0.008541870166825838
    },
    "ram_energy": {
      "process_3": 5.462943521036323e-06,
      "process_0": 5.127809446553797e-06,
      "process_2": 5.432473880336736e-06,
      "process_1": 5.419477778065249e-06
    },
    "total_energy_kwh": {
      "process_3": 0.009624148546264942,
      "process_0": 0.00959419262992799,
      "process_2": 0.009612297409491653,
      "process_1": 0.00955441585506686
    },
    "total_energy_joules": {
      "process_3": 34646.93476655379,
      "process_0": 34539.093467740764,
      "process_2": 34604.27067416995,
      "process_1": 34395.89707824069
    }
  },
  "global_experiment_results": {
    "cpu_power_avg": 112.5,
    "gpu_power_avg": 698.963723205147,
    "ram_power_avg": 0.7166798114776611,
    "cpu_energy_total": 0.0040374176085242654,
    "gpu_energy_total": 0.034326194127601184,
    "ram_energy_total": 2.1442704625992105e-05,
    "total_energy_kwh": 0.038385054440751444,
    "total_energy_joules": 138186.1959867052
  },
  "global_derived_quantities": {
    "tokens_per_joule": 0.11856466474825238,
    "joules_per_token": 8.434216063641674,
    "flops_per_joule": 380925040.54405206,
    "joules_per_flop": 2.6251884060227724e-09
  },
  "per-process_emissions": [
    0.0036663193886996297,
    0.003654907682371068,
    0.0036618046981458452,
    0.0036397547199877203
  ]
}