{
  "process_id": 2743298,
  "local_process_index": 0,
  "energy_results": {
    "cpu_power": 112.5,
    "gpu_power": 578.4461039292017,
    "ram_power": 0.6870074272155762,
    "cpu_energy": 0.001005669620437402,
    "gpu_energy": 0.00858339520004403,
    "ram_energy": 5.127809446553797e-06,
    "total_energy_kwh": 0.00959419262992799,
    "total_energy_joules": 34539.093467740764,
    "final_emissions": 0.003654907682371068
  }
}