{
  "process_id": 2743300,
  "local_process_index": 2,
  "energy_results": {
    "cpu_power": 112.5,
    "gpu_power": 530.5238515473019,
    "ram_power": 0.7212309837341309,
    "cpu_energy": 0.0010081522233140279,
    "gpu_energy": 0.008598712712297285,
    "ram_energy": 5.432473880336736e-06,
    "total_energy_kwh": 0.009612297409491653,
    "total_energy_joules": 34604.27067416995,
    "final_emissions": 0.0036618046981458452
  }
}