{
  "process_id": 3612763,
  "local_process_index": 3,
  "energy_results": {
    "cpu_power": 112.5,
    "gpu_power": 743.2842645847286,
    "ram_power": 0.7335405349731445,
    "cpu_energy": 0.0011919603987553273,
    "gpu_energy": 0.010352260504022937,
    "ram_energy": 6.68414917476699e-06,
    "total_energy_kwh": 0.01155090505195303,
    "total_energy_joules": 41583.25818703091,
    "final_emissions": 0.004400317279541507
  }
}