{
  "experiment_id": "0456",
  "local_process_results": {
    "cpu_power": {
      "process_0": 112.5,
      "process_1": 112.5,
      "process_2": 112.5,
      "process_3": 112.5
    },
    "gpu_power": {
      "process_0": 991.1666508035472,
      "process_1": 1027.3672344297986,
      "process_2": 986.2865442249304,
      "process_3": 743.2842645847286
    },
    "ram_power": {
      "process_0": 0.6890759468078613,
      "process_1": 0.7274937629699707,
      "process_2": 0.733788013458252,
      "process_3": 0.7335405349731445
    },
    "cpu_energy": {
      "process_0": 0.0011847479823100004,
      "process_1": 0.0011834485145991495,
      "process_2": 0.0011815251599655314,
      "process_3": 0.0011919603987553273
    },
    "gpu_energy": {
      "process_0": 0.010335845213115036,
      "process_1": 0.010325296871343426,
      "process_2": 0.010320888812263007,
      "process_3": 0.010352260504022937
    },
    "ram_energy": {
      "process_0": 6.227919824067485e-06,
      "process_1": 6.563261311710129e-06,
      "process_2": 6.602788983262135e-06,
      "process_3": 6.68414917476699e-06
    },
    "total_energy_kwh": {
      "process_0": 0.0115268211152491,
      "process_1": 0.011515308647254289,
      "process_2": 0.011509016761211802,
      "process_3": 0.01155090505195303
    },
    "total_energy_joules": {
      "process_0": 41496.556014896756,
      "process_1": 41455.11113011544,
      "process_2": 41432.460340362486,
      "process_3": 41583.25818703091
    }
  },
  "global_experiment_results": {
    "cpu_power_avg": 112.5,
    "gpu_power_avg": 937.0261735107512,
    "ram_power_avg": 0.7209745645523071,
    "cpu_energy_total": 0.004741682055630008,
    "gpu_energy_total": 0.041334291400744405,
    "ram_energy_total": 2.607811929380674e-05,
    "total_energy_kwh": 0.04610205157566822,
    "total_energy_joules": 165967.3856724056
  },
  "global_derived_quantities": {
    "tokens_per_joule": 0.09871819052653831,
    "joules_per_token": 10.129845316919287,
    "flops_per_joule": 317162206.8733707,
    "joules_per_flop": 3.1529607826170076e-09
  },
  "per-process_emissions": [
    0.004391142503854145,
    0.004386756829171522,
    0.004384359935183636,
    0.004400317279541507
  ]
}