{
  "process_id": 3612762,
  "local_process_index": 2,
  "energy_results": {
    "cpu_power": 112.5,
    "gpu_power": 986.2865442249304,
    "ram_power": 0.733788013458252,
    "cpu_energy": 0.0011815251599655314,
    "gpu_energy": 0.010320888812263007,
    "ram_energy": 6.602788983262135e-06,
    "total_energy_kwh": 0.011509016761211802,
    "total_energy_joules": 41432.460340362486,
    "final_emissions": 0.004384359935183636
  }
}