{
  "process_id": 3612761,
  "local_process_index": 1,
  "energy_results": {
    "cpu_power": 112.5,
    "gpu_power": 1027.3672344297986,
    "ram_power": 0.7274937629699707,
    "cpu_energy": 0.0011834485145991495,
    "gpu_energy": 0.010325296871343426,
    "ram_energy": 6.563261311710129e-06,
    "total_energy_kwh": 0.011515308647254289,
    "total_energy_joules": 41455.11113011544,
    "final_emissions": 0.004386756829171522
  }
}