{
  "process_id": 3612760,
  "local_process_index": 0,
  "energy_results": {
    "cpu_power": 112.5,
    "gpu_power": 991.1666508035472,
    "ram_power": 0.6890759468078613,
    "cpu_energy": 0.0011847479823100004,
    "gpu_energy": 0.010335845213115036,
    "ram_energy": 6.227919824067485e-06,
    "total_energy_kwh": 0.0115268211152491,
    "total_energy_joules": 41496.556014896756,
    "final_emissions": 0.004391142503854145
  }
}