{
  "process_id": 3587684,
  "local_process_index": 2,
  "energy_results": {
    "cpu_power": 112.5,
    "gpu_power": 756.6887884361655,
    "ram_power": 0.7278256416320801,
    "cpu_energy": 0.0011454954039018046,
    "gpu_energy": 0.010052188597297729,
    "ram_energy": 6.3785643705183794e-06,
    "total_energy_kwh": 0.01120406256557005,
    "total_energy_joules": 40334.62523605218,
    "final_emissions": 0.00426818763435391
  }
}