{
  "process_id": 3587682,
  "local_process_index": 0,
  "energy_results": {
    "cpu_power": 112.5,
    "gpu_power": 844.3152382085627,
    "ram_power": 0.6840834617614746,
    "cpu_energy": 0.0011528213320561918,
    "gpu_energy": 0.01009773196706476,
    "ram_energy": 6.03759246115686e-06,
    "total_energy_kwh": 0.011256590891582114,
    "total_energy_joules": 40523.72720969561,
    "final_emissions": 0.004288198300148207
  }
}