{
  "process_id": 3587685,
  "local_process_index": 3,
  "energy_results": {
    "cpu_power": 112.5,
    "gpu_power": 763.6879130110615,
    "ram_power": 0.7280373573303223,
    "cpu_energy": 0.0011633507688075043,
    "gpu_energy": 0.010156006735908107,
    "ram_energy": 6.508887934109776e-06,
    "total_energy_kwh": 0.011325866392649722,
    "total_energy_joules": 40773.119013539,
    "final_emissions": 0.004314588802279912
  }
}