{
  "process_id": 3587683,
  "local_process_index": 1,
  "energy_results": {
    "cpu_power": 112.5,
    "gpu_power": 465.9367812654876,
    "ram_power": 0.704132080078125,
    "cpu_energy": 0.0013438454093502512,
    "gpu_energy": 0.01088040842654081,
    "ram_energy": 7.357427731241552e-06,
    "total_energy_kwh": 0.012231611263622304,
    "total_energy_joules": 44033.800549040294,
    "final_emissions": 0.004659632310876917
  }
}