{
  "experiment_id": "0441",
  "local_process_results": {
    "cpu_power": {
      "process_1": 112.5,
      "process_2": 112.5,
      "process_0": 112.5,
      "process_3": 112.5
    },
    "gpu_power": {
      "process_1": 465.9367812654876,
      "process_2": 756.6887884361655,
      "process_0": 844.3152382085627,
      "process_3": 763.6879130110615
    },
    "ram_power": {
      "process_1": 0.704132080078125,
      "process_2": 0.7278256416320801,
      "process_0": 0.6840834617614746,
      "process_3": 0.7280373573303223
    },
    "cpu_energy": {
      "process_1": 0.0013438454093502512,
      "process_2": 0.0011454954039018046,
      "process_0": 0.0011528213320561918,
      "process_3": 0.0011633507688075043
    },
    "gpu_energy": {
      "process_1": 0.01088040842654081,
      "process_2": 0.010052188597297729,
      "process_0": 0.01009773196706476,
      "process_3": 0.010156006735908107
    },
    "ram_energy": {
      "process_1": 7.357427731241552e-06,
      "process_2": 6.3785643705183794e-06,
      "process_0": 6.03759246115686e-06,
      "process_3": 6.508887934109776e-06
    },
    "total_energy_kwh": {
      "process_1": 0.012231611263622304,
      "process_2": 0.01120406256557005,
      "process_0": 0.011256590891582114,
      "process_3": 0.011325866392649722
    },
    "total_energy_joules": {
      "process_1": 44033.800549040294,
      "process_2": 40334.62523605218,
      "process_0": 40523.72720969561,
      "process_3": 40773.119013539
    }
  },
  "global_experiment_results": {
    "cpu_power_avg": 112.5,
    "gpu_power_avg": 707.6571802303193,
    "ram_power_avg": 0.7110196352005005,
    "cpu_energy_total": 0.0048055129141157515,
    "gpu_energy_total": 0.04118633572681141,
    "ram_energy_total": 2.6282472497026568e-05,
    "total_energy_kwh": 0.04601813111342419,
    "total_energy_joules": 165665.27200832707
  },
  "global_derived_quantities": {
    "tokens_per_joule": 0.09889821687659721,
    "joules_per_token": 10.111405762226994,
    "flops_per_joule": 317740596.2682279,
    "joules_per_flop": 3.1472213867057375e-09
  },
  "per-process_emissions": [
    0.004659632310876917,
    0.00426818763435391,
    0.004288198300148207,
    0.004314588802279912
  ]
}