{
  "process_id": 2992804,
  "local_process_index": 3,
  "energy_results": {
    "cpu_power": 112.5,
    "gpu_power": 881.7842937256164,
    "ram_power": 0.7260832786560059,
    "cpu_energy": 0.0012537196895009402,
    "gpu_energy": 0.010526782588089034,
    "ram_energy": 6.695458109746468e-06,
    "total_energy_kwh": 0.01178719773569972,
    "total_energy_joules": 42433.91184851899,
    "final_emissions": 0.0044903329774148085
  }
}