{
  "experiment_id": "0095",
  "local_process_results": {
    "cpu_power": {
      "process_0": 112.5,
      "process_3": 112.5,
      "process_2": 112.5,
      "process_1": 112.5
    },
    "gpu_power": {
      "process_0": 838.1898265141094,
      "process_3": 881.7842937256164,
      "process_2": 801.2838137855244,
      "process_1": 678.678801481214
    },
    "ram_power": {
      "process_0": 0.6826558113098145,
      "process_3": 0.7260832786560059,
      "process_2": 0.7263121604919435,
      "process_1": 0.732088565826416
    },
    "cpu_energy": {
      "process_0": 0.0012558246329735993,
      "process_3": 0.0012537196895009402,
      "process_2": 0.0012576527712481042,
      "process_1": 0.0012671242165706647
    },
    "gpu_energy": {
      "process_0": 0.010546959826451818,
      "process_3": 0.010526782588089034,
      "process_2": 0.010555760944602532,
      "process_1": 0.010589715416212009
    },
    "ram_energy": {
      "process_0": 6.3057990226178935e-06,
      "process_3": 6.695458109746468e-06,
      "process_2": 6.759773476525818e-06,
      "process_1": 6.817856199818781e-06
    },
    "total_energy_kwh": {
      "process_0": 0.01180909025844804,
      "process_3": 0.01178719773569972,
      "process_2": 0.011820173489327162,
      "process_1": 0.011863657488982493
    },
    "total_energy_joules": {
      "process_0": 42512.724930412944,
      "process_3": 42433.91184851899,
      "process_2": 42552.62456157778,
      "process_1": 42709.166960336974
    }
  },
  "global_experiment_results": {
    "cpu_power_avg": 112.5,
    "gpu_power_avg": 799.9841838766162,
    "ram_power_avg": 0.7167849540710449,
    "cpu_energy_total": 0.005034321310293308,
    "gpu_energy_total": 0.042219218775355394,
    "ram_energy_total": 2.6578886808708957e-05,
    "total_energy_kwh": 0.047280118972457416,
    "total_energy_joules": 170208.4283008467
  },
  "global_derived_quantities": {
    "tokens_per_joule": 0.09625845302467022,
    "joules_per_token": 10.3886980164091,
    "flops_per_joule": 309259552.1522841,
    "joules_per_flop": 3.233529871722717e-09
  },
  "per-process_emissions": [
    0.004498672933955781,
    0.0044903329774148085,
    0.004502895090759182,
    0.004519460320427881
  ]
}