{
  "process_id": 2992802,
  "local_process_index": 1,
  "energy_results": {
    "cpu_power": 112.5,
    "gpu_power": 678.678801481214,
    "ram_power": 0.732088565826416,
    "cpu_energy": 0.0012671242165706647,
    "gpu_energy": 0.010589715416212009,
    "ram_energy": 6.817856199818781e-06,
    "total_energy_kwh": 0.011863657488982493,
    "total_energy_joules": 42709.166960336974,
    "final_emissions": 0.004519460320427881
  }
}