{
  "process_id": 2992801,
  "local_process_index": 0,
  "energy_results": {
    "cpu_power": 112.5,
    "gpu_power": 838.1898265141094,
    "ram_power": 0.6826558113098145,
    "cpu_energy": 0.0012558246329735993,
    "gpu_energy": 0.010546959826451818,
    "ram_energy": 6.3057990226178935e-06,
    "total_energy_kwh": 0.01180909025844804,
    "total_energy_joules": 42512.724930412944,
    "final_emissions": 0.004498672933955781
  }
}