{
  "process_id": 2992803,
  "local_process_index": 2,
  "energy_results": {
    "cpu_power": 112.5,
    "gpu_power": 801.2838137855244,
    "ram_power": 0.7263121604919435,
    "cpu_energy": 0.0012576527712481042,
    "gpu_energy": 0.010555760944602532,
    "ram_energy": 6.759773476525818e-06,
    "total_energy_kwh": 0.011820173489327162,
    "total_energy_joules": 42552.62456157778,
    "final_emissions": 0.004502895090759182
  }
}