{
  "process_id": 4115470,
  "local_process_index": 3,
  "energy_results": {
    "cpu_power": 112.5,
    "gpu_power": 1044.0661629130836,
    "ram_power": 0.7239203453063965,
    "cpu_energy": 0.0012277510897274627,
    "gpu_energy": 0.01045861725577879,
    "ram_energy": 7.542009082680765e-06,
    "total_energy_kwh": 0.011693910354588931,
    "total_energy_joules": 42098.077276520155,
    "final_emissions": 0.0044547951495806535
  }
}