{
  "process_id": 4115467,
  "local_process_index": 0,
  "energy_results": {
    "cpu_power": 112.5,
    "gpu_power": 1502.621824088664,
    "ram_power": 0.6881661415100098,
    "cpu_energy": 0.0012276736141611762,
    "gpu_energy": 0.010464185038010498,
    "ram_energy": 6.80046088765329e-06,
    "total_energy_kwh": 0.011698659113059333,
    "total_energy_joules": 42115.1728070136,
    "final_emissions": 0.004456604189119953
  }
}