{
  "experiment_id": "0597",
  "local_process_results": {
    "cpu_power": {
      "process_3": 112.5,
      "process_2": 112.5,
      "process_0": 112.5,
      "process_1": 112.5
    },
    "gpu_power": {
      "process_3": 1044.0661629130836,
      "process_2": 1044.5111765510687,
      "process_0": 1502.621824088664,
      "process_1": 981.2417389435645
    },
    "ram_power": {
      "process_3": 0.7239203453063965,
      "process_2": 0.7308611869812012,
      "process_0": 0.6881661415100098,
      "process_1": 0.7308926582336427
    },
    "cpu_energy": {
      "process_3": 0.0012277510897274627,
      "process_2": 0.0012245647419094892,
      "process_0": 0.0012276736141611762,
      "process_1": 0.0012149752716231887
    },
    "gpu_energy": {
      "process_3": 0.01045861725577879,
      "process_2": 0.0103897160895432,
      "process_0": 0.010464185038010498,
      "process_1": 0.01046706865142788
    },
    "ram_energy": {
      "process_3": 7.542009082680765e-06,
      "process_2": 7.589218477870199e-06,
      "process_0": 6.80046088765329e-06,
      "process_1": 7.539994556359921e-06
    },
    "total_energy_kwh": {
      "process_3": 0.011693910354588931,
      "process_2": 0.011621870049930557,
      "process_0": 0.011698659113059333,
      "process_1": 0.01168958391760743
    },
    "total_energy_joules": {
      "process_3": 42098.077276520155,
      "process_2": 41838.732179750004,
      "process_0": 42115.1728070136,
      "process_1": 42082.502103386745
    }
  },
  "global_experiment_results": {
    "cpu_power_avg": 112.5,
    "gpu_power_avg": 1143.1102256240952,
    "ram_power_avg": 0.7184600830078125,
    "cpu_energy_total": 0.004894964717421317,
    "gpu_energy_total": 0.04177958703476037,
    "ram_energy_total": 2.9471683004564177e-05,
    "total_energy_kwh": 0.04670402343518625,
    "total_energy_joules": 168134.4843666705
  },
  "global_derived_quantities": {
    "tokens_per_joule": 0.09744580394506994,
    "joules_per_token": 10.262114524332917,
    "flops_per_joule": 313074278.05273366,
    "joules_per_flop": 3.1941301796488114e-09
  },
  "per-process_emissions": [
    0.0044547951495806535,
    0.004427351395521046,
    0.004456604189119953,
    0.00445314699341255
  ]
}