{
  "process_id": 4115469,
  "local_process_index": 2,
  "energy_results": {
    "cpu_power": 112.5,
    "gpu_power": 1044.5111765510687,
    "ram_power": 0.7308611869812012,
    "cpu_energy": 0.0012245647419094892,
    "gpu_energy": 0.0103897160895432,
    "ram_energy": 7.589218477870199e-06,
    "total_energy_kwh": 0.011621870049930557,
    "total_energy_joules": 41838.732179750004,
    "final_emissions": 0.004427351395521046
  }
}