{
  "process_id": 4115468,
  "local_process_index": 1,
  "energy_results": {
    "cpu_power": 112.5,
    "gpu_power": 981.2417389435645,
    "ram_power": 0.7308926582336427,
    "cpu_energy": 0.0012149752716231887,
    "gpu_energy": 0.01046706865142788,
    "ram_energy": 7.539994556359921e-06,
    "total_energy_kwh": 0.01168958391760743,
    "total_energy_joules": 42082.502103386745,
    "final_emissions": 0.00445314699341255
  }
}