{
  "experiment_id": "0114",
  "local_process_results": {
    "cpu_power": {
      "process_3": 112.5,
      "process_2": 112.5,
      "process_0": 112.5,
      "process_1": 112.5
    },
    "gpu_power": {
      "process_3": 940.0843906624634,
      "process_2": 315.1640636261344,
      "process_0": 711.8705233680586,
      "process_1": 680.4457419423828
    },
    "ram_power": {
      "process_3": 0.7332243919372559,
      "process_2": 0.725731372833252,
      "process_0": 0.6884880065917969,
      "process_1": 0.733696460723877
    },
    "cpu_energy": {
      "process_3": 0.0012677959503489546,
      "process_2": 0.0013056537306874814,
      "process_0": 0.001277619522408713,
      "process_1": 0.001280907236783605
    },
    "gpu_energy": {
      "process_3": 0.010473340323110314,
      "process_2": 0.010670384925192344,
      "process_0": 0.010557775390659607,
      "process_1": 0.010573962625831435
    },
    "ram_energy": {
      "process_3": 6.851691447222812e-06,
      "process_2": 6.851451833140759e-06,
      "process_0": 6.436692939907286e-06,
      "process_1": 6.882125930136582e-06
    },
    "total_energy_kwh": {
      "process_3": 0.011747987964906491,
      "process_2": 0.011982890107712968,
      "process_0": 0.011841831606008232,
      "process_1": 0.011861751988545178
    },
    "total_energy_joules": {
      "process_3": 42292.75667366337,
      "process_2": 43138.404387766685,
      "process_0": 42630.593781629635,
      "process_1": 42702.30715876264
    }
  },
  "global_experiment_results": {
    "cpu_power_avg": 112.5,
    "gpu_power_avg": 661.8911798997598,
    "ram_power_avg": 0.7202850580215454,
    "cpu_energy_total": 0.005131976440228754,
    "gpu_energy_total": 0.0422754632647937,
    "ram_energy_total": 2.7021962150407436e-05,
    "total_energy_kwh": 0.04743446166717287,
    "total_energy_joules": 170764.06200182234
  },
  "global_derived_quantities": {
    "tokens_per_joule": 0.09594524637054579,
    "joules_per_token": 10.422611206165914,
    "flops_per_joule": 308253280.5310186,
    "joules_per_flop": 3.2440855074675284e-09
  },
  "per-process_emissions": [
    0.0044753960152311275,
    0.004564881986533255,
    0.004511145750308836,
    0.004518734420036286
  ]
}