{
  "process_id": 3024126,
  "local_process_index": 1,
  "energy_results": {
    "cpu_power": 112.5,
    "gpu_power": 680.4457419423828,
    "ram_power": 0.733696460723877,
    "cpu_energy": 0.001280907236783605,
    "gpu_energy": 0.010573962625831435,
    "ram_energy": 6.882125930136582e-06,
    "total_energy_kwh": 0.011861751988545178,
    "total_energy_joules": 42702.30715876264,
    "final_emissions": 0.004518734420036286
  }
}