{
  "process_id": 3024128,
  "local_process_index": 3,
  "energy_results": {
    "cpu_power": 112.5,
    "gpu_power": 940.0843906624634,
    "ram_power": 0.7332243919372559,
    "cpu_energy": 0.0012677959503489546,
    "gpu_energy": 0.010473340323110314,
    "ram_energy": 6.851691447222812e-06,
    "total_energy_kwh": 0.011747987964906491,
    "total_energy_joules": 42292.75667366337,
    "final_emissions": 0.0044753960152311275
  }
}