{
  "process_id": 3024125,
  "local_process_index": 0,
  "energy_results": {
    "cpu_power": 112.5,
    "gpu_power": 711.8705233680586,
    "ram_power": 0.6884880065917969,
    "cpu_energy": 0.001277619522408713,
    "gpu_energy": 0.010557775390659607,
    "ram_energy": 6.436692939907286e-06,
    "total_energy_kwh": 0.011841831606008232,
    "total_energy_joules": 42630.593781629635,
    "final_emissions": 0.004511145750308836
  }
}