{
  "process_id": 3024127,
  "local_process_index": 2,
  "energy_results": {
    "cpu_power": 112.5,
    "gpu_power": 315.1640636261344,
    "ram_power": 0.725731372833252,
    "cpu_energy": 0.0013056537306874814,
    "gpu_energy": 0.010670384925192344,
    "ram_energy": 6.851451833140759e-06,
    "total_energy_kwh": 0.011982890107712968,
    "total_energy_joules": 43138.404387766685,
    "final_emissions": 0.004564881986533255
  }
}