{
  "process_id": 3821673,
  "local_process_index": 0,
  "energy_results": {
    "cpu_power": 112.5,
    "gpu_power": 759.4295493795973,
    "ram_power": 0.6866197586059571,
    "cpu_energy": 0.000993143602661803,
    "gpu_energy": 0.008592623818536538,
    "ram_energy": 5.973309262709843e-06,
    "total_energy_kwh": 0.009591740730461052,
    "total_energy_joules": 34530.26662965979,
    "final_emissions": 0.003653973631269138
  }
}