{
  "process_id": 3821675,
  "local_process_index": 2,
  "energy_results": {
    "cpu_power": 112.5,
    "gpu_power": 2769.346973481519,
    "ram_power": 0.7310099601745605,
    "cpu_energy": 0.0010082836572200906,
    "gpu_energy": 0.008562133238587677,
    "ram_energy": 6.294283891682105e-06,
    "total_energy_kwh": 0.009576711179699446,
    "total_energy_joules": 34476.16024691801,
    "final_emissions": 0.003648248123906504
  }
}