{
  "process_id": 3821676,
  "local_process_index": 3,
  "energy_results": {
    "cpu_power": 112.5,
    "gpu_power": 987.9821346536859,
    "ram_power": 0.7301959991455078,
    "cpu_energy": 0.0009648367850695649,
    "gpu_energy": 0.008644631637919176,
    "ram_energy": 6.204488023637787e-06,
    "total_energy_kwh": 0.009615672911012377,
    "total_energy_joules": 34616.422479644556,
    "final_emissions": 0.0036630905954501652
  }
}