{
  "process_id": 3821674,
  "local_process_index": 1,
  "energy_results": {
    "cpu_power": 112.5,
    "gpu_power": 653.1731355416641,
    "ram_power": 0.7232651710510254,
    "cpu_energy": 0.0010126678713149888,
    "gpu_energy": 0.008596822155226391,
    "ram_energy": 6.0583160951791235e-06,
    "total_energy_kwh": 0.009615548342636558,
    "total_energy_joules": 34615.974033491606,
    "final_emissions": 0.0036630431411273966
  }
}