{
  "experiment_id": "0468",
  "local_process_results": {
    "cpu_power": {
      "process_1": 112.5,
      "process_0": 112.5,
      "process_2": 112.5,
      "process_3": 112.5
    },
    "gpu_power": {
      "process_1": 653.1731355416641,
      "process_0": 759.4295493795973,
      "process_2": 2769.346973481519,
      "process_3": 987.9821346536859
    },
    "ram_power": {
      "process_1": 0.7232651710510254,
      "process_0": 0.6866197586059571,
      "process_2": 0.7310099601745605,
      "process_3": 0.7301959991455078
    },
    "cpu_energy": {
      "process_1": 0.0010126678713149888,
      "process_0": 0.000993143602661803,
      "process_2": 0.0010082836572200906,
      "process_3": 0.0009648367850695649
    },
    "gpu_energy": {
      "process_1": 0.008596822155226391,
      "process_0": 0.008592623818536538,
      "process_2": 0.008562133238587677,
      "process_3": 0.008644631637919176
    },
    "ram_energy": {
      "process_1": 6.0583160951791235e-06,
      "process_0": 5.973309262709843e-06,
      "process_2": 6.294283891682105e-06,
      "process_3": 6.204488023637787e-06
    },
    "total_energy_kwh": {
      "process_1": 0.009615548342636558,
      "process_0": 0.009591740730461052,
      "process_2": 0.009576711179699446,
      "process_3": 0.009615672911012377
    },
    "total_energy_joules": {
      "process_1": 34615.974033491606,
      "process_0": 34530.26662965979,
      "process_2": 34476.16024691801,
      "process_3": 34616.422479644556
    }
  },
  "global_experiment_results": {
    "cpu_power_avg": 112.5,
    "gpu_power_avg": 1292.4829482641164,
    "ram_power_avg": 0.7177727222442627,
    "cpu_energy_total": 0.003978931916266447,
    "gpu_energy_total": 0.03439621085026978,
    "ram_energy_total": 2.453039727320886e-05,
    "total_energy_kwh": 0.038399673163809434,
    "total_energy_joules": 138238.82338971397
  },
  "global_derived_quantities": {
    "tokens_per_joule": 0.11851952728077904,
    "joules_per_token": 8.437428185407347,
    "flops_per_joule": 380780022.7036706,
    "joules_per_flop": 2.6261881936443307e-09
  },
  "per-process_emissions": [
    0.0036630431411273966,
    0.003653973631269138,
    0.003648248123906504,
    0.0036630905954501652
  ]
}