{
  "process_id": 3020836,
  "local_process_index": 1,
  "energy_results": {
    "cpu_power": 112.5,
    "gpu_power": 929.4369350664033,
    "ram_power": 0.7206802368164062,
    "cpu_energy": 0.0012269840526296322,
    "gpu_energy": 0.01037080912997368,
    "ram_energy": 6.507434796621232e-06,
    "total_energy_kwh": 0.011604300617399935,
    "total_energy_joules": 41775.48222263977,
    "final_emissions": 0.004420658320198505
  }
}