{
  "process_id": 3020838,
  "local_process_index": 3,
  "energy_results": {
    "cpu_power": 112.5,
    "gpu_power": 799.1929868687555,
    "ram_power": 0.7295966148376465,
    "cpu_energy": 0.0012303603997497702,
    "gpu_energy": 0.01038297469526217,
    "ram_energy": 6.642794862591843e-06,
    "total_energy_kwh": 0.011619977889874528,
    "total_energy_joules": 41831.920403548305,
    "final_emissions": 0.004426630577147702
  }
}