{
  "experiment_id": "0112",
  "local_process_results": {
    "cpu_power": {
      "process_0": 112.5,
      "process_2": 112.5,
      "process_1": 112.5,
      "process_3": 112.5
    },
    "gpu_power": {
      "process_0": 922.6751109199915,
      "process_2": 1095.5739962649584,
      "process_1": 929.4369350664033,
      "process_3": 799.1929868687555
    },
    "ram_power": {
      "process_0": 0.6846942901611329,
      "process_2": 0.7286396026611328,
      "process_1": 0.7206802368164062,
      "process_3": 0.7295966148376465
    },
    "cpu_energy": {
      "process_0": 0.0012248643576513133,
      "process_2": 0.0012183976777214414,
      "process_1": 0.0012269840526296322,
      "process_3": 0.0012303603997497702
    },
    "gpu_energy": {
      "process_0": 0.010369870240332979,
      "process_2": 0.010315318807804452,
      "process_1": 0.01037080912997368,
      "process_3": 0.01038297469526217
    },
    "ram_energy": {
      "process_0": 6.1396195169811485e-06,
      "process_2": 6.543083210361001e-06,
      "process_1": 6.507434796621232e-06,
      "process_3": 6.642794862591843e-06
    },
    "total_energy_kwh": {
      "process_0": 0.01160087421750127,
      "process_2": 0.011540259568736255,
      "process_1": 0.011604300617399935,
      "process_3": 0.011619977889874528
    },
    "total_energy_joules": {
      "process_0": 41763.14718300457,
      "process_2": 41544.93444745052,
      "process_1": 41775.48222263977,
      "process_3": 41831.920403548305
    }
  },
  "global_experiment_results": {
    "cpu_power_avg": 112.5,
    "gpu_power_avg": 936.7197572800271,
    "ram_power_avg": 0.7159026861190796,
    "cpu_energy_total": 0.004900606487752157,
    "gpu_energy_total": 0.04143897287337328,
    "ram_energy_total": 2.583293238655522e-05,
    "total_energy_kwh": 0.04636541229351199,
    "total_energy_joules": 166915.48425664316
  },
  "global_derived_quantities": {
    "tokens_per_joule": 0.09815746018391296,
    "joules_per_token": 10.18771266214863,
    "flops_per_joule": 315360690.1318324,
    "joules_per_flop": 3.1709722590407923e-09
  },
  "per-process_emissions": [
    0.004419353033157109,
    0.004396261882710076,
    0.004420658320198505,
    0.004426630577147702
  ]
}