{
  "process_id": 3020837,
  "local_process_index": 2,
  "energy_results": {
    "cpu_power": 112.5,
    "gpu_power": 1095.5739962649584,
    "ram_power": 0.7286396026611328,
    "cpu_energy": 0.0012183976777214414,
    "gpu_energy": 0.010315318807804452,
    "ram_energy": 6.543083210361001e-06,
    "total_energy_kwh": 0.011540259568736255,
    "total_energy_joules": 41544.93444745052,
    "final_emissions": 0.004396261882710076
  }
}