{
  "process_id": 3020835,
  "local_process_index": 0,
  "energy_results": {
    "cpu_power": 112.5,
    "gpu_power": 922.6751109199915,
    "ram_power": 0.6846942901611329,
    "cpu_energy": 0.0012248643576513133,
    "gpu_energy": 0.010369870240332979,
    "ram_energy": 6.1396195169811485e-06,
    "total_energy_kwh": 0.01160087421750127,
    "total_energy_joules": 41763.14718300457,
    "final_emissions": 0.004419353033157109
  }
}