{
  "process_id": 3892214,
  "local_process_index": 0,
  "energy_results": {
    "cpu_power": 112.5,
    "gpu_power": 0.0,
    "ram_power": 0.6901946067810059,
    "cpu_energy": 0.00123539687446646,
    "gpu_energy": 0.010396838595243096,
    "ram_energy": 6.933807992788305e-06,
    "total_energy_kwh": 0.011639169277702343,
    "total_energy_joules": 41901.009399728435,
    "final_emissions": 0.004433941536340708
  }
}