{
  "process_id": 3892216,
  "local_process_index": 2,
  "energy_results": {
    "cpu_power": 112.5,
    "gpu_power": 2377.183043027529,
    "ram_power": 0.7272763252258301,
    "cpu_energy": 0.0011885089758088723,
    "gpu_energy": 0.010369660240165501,
    "ram_energy": 7.032609498926734e-06,
    "total_energy_kwh": 0.011565201825473295,
    "total_energy_joules": 41634.72657170386,
    "final_emissions": 0.004405763635414051
  }
}