{
  "process_id": 3892217,
  "local_process_index": 3,
  "energy_results": {
    "cpu_power": 112.5,
    "gpu_power": 436.1529100714976,
    "ram_power": 0.7333216667175293,
    "cpu_energy": 0.001170076890246492,
    "gpu_energy": 0.010420072502714817,
    "ram_energy": 7.314554931422574e-06,
    "total_energy_kwh": 0.01159746394789273,
    "total_energy_joules": 41750.87021241383,
    "final_emissions": 0.004418053890949736
  }
}