{
  "experiment_id": "0497",
  "local_process_results": {
    "cpu_power": {
      "process_0": 112.5,
      "process_2": 112.5,
      "process_1": 112.5,
      "process_3": 112.5
    },
    "gpu_power": {
      "process_0": 0.0,
      "process_2": 2377.183043027529,
      "process_1": 13.205056017685104,
      "process_3": 436.1529100714976
    },
    "ram_power": {
      "process_0": 0.6901946067810059,
      "process_2": 0.7272763252258301,
      "process_1": 0.726555347442627,
      "process_3": 0.7333216667175293
    },
    "cpu_energy": {
      "process_0": 0.00123539687446646,
      "process_2": 0.0011885089758088723,
      "process_1": 0.0011786018552611495,
      "process_3": 0.001170076890246492
    },
    "gpu_energy": {
      "process_0": 0.010396838595243096,
      "process_2": 0.010369660240165501,
      "process_1": 0.010396838595243096,
      "process_3": 0.010420072502714817
    },
    "ram_energy": {
      "process_0": 6.933807992788305e-06,
      "process_2": 7.032609498926734e-06,
      "process_1": 7.295980039928302e-06,
      "process_3": 7.314554931422574e-06
    },
    "total_energy_kwh": {
      "process_0": 0.011639169277702343,
      "process_2": 0.011565201825473295,
      "process_1": 0.011582736430544173,
      "process_3": 0.01159746394789273
    },
    "total_energy_joules": {
      "process_0": 41901.009399728435,
      "process_2": 41634.72657170386,
      "process_1": 41697.851149959024,
      "process_3": 41750.87021241383
    }
  },
  "global_experiment_results": {
    "cpu_power_avg": 112.5,
    "gpu_power_avg": 706.6352522791778,
    "ram_power_avg": 0.719336986541748,
    "cpu_energy_total": 0.004772584595782974,
    "gpu_energy_total": 0.04158340993336651,
    "ram_energy_total": 2.8576952463065915e-05,
    "total_energy_kwh": 0.04638457148161254,
    "total_energy_joules": 166984.45733380516
  },
  "global_derived_quantities": {
    "tokens_per_joule": 0.09811691615853844,
    "joules_per_token": 10.191922444690256,
    "flops_per_joule": 315230430.1210409,
    "joules_per_flop": 3.1722825731514057e-09
  },
  "per-process_emissions": [
    0.004433941536340708,
    0.004405763635414051,
    0.004412443443215803,
    0.004418053890949736
  ]
}