{
  "process_id": 3892215,
  "local_process_index": 1,
  "energy_results": {
    "cpu_power": 112.5,
    "gpu_power": 13.205056017685104,
    "ram_power": 0.726555347442627,
    "cpu_energy": 0.0011786018552611495,
    "gpu_energy": 0.010396838595243096,
    "ram_energy": 7.295980039928302e-06,
    "total_energy_kwh": 0.011582736430544173,
    "total_energy_joules": 41697.851149959024,
    "final_emissions": 0.004412443443215803
  }
}