{
  "process_id": 3147335,
  "local_process_index": 2,
  "energy_results": {
    "cpu_power": 112.5,
    "gpu_power": 1014.9350589497244,
    "ram_power": 0.7134232521057129,
    "cpu_energy": 0.0012348692850264339,
    "gpu_energy": 0.010357895508531278,
    "ram_energy": 6.353024457770495e-06,
    "total_energy_kwh": 0.011599117818015484,
    "total_energy_joules": 41756.824144855746,
    "final_emissions": 0.004418683932772999
  }
}