{
  "experiment_id": "0185",
  "local_process_results": {
    "cpu_power": {
      "process_1": 112.5,
      "process_2": 112.5,
      "process_0": 112.5,
      "process_3": 112.5
    },
    "gpu_power": {
      "process_1": 5987.023095259284,
      "process_2": 1014.9350589497244,
      "process_0": 6.394933836124741,
      "process_3": 495.77093355785973
    },
    "ram_power": {
      "process_1": 0.7199850082397462,
      "process_2": 0.7134232521057129,
      "process_0": 0.6847786903381348,
      "process_3": 0.7214469909667969
    },
    "cpu_energy": {
      "process_1": 0.0012462458148165755,
      "process_2": 0.0012348692850264339,
      "process_0": 0.0012808354136250272,
      "process_3": 0.00124575022533827
    },
    "gpu_energy": {
      "process_1": 0.010415235554403601,
      "process_2": 0.010357895508531278,
      "process_0": 0.010412752774638712,
      "process_3": 0.010416204444067212
    },
    "ram_energy": {
      "process_1": 6.535119408863399e-06,
      "process_2": 6.353024457770495e-06,
      "process_0": 6.3086257284354e-06,
      "process_3": 6.618461146969561e-06
    },
    "total_energy_kwh": {
      "process_1": 0.01166801648862904,
      "process_2": 0.011599117818015484,
      "process_0": 0.011699896813992174,
      "process_3": 0.011668573130552456
    },
    "total_energy_joules": {
      "process_1": 42004.85935906455,
      "process_2": 41756.824144855746,
      "process_0": 42119.628530371825,
      "process_3": 42006.86326998884
    }
  },
  "global_experiment_results": {
    "cpu_power_avg": 112.5,
    "gpu_power_avg": 1876.0310054007482,
    "ram_power_avg": 0.7099084854125977,
    "cpu_energy_total": 0.005007700738806306,
    "gpu_energy_total": 0.0416020882816408,
    "ram_energy_total": 2.5815230742038855e-05,
    "total_energy_kwh": 0.04663560425118915,
    "total_energy_joules": 167888.17530428094
  },
  "global_derived_quantities": {
    "tokens_per_joule": 0.09758876687000498,
    "joules_per_token": 10.247081012224179,
    "flops_per_joule": 313533589.92354107,
    "joules_per_flop": 3.1894509301024556e-09
  },
  "per-process_emissions": [
    0.0044449308813432325,
    0.004418683932772999,
    0.004457075691290319,
    0.004445142934083958
  ]
}