{
  "process_id": 3147336,
  "local_process_index": 3,
  "energy_results": {
    "cpu_power": 112.5,
    "gpu_power": 495.77093355785973,
    "ram_power": 0.7214469909667969,
    "cpu_energy": 0.00124575022533827,
    "gpu_energy": 0.010416204444067212,
    "ram_energy": 6.618461146969561e-06,
    "total_energy_kwh": 0.011668573130552456,
    "total_energy_joules": 42006.86326998884,
    "final_emissions": 0.004445142934083958
  }
}