{
  "process_id": 3147333,
  "local_process_index": 0,
  "energy_results": {
    "cpu_power": 112.5,
    "gpu_power": 6.394933836124741,
    "ram_power": 0.6847786903381348,
    "cpu_energy": 0.0012808354136250272,
    "gpu_energy": 0.010412752774638712,
    "ram_energy": 6.3086257284354e-06,
    "total_energy_kwh": 0.011699896813992174,
    "total_energy_joules": 42119.628530371825,
    "final_emissions": 0.004457075691290319
  }
}