{
  "process_id": 3147334,
  "local_process_index": 1,
  "energy_results": {
    "cpu_power": 112.5,
    "gpu_power": 5987.023095259284,
    "ram_power": 0.7199850082397462,
    "cpu_energy": 0.0012462458148165755,
    "gpu_energy": 0.010415235554403601,
    "ram_energy": 6.535119408863399e-06,
    "total_energy_kwh": 0.01166801648862904,
    "total_energy_joules": 42004.85935906455,
    "final_emissions": 0.0044449308813432325
  }
}