{
  "process_id": 2726294,
  "local_process_index": 1,
  "energy_results": {
    "cpu_power": 112.5,
    "gpu_power": 12.121462056583425,
    "ram_power": 0.7241263389587402,
    "cpu_energy": 0.0012452605665948795,
    "gpu_energy": 0.010289730731778413,
    "ram_energy": 6.672856411390431e-06,
    "total_energy_kwh": 0.01154166415478468,
    "total_energy_joules": 41549.99095722485,
    "final_emissions": 0.004396796959765224
  }
}