{
  "process_id": 2726293,
  "local_process_index": 0,
  "energy_results": {
    "cpu_power": 112.5,
    "gpu_power": 199.73665493892685,
    "ram_power": 0.6806831359863281,
    "cpu_energy": 0.0012106303311775265,
    "gpu_energy": 0.010284418227528569,
    "ram_energy": 6.283898963057768e-06,
    "total_energy_kwh": 0.01150133245766915,
    "total_energy_joules": 41404.796847608945,
    "final_emissions": 0.004381432599749063
  }
}