{
  "process_id": 2726296,
  "local_process_index": 3,
  "energy_results": {
    "cpu_power": 112.5,
    "gpu_power": 968.6412827658634,
    "ram_power": 0.7242636680603027,
    "cpu_energy": 0.0012031879380010656,
    "gpu_energy": 0.01024891069912126,
    "ram_energy": 6.413206876405938e-06,
    "total_energy_kwh": 0.011458511843998737,
    "total_energy_joules": 41250.64263839545,
    "final_emissions": 0.004365120086971319
  }
}