{
  "experiment_id": "0002",
  "local_process_results": {
    "cpu_power": {
      "process_0": 112.5,
      "process_1": 112.5,
      "process_3": 112.5,
      "process_2": 112.5
    },
    "gpu_power": {
      "process_0": 199.73665493892685,
      "process_1": 12.121462056583425,
      "process_3": 968.6412827658634,
      "process_2": 1032.4188568662928
    },
    "ram_power": {
      "process_0": 0.6806831359863281,
      "process_1": 0.7241263389587402,
      "process_3": 0.7242636680603027,
      "process_2": 0.7258787155151367
    },
    "cpu_energy": {
      "process_0": 0.0012106303311775265,
      "process_1": 0.0012452605665948795,
      "process_3": 0.0012031879380010656,
      "process_2": 0.0012019460700648781
    },
    "gpu_energy": {
      "process_0": 0.010284418227528569,
      "process_1": 0.010289730731778413,
      "process_3": 0.01024891069912126,
      "process_2": 0.010241635693300388
    },
    "ram_energy": {
      "process_0": 6.283898963057768e-06,
      "process_1": 6.672856411390431e-06,
      "process_3": 6.413206876405938e-06,
      "process_2": 6.3606850578169025e-06
    },
    "total_energy_kwh": {
      "process_0": 0.01150133245766915,
      "process_1": 0.01154166415478468,
      "process_3": 0.011458511843998737,
      "process_2": 0.011449942448423085
    },
    "total_energy_joules": {
      "process_0": 41404.796847608945,
      "process_1": 41549.99095722485,
      "process_3": 41250.64263839545,
      "process_2": 41219.792814323104
    }
  },
  "global_experiment_results": {
    "cpu_power_avg": 112.5,
    "gpu_power_avg": 553.2295641569167,
    "ram_power_avg": 0.713737964630127,
    "cpu_energy_total": 0.00486102490583835,
    "gpu_energy_total": 0.04106469535172863,
    "ram_energy_total": 2.573064730867104e-05,
    "total_energy_kwh": 0.04595145090487565,
    "total_energy_joules": 165425.22325755234
  },
  "global_derived_quantities": {
    "tokens_per_joule": 0.09904172820423866,
    "joules_per_token": 10.096754349215841,
    "flops_per_joule": 318201670.0494967,
    "joules_per_flop": 3.142661067254765e-09
  },
  "per-process_emissions": [
    0.004381432599749063,
    0.004396796959765224,
    0.004365120086971319,
    0.004361855575726774
  ]
}