{
  "process_id": 2726295,
  "local_process_index": 2,
  "energy_results": {
    "cpu_power": 112.5,
    "gpu_power": 1032.4188568662928,
    "ram_power": 0.7258787155151367,
    "cpu_energy": 0.0012019460700648781,
    "gpu_energy": 0.010241635693300388,
    "ram_energy": 6.3606850578169025e-06,
    "total_energy_kwh": 0.011449942448423085,
    "total_energy_joules": 41219.792814323104,
    "final_emissions": 0.004361855575726774
  }
}