{
  "process_id": 3622959,
  "local_process_index": 0,
  "energy_results": {
    "cpu_power": 112.5,
    "gpu_power": 1006.4816995895916,
    "ram_power": 0.6903748512268068,
    "cpu_energy": 0.0011815608725573839,
    "gpu_energy": 0.010296104070210532,
    "ram_energy": 6.163259464661282e-06,
    "total_energy_kwh": 0.011483828202232578,
    "total_energy_joules": 41341.78152803728,
    "final_emissions": 0.0043747643536405
  }
}