{
  "process_id": 3622960,
  "local_process_index": 1,
  "energy_results": {
    "cpu_power": 112.5,
    "gpu_power": 785.4256153501705,
    "ram_power": 0.7320928573608398,
    "cpu_energy": 0.0011923800219374244,
    "gpu_energy": 0.010347829944924669,
    "ram_energy": 6.579310755549898e-06,
    "total_energy_kwh": 0.011546789277617642,
    "total_energy_joules": 41568.441399423515,
    "final_emissions": 0.004398749375308441
  }
}