{
  "experiment_id": "0461",
  "local_process_results": {
    "cpu_power": {
      "process_2": 112.5,
      "process_1": 112.5,
      "process_0": 112.5,
      "process_3": 112.5
    },
    "gpu_power": {
      "process_2": 1085.3834743463385,
      "process_1": 785.4256153501705,
      "process_0": 1006.4816995895916,
      "process_3": 750.2685253181571
    },
    "ram_power": {
      "process_2": 0.7324762344360352,
      "process_1": 0.7320928573608398,
      "process_0": 0.6903748512268068,
      "process_3": 0.7323460578918458
    },
    "cpu_energy": {
      "process_2": 0.0011805720096799634,
      "process_1": 0.0011923800219374244,
      "process_0": 0.0011815608725573839,
      "process_3": 0.001195559941284955
    },
    "gpu_energy": {
      "process_2": 0.010296104070210532,
      "process_1": 0.010347829944924669,
      "process_0": 0.010296104070210532,
      "process_3": 0.010363316068424666
    },
    "ram_energy": {
      "process_2": 6.535364144582588e-06,
      "process_1": 6.579310755549898e-06,
      "process_0": 6.163259464661282e-06,
      "process_3": 6.620165971957847e-06
    },
    "total_energy_kwh": {
      "process_2": 0.011483211444035078,
      "process_1": 0.011546789277617642,
      "process_0": 0.011483828202232578,
      "process_3": 0.011565496175681582
    },
    "total_energy_joules": {
      "process_2": 41339.56119852628,
      "process_1": 41568.441399423515,
      "process_0": 41341.78152803728,
      "process_3": 41635.7862324537
    }
  },
  "global_experiment_results": {
    "cpu_power_avg": 112.5,
    "gpu_power_avg": 906.8898286510645,
    "ram_power_avg": 0.7218225002288818,
    "cpu_energy_total": 0.004750072845459727,
    "gpu_energy_total": 0.0413033541537704,
    "ram_energy_total": 2.5898100336751614e-05,
    "total_energy_kwh": 0.04607932509956688,
    "total_energy_joules": 165885.57035844075
  },
  "global_derived_quantities": {
    "tokens_per_joule": 0.09876687866580515,
    "joules_per_token": 10.1248517064478,
    "flops_per_joule": 317318632.3266338,
    "joules_per_flop": 3.1514064984707363e-09
  },
  "per-process_emissions": [
    0.0043745293996051635,
    0.004398749375308441,
    0.0043747643536405,
    0.004405875768125899
  ]
}