{
  "process_id": 3622962,
  "local_process_index": 3,
  "energy_results": {
    "cpu_power": 112.5,
    "gpu_power": 750.2685253181571,
    "ram_power": 0.7323460578918458,
    "cpu_energy": 0.001195559941284955,
    "gpu_energy": 0.010363316068424666,
    "ram_energy": 6.620165971957847e-06,
    "total_energy_kwh": 0.011565496175681582,
    "total_energy_joules": 41635.7862324537,
    "final_emissions": 0.004405875768125899
  }
}