{
  "process_id": 3622961,
  "local_process_index": 2,
  "energy_results": {
    "cpu_power": 112.5,
    "gpu_power": 1085.3834743463385,
    "ram_power": 0.7324762344360352,
    "cpu_energy": 0.0011805720096799634,
    "gpu_energy": 0.010296104070210532,
    "ram_energy": 6.535364144582588e-06,
    "total_energy_kwh": 0.011483211444035078,
    "total_energy_joules": 41339.56119852628,
    "final_emissions": 0.0043745293996051635
  }
}