{
  "process_id": 3597791,
  "local_process_index": 0,
  "energy_results": {
    "cpu_power": 112.5,
    "gpu_power": 927.260941844813,
    "ram_power": 0.6861763000488281,
    "cpu_energy": 0.0009093609752872,
    "gpu_energy": 0.007970290820670911,
    "ram_energy": 4.9661408647439336e-06,
    "total_energy_kwh": 0.008884617936822858,
    "total_energy_joules": 31984.62457256229,
    "final_emissions": 0.0033845952030326677
  }
}