{
  "process_id": 3597793,
  "local_process_index": 2,
  "energy_results": {
    "cpu_power": 112.5,
    "gpu_power": 930.1305678071021,
    "ram_power": 0.7169251441955566,
    "cpu_energy": 0.0009131400705045961,
    "gpu_energy": 0.007980216384167349,
    "ram_energy": 5.214464362096109e-06,
    "total_energy_kwh": 0.008898570919034041,
    "total_energy_joules": 32034.85530852255,
    "final_emissions": 0.003389910591606018
  }
}