{
  "process_id": 3597794,
  "local_process_index": 3,
  "energy_results": {
    "cpu_power": 112.5,
    "gpu_power": 886.6094521902353,
    "ram_power": 0.7311301231384277,
    "cpu_energy": 0.0009150050917105545,
    "gpu_energy": 0.007995155007225918,
    "ram_energy": 5.326990746885538e-06,
    "total_energy_kwh": 0.00891548708968336,
    "total_energy_joules": 32095.753522860094,
    "final_emissions": 0.003396354806814876
  }
}