{
  "process_id": 3597792,
  "local_process_index": 1,
  "energy_results": {
    "cpu_power": 112.5,
    "gpu_power": 782.5914002837001,
    "ram_power": 0.717282772064209,
    "cpu_energy": 0.0009167230312741594,
    "gpu_energy": 0.008006584183037901,
    "ram_energy": 5.250298041180937e-06,
    "total_energy_kwh": 0.008928557512353243,
    "total_energy_joules": 32142.807044471676,
    "final_emissions": 0.003401333984330968
  }
}