{
  "experiment_id": "0447",
  "local_process_results": {
    "cpu_power": {
      "process_0": 112.5,
      "process_1": 112.5,
      "process_2": 112.5,
      "process_3": 112.5
    },
    "gpu_power": {
      "process_0": 927.260941844813,
      "process_1": 782.5914002837001,
      "process_2": 930.1305678071021,
      "process_3": 886.6094521902353
    },
    "ram_power": {
      "process_0": 0.6861763000488281,
      "process_1": 0.717282772064209,
      "process_2": 0.7169251441955566,
      "process_3": 0.7311301231384277
    },
    "cpu_energy": {
      "process_0": 0.0009093609752872,
      "process_1": 0.0009167230312741594,
      "process_2": 0.0009131400705045961,
      "process_3": 0.0009150050917105545
    },
    "gpu_energy": {
      "process_0": 0.007970290820670911,
      "process_1": 0.008006584183037901,
      "process_2": 0.007980216384167349,
      "process_3": 0.007995155007225918
    },
    "ram_energy": {
      "process_0": 4.9661408647439336e-06,
      "process_1": 5.250298041180937e-06,
      "process_2": 5.214464362096109e-06,
      "process_3": 5.326990746885538e-06
    },
    "total_energy_kwh": {
      "process_0": 0.008884617936822858,
      "process_1": 0.008928557512353243,
      "process_2": 0.008898570919034041,
      "process_3": 0.00891548708968336
    },
    "total_energy_joules": {
      "process_0": 31984.62457256229,
      "process_1": 32142.807044471676,
      "process_2": 32034.85530852255,
      "process_3": 32095.753522860094
    }
  },
  "global_experiment_results": {
    "cpu_power_avg": 112.5,
    "gpu_power_avg": 881.6480905314627,
    "ram_power_avg": 0.7128785848617554,
    "cpu_energy_total": 0.00365422916877651,
    "gpu_energy_total": 0.03195224639510208,
    "ram_energy_total": 2.075789401490652e-05,
    "total_energy_kwh": 0.0356272334578935,
    "total_energy_joules": 128258.0404484166
  },
  "global_derived_quantities": {
    "tokens_per_joule": 0.1277424786993326,
    "joules_per_token": 7.8282495390879285,
    "flops_per_joule": 410411558.79840857,
    "joules_per_flop": 2.4365785479526257e-09
  },
  "per-process_emissions": [
    0.0033845952030326677,
    0.003401333984330968,
    0.003389910591606018,
    0.003396354806814876
  ]
}