{
  "experiment_id": "0087",
  "local_process_results": {
    "cpu_power": {
      "process_3": 112.5,
      "process_0": 112.5,
      "process_2": 112.5,
      "process_1": 112.5
    },
    "gpu_power": {
      "process_3": 788.830501963498,
      "process_0": 531.196916853139,
      "process_2": 496.4253013970584,
      "process_1": 0.0
    },
    "ram_power": {
      "process_3": 0.7159767150878906,
      "process_0": 0.6866383552551271,
      "process_2": 0.7220306396484375,
      "process_1": 0.7206573486328125
    },
    "cpu_energy": {
      "process_3": 0.0020758985926913735,
      "process_0": 0.002141114172784,
      "process_2": 0.0021478583747721134,
      "process_1": 0.0021065359468466346
    },
    "gpu_energy": {
      "process_3": 0.015480750440146629,
      "process_0": 0.015791325688604196,
      "process_2": 0.015818357932453786,
      "process_1": 0.01546310792603034
    },
    "ram_energy": {
      "process_3": 1.1252056587961068e-05,
      "process_0": 1.0986615805355577e-05,
      "process_2": 1.1594429058734433e-05,
      "process_1": 1.1440612536978592e-05
    },
    "total_energy_kwh": {
      "process_3": 0.017567901089425964,
      "process_0": 0.017943426477193554,
      "process_2": 0.017977810736284638,
      "process_1": 0.017581084485413942
    },
    "total_energy_joules": {
      "process_3": 63244.44392193347,
      "process_0": 64596.335317896795,
      "process_2": 64720.118650624696,
      "process_1": 63291.90414749019
    }
  },
  "global_experiment_results": {
    "cpu_power_avg": 112.5,
    "gpu_power_avg": 454.11318005342383,
    "ram_power_avg": 0.7113257646560669,
    "cpu_energy_total": 0.00847140708709412,
    "gpu_energy_total": 0.06255354198723495,
    "ram_energy_total": 4.527371398902967e-05,
    "total_energy_kwh": 0.0710702227883181,
    "total_energy_joules": 255852.80203794516
  },
  "global_derived_quantities": {
    "tokens_per_joule": 0.0640368206621013,
    "joules_per_token": 15.616015749386301,
    "flops_per_joule": 205737759.71801648,
    "joules_per_flop": 4.8605564742738365e-09
  },
  "per-process_emissions": [
    0.006692491920016821,
    0.006835548316486885,
    0.0068486469999876325,
    0.006697514134718441
  ]
}