{
  "process_id": 2979700,
  "local_process_index": 0,
  "energy_results": {
    "cpu_power": 112.5,
    "gpu_power": 531.196916853139,
    "ram_power": 0.6866383552551271,
    "cpu_energy": 0.002141114172784,
    "gpu_energy": 0.015791325688604196,
    "ram_energy": 1.0986615805355577e-05,
    "total_energy_kwh": 0.017943426477193554,
    "total_energy_joules": 64596.335317896795,
    "final_emissions": 0.006835548316486885
  }
}