{
  "process_id": 2979702,
  "local_process_index": 2,
  "energy_results": {
    "cpu_power": 112.5,
    "gpu_power": 496.4253013970584,
    "ram_power": 0.7220306396484375,
    "cpu_energy": 0.0021478583747721134,
    "gpu_energy": 0.015818357932453786,
    "ram_energy": 1.1594429058734433e-05,
    "total_energy_kwh": 0.017977810736284638,
    "total_energy_joules": 64720.118650624696,
    "final_emissions": 0.0068486469999876325
  }
}