{
  "process_id": 2979703,
  "local_process_index": 3,
  "energy_results": {
    "cpu_power": 112.5,
    "gpu_power": 788.830501963498,
    "ram_power": 0.7159767150878906,
    "cpu_energy": 0.0020758985926913735,
    "gpu_energy": 0.015480750440146629,
    "ram_energy": 1.1252056587961068e-05,
    "total_energy_kwh": 0.017567901089425964,
    "total_energy_joules": 63244.44392193347,
    "final_emissions": 0.006692491920016821
  }
}