{
  "process_id": 2979701,
  "local_process_index": 1,
  "energy_results": {
    "cpu_power": 112.5,
    "gpu_power": 0.0,
    "ram_power": 0.7206573486328125,
    "cpu_energy": 0.0021065359468466346,
    "gpu_energy": 0.01546310792603034,
    "ram_energy": 1.1440612536978592e-05,
    "total_energy_kwh": 0.017581084485413942,
    "total_energy_joules": 63291.90414749019,
    "final_emissions": 0.006697514134718441
  }
}