{
  "experiment_id": "0585",
  "local_process_results": {
    "cpu_power": {
      "process_2": 112.5,
      "process_3": 112.5,
      "process_1": 112.5,
      "process_0": 112.5
    },
    "gpu_power": {
      "process_2": 991.2285890259398,
      "process_3": 909.9453722582473,
      "process_1": 890.9836605752113,
      "process_0": 723.5896484138398
    },
    "ram_power": {
      "process_2": 0.7058200836181641,
      "process_3": 0.7234811782836914,
      "process_1": 0.7311229705810547,
      "process_0": 0.6800193786621094
    },
    "cpu_energy": {
      "process_2": 0.0013158990853353316,
      "process_3": 0.0013334341030658832,
      "process_1": 0.00130305669309746,
      "process_0": 0.0013333238854775123
    },
    "gpu_energy": {
      "process_2": 0.010570950956752867,
      "process_3": 0.010732539697134058,
      "process_1": 0.010649122130400812,
      "process_0": 0.010687937717008822
    },
    "ram_energy": {
      "process_2": 8.687008843334224e-06,
      "process_3": 8.941354261096295e-06,
      "process_1": 8.891868528459895e-06,
      "process_0": 8.405649894962976e-06
    },
    "total_energy_kwh": {
      "process_2": 0.011895537050931533,
      "process_3": 0.012074915154461043,
      "process_1": 0.011961070692026732,
      "process_0": 0.012029667252381296
    },
    "total_energy_joules": {
      "process_2": 42823.93338335352,
      "process_3": 43469.69455605975,
      "process_1": 43059.85449129623,
      "process_0": 43306.802108572665
    }
  },
  "global_experiment_results": {
    "cpu_power_avg": 112.5,
    "gpu_power_avg": 878.9368175683095,
    "ram_power_avg": 0.7101109027862549,
    "cpu_energy_total": 0.0052857137669761875,
    "gpu_energy_total": 0.04264055050129656,
    "ram_energy_total": 3.492588152785339e-05,
    "total_energy_kwh": 0.0479611901498006,
    "total_energy_joules": 172660.28453928215
  },
  "global_derived_quantities": {
    "tokens_per_joule": 0.09489153828118739,
    "joules_per_token": 10.538347445024545,
    "flops_per_joule": 304867922.86553967,
    "joules_per_flop": 3.2801089422616776e-09
  },
  "per-process_emissions": [
    0.004531604839552368,
    0.0045999389280919345,
    0.0045565698801275836,
    0.004582701739794655
  ]
}