{
  "process_id": 4092116,
  "local_process_index": 0,
  "energy_results": {
    "cpu_power": 112.5,
    "gpu_power": 723.5896484138398,
    "ram_power": 0.6800193786621094,
    "cpu_energy": 0.0013333238854775123,
    "gpu_energy": 0.010687937717008822,
    "ram_energy": 8.405649894962976e-06,
    "total_energy_kwh": 0.012029667252381296,
    "total_energy_joules": 43306.802108572665,
    "final_emissions": 0.004582701739794655
  }
}