{
  "process_id": 4092117,
  "local_process_index": 1,
  "energy_results": {
    "cpu_power": 112.5,
    "gpu_power": 890.9836605752113,
    "ram_power": 0.7311229705810547,
    "cpu_energy": 0.00130305669309746,
    "gpu_energy": 0.010649122130400812,
    "ram_energy": 8.891868528459895e-06,
    "total_energy_kwh": 0.011961070692026732,
    "total_energy_joules": 43059.85449129623,
    "final_emissions": 0.0045565698801275836
  }
}