{
  "process_id": 4092119,
  "local_process_index": 3,
  "energy_results": {
    "cpu_power": 112.5,
    "gpu_power": 909.9453722582473,
    "ram_power": 0.7234811782836914,
    "cpu_energy": 0.0013334341030658832,
    "gpu_energy": 0.010732539697134058,
    "ram_energy": 8.941354261096295e-06,
    "total_energy_kwh": 0.012074915154461043,
    "total_energy_joules": 43469.69455605975,
    "final_emissions": 0.0045999389280919345
  }
}