{
  "process_id": 4092118,
  "local_process_index": 2,
  "energy_results": {
    "cpu_power": 112.5,
    "gpu_power": 991.2285890259398,
    "ram_power": 0.7058200836181641,
    "cpu_energy": 0.0013158990853353316,
    "gpu_energy": 0.010570950956752867,
    "ram_energy": 8.687008843334224e-06,
    "total_energy_kwh": 0.011895537050931533,
    "total_energy_joules": 42823.93338335352,
    "final_emissions": 0.004531604839552368
  }
}