{
  "process_id": 4052809,
  "local_process_index": 3,
  "energy_results": {
    "cpu_power": 112.5,
    "gpu_power": 626.5915205392209,
    "ram_power": 0.7325448989868164,
    "cpu_energy": 0.0012147670630074574,
    "gpu_energy": 0.010721853299699546,
    "ram_energy": 7.95388476519311e-06,
    "total_energy_kwh": 0.0119445742474722,
    "total_energy_joules": 43000.46729089992,
    "final_emissions": 0.0045502855595745345
  }
}