{
  "experiment_id": "0563",
  "local_process_results": {
    "cpu_power": {
      "process_2": 112.5,
      "process_0": 112.5,
      "process_3": 112.5,
      "process_1": 112.5
    },
    "gpu_power": {
      "process_2": 952.4441633539344,
      "process_0": 960.7403242267883,
      "process_3": 626.5915205392209,
      "process_1": 916.3475210017554
    },
    "ram_power": {
      "process_2": 0.7337794303894043,
      "process_0": 0.6896538734436035,
      "process_3": 0.7325448989868164,
      "process_1": 0.733278751373291
    },
    "cpu_energy": {
      "process_2": 0.0011979903136561914,
      "process_0": 0.001146658960286004,
      "process_3": 0.0012147670630074574,
      "process_1": 0.0012095087250636428
    },
    "gpu_energy": {
      "process_2": 0.01062577294505651,
      "process_0": 0.01062577294505651,
      "process_3": 0.010721853299699546,
      "process_1": 0.010633076839791755
    },
    "ram_energy": {
      "process_2": 7.870891600475954e-06,
      "process_0": 7.064969098297762e-06,
      "process_3": 7.95388476519311e-06,
      "process_1": 7.886500358595194e-06
    },
    "total_energy_kwh": {
      "process_2": 0.011831634150313184,
      "process_0": 0.011779496874440815,
      "process_3": 0.0119445742474722,
      "process_1": 0.01185047206521399
    },
    "total_energy_joules": {
      "process_2": 42593.882941127464,
      "process_0": 42406.18874798693,
      "process_3": 43000.46729089992,
      "process_1": 42661.699434770366
    }
  },
  "global_experiment_results": {
    "cpu_power_avg": 112.5,
    "gpu_power_avg": 864.0308822804249,
    "ram_power_avg": 0.7223142385482788,
    "cpu_energy_total": 0.004768925062013295,
    "gpu_energy_total": 0.04260647602960432,
    "ram_energy_total": 3.077624582256202e-05,
    "total_energy_kwh": 0.04740617733744019,
    "total_energy_joules": 170662.2384147847
  },
  "global_derived_quantities": {
    "tokens_per_joule": 0.09600249095631593,
    "joules_per_token": 10.416396387621136,
    "flops_per_joule": 308437196.1706548,
    "joules_per_flop": 3.24215111671133e-09
  },
  "per-process_emissions": [
    0.004507261029561808,
    0.004487399334318229,
    0.0045502855595745345,
    0.004514437333243269
  ]
}