{
  "process_id": 4052806,
  "local_process_index": 0,
  "energy_results": {
    "cpu_power": 112.5,
    "gpu_power": 960.7403242267883,
    "ram_power": 0.6896538734436035,
    "cpu_energy": 0.001146658960286004,
    "gpu_energy": 0.01062577294505651,
    "ram_energy": 7.064969098297762e-06,
    "total_energy_kwh": 0.011779496874440815,
    "total_energy_joules": 42406.18874798693,
    "final_emissions": 0.004487399334318229
  }
}