{
  "process_id": 4052807,
  "local_process_index": 1,
  "energy_results": {
    "cpu_power": 112.5,
    "gpu_power": 916.3475210017554,
    "ram_power": 0.733278751373291,
    "cpu_energy": 0.0012095087250636428,
    "gpu_energy": 0.010633076839791755,
    "ram_energy": 7.886500358595194e-06,
    "total_energy_kwh": 0.01185047206521399,
    "total_energy_joules": 42661.699434770366,
    "final_emissions": 0.004514437333243269
  }
}