{
  "process_id": 4052808,
  "local_process_index": 2,
  "energy_results": {
    "cpu_power": 112.5,
    "gpu_power": 952.4441633539344,
    "ram_power": 0.7337794303894043,
    "cpu_energy": 0.0011979903136561914,
    "gpu_energy": 0.01062577294505651,
    "ram_energy": 7.870891600475954e-06,
    "total_energy_kwh": 0.011831634150313184,
    "total_energy_joules": 42593.882941127464,
    "final_emissions": 0.004507261029561808
  }
}