{
  "process_id": 3109336,
  "local_process_index": 3,
  "energy_results": {
    "cpu_power": 112.5,
    "gpu_power": 1092.3148008611809,
    "ram_power": 0.731748104095459,
    "cpu_energy": 0.0012440418558107922,
    "gpu_energy": 0.010449290026091518,
    "ram_energy": 6.61608707562834e-06,
    "total_energy_kwh": 0.011699947968977942,
    "total_energy_joules": 42119.81268832059,
    "final_emissions": 0.004457095178782147
  }
}