{
  "experiment_id": "0164",
  "local_process_results": {
    "cpu_power": {
      "process_2": 112.5,
      "process_1": 112.5,
      "process_0": 112.5,
      "process_3": 112.5
    },
    "gpu_power": {
      "process_2": 951.9711793299741,
      "process_1": 507.3925716339466,
      "process_0": 986.9347201560325,
      "process_3": 1092.3148008611809
    },
    "ram_power": {
      "process_2": 0.7244868278503418,
      "process_1": 0.7236185073852539,
      "process_0": 0.6885452270507812,
      "process_3": 0.731748104095459
    },
    "cpu_energy": {
      "process_2": 0.0012420955519664855,
      "process_1": 0.0012485172131237049,
      "process_0": 0.0012442367407165878,
      "process_3": 0.0012440418558107922
    },
    "gpu_energy": {
      "process_2": 0.010437681127915432,
      "process_1": 0.010466440595370052,
      "process_0": 0.010451236694315469,
      "process_3": 0.010449290026091518
    },
    "ram_energy": {
      "process_2": 6.525217750858955e-06,
      "process_1": 6.661232000715636e-06,
      "process_0": 6.386777118358909e-06,
      "process_3": 6.61608707562834e-06
    },
    "total_energy_kwh": {
      "process_2": 0.011686301897632782,
      "process_1": 0.011721619040494471,
      "process_0": 0.011701860212150415,
      "process_3": 0.011699947968977942
    },
    "total_energy_joules": {
      "process_2": 42070.686831478015,
      "process_1": 42197.828545780096,
      "process_0": 42126.69676374149,
      "process_3": 42119.81268832059
    }
  },
  "global_experiment_results": {
    "cpu_power_avg": 112.5,
    "gpu_power_avg": 884.6533179952835,
    "ram_power_avg": 0.717099666595459,
    "cpu_energy_total": 0.004978891361617571,
    "gpu_energy_total": 0.04180464844369247,
    "ram_energy_total": 2.618931394556184e-05,
    "total_energy_kwh": 0.046809729119255614,
    "total_energy_joules": 168515.0248293202
  },
  "global_derived_quantities": {
    "tokens_per_joule": 0.09722575192683544,
    "joules_per_token": 10.285340870930188,
    "flops_per_joule": 312367294.0272168,
    "joules_per_flop": 3.2013594864796225e-09
  },
  "per-process_emissions": [
    0.004451896707903209,
    0.004465350773476369,
    0.004457823647818701,
    0.004457095178782147
  ]
}