{
  "process_id": 3109335,
  "local_process_index": 2,
  "energy_results": {
    "cpu_power": 112.5,
    "gpu_power": 951.9711793299741,
    "ram_power": 0.7244868278503418,
    "cpu_energy": 0.0012420955519664855,
    "gpu_energy": 0.010437681127915432,
    "ram_energy": 6.525217750858955e-06,
    "total_energy_kwh": 0.011686301897632782,
    "total_energy_joules": 42070.686831478015,
    "final_emissions": 0.004451896707903209
  }
}