{
  "process_id": 3109333,
  "local_process_index": 0,
  "energy_results": {
    "cpu_power": 112.5,
    "gpu_power": 986.9347201560325,
    "ram_power": 0.6885452270507812,
    "cpu_energy": 0.0012442367407165878,
    "gpu_energy": 0.010451236694315469,
    "ram_energy": 6.386777118358909e-06,
    "total_energy_kwh": 0.011701860212150415,
    "total_energy_joules": 42126.69676374149,
    "final_emissions": 0.004457823647818701
  }
}