{
  "process_id": 3109334,
  "local_process_index": 1,
  "energy_results": {
    "cpu_power": 112.5,
    "gpu_power": 507.3925716339466,
    "ram_power": 0.7236185073852539,
    "cpu_energy": 0.0012485172131237049,
    "gpu_energy": 0.010466440595370052,
    "ram_energy": 6.661232000715636e-06,
    "total_energy_kwh": 0.011721619040494471,
    "total_energy_joules": 42197.828545780096,
    "final_emissions": 0.004465350773476369
  }
}