{
  "process_id": 2809187,
  "local_process_index": 2,
  "energy_results": {
    "cpu_power": 112.5,
    "gpu_power": 994.8358130885639,
    "ram_power": 0.7301545143127443,
    "cpu_energy": 0.0012380194282213778,
    "gpu_energy": 0.010374361077261085,
    "ram_energy": 6.6284357688266585e-06,
    "total_energy_kwh": 0.01161900894125129,
    "total_energy_joules": 41828.432188504645,
    "final_emissions": 0.004426261456169679
  }
}