{
  "experiment_id": "0050",
  "local_process_results": {
    "cpu_power": {
      "process_0": 112.5,
      "process_3": 112.5,
      "process_2": 112.5,
      "process_1": 112.5
    },
    "gpu_power": {
      "process_0": 0.0,
      "process_3": 14.075981830391344,
      "process_2": 994.8358130885639,
      "process_1": 1002.1011394118468
    },
    "ram_power": {
      "process_0": 0.6792283058166504,
      "process_3": 0.7281961441040039,
      "process_2": 0.7301545143127443,
      "process_1": 0.7220993041992188
    },
    "cpu_energy": {
      "process_0": 0.0012740976438981309,
      "process_3": 0.0012769681137197036,
      "process_2": 0.0012380194282213778,
      "process_1": 0.0012406037218133863
    },
    "gpu_energy": {
      "process_0": 0.010398876930206136,
      "process_3": 0.0104046969348639,
      "process_2": 0.010374361077261085,
      "process_1": 0.010388658866476774
    },
    "ram_energy": {
      "process_0": 6.41702786108511e-06,
      "process_3": 6.782498795695111e-06,
      "process_2": 6.6284357688266585e-06,
      "process_1": 6.565650896879378e-06
    },
    "total_energy_kwh": {
      "process_0": 0.011679391601965353,
      "process_3": 0.011688447547379301,
      "process_2": 0.01161900894125129,
      "process_1": 0.01163582823918704
    },
    "total_energy_joules": {
      "process_0": 42045.80976707527,
      "process_3": 42078.41117056549,
      "process_2": 41828.432188504645,
      "process_1": 41888.98166107335
    }
  },
  "global_experiment_results": {
    "cpu_power_avg": 112.5,
    "gpu_power_avg": 502.75323358270055,
    "ram_power_avg": 0.7149195671081543,
    "cpu_energy_total": 0.005029688907652598,
    "gpu_energy_total": 0.041566593808807895,
    "ram_energy_total": 2.639361332248626e-05,
    "total_energy_kwh": 0.04662267632978299,
    "total_energy_joules": 167841.63478721873
  },
  "global_derived_quantities": {
    "tokens_per_joule": 0.09761582709064304,
    "joules_per_token": 10.24424040449333,
    "flops_per_joule": 313620529.1112457,
    "joules_per_flop": 3.1885667779269824e-09
  },
  "per-process_emissions": [
    0.0044492642307687015,
    0.004452714093174145,
    0.004426261456169679,
    0.004432668767718304
  ]
}