{
  "process_id": 2809188,
  "local_process_index": 3,
  "energy_results": {
    "cpu_power": 112.5,
    "gpu_power": 14.075981830391344,
    "ram_power": 0.7281961441040039,
    "cpu_energy": 0.0012769681137197036,
    "gpu_energy": 0.0104046969348639,
    "ram_energy": 6.782498795695111e-06,
    "total_energy_kwh": 0.011688447547379301,
    "total_energy_joules": 42078.41117056549,
    "final_emissions": 0.004452714093174145
  }
}