{
  "process_id": 2809186,
  "local_process_index": 1,
  "energy_results": {
    "cpu_power": 112.5,
    "gpu_power": 1002.1011394118468,
    "ram_power": 0.7220993041992188,
    "cpu_energy": 0.0012406037218133863,
    "gpu_energy": 0.010388658866476774,
    "ram_energy": 6.565650896879378e-06,
    "total_energy_kwh": 0.01163582823918704,
    "total_energy_joules": 41888.98166107335,
    "final_emissions": 0.004432668767718304
  }
}