{
  "process_id": 2809185,
  "local_process_index": 0,
  "energy_results": {
    "cpu_power": 112.5,
    "gpu_power": 0.0,
    "ram_power": 0.6792283058166504,
    "cpu_energy": 0.0012740976438981309,
    "gpu_energy": 0.010398876930206136,
    "ram_energy": 6.41702786108511e-06,
    "total_energy_kwh": 0.011679391601965353,
    "total_energy_joules": 42045.80976707527,
    "final_emissions": 0.0044492642307687015
  }
}