{
  "process_id": 4108307,
  "local_process_index": 0,
  "energy_results": {
    "cpu_power": 112.5,
    "gpu_power": 123.47680658324981,
    "ram_power": 0.6863293647766113,
    "cpu_energy": 0.0011082236872480282,
    "gpu_energy": 0.010202050939410512,
    "ram_energy": 6.108145478889411e-06,
    "total_energy_kwh": 0.011316382772137432,
    "total_energy_joules": 40738.977979694755,
    "final_emissions": 0.004310976017045755
  }
}