{
  "process_id": 4108310,
  "local_process_index": 3,
  "energy_results": {
    "cpu_power": 112.5,
    "gpu_power": 123.68547223036862,
    "ram_power": 0.7282376289367677,
    "cpu_energy": 0.001027646158128846,
    "gpu_energy": 0.010202050939410512,
    "ram_energy": 7.147887773458017e-06,
    "total_energy_kwh": 0.011236844985312813,
    "total_energy_joules": 40452.641947126125,
    "final_emissions": 0.004280676097154917
  }
}