{
  "experiment_id": "0593",
  "local_process_results": {
    "cpu_power": {
      "process_3": 112.5,
      "process_0": 112.5,
      "process_2": 112.5,
      "process_1": 112.5
    },
    "gpu_power": {
      "process_3": 123.68547223036862,
      "process_0": 123.47680658324981,
      "process_2": 139.06916899428967,
      "process_1": 102.45975672560536
    },
    "ram_power": {
      "process_3": 0.7282376289367677,
      "process_0": 0.6863293647766113,
      "process_2": 0.7297396659851074,
      "process_1": 0.7210235595703125
    },
    "cpu_energy": {
      "process_3": 0.001027646158128846,
      "process_0": 0.0011082236872480282,
      "process_2": 0.0010907125715039002,
      "process_1": 0.0011109071182145273
    },
    "gpu_energy": {
      "process_3": 0.010202050939410512,
      "process_0": 0.010202050939410512,
      "process_2": 0.01019888454798945,
      "process_1": 0.010202050939410512
    },
    "ram_energy": {
      "process_3": 7.147887773458017e-06,
      "process_0": 6.108145478889411e-06,
      "process_2": 6.429971732276855e-06,
      "process_1": 6.417657810413173e-06
    },
    "total_energy_kwh": {
      "process_3": 0.011236844985312813,
      "process_0": 0.011316382772137432,
      "process_2": 0.011296027091225626,
      "process_1": 0.011319375715435455
    },
    "total_energy_joules": {
      "process_3": 40452.641947126125,
      "process_0": 40738.977979694755,
      "process_2": 40665.69752841225,
      "process_1": 40749.75257556764
    }
  },
  "global_experiment_results": {
    "cpu_power_avg": 112.5,
    "gpu_power_avg": 122.17280113337837,
    "ram_power_avg": 0.7163325548171997,
    "cpu_energy_total": 0.004337489535095301,
    "gpu_energy_total": 0.040805037366220986,
    "ram_energy_total": 2.6103662795037455e-05,
    "total_energy_kwh": 0.04516863056411132,
    "total_energy_joules": 162607.07003080077
  },
  "global_derived_quantities": {
    "tokens_per_joule": 0.10075822654511006,
    "joules_per_token": 9.924747926684617,
    "flops_per_joule": 323716442.9498255,
    "joules_per_flop": 3.0891232798915784e-09
  },
  "per-process_emissions": [
    0.004280676097154917,
    0.004310976017045755,
    0.004303221520402402,
    0.004312116178795137
  ]
}