{
  "process_id": 4108309,
  "local_process_index": 2,
  "energy_results": {
    "cpu_power": 112.5,
    "gpu_power": 139.06916899428967,
    "ram_power": 0.7297396659851074,
    "cpu_energy": 0.0010907125715039002,
    "gpu_energy": 0.01019888454798945,
    "ram_energy": 6.429971732276855e-06,
    "total_energy_kwh": 0.011296027091225626,
    "total_energy_joules": 40665.69752841225,
    "final_emissions": 0.004303221520402402
  }
}