{
  "process_id": 4108308,
  "local_process_index": 1,
  "energy_results": {
    "cpu_power": 112.5,
    "gpu_power": 102.45975672560536,
    "ram_power": 0.7210235595703125,
    "cpu_energy": 0.0011109071182145273,
    "gpu_energy": 0.010202050939410512,
    "ram_energy": 6.417657810413173e-06,
    "total_energy_kwh": 0.011319375715435455,
    "total_energy_joules": 40749.75257556764,
    "final_emissions": 0.004312116178795137
  }
}